term,doc_freq,is_seed
ter,12,0
pelo,12,0
estado,12,0
forma,12,0
elator,12,0
vitima,12,0
moraes,12,0
ww,12,0
condicoes,12,0
delito,12,0
brasileiro,12,0
mostra,12,0
republica,12,0
cf,12,0
legais,12,0
pela,12,0
dela,12,0
penais,12,0
autenticardocumento,12,0
iv,12,0
d,12,0
orgaos,12,0
desta,12,0
julgador,12,0
parte,12,0
pena,12,0
violenta,12,0
qualquer,12,0
sido,12,0
geral,12,0
razoes,12,0
composicao,12,0
paulo,12,0
ordem,12,0
criminal,12,0
requisitos,12,0
relacao,12,0
ministerio,12,0
ii,12,0
outro,12,0
ministros,12,0
crime,12,0
ocorrencia,12,0
acao,12,0
especifica,12,0
quanto,12,0
isso,12,0
golpe,12,0
processual,12,0
pleito,12,0
seguinte,12,0
maneira,12,0
todos,12,0
contudo,12,0
conforme,12,0
apuracao,12,0
estao,12,0
nessa,12,0
julgamento,12,0
recebimento,12,0
toffoli,12,0
tampouco,12,0
internos,12,0
portal,12,0
ederal,12,0
pessoas,12,0
embora,12,0
direitos,12,0
hipotese,12,0
luiz,12,0
foram,12,0
palavras,12,0
natureza,12,0
juiz,12,0
turma,12,0
tem,12,0
final,12,0
esta,12,0
direito,12,0
deve,12,0
titular,12,0
elementos,12,0
suprema,12,0
nem,12,0
inclusive,12,0
sob,12,0
lei,12,0
arts,12,0
estes,12,0
codigo,12,0
prosseguimento,12,0
b,12,0
exemplo,12,0
alexandre,12,0
junior,12,0
artigo,12,0
http,12,0
publico,12,0
senha,12,0
denuncia,12,0
caso,12,0
acusado,12,0
previstas,12,0
teor,12,0
fato,12,0
ambito,12,0
sintese,12,0
portanto,12,0
presentes,12,0
pagina,12,0
gilmar,12,0
flavio,12,0
dias,12,0
pet,12,0
trata,12,0
danos,12,0
dv,12,0
absoluta,12,0
i,12,0
virtual,12,0
essa,12,0
mesmo,12,0
judiciario,12,0
natural,12,0
penal,12,0
delas,12,0
autenticacao,12,0
hipoteses,12,0
juridico,12,0
cpp,12,0
face,12,0
inteiro,12,0
bem,12,0
medida,12,0
l,12,0
distrito,12,0
caracterizacao,12,0
principio,12,0
base,12,0
circunstancias,12,0
r,12,0
termos,12,0
br,12,0
t,12,0
preliminar,12,0
defesa,12,0
publicas,12,0
precedentes,12,0
lucia,12,0
partir,12,0
edson,12,0
discussao,12,0
material,12,0
tese,12,0
teori,12,0
crimes,12,0
adv,12,0
poder,12,0
causas,12,0
proced,12,0
subjetivo,12,0
esse,12,0
tipo,12,0
fachin,12,0
apurar,12,0
abolicao,12,0
nesse,12,0
in,12,0
ja,12,0
objetivas,12,0
suficiente,12,0
hc,12,0
legal,12,0
julgar,12,0
vislumbra,12,0
v,12,0
meio,12,0
instituicoes,12,0
fux,12,0
democratico,12,0
tentativa,12,0
f,12,0
pedido,12,0
imparcialidade,12,0
jus,12,0
outros,12,0
outra,12,0
nao,12,0
corte,12,0
tanto,12,0
suficientes,12,0
clara,12,0
recebeu,12,0
zavascki,12,0
inicial,12,0
independencia,12,0
eles,12,0
podera,12,0
seguintes,12,0
atos,12,0
criminoso,12,0
orgao,12,0
rol,12,0
presente,12,0
finalidade,12,0
logo,12,0
presenca,12,0
extrato,12,0
sentido,12,0
vantagem,12,0
exposto,12,0
c,12,0
previsao,12,0
peticao,12,0
senhor,12,0
fatos,12,0
p,12,0
deste,12,0
diretamente,12,0
previsto,12,0
mendes,12,0
razao,12,0
carmen,12,0
rel,12,0
pode,12,0
jurisprudencia,12,0
fora,12,0
existencia,12,0
n,12,0
residente,12,0
roberto,12,0
policial,12,0
nesta,12,0
notadamente,12,0
diverso,12,0
influir,12,0
dano,12,0
m,12,0
contra,12,0
s,12,0
inicio,12,0
atos_antidemocraticos,12,0
superior,12,0
resultado,12,0
sendo,12,0
delitos,12,0
alem,12,0
exercicio,12,0
ata,12,0
asp,12,0
justica,12,0
criacao,12,0
ed,12,0
min,12,0
ap,12,0
encontram,12,0
situacao,12,0
verifica,12,0
ele,12,0
todo,12,0
sem,12,0
expressa,12,0
constitucional,12,0
causa,12,0
ocorrendo,11,0
autor,11,0
autores,11,0
vez,11,0
tal,11,0
determinacao,11,0
brasileira,11,0
graves,11,0
constituicao,11,0
esses,11,0
direto,11,0
atlas,11,0
elas,11,0
corpus,11,0
bens,11,0
individualizada,11,0
mesma,11,0
condutas,11,0
tipos,11,0
respeito,11,0
liberdade,11,0
sp,11,0
fundamentais,11,0
senado,11,0
pais,11,0
valores,11,0
afirmou,11,0
minha,11,0
eleitoral,11,0
civis,11,0
tomadas,11,0
manifestacoes,11,0
organizacao,11,0
administrativo,11,0
demanda,11,0
garantia,11,0
grande,11,0
plenitude,11,0
discurso,11,0
inciso,11,0
consequencias,11,0
alguns,11,0
planos,11,0
janeiro,11,0
determinada,11,0
maior,11,0
manifestacao,11,0
protecao,11,0
decorre,11,0
milicias_digitais,11,0
regras,11,0
alemao,11,0
bolsonaro,11,0
povo,11,0
xxvii,11,0
pelos,11,0
mencionados,11,0
sociedade,11,0
demais,11,0
referidos,11,0
constitucionais,11,0
mediante,11,0
podem,11,0
celso,11,0
ultimo,11,0
dignidade,11,0
ora,11,0
porem,11,0
investigados,11,0
deu,11,0
fundado,11,0
licao,11,0
sistema,11,0
medidas,11,0
julgado,11,0
imprensa,11,0
for,11,0
realizacao,11,0
conviccao,11,0
diario,11,0
carater,11,0
grupo,11,0
investigadas,11,0
livre,11,0
tempo,11,0
peca,11,0
financeira,11,0
oliveira,11,0
tenham,11,0
plano,11,0
garantir,11,0
passo,11,0
justificar,11,0
bases,11,0
ordenamento,11,0
visando,11,0
probatoria,11,0
exigido,11,0
possivel,11,0
assegurar,11,0
excecao,11,0
grave,11,0
confirmou,11,0
paragrafo,11,0
perante,11,0
inquerito,11,0
si,11,0
essencialmente,11,0
desses,11,0
contrarias,11,0
confianca,11,0
acoes,11,0
cabo,11,0
funcao,11,0
lo,11,0
virtude,11,0
rio,11,0
justa,11,0
agora,11,0
essenciais,11,0
juizes,11,0
seja,11,0
legislador,11,0
analise,11,0
inq,11,0
j,11,0
assim,11,0
apontado,11,0
legitima,11,0
habeas,11,0
morais,11,0
feito,11,0
principalmente,11,0
dentre,11,0
manual,11,0
conhecimento,11,0
resp,11,0
silva,11,0
marco,11,0
filipe,11,0
duvidas,11,0
eis,11,0
policia,11,0
gerais,11,0
fim,11,0
posterior,11,0
agr,11,0
dessa,11,0
procedimentos,11,0
andre,11,0
funcoes,11,0
autoridades,11,0
importante,11,0
devido,11,0
unico,11,0
eventualmente,11,0
especificamente,11,0
instrucao,11,0
verdadeira,11,0
criminais,11,0
renato,11,0
gerando,11,0
camara,11,0
vinculo,11,0
anos,11,0
desse,11,0
tendo,11,0
havendo,11,0
conclusao,11,0
objetivo,11,0
desde,11,0
barroso,11,0
especifico,11,0
sera,11,0
lhe,11,0
haja,11,0
agravada,11,0
criminosa,11,0
propria,11,0
objetividade,11,0
acima,11,0
agente,11,0
g,11,0
processar,11,0
legitimidade,11,0
pelas,11,0
atividade,11,0
isto,11,0
preliminares,11,0
inicialmente,11,0
dispositivos,11,0
aponta,11,0
lugar,11,0
suma,11,0
membros,11,0
ponto,11,0
juizo,11,0
decidiu,11,0
particular,11,0
critica,11,0
descritas,11,0
teria,11,0
necessario,11,0
vincula,11,0
financiadores,11,0
gustavo,11,0
principios,11,0
exige,11,0
ninguem,11,0
local,11,0
juizos,11,0
consequentemente,11,0
houver,11,0
tais,11,0
provimento,11,0
valor,11,0
deixou,11,0
observancia,11,0
lii,11,0
nega,11,0
conquista,11,0
secretaria,11,0
formal,11,0
pessoais,11,0
ausencia,11,0
investigacoes,11,0
aquele,11,0
historica,11,0
todas,11,0
especialmente,11,0
nacional,11,0
apenas,11,0
expressao,11,0
real,11,0
essas,11,0
original,11,0
lhes,11,0
afastamento,11,0
objetivando,11,0
acusatorio,11,0
administracao,11,0
somente,11,0
neste,11,0
pratica,11,0
estatal,11,0
publicos,11,0
seguranca,11,0
encontra,11,0
consequente,11,0
quebra,11,0
revela,11,0
vinculos,11,0
prerrogativa,11,0
autoridade,11,0
legitimamente,11,0
conduta,11,0
pessoa,11,0
martins,11,0
ainda,11,0
posteriormente,11,0
identificacao,11,0
acordo,11,0
investigado,11,0
acerca,11,0
proibicao,11,0
outras,11,0
judicial,11,0
essencia,11,0
objeto,11,0
maioria,11,0
ato,11,0
ocorre,11,0
proprio,11,0
evidente,11,0
garantias,11,0
diversas,11,0
istrito,11,0
derecho,11,0
este,11,0
agravo,11,0
individual,11,0
aqui,11,0
contexto,11,0
via,11,0
mesmos,11,0
consagrado,11,0
poderes,11,0
disso,11,0
descreve,11,0
diversos,11,0
possibilidade,11,0
texto,11,0
tribunais,11,0
previstos,11,0
narrativa,11,0
supostamente,11,0
agentes,11,0
julgados,11,0
alguma,11,0
dia,11,0
regimental,11,0
sentenca,11,0
brasil,11,0
diante,11,0
eleicoes,11,0
praticados,11,0
afirma,11,0
separacao,11,0
legalmente,11,0
abrangente,11,0
patrimonio,10,0
barreiras,10,0
mandamento,10,0
relativo,10,0
influencia,10,0
instancia,10,0
estar,10,0
observadas,10,0
devendo,10,0
privado,10,0
atentatorias,10,0
precisa,10,0
acusatoria,10,0
empresa,10,0
aniquilar,10,0
concretizam,10,0
forca,10,0
territorial,10,0
praca_dos_tres_poderes,10,0
injusto,10,0
atual,10,0
preciosa,10,0
girao,10,0
analisada,10,0
associacao,10,0
instigacao,10,0
legitimo,10,0
estrutura,10,0
antidemocraticos,10,0
proclamadas,10,0
tipificada,10,0
inqueritos,10,0
incisos,10,0
infracoes,10,0
cpf,10,0
estava,10,0
britto,10,0
configura,10,0
empregou,10,0
dentro,10,0
formuladas,10,0
dirigida,10,0
executores,10,0
ofereceu,10,0
ampla,10,0
punibilidade,10,0
determinaram,10,0
lado,10,0
juris,10,0
concentracao,10,0
informacao,10,0
compreensivel,10,0
descobrir,10,0
perseguicao,10,0
salvaguardar,10,0
componentes,10,0
posicionamento,10,0
nada,10,0
narra,10,0
originalmente,10,0
incompetentes,10,0
nitida,10,0
paridade,10,0
instalacao,10,0
atuar,10,0
responsabilizacao,10,0
estando,10,0
visto,10,0
produziu,10,0
jurgem,10,0
procedimento,10,0
quid,10,0
foro,10,0
weimar,10,0
individuo,10,0
fiscalizacao,10,0
quis,10,0
lexandre,10,0
total,10,0
estreita,10,0
obstante,10,0
idoneos,10,0
traduz,10,0
integrado,10,0
definitivo,10,0
inepcia,10,0
permitiu,10,0
origem,10,0
multidao,10,0
joao,10,0
maleficio,10,0
auxilio,10,0
lideres,10,0
independentes,10,0
inqs,10,0
culpabilidade,10,0
consagra,10,0
tendencia,10,0
estendeu,10,0
ressalte,10,0
pregando,10,0
preve,10,0
homicidio,10,0
imputadas,10,0
atraves,10,0
aurelio,10,0
eventos,10,0
qualificacao,10,0
aquelas,10,0
momento,10,0
conduzidas,10,0
conseguinte,10,0
sudamerica,10,0
fator,10,0
extensao,10,0
ruptura,10,0
proibir,10,0
ano,10,0
sobretudo,10,0
individualizados,10,0
indicar,10,0
imputacao,10,0
fernandes,10,0
vinculada,10,0
sumaria,10,0
naturalidade,10,0
instaurado,10,0
criminosas,10,0
publica,10,0
caput,10,0
introduzidas,10,0
so,10,0
coletiva,10,0
investigacao,10,0
competencia,10,0
testemunhas,10,0
contem,10,0
grupos,10,0
regime,10,0
verificacao,10,0
motivo,10,0
lumen,10,0
controlar,10,0
acusados,10,0
instituicao,10,0
malfadada,10,0
autoria,10,0
governo,10,0
sc,10,0
insurgencia,10,0
criminosos,10,0
nota,10,0
coisa,10,0
vista,10,0
conseguir,10,0
recursos,10,0
objetos,10,0
frente,10,0
contraditorio,10,0
serios,10,0
expos,10,0
persecutorios,10,0
novos,10,0
denominados,10,0
atribuidas,10,0
integrantes,10,0
armada,10,0
rejeicao,10,0
aperfeicoadas,10,0
regimentos,10,0
omissao,10,0
ultimos,10,0
toda,10,0
prevencao,10,0
conexao,10,0
nenhum,10,0
extincao,10,0
pp,10,0
ayres,10,0
praticou,10,0
necessarios,10,0
introducao,10,0
integralmente,10,0
fase,10,0
stiffung,10,0
analisar,10,0
imagens,10,0
sedes,10,0
praticaram,10,0
apta,10,0
relacionados,10,0
obrigatoriedade,10,0
traduzida,10,0
distincao,10,0
eduardo,10,0
ameaca,10,0
relativas,10,0
consideravel,10,0
anteriores,10,0
pleiteando,10,0
preenchimento,10,0
edoc,10,0
inseridos,10,0
infracao,10,0
investigam,10,0
ocasiao,10,0
palacio_do_planalto,10,0
kicis,10,0
democraticas,10,0
vandalismo,10,0
clausulas,10,0
ref,10,0
sutil,10,0
primarios,10,0
ilegalidade,10,0
permite,10,0
observar,10,0
aprimorando,10,0
vogal,10,0
posse,10,0
impedir,10,0
detencao,10,0
ro,10,0
tao,10,0
comprovar,10,0
realidade,10,0
oraes,10,0
normas,10,0
objetivos,10,0
instruem,10,0
detalhadamente,10,0
depredacao,10,0
atribuicao,10,0
departamentos,10,0
forcas,10,0
pensamentos,10,0
tinha,10,0
dupla,10,0
compreendido,10,0
resultaram,10,0
pleno,10,0
entretanto,10,0
intersubjetivo,10,0
fica,10,0
detentores,10,0
apresentar,10,0
devida,10,0
representa,10,0
concurso,10,0
imputacoes,10,0
seria,10,0
observe,10,0
otoni,10,0
realizada,10,0
amolda,10,0
limitacao,10,0
sugestao,10,0
afetada,10,0
bia,10,0
ocultar,10,0
republicanas,10,0
identificados,10,0
denunciado,10,0
envolvendo,10,0
gravissima,10,0
antonio,10,0
destruicao,10,0
exigir,10,0
pluralismo,10,0
ela,10,0
motivar,10,0
absolvicao,10,0
amplificado,10,0
fake_news,10,0
ingressaram,10,0
esteira,10,0
oferecida,10,0
afasta,10,0
suspensao,10,0
comprovada,10,0
acusacao,10,0
instauracao,10,0
vida,10,0
cinquenta,10,0
participes,10,0
atua,10,0
diferentemente,10,0
desrespeito,10,0
direcionados,10,0
teve,10,0
entendimento,10,0
instrumentos,10,0
demonstrativa,10,0
elieser,10,0
protegido,10,0
judiciaria,10,0
juntamente,10,0
admitem,10,0
tramitam,10,0
afirmar,10,0
nessas,10,0
dados,10,0
propriedade,10,0
reconhecer,10,0
igualmente,10,0
leonardo,10,0
proibida,10,0
depor,10,0
constituicoes,10,0
chegou,10,0
classificacao,10,0
coerente,10,0
objetiva,10,0
descritos,10,0
denunciadas,10,0
derivadas,10,0
predios,10,0
perpetuidade,10,0
prova,10,0
ocorridos,10,0
cometer,10,0
corresponde,10,0
numero,10,0
determinou,10,0
atuando,10,0
incentivaram,10,0
criticas,10,0
peixoto,10,0
republicanos,10,0
significativa,10,0
perpetrada,10,0
exame,10,0
exauriente,10,0
alemas,10,0
terroristas,10,0
zambelli,10,0
preparatorios,10,0
politica,10,0
atuacao,10,0
impunidade,10,0
tipica,10,0
armadas,10,0
varias,10,0
indicios,10,0
narrado,10,0
indispensaveis,10,0
secao,10,0
pecas,10,0
rhc,10,0
schawabe,10,0
exigidos,10,0
phillipe,10,0
legado,10,0
junio,10,0
liberal,10,0
exposicao,10,0
inconstitucionais,10,0
culminaram,10,0
materiais,10,0
xix,10,0
rompimento,10,0
ve,10,0
auxiliis,10,0
arbitrio,10,0
pets,10,0
imitacao,10,0
narrando,10,0
genericamente,10,0
federais,10,0
estruturantes,10,0
konrad,10,0
uniao,10,0
coletanea,10,0
houverem,10,0
imputou,10,0
possuem,10,0
senados,10,0
responsaveis,10,0
estamos,10,0
prejuizo,10,0
curso,10,0
ellen,10,0
propagacao,10,0
mello,10,0
alegacao,10,0
atentatorios,10,0
ali,10,0
ocorreu,10,0
inumeros,10,0
realizados,10,0
ambos,10,0
deputados,10,0
hoje,10,0
incitacao,10,0
ocorria,10,0
caracterizando,10,0
braganca,10,0
ideias,10,0
camaras,10,0
harmonicos,10,0
aplicacao,10,0
imputados,10,0
permitindo,10,0
mg,10,0
comentado,10,0
cada,10,0
regido,10,0
transitiva,10,0
delibacao,10,0
reunidas,10,0
petreas,10,0
claro,10,0
emprego,10,0
participacao,10,0
amaral,10,0
determinavam,10,0
probatorio,10,0
bastasse,10,0
saraiva,10,0
momentos,10,0
autoritarismo,10,0
crencas,10,0
motivos,10,0
maximo,10,0
critico,10,0
presidencia,10,0
urteil,10,0
novo,10,0
alcance,10,0
merito,10,0
questao,10,0
vicio,10,0
violentos,10,0
aspectos,10,0
prescricoes,10,0
bvr,10,0
exerce,10,0
caracteristica,10,0
relatoria,10,0
casos,10,0
barros,10,0
majorado,10,0
intervencoes,10,0
lamentaveis,10,0
pretendam,10,0
tipicidade,10,0
cidadaos,10,0
adotada,10,0
ba,10,0
movimento,10,0
gracie,10,0
rn,10,0
mestre,10,0
bastos,10,0
convocacao,10,0
interligados,10,0
resultantes,10,0
encerramento,10,0
meios,10,0
viabilidade,10,0
tirania,10,0
norma,10,0
nosso,10,0
violencia,10,0
sejam,10,0
descrever,10,0
conteudo,10,0
adenauer,10,0
merecendo,10,0
incendio,10,0
prazo,10,0
militares,10,0
servidores,10,0
evidenciado,10,0
conhecam,10,0
significativamente,10,0
preceitos,10,0
compreensao,10,0
minimo,10,0
prestaram,10,0
apresentadas,10,0
obra,10,0
intelectuais,10,0
dando,10,0
associarem,10,0
tema,10,0
kabinettsjustiz,10,0
lv,10,0
guiga,10,0
redes_sociais,10,0
devera,10,0
jose,10,0
corpo,10,0
instrumento,10,0
textos,10,0
incorporadas,10,0
qualificado,10,0
estabelecidos,10,0
oportunidade,10,0
protege,10,0
eleito,10,0
indispensavel,10,0
interpretada,10,0
necessaria,10,0
opinioes,10,0
multitudinarios,10,0
paula,10,0
menor,10,0
quomodo,10,0
tramite,10,0
artigos,10,0
possibilitem,10,0
facilitar,10,0
nossa,10,0
judiciarios,10,0
ubi,10,0
materialidade,10,0
indigitados,10,0
reclusao,10,0
ensinamentos,10,0
restringindo,10,0
investigada,10,0
demonstrem,10,0
golpistas,10,0
recebida,10,0
incitadores,10,0
institucionais,10,0
cometidas,10,0
tratando,10,0
carla,10,0
pensamento,10,0
almeida,10,0
tentar,10,0
inexistencia,10,0
codigos,10,0
praticadas,10,0
existira,10,0
elementares,10,0
destrui,10,0
levar,10,0
principal,10,0
estaduais,10,0
programa,10,0
cognicao,10,0
absoluto,10,0
referem,10,0
aqueles,10,0
violentas,10,0
area,10,0
orleans,10,0
definidos,10,0
postulantes,10,0
contribuicao,10,0
congresso_nacional,10,0
cabe,10,0
quibus,10,0
horas,10,0
seculo,10,0
senador,10,0
freitas,10,0
razoaveis,10,0
historicamente,10,0
xliv,10,0
geschaftsordnungen,10,0
descricao,10,0
suporte,10,0
intervencao,10,0
cp,10,0
invasao,10,0
persecucao,9,0
relatados,9,0
ocorrido,9,0
proposta,9,0
multa,9,0
cristiano,9,0
fixada,9,0
condenacao,9,0
seguir,9,0
processos,9,0
filho,9,0
terrorismo,9,0
espacos,9,0
previamente,9,0
penas,9,0
identificado,9,0
plurissubjetivos,9,0
meses,9,0
democracia,9,0
merece,9,0
criminologia,9,0
restando,9,0
totalidade,9,0
fundamento,9,0
inviabilizar,9,0
completamente,9,0
cadeiras,9,0
co,9,0
provocaram,9,0
regra,9,0
saque,9,0
anselmo,9,0
formulou,9,0
congresso,9,0
devidamente,9,0
celular,9,0
influencias,9,0
silvia,9,0
cumplice,9,0
imputa,9,0
uso,9,0
venia,9,0
producao,9,0
organizada,9,0
policiais,9,0
discutidos,9,0
facilidade,9,0
instituto,9,0
tratar,9,0
mauricio,9,0
inflamavel,9,0
oferecimento,9,0
dj,9,0
obriga,9,0
organizarem,9,0
tumulto,9,0
editora,9,0
julio,9,0
ensinado,9,0
cometerem,9,0
denunciada,9,0
inistro,9,0
narrar,9,0
legislacao,9,0
logica,9,0
deputado,9,0
atenuadas,9,0
rev,9,0
mesas,9,0
responderao,9,0
legalidade,9,0
produzidas,9,0
tipificacao,9,0
santiago,9,0
verdade,9,0
exatamente,9,0
problemas,9,0
interessados,9,0
dar,9,0
responsavel,9,0
deposicao,9,0
onibus,9,0
legislativas,9,0
apresentada,9,0
imputando,9,0
comissivas,9,0
possibilidades,9,0
q,9,0
sociais,9,0
individualizacao,9,0
cometido,9,0
requereu,9,0
ativantes,9,0
diversa,9,0
delegacia,9,0
referido,9,0
dirigiram,9,0
nocoes,9,0
volume,9,0
respectivas,9,0
apreendido,9,0
simplesmente,9,0
nela,9,0
permanencia,9,0
insuflar,9,0
substancia,9,0
competente,9,0
apurada,9,0
periodo,9,0
aspecto,9,0
portaria,9,0
batista,9,0
vencido,9,0
promoveram,9,0
converte,9,0
linchamento,9,0
fins,9,0
impropriedade,9,0
etc,9,0
volta,9,0
julgada,9,0
causado,9,0
proporcoes,9,0
escopo,9,0
contribuem,9,0
apresentados,9,0
cometimento,9,0
relevantes,9,0
sede,9,0
nesses,9,0
especial,9,0
mirabete,9,0
relevante,9,0
manifestantes,9,0
acabar,9,0
fernanda,9,0
representacao,9,0
incompetencia,9,0
ativa,9,0
participante,9,0
estiverem,9,0
nilo,9,0
causando,9,0
tomada,9,0
premiada,9,0
estabilidade,9,0
suposta,9,0
segundos,9,0
falta,9,0
ocorrer,9,0
financiamento,9,0
centenas,9,0
reveste,9,0
denunciados,9,0
fazendo,9,0
depois,9,0
intransponiveis,9,0
condenatoria,9,0
arquivo,9,0
terao,9,0
imputado,9,0
psicologicos,9,0
apontou,9,0
senao,9,0
cezar,9,0
estavam,9,0
participar,9,0
tentou,9,0
militar,9,0
figura,9,0
chamado,9,0
direcionada,9,0
sustenta,9,0
alberto,9,0
falar,9,0
reconhecido,9,0
teriam,9,0
abolir,9,0
detalhada,9,0
coronel,9,0
reuters,9,0
referida,9,0
seriam,9,0
mensagens,9,0
impedindo,9,0
presuncao,9,0
votos,9,0
fazia,9,0
deslocamento,9,0
desinibidoras,9,0
depredado,9,0
vistos,9,0
participou,9,0
designios,9,0
fabbrini,9,0
interregno,9,0
capacidade,9,0
construcao,9,0
baseada,9,0
demonstrar,9,0
servicos,9,0
tarde,9,0
resposta,9,0
badaro,9,0
roubo,9,0
verdadeiro,9,0
massas,9,0
cooperacao,9,0
artistico,9,0
delinquente,9,0
gilberto,9,0
consubstanciada,9,0
constitui,9,0
algumas,9,0
apoio,9,0
bitencourt,9,0
eminente,9,0
al,9,0
condicao,9,0
praca,9,0
realizar,9,0
cabendo,9,0
eletronico,9,0
positivista,9,0
disse,9,0
encontravam,9,0
enhor,9,0
assumir,9,0
portas,9,0
participantes,9,0
frequencia,9,0
mendonca,9,0
parcialmente,9,0
adequacao,9,0
multitudinario,9,0
semelhante,9,0
waiapi,9,0
apresentou,9,0
constituido,9,0
correa,9,0
suficiencia,9,0
permita,9,0
veiculos,9,0
fixacao,9,0
haverem,9,0
rj,9,0
fossem,9,0
verificado,9,0
busca,9,0
conjunta,9,0
processuais,9,0
ltda,9,0
exemplos,9,0
dezembro,9,0
informacoes,9,0
quer,9,0
zanin,9,0
peco,9,0
prerrogativas,9,0
dessas,9,0
consoante,9,0
fundamentada,9,0
reduzem,9,0
apresentado,9,0
tratado,9,0
seguida,9,0
tenho,9,0
determinado,9,0
nova,9,0
apesar,9,0
operacao,9,0
possui,9,0
arregimentar,9,0
protesto,9,0
inepta,9,0
invasoes,9,0
correspondente,9,0
positivo,9,0
impropria,9,0
organizaram,9,0
verificou,9,0
praticarem,9,0
indole,9,0
quadrilha,9,0
esfera,9,0
milhares,9,0
metade,9,0
normalmente,9,0
estabelecendo,9,0
unidade,9,0
instalacoes,9,0
conta,9,0
excecoes,9,0
conhecido,9,0
omissivas,9,0
ocorreram,9,0
receber,9,0
bittencourt,8,0
grifei,8,0
explosiva,8,0
afasto,8,0
diferentes,8,0
thomson,8,0
tombado,8,0
seguindo,8,0
similar,8,0
aberta,8,0
piloto,8,0
garantira,8,0
consciente,8,0
circunstancia,8,0
subjetivamente,8,0
urbanisticas,8,0
recebo,8,0
felipe,8,0
economia,8,0
conjunto,8,0
ausentes,8,0
chefe,8,0
pinacoteca,8,0
moral,8,0
citados,8,0
participado,8,0
populacao,8,0
alheia,8,0
depredando,8,0
historicos,8,0
havia,8,0
culposo,8,0
gomes,8,0
novas,8,0
surgimento,8,0
concreto,8,0
efetivamente,8,0
aderiu,8,0
ver,8,0
reais,8,0
doze,8,0
unica,8,0
citada,8,0
expondo,8,0
escala,8,0
permaneceu,8,0
relacionadas,8,0
novamente,8,0
reconheceu,8,0
grifos,8,0
deveria,8,0
sui,8,0
civil,8,0
ementado,8,0
fisicas,8,0
dizer,8,0
distinto,8,0
independentemente,8,0
diz,8,0
penso,8,0
adesao,8,0
proferidas,8,0
reconhecimento,8,0
estruturas,8,0
acordam,8,0
persecutor,8,0
antidemocratica,8,0
mitigada,8,0
autorizacao,8,0
exercito,8,0
dividiram,8,0
financiar,8,0
adolescente,8,0
amoldariam,8,0
divergir,8,0
propositura,8,0
inutilizacao,8,0
requerimento,8,0
impor,8,0
destruir,8,0
cientifica,8,0
direcionaram,8,0
originario,8,0
biblioteca,8,0
prisao,8,0
extrai,8,0
demonstradas,8,0
oferecer,8,0
juridica,8,0
colhidos,8,0
invadiu,8,0
demonstracao,8,0
configurar,8,0
aumenta,8,0
precisara,8,0
pedidos,8,0
arquitetonicas,8,0
anpp,8,0
padroes,8,0
assentou,8,0
evidencie,8,0
interpretacao,8,0
haver,8,0
durante,8,0
subjetiva,8,0
iphan,8,0
mil,8,0
direta,8,0
obrigatoriamente,8,0
vislumbro,8,0
trouxe,8,0
museu,8,0
nome,8,0
pretende,8,0
previa,8,0
estadios,8,0
havera,8,0
deteriorar,8,0
sim,8,0
deixa,8,0
eticos,8,0
estados,8,0
realiza,8,0
analisa,8,0
investida,8,0
iniciativa,8,0
tercio,8,0
probatorios,8,0
monumental,8,0
manifesta,8,0
alguem,8,0
paineis,8,0
impedidos,8,0
linha,8,0
assessora,8,0
modo,8,0
tomar,8,0
tombados,8,0
reuniao,8,0
argumento,8,0
antiga,8,0
provas,8,0
daquele,8,0
alinea,8,0
acampamentos,8,0
admissibilidade,8,0
milhoes,8,0
voluntariedade,8,0
defesas,8,0
terem,8,0
estrita,8,0
fundamental,8,0
parquet,8,0
clarissa,8,0
posicao,8,0
atentados,8,0
sigilo,8,0
referencia,8,0
conformidade,8,0
confronto,8,0
moveis,8,0
estariam,8,0
fenomeno,8,0
preso,8,0
insuficientes,8,0
chegaram,8,0
jurisdicao,8,0
sergio,8,0
pretender,8,0
constatada,8,0
denunciar,8,0
constituindo,8,0
sujeito,8,0
impede,8,0
protegidos,8,0
comissao,8,0
grau,8,0
pudesse,8,0
enquanto,8,0
emissao,8,0
praticando,8,0
consolidar,8,0
negativa,8,0
separadamente,8,0
generis,8,0
passou,8,0
poderao,8,0
redigidos,8,0
antecedentes,8,0
subjetivas,8,0
fundacao,8,0
apontados,8,0
manha,8,0
la,8,0
consideravelmente,8,0
superada,8,0
potencial,8,0
acusador,8,0
expressivo,8,0
mantendo,8,0
citado,8,0
exercer,8,0
jurisdicional,8,0
varios,8,0
alterado,8,0
tipicas,8,0
caracterizar,8,0
proporcionalidade,8,0
orienta,8,0
pessoal,8,0
capazes,8,0
detidos,8,0
contrario,8,0
decorrencia,8,0
ademais,8,0
envolvidos,8,0
registro,8,0
preciso,8,0
especie,8,0
colegiado,8,0
fez,8,0
articulacao,8,0
ante,8,0
requer,8,0
necessidade,8,0
realizado,8,0
pacote,8,0
obrigado,8,0
amplamente,8,0
anteriormente,8,0
rcl,8,0
nulidade,8,0
cumprimento,8,0
futebol,8,0
reiterada,8,0
originariamente,8,0
rt,8,0
daqueles,8,0
permanente,8,0
participaram,8,0
sempre,8,0
crianca,8,0
constituem,8,0
historico,8,0
liderarem,8,0
mista,8,0
reiterar,8,0
mera,8,0
egoistico,8,0
evitar,8,0
vigencia,8,0
vidros,8,0
inutilizar,8,0
simples,8,0
efetiva,8,0
ouvido,8,0
regiao,8,0
luis,8,0
h,8,0
viabilizar,8,0
proposito,8,0
realizadas,8,0
parece,8,0
distintos,8,0
olvidar,8,0
dita,8,0
feita,8,0
cometidos,8,0
perspectiva,8,0
testemunha,8,0
adotado,8,0
prosperar,8,0
consideracao,8,0
projeto,8,0
partes,8,0
narrados,8,0
discricionariedade,8,0
demonstrado,8,0
autarquia,8,0
edificios,8,0
agravante,8,0
mencionado,8,0
eventual,8,0
anulam,8,0
revelar,8,0
saudoso,8,0
bandeira,8,0
concessionaria,8,0
difundidos,8,0
indicado,8,0
americana,8,0
afastar,8,0
captacao,8,0
tempos,8,0
consolidada,8,0
deterioracao,8,0
funcionais,8,0
municipio,8,0
fundamentos,8,0
reparacao,8,0
processamento,8,0
desnecessario,7,0
falsas,7,0
denominada,7,0
politicos,7,0
dotada,7,0
apontar,7,0
venias,7,0
tinham,7,0
chegada,7,0
encontrava,7,0
abaixo,7,0
preliminarmente,7,0
https,7,0
regular,7,0
universal,7,0
acabou,7,0
dever,7,0
dialogos,7,0
doutrina,7,0
documentos,7,0
evidencia,7,0
acesso,7,0
transacoes,7,0
recebimentos,7,0
observo,7,0
mencionadas,7,0
envolvimento,7,0
casa,7,0
mp,7,0
dai,7,0
ferro,7,0
conter,7,0
franca,7,0
verifico,7,0
presos,7,0
humanos,7,0
hora,7,0
imparcial,7,0
depreende,7,0
quarteis,7,0
dolo,7,0
entendo,7,0
lula,7,0
nestes,7,0
proc,7,0
decidir,7,0
marcos,7,0
vontade,7,0
politico,7,0
normativo,7,0
brasileiros,7,0
causar,7,0
convencao,7,0
negou,7,0
devem,7,0
inisterio,7,0
consta,7,0
institucional,7,0
tido,7,0
fernando,7,0
marcelo,7,0
obras,7,0
roc,7,0
nenhuma,7,0
serem,7,0
identificar,7,0
motivacao,7,0
poderia,7,0
bojo,7,0
excluindo,7,0
praticar,7,0
ensejar,7,0
vol,7,0
desprovida,7,0
prisoes,7,0
favor,7,0
desvio,7,0
firmados,7,0
detem,7,0
cerca,7,0
carvalho,7,0
deles,7,0
decisoes,7,0
associadas,7,0
visa,7,0
vi,7,0
proferido,7,0
importa,7,0
considerando,7,0
causados,7,0
possa,7,0
criterio,7,0
nomes,7,0
popular,7,0
caracterizada,7,0
significa,7,0
autorizada,7,0
gravidade,7,0
acompanho,7,0
sustentar,7,0
cuida,7,0
quaisquer,7,0
pr,7,0
considerado,7,0
ristf,7,0
sequer,7,0
inteligencia,7,0
acaba,7,0
criterios,7,0
ameacas,7,0
nucleo,7,0
enfim,7,0
bancaria,7,0
invadindo,7,0
aptas,7,0
internacional,7,0
indicacao,7,0
auxiliar,7,0
individualmente,7,0
certeza,7,0
entanto,7,0
excepcional,7,0
aquela,7,0
forem,7,0
central,7,0
luz,7,0
prevista,7,0
nucleos,7,0
demonstrada,7,0
reconhecida,7,0
fraudulentas,7,0
risco,7,0
controle,7,0
continuidade,7,0
corrupcao,7,0
certo,7,0
afericao,7,0
fundada,7,0
perfeitamente,7,0
ilicito,7,0
tomado,7,0
vai,7,0
demonstrou,7,0
concreta,7,0
duvida,7,0
respostas,7,0
conduzidos,7,0
argumentos,7,0
capaz,7,0
ublico,7,0
dado,7,0
organizado,7,0
pleiteia,7,0
consiste,7,0
atribuidos,7,0
intencao,7,0
serie,7,0
executivo,7,0
fisica,7,0
epublica,7,0
sair,7,0
impossibilidade,7,0
comum,7,0
remessa,7,0
acordos,7,0
diligencias,7,0
concerne,7,0
rocurador,7,0
trinta,7,0
manutencao,7,0
proximos,7,0
direcao,7,0
allan,7,0
disposto,7,0
locais,7,0
orientacao,7,0
fazer,7,0
mencao,7,0
familiares,7,0
melhor,7,0
casas,7,0
essencial,7,0
aderido,7,0
deveriam,7,0
cercadas,7,0
processado,7,0
envio,7,0
obstrucao,7,0
razoavel,7,0
destaquei,7,0
minimamente,7,0
grandes,7,0
terca,7,0
noticias,7,0
associaram,7,0
individuos,7,0
supressao,7,0
longo,7,0
sequencia,7,0
capital,7,0
identificada,7,0
peticoes,7,0
aludido,7,0
certa,7,0
turba,7,0
oriundas,7,0
magistratura,7,0
destaco,7,0
apresenta,7,0
intuito,7,0
curitiba,7,0
conflitos,7,0
falaram,7,0
desfavor,7,0
dito,7,0
nacionais,7,0
estavel,7,0
constituidos,7,0
traco,7,0
fiquei,7,0
recursais,7,0
tratados,7,0
estabelecido,7,0
esteja,7,0
sujeitos,7,0
prosseguindo,7,0
trabalho,7,0
cumpre,7,0
evento,7,0
refere,7,0
sentenciado,7,0
oriundos,7,0
vem,7,0
ilicitos,7,0
depoimento,7,0
elemento,7,0
pacifica,7,0
ativamente,7,0
proceder,7,0
bastante,7,0
trecho,7,0
alegacoes,7,0
apreciacao,7,0
comento,7,0
destacando,7,0
passado,7,0
unidos,7,0
dispositivo,7,0
reunir,7,0
realmente,7,0
deflagrada,7,0
doacao,7,0
esquemas,7,0
traumatica,7,0
alternativo,7,0
acolhimento,7,0
execucao,7,0
declarou,7,0
fosse,7,0
acontecido,7,0
cargos,7,0
primeiros,7,0
ddee,7,0
declaracoes,7,0
agua,7,0
depredacoes,7,0
telefone,7,0
esplanada,7,0
constam,7,0
alarmante,7,0
haviam,7,0
atividades,7,0
nascido,7,0
caracterizadores,7,0
delituosas,7,0
minuciosamente,7,0
dependendo,7,0
apreensao,7,0
armazens,7,0
recentemente,7,0
gas,7,0
descrita,7,0
ocupado,7,0
preocupado,7,0
documento,7,0
destruiu,7,0
incendios,7,0
bloqueio,7,0
articulado,7,0
avancar,7,0
teses,7,0
arte,7,0
vinte,7,0
armas,7,0
onze,7,0
apresentando,7,0
intervenientes,7,0
paginas,7,0
voluntaria,7,0
fiz,7,0
garante,7,0
cpi,7,0
promoverem,7,0
analisadas,7,0
cautelares,7,0
saques,7,0
artefatos,7,0
perturbando,7,0
orientar,7,0
exclusividade,7,0
aparelho,7,0
utilizado,7,0
defensiva,7,0
descreva,7,0
treze,7,0
entrar,7,0
estrategia,7,0
alves,7,0
consagrou,7,0
consequencia,7,0
equipamentos,7,0
contas,7,0
concretas,7,0
presidenciais,7,0
ampl,7,0
rampa,7,0
condicional,7,0
concorreu,7,0
mudanca,7,0
existente,7,0
produto,7,0
dino,7,0
atendimento,7,0
manipulacao,7,0
jornalistas,7,0
acampamento,7,0
gente,7,0
cel,7,0
alteracoes,7,0
movimentacao,7,0
narrou,7,0
reprovacao,7,0
dirigirem,7,0
linchamentos,7,0
fotos,7,0
pretensao,7,0
propriedades,7,0
comeco,7,0
profundamente,7,0
diplomacao,7,0
fundamentacao,7,0
munido,7,0
excitacoes,7,0
estiver,7,0
estejam,7,0
avancou,6,0
infratores,6,0
comecar,6,0
comportamento,6,0
orientando,6,0
guarda,6,0
tecnico,6,0
chegar,6,0
jato,6,0
unanime,6,0
rescisoria,6,0
alvos,6,0
inconstitucionalidade,6,0
tentados,6,0
magalhaes,6,0
galvao,6,0
carta,6,0
missao,6,0
relativa,6,0
espaco,6,0
general,6,0
signatario,6,0
identifiquei,6,0
relacionada,6,0
viavel,6,0
antidemocraticas,6,0
elementar,6,0
paus,6,0
numa,6,0
atuou,6,0
eventuais,6,0
cuidando,6,0
discutir,6,0
jurisprudencial,6,0
continencia,6,0
permanece,6,0
mandado,6,0
magistrado,6,0
aeronautica,6,0
global,6,0
igualdade,6,0
trafico,6,0
agressoes,6,0
invadido,6,0
iguais,6,0
formula,6,0
urnas,6,0
prorrogacao,6,0
abstrata,6,0
aparecem,6,0
possuir,6,0
informou,6,0
inexistir,6,0
apto,6,0
revestidas,6,0
reu,6,0
originaria,6,0
generica,6,0
efeito,6,0
presidencial,6,0
revogado,6,0
gerou,6,0
transacao,6,0
declaracao,6,0
atribuido,6,0
massa,6,0
deliberacao,6,0
situada,6,0
diretas,6,0
noticiadas,6,0
rejeitada,6,0
condutor,6,0
provocar,6,0
rigor,6,0
agregacao,6,0
objetivar,6,0
localizada,6,0
trate,6,0
empregado,6,0
funcionario,6,0
mostrar,6,0
prestados,6,0
constitucionalidade,6,0
usurpar,6,0
estritamente,6,0
constituir,6,0
reclamacao,6,0
tocante,6,0
remetidos,6,0
providencias,6,0
inicie,6,0
sujeita,6,0
renovando,6,0
pretensoes,6,0
deslocando,6,0
opcao,6,0
ocasioes,6,0
responder,6,0
magna,6,0
responsabilizados,6,0
concorrer,6,0
atribuir,6,0
imputar,6,0
jornalista,6,0
sustentado,6,0
depoimentos,6,0
consignou,6,0
determina,6,0
arquivado,6,0
dispersas,6,0
fakhoury,6,0
cezarbitencourt,6,0
capitulo,6,0
petrobras,6,0
expressamente,6,0
submetidos,6,0
premissas,6,0
infraconstitucional,6,0
dinamica,6,0
escalada,6,0
declinio,6,0
animus,6,0
proprios,6,0
revelarem,6,0
indicam,6,0
abstrato,6,0
aglomeracoes,6,0
verbas,6,0
pertencente,6,0
quebraram,6,0
comunicacoes,6,0
aproximadamente,6,0
censura,6,0
restringir,6,0
considerada,6,0
admitindo,6,0
substituida,6,0
verificada,6,0
tive,6,0
estabelecidas,6,0
digital,6,0
delituosos,6,0
conheca,6,0
conjuntamente,6,0
atingiu,6,0
pensam,6,0
destinatario,6,0
telefonica,6,0
saida,6,0
preservando,6,0
quarenta,6,0
estrangeiro,6,0
tipificados,6,0
andamento,6,0
independente,6,0
crivo,6,0
veiculo,6,0
apurados,6,0
atuado,6,0
livro,6,0
futura,6,0
fatico,6,0
arvorar,6,0
coinvestigados,6,0
concluir,6,0
crowdfunding,6,0
estrangeira,6,0
compete,6,0
leme,6,0
bombas,6,0
tecnica,6,0
contraditarao,6,0
injuncao,6,0
instrumental,6,0
dispoe,6,0
amplo,6,0
contida,6,0
travados,6,0
honorabilidade,6,0
racionalidade,6,0
oeste,6,0
index,6,0
relatou,6,0
rosa,6,0
confirma,6,0
conduzir,6,0
integridade,6,0
delacao,6,0
vii,6,0
exterior,6,0
divulgacao,6,0
terceiros,6,0
delituosa,6,0
transformar,6,0
pmdb,6,0
conselho,6,0
sigilosos,6,0
suspeitos,6,0
vedar,6,0
cep,6,0
declaratoria,6,0
standard,6,0
comportando,6,0
regulamentadora,6,0
vinculado,6,0
tipificara,6,0
inviolabilidade,6,0
figuram,6,0
pontos,6,0
preservar,6,0
normativas,6,0
elucidacao,6,0
instaurados,6,0
decorrentes,6,0
erick,6,0
rogerio,6,0
forcoso,6,0
imbricacao,6,0
adotados,6,0
indireta,6,0
interpretando,6,0
oficio,6,0
atinentes,6,0
conexos,6,0
otavio,6,0
acolhe,6,0
deixado,6,0
condenatorio,6,0
realce,6,0
clausula,6,0
leitura,6,0
partidarios,6,0
conceito,6,0
inegavel,6,0
residentes,6,0
democraticos,6,0
investiga,6,0
ilmar,6,0
consentanea,6,0
regramento,6,0
policias,6,0
neles,6,0
composta,6,0
destino,6,0
concretamente,6,0
analiticamente,6,0
associado,6,0
unidades,6,0
whatsapp,6,0
obstaculos,6,0
aduz,6,0
diferenca,6,0
pecar,6,0
responda,6,0
reside,6,0
inquisitorial,6,0
sine,6,0
caluniandi,6,0
injuriandi,6,0
indicio,6,0
perfeita,6,0
embrionaria,6,0
confunde,6,0
combate,6,0
produzida,6,0
operacionais,6,0
excepcionalissima,6,0
cabia,6,0
utor,6,0
institutos,6,0
demonstram,6,0
adaptando,6,0
exclusao,6,0
weber,6,0
precipuamente,6,0
respeitados,6,0
recente,6,0
confeccao,6,0
atingem,6,0
ocorridas,6,0
vide,6,0
coinvestigado,6,0
empregados,6,0
predio,6,0
coimplicados,6,0
sustentada,6,0
indissolubilidade,6,0
machado,6,0
vara,6,0
quartel,6,0
condao,6,0
distribuido,6,0
marquise,6,0
naquele,6,0
encaixa,6,0
reduzir,6,0
consolidou,6,0
pedras,6,0
caracteriza,6,0
salientar,6,0
originarias,6,0
insatisfeitos,6,0
unanimidade,6,0
uniforme,6,0
coacusados,6,0
audiencias,6,0
valida,6,0
repudiada,6,0
ordinarias,6,0
extraidos,6,0
existe,6,0
aferivel,6,0
porquanto,6,0
hino,6,0
estabelecimento,6,0
partido,6,0
fluidas,6,0
afirmando,6,0
justifica,6,0
respeitosas,6,0
supostos,6,0
antecedente,6,0
primario,6,0
territorio,6,0
promocao,6,0
repasses,6,0
finalmente,6,0
atrair,6,0
responsabilidade,6,0
residual,6,0
violado,6,0
candidato,6,0
permitir,6,0
desdobramentos,6,0
pedindo,6,0
cautelar,6,0
seculos,6,0
higidez,6,0
revisao,6,0
vazamento,6,0
determinadas,6,0
macula,6,0
iriam,6,0
arquivamento,6,0
classes,6,0
indicadas,6,0
integracao,6,0
investidos,6,0
atingindo,6,0
desocupacao,6,0
estrangeiros,6,0
conhecida,6,0
designacao,6,0
decretadas,6,0
camiseta,6,0
cogitar,6,0
distinta,6,0
haveria,6,0
maio,6,0
patrio,6,0
extraprocessual,6,0
optar,6,0
indiretamente,6,0
relacionado,6,0
enfatizar,6,0
detentora,6,0
lesao,6,0
imiscuir,6,0
pe,6,0
autonomia,6,0
caluniosas,6,0
ementas,6,0
colacionadas,6,0
sentados,6,0
ampliaram,6,0
composto,6,0
excelencia,6,0
ficaria,6,0
judicialmente,6,0
provavelmente,6,0
divulg,6,0
php,6,0
detentoras,6,0
preservacao,6,0
demonstrados,6,0
passiveis,6,0
fixou,6,0
previsoes,6,0
inovacoes,6,0
abril,6,0
vamos,6,0
encontrados,6,0
permissa,6,0
presumir,6,0
pautadas,6,0
tentado,6,0
comandantes,6,0
perigo,6,0
incorporados,6,0
aprovacao,6,0
regimentais,6,0
exerca,6,0
oferecidas,6,0
indeterminados,6,0
instancias,6,0
detinha,6,0
excepcionalmente,6,0
vejamos,6,0
devidas,6,0
motivadamente,6,0
bis,6,0
importantes,6,0
embrionario,6,0
anticrime,6,0
verificar,6,0
concluiu,6,0
canal,6,0
alineas,6,0
vezes,6,0
manifestou,6,0
alegou,6,0
diffamandi,6,0
indistintamente,6,0
respectivos,6,0
formulacao,6,0
premissa,6,0
detentor,6,0
colaboracao,6,0
esquecido,6,0
cisao,6,0
rodovias,6,0
submeter,6,0
qo,6,0
afiliados,6,0
utilizados,6,0
constatacao,6,0
ampliacao,6,0
observado,6,0
voltavam,6,0
examinada,6,0
agravos,6,0
ement,6,0
imprescindivel,6,0
indevido,6,0
fechamento,6,0
requerimentos,6,0
voltando,6,0
derrubar,6,0
nitido,6,0
ms,6,0
faz,6,0
setembro,6,0
delegacao,6,0
isoladamente,6,0
titulariza,6,0
ministerial,6,0
invasores,6,0
infere,6,0
atuaram,6,0
investido,6,0
apresentacao,6,0
excepcionalidade,6,0
loci,6,0
efetivo,6,0
remetidas,6,0
declarada,6,0
comuns,6,0
lava,6,0
privilegiado,6,0
criar,6,0
revelia,6,0
pretendiam,6,0
sintetizados,6,0
viu,6,0
explica,6,0
ambiente,6,0
junto,6,0
legislacoes,6,0
extradicao,6,0
objetive,6,0
x,6,0
ocupante,6,0
providos,6,0
elaboracao,6,0
comandante,6,0
insinuar,6,0
verificavel,6,0
configurara,6,0
direciona,6,0
atribuicoes,6,0
imediacoes,6,0
subsecao,6,0
racionalizar,6,0
incentivo,6,0
regularmente,6,0
mandato,6,0
magisterio,6,0
instauradas,6,0
estagio,6,0
lados,6,0
conseguiu,6,0
processante,6,0
gozem,6,0
parcial,6,0
insuflamento,6,0
afirmarem,6,0
coisas,6,0
moura,6,0
ressalvado,6,0
beneficio,6,0
marcha,6,0
lesar,6,0
exercerao,6,0
restritivamente,6,0
ilegais,6,0
invadir,6,0
chegando,6,0
levante,6,0
liame,6,0
detrimento,6,0
transporte,6,0
ressalvadas,6,0
logrou,6,0
organismo,6,0
relatora,6,0
admite,6,0
propor,6,0
cabiveis,6,0
delitiva,6,0
desmembramento,6,0
gp,6,0
eram,6,0
identifico,6,0
ganhou,6,0
materializacao,6,0
determinar,6,0
proclamacao,6,0
mantinham,6,0
tecnologia,6,0
inferior,6,0
definicao,6,0
ofertou,6,0
formas,6,0
perguntas,6,0
toron,6,0
tutela,6,0
vencida,6,0
consciencia,6,0
sic,6,0
invadiram,6,0
contravencoes,6,0
incluidas,6,0
diplomatica,6,0
identificou,6,0
caravanas,6,0
reiteradamente,6,0
deparar,6,0
partidos,6,0
determinados,6,0
denunciacoes,6,0
competentes,6,0
entender,6,0
interpretadas,6,0
facultada,6,0
rosto,6,0
violento,6,0
proibi,6,0
cabera,6,0
vitimas,6,0
julho,6,0
integrar,6,0
relativos,6,0
inumeras,6,0
praticado,6,0
superiores,6,0
esteves,6,0
plataformas,6,0
igual,6,0
avanco,6,0
solicitada,6,0
verifique,6,0
privatividade,6,0
associou,6,0
idem,6,0
estadual,6,0
acusacoes,6,0
supervisao,6,0
inconfundivel,6,0
concertem,6,0
protestos,6,0
concorrendo,6,0
ataque,6,0
reus,6,0
servico,6,0
belmonte,6,0
concorreram,6,0
situacoes,6,0
inclutech,6,0
tange,6,0
subir,6,0
adotar,6,0
notificado,6,0
inscrita,6,0
usurpacao,6,0
iniciaram,6,0
public,6,0
referentes,6,0
prestigia,6,0
advir,6,0
absolutamente,6,0
vigora,6,0
proposto,6,0
torna,6,0
referidas,6,0
materiae,6,0
animosidade,6,0
vale,6,0
imbricadas,6,0
estarao,6,0
modificacao,6,0
constitutivas,6,0
observa,6,0
litigio,6,0
inviabilizada,6,0
alargando,6,0
aluguel,6,0
desempenhadas,6,0
cpmi,6,0
provido,6,0
devam,6,0
marcio,6,0
poderiam,6,0
chinesa,6,0
encarado,6,0
procedesse,6,0
emenda,6,0
tentaram,6,0
fraude,6,0
drogas,6,0
farao,6,0
entidades,6,0
ressalva,6,0
envolva,6,0
atracao,6,0
correus,6,0
atuais,6,0
tramitacao,6,0
chefes,6,0
produzir,6,0
antidemocratico,6,0
denuncias,6,0
indeterminada,6,0
parlamentares,6,0
expor,6,0
correm,6,0
suspensa,6,0
faziam,6,0
aptidao,6,0
extremamente,6,0
ouvidos,6,0
tiveram,6,0
garantindo,6,0
renegociacao,6,0
rua,6,0
coator,6,0
negociacao,6,0
trabalhando,6,0
criminalidade,6,0
ciencia,6,0
zacharias,6,0
especificas,6,0
separado,6,0
minima,6,0
recepcionando,6,0
acompanham,6,0
tramitem,6,0
agressao,6,0
imovel,6,0
deram,6,0
geolocalizacao,6,0
remetendo,6,0
desmembrou,6,0
afrontoso,6,0
proprias,6,0
prossigo,6,0
pagamento,6,0
barra,6,0
parlamentar,6,0
envolvidas,6,0
conclusiva,6,0
dele,6,0
merecem,6,0
integram,6,0
comando,6,0
reclamada,6,0
feitos,6,0
julgadas,6,0
fazem,6,0
retirada,6,0
indica,6,0
delitivas,6,0
deixar,6,0
preventiva,6,0
rodrigues,6,0
reis,6,0
acusada,6,0
destes,6,0
dependencias,6,0
sedimentada,6,0
suficientemente,6,0
velloso,6,0
propos,6,0
paciente,6,0
ficar,6,0
prevento,6,0
guerra,6,0
prestado,6,0
desprovido,6,0
politicas,6,0
transformando,6,0
cumpriria,6,0
regionais,6,0
iniciou,6,0
arrolados,6,0
sabe,6,0
disponivel,6,0
pimenta,6,0
flagrante,6,0
concernente,6,0
ratione,6,0
comecaram,6,0
sul,6,0
concretude,6,0
hierarquicamente,6,0
mes,6,0
inviabilidade,6,0
caminho,6,0
funcional,6,0
prestacao,6,0
pretendido,6,0
subsuncao,6,0
julgamentos,6,0
vedada,6,0
descritivamente,6,0
trabalhos,6,0
suposto,6,0
sala,6,0
superado,6,0
bloqueios,6,0
paes,6,0
deputada,6,0
ilustram,6,0
promover,6,0
culposos,6,0
concretiza,6,0
relativamente,6,0
maiores,6,0
estrito,6,0
agosto,6,0
concedendo,6,0
marinha,6,0
cargo,6,0
junho,6,0
titularidade,6,0
monetizacao,6,0
embaraco,6,0
article,6,0
confira,6,0
entra,6,0
trancamento,6,0
ressaltou,6,0
convencer,6,0
coautoria,6,0
compartilhadas,6,0
impossibilitar,5,0
incompativeis,5,0
contidos,5,0
determinando,5,0
sancionados,5,0
coacao,5,0
caminhoneiros,5,0
dobro,5,0
legislativos,5,0
augusto,5,0
consumacao,5,0
registrando,5,0
observam,5,0
restritiva,5,0
terreo,5,0
mpsp,5,0
fogo,5,0
esclareceu,5,0
delineadas,5,0
minas,5,0
quebrando,5,0
veja,5,0
exito,5,0
obrigacao,5,0
motins,5,0
senhores,5,0
associativo,5,0
mascara,5,0
realizou,5,0
tristes,5,0
levada,5,0
inacio,5,0
distanciaram,5,0
vieram,5,0
iniciado,5,0
excluidos,5,0
num,5,0
satisfaz,5,0
dinheiro,5,0
vinculacao,5,0
afastou,5,0
suspeitas,5,0
moveu,5,0
vinculadas,5,0
escudos,5,0
distribuida,5,0
academia,5,0
aplicativos,5,0
utiliza,5,0
fardados,5,0
submetida,5,0
imediatamente,5,0
estacionamento,5,0
delituoso,5,0
leciona,5,0
caracteristicas,5,0
pendentes,5,0
houvesse,5,0
compreendidos,5,0
tropa,5,0
constituiu,5,0
lotado,5,0
vandalizavam,5,0
visualizou,5,0
cuidam,5,0
buscando,5,0
consigna,5,0
oculos,5,0
individuais,5,0
indiscutivel,5,0
dezenas,5,0
representativo,5,0
descrevem,5,0
romper,5,0
rr,5,0
faca,5,0
condenar,5,0
formacao,5,0
auto,5,0
nitidos,5,0
rc,5,0
entradas,5,0
recebidas,5,0
reservando,5,0
estendida,5,0
testemunham,5,0
mostram,5,0
gritavam,5,0
evidencias,5,0
chega,5,0
concedida,5,0
organizar,5,0
destituicao,5,0
retorno,5,0
culminando,5,0
lopes,5,0
provenham,5,0
natale,5,0
rezar,5,0
red,5,0
licoes,5,0
resistencia,5,0
encontros,5,0
furtados,5,0
acampar,5,0
colocar,5,0
arma,5,0
riscos,5,0
jair,5,0
marca,5,0
algemar,5,0
excerto,5,0
quinhentos,5,0
acrescentou,5,0
gsi,5,0
imagem,5,0
submetidas,5,0
calcada,5,0
azul,5,0
havido,5,0
coordenados,5,0
preconiza,5,0
instituira,5,0
termo,5,0
computando,5,0
premeditacao,5,0
acuados,5,0
notificacao,5,0
indicando,5,0
fevereiro,5,0
garcia,5,0
utilizaram,5,0
recuaram,5,0
dificultar,5,0
avancaram,5,0
mulheres,5,0
claudio,5,0
surpresa,5,0
semelhanca,5,0
intimacao,5,0
legislativo,5,0
examinar,5,0
compoem,5,0
revelam,5,0
raro,5,0
continua,5,0
rememorar,5,0
praticas,5,0
faria,5,0
cima,5,0
assegura,5,0
utilizadas,5,0
frentes,5,0
raio,5,0
alto,5,0
prolatado,5,0
confundido,5,0
realizava,5,0
difere,5,0
oitenta,5,0
pontuar,5,0
invadissem,5,0
queixa,5,0
finais,5,0
supoem,5,0
danificados,5,0
ajoelharam,5,0
verificados,5,0
encaminhassem,5,0
ttrriibbuunnaall,5,0
aumentada,5,0
sousa,5,0
subdesenvolvidos,5,0
levados,5,0
exigencia,5,0
pelotao,5,0
homens,5,0
vir,5,0
limpou,5,0
enganam,5,0
putsch,5,0
eugenio,5,0
intimidacao,5,0
andar,5,0
pmdf,5,0
dr,5,0
precedente,5,0
mensagem,5,0
feitas,5,0
sprays,5,0
vidracas,5,0
narracao,5,0
voltou,5,0
considero,5,0
saliento,5,0
calculo,5,0
conduziram,5,0
relatorios,5,0
armados,5,0
ziegler,5,0
media,5,0
historia,5,0
intento,5,0
deflagracao,5,0
adjunto,5,0
alcanca,5,0
contornos,5,0
rigorosamente,5,0
taser,5,0
tracado,5,0
disposicao,5,0
apoderar,5,0
batalhao,5,0
consumada,5,0
trazida,5,0
salienta,5,0
conjugacao,5,0
prontidao,5,0
enfrentamento,5,0
contato,5,0
acontecimentos,5,0
algum,5,0
coautores,5,0
materia,5,0
permaneceriam,5,0
importado,5,0
greco,5,0
membro,5,0
impedido,5,0
revolucionaria,5,0
boa,5,0
paz,5,0
cassetetes,5,0
carece,5,0
foto,5,0
detalhes,5,0
desferido,5,0
ficou,5,0
lesivo,5,0
tenente,5,0
punivel,5,0
noite,5,0
sentencas,5,0
criando,5,0
ouvidas,5,0
unida,5,0
propositos,5,0
empreitada,5,0
bgp,5,0
gude,5,0
expensas,5,0
posto,5,0
atencao,5,0
abr,5,0
metal,5,0
capitao,5,0
patriotas,5,0
salvador,5,0
interrogatorio,5,0
idosos,5,0
lavratura,5,0
voces,5,0
eliminacao,5,0
direcionado,5,0
obedeceram,5,0
decretacao,5,0
pequenas,5,0
conhecidos,5,0
questoes,5,0
camuflados,5,0
respondeu,5,0
adentrasse,5,0
figuras,5,0
acaso,5,0
inerentes,5,0
agiam,5,0
delimitar,5,0
formalizados,5,0
alonso,5,0
ministerios,5,0
conhecer,5,0
acessaram,5,0
senhora,5,0
escudo,5,0
palacio,5,0
atentam,5,0
utilizada,5,0
pressupostos,5,0
atingir,5,0
imobilizados,5,0
informes,5,0
assistente,5,0
fogos,5,0
remanesce,5,0
percuciente,5,0
extracao,5,0
apuradas,5,0
breve,5,0
impoe,5,0
repiso,5,0
praticada,5,0
edificio,5,0
daniel,5,0
dissertando,5,0
maxima,5,0
conclusoes,5,0
ditames,5,0
wallace,5,0
barricadas,5,0
dolosos,5,0
sinalizar,5,0
tarefas,5,0
item,5,0
investigar,5,0
utos,5,0
correr,5,0
licita,5,0
realcei,5,0
laudos,5,0
incluir,5,0
verde,5,0
jamais,5,0
lista,5,0
obstar,5,0
futuro,5,0
piso,5,0
unindo,5,0
eletronicas,5,0
araujo,5,0
opuseram,5,0
utilizacao,5,0
filha,5,0
relevancia,5,0
juntada,5,0
somatoria,5,0
declarado,5,0
certidao,5,0
desejos,5,0
horda,5,0
movimentos,5,0
frederico,5,0
santana,5,0
proxima,5,0
subprocurador,5,0
justamente,5,0
pre,5,0
obice,5,0
revolucao,5,0
registraram,5,0
boas,5,0
comportamentos,5,0
estabeleceu,5,0
extintores,5,0
reforcos,5,0
resulta,5,0
toma,5,0
ilva,5,0
conseguiram,5,0
view,5,0
absolver,5,0
soberania,5,0
abarcando,5,0
computadores,5,0
diretor,5,0
cito,5,0
legislativa,5,0
xavier,5,0
registrado,5,0
choque,5,0
estiveram,5,0
convencimento,5,0
protagonistas,5,0
formais,5,0
autoriza,5,0
ssuupprreemmoo,5,0
enrolada,5,0
onus,5,0
morte,5,0
ingressou,5,0
indubitavelmente,5,0
tratava,5,0
rjesmpsp,5,0
naquela,5,0
minutos,5,0
pgr,5,0
coordenacao,5,0
sorte,5,0
pcdf,5,0
interesse,5,0
destacar,5,0
introduzido,5,0
ladrao,5,0
porta,5,0
encontrou,5,0
medo,5,0
confere,5,0
conquanto,5,0
continuar,5,0
insurreicoes,5,0
frieza,5,0
inestimavel,5,0
integrava,5,0
adotou,5,0
depredaram,5,0
doacoes,5,0
forense,5,0
novembro,5,0
mesmas,5,0
interior,5,0
esteve,5,0
conjuracao,5,0
daquela,5,0
amplitude,5,0
viana,5,0
violacao,5,0
outrossim,5,0
alteracao,5,0
tipificado,5,0
concorrido,5,0
comandada,5,0
durabilidade,5,0
quadros,5,0
preto,5,0
afinidades,5,0
externo,5,0
percebendo,5,0
voz,5,0
preencher,5,0
contencao,5,0
rompidas,5,0
tivessem,5,0
cantar,5,0
inserido,5,0
tramitavam,5,0
extraordinaria,5,0
assentada,5,0
estabelecer,5,0
observados,5,0
venho,5,0
fixas,5,0
caminhada,5,0
delegar,5,0
pendente,5,0
espelho,5,0
visavam,5,0
divisao,5,0
soma,5,0
nullum,5,0
destruindo,5,0
culpa,5,0
meus,5,0
importancia,5,0
elevado,5,0
nascida,5,0
manifestamente,5,0
pretensos,5,0
reeleito,5,0
localizadas,5,0
permaneceram,5,0
consonancia,5,0
reprimindo,5,0
crimen,5,0
representatividade,5,0
implantar,5,0
detidas,5,0
fonte,5,0
epresentacao,5,0
departamento,5,0
tropas,5,0
subsome,5,0
coordenador,5,0
limitados,5,0
adotadas,5,0
vidro,5,0
revelaria,5,0
nunca,5,0
limitando,5,0
fotografo,5,0
participando,5,0
paises,5,0
acionado,5,0
atinente,5,0
algo,5,0
sentaram,5,0
colhe,5,0
res,5,0
especializada,5,0
vitoria,5,0
maj,5,0
chao,5,0
melo,5,0
reitere,5,0
falou,5,0
proximo,5,0
invadidos,5,0
major,5,0
aplica,5,0
previo,5,0
ee,5,0
policiamento,5,0
noticia,5,0
delimitada,5,0
subitaneidade,5,0
prorrogada,5,0
vigente,5,0
esclarece,5,0
ilegitimidade,5,0
incluindo,5,0
influenciar,5,0
friggi,5,0
repudio,5,0
desocupado,5,0
mao,5,0
quadro,5,0
dogma,5,0
entrada,5,0
considera,5,0
apreendidos,5,0
aptos,5,0
dada,5,0
transicao,5,0
tracando,5,0
romperam,5,0
quebrar,5,0
alojadas,5,0
bonavides,5,0
seguido,5,0
menta,5,0
alcancar,5,0
necessariamente,5,0
recuperados,5,0
instaurar,5,0
imaterial,5,0
parente,5,0
genericas,5,0
saber,5,0
disseram,5,0
coletivos,5,0
detido,5,0
spark,5,0
rodrigo,5,0
protegia,5,0
papel,5,0
midia,5,0
continuou,5,0
alegadamente,5,0
ditatoriais,5,0
desvencilharam,5,0
acolhida,5,0
mundo,5,0
presas,5,0
responsabilizar,5,0
quantos,5,0
dispersavam,5,0
desceram,5,0
rejeitar,5,0
relato,5,0
vanderly,5,0
efetuou,5,0
conducao,5,0
salao,5,0
afirmaram,5,0
linhas,5,0
configure,5,0
demonstra,5,0
ex,5,0
ditadura,5,0
bolas,5,0
compartilhamento,5,0
extraem,5,0
enal,5,0
silvestre,5,0
chegado,5,0
fixadas,5,0
fatica,5,0
contribuindo,5,0
formalizado,5,0
filmagens,5,0
panorama,5,0
encarregado,5,0
voltados,5,0
recebendo,5,0
facil,5,0
ofensa,5,0
and,5,0
acionamento,5,0
cometa,5,0
oficial,5,0
punitiva,5,0
descrito,5,0
exercido,5,0
governar,5,0
motivam,5,0
minimas,5,0
lewandowski,5,0
federacao,5,0
ffeeddeerraall,5,0
diferencia,5,0
juspodivm,5,0
ilicita,5,0
cercear,5,0
solicitou,5,0
entraram,5,0
ensejou,5,0
engendrada,5,0
instigadores,5,0
majoritariamente,5,0
custodiadas,5,0
estilingues,5,0
assembleia,5,0
video,5,0
alencar,5,0
transcrevo,5,0
revista_esmp,5,0
ocorriam,5,0
acionou,5,0
investigativo,5,0
conceitos,5,0
espirito,5,0
dezessete,5,0
veio,5,0
identificavel,5,0
proprietaria,5,0
detalhado,5,0
tivesse,5,0
tamanha,5,0
possiveis,5,0
consistente,5,0
todavia,5,0
pano,5,0
atiraram,5,0
periciais,5,0
goncalves,5,0
ultima,5,0
executados,5,0
cota,5,0
citacao,5,0
limitar,5,0
reforcou,5,0
revogada,5,0
prado,4,0
agrupamento,4,0
nele,4,0
alegue,4,0
improcedente,4,0
cassimiro,4,0
centavos,4,0
demandaria,4,0
arbitrario,4,0
penalmente,4,0
inocencia,4,0
chamada,4,0
tipico,4,0
materias,4,0
exercida,4,0
incurso,4,0
pandemia,4,0
parlamento,4,0
extrema,4,0
acompanhou,4,0
desenvolvida,4,0
contribuiram,4,0
episodio,4,0
afirmado,4,0
complexidades,4,0
ficam,4,0
inferir,4,0
convem,4,0
registrou,4,0
abrigam,4,0
desconsiderar,4,0
eett,4,0
bruno,4,0
funcionado,4,0
fragmento,4,0
negar,4,0
sinalizam,4,0
modalidade,4,0
temor,4,0
consolidado,4,0
estabelece,4,0
cupula,4,0
monitoramento,4,0
dolosamente,4,0
retomar,4,0
julgou,4,0
alcancada,4,0
arregimentacao,4,0
heleno,4,0
configuracao,4,0
demonstraram,4,0
funcionarios,4,0
insuflando,4,0
ordens,4,0
resumo,4,0
contribuicoes,4,0
consumar,4,0
eliminar,4,0
utilizando,4,0
deteriorou,4,0
encontraram,4,0
basta,4,0
atingimento,4,0
pequenos,4,0
eticao,4,0
denota,4,0
jardim,4,0
complexidade,4,0
vistas,4,0
empregada,4,0
carro,4,0
globo,4,0
efeitos,4,0
vejo,4,0
provenientes,4,0
aderindo,4,0
ssp,4,0
los,4,0
equipe,4,0
guilherme,4,0
aparece,4,0
espelhos,4,0
inexiste,4,0
divulgadas,4,0
del,4,0
nobre,4,0
eleitos,4,0
ia,4,0
ambas,4,0
chave,4,0
apontam,4,0
passando,4,0
praticavam,4,0
campo,4,0
fisicos,4,0
estudos,4,0
relata,4,0
teoria,4,0
punitivo,4,0
aco,4,0
lacrimogenio,4,0
entorno,4,0
causalidade,4,0
operandi,4,0
z,4,0
estou,4,0
praticamente,4,0
eletronicos,4,0
elaborado,4,0
implantacao,4,0
carpetes,4,0
reuniu,4,0
caracterizam,4,0
possivelmente,4,0
generalizado,4,0
pedro,4,0
convocacoes,4,0
arroladas,4,0
maos,4,0
posicionou,4,0
saiu,4,0
grillo,4,0
financeiras,4,0
deslocar,4,0
erros,4,0
dizeres,4,0
judicio,4,0
chama,4,0
debate,4,0
santa,4,0
democraticamente,4,0
borracha,4,0
insuficiente,4,0
nexo,4,0
inocente,4,0
acampados,4,0
desenvolvimento,4,0
ademir,4,0
cordeiro,4,0
jornal,4,0
neto,4,0
destruido,4,0
respectiva,4,0
apresentaram,4,0
hierarquicas,4,0
deteriorado,4,0
recolhimento,4,0
acresca,4,0
publicado,4,0
negocio,4,0
agregacoes,4,0
tiver,4,0
dialogo,4,0
denominado,4,0
daqui,4,0
aguarda,4,0
notificados,4,0
supoe,4,0
titulo,4,0
demonstrativas,4,0
concorrentes,4,0
rojoes,4,0
deslocou,4,0
tratou,4,0
informe,4,0
proprietarios,4,0
fundados,4,0
francisco,4,0
tomaram,4,0
constituida,4,0
aparato,4,0
acolhido,4,0
motivada,4,0
recusa,4,0
custodia,4,0
apoiar,4,0
procedente,4,0
educacao,4,0
narradas,4,0
concluo,4,0
quebrou,4,0
vou,4,0
eminentemente,4,0
afonso,4,0
mantidas,4,0
estimou,4,0
funcionou,4,0
aditar,4,0
consideradas,4,0
advogados,4,0
dissolucao,4,0
mantiveram,4,0
continuo,4,0
aplicado,4,0
ana,4,0
deus,4,0
trazidos,4,0
ferreira,4,0
cit,4,0
coletividade,4,0
aproximar,4,0
anibal,4,0
quinze,4,0
oitivas,4,0
episodios,4,0
mente,4,0
integrante,4,0
oitiva,4,0
declarante,4,0
fisicamente,4,0
indenizacao,4,0
serao,4,0
registrar,4,0
registros,4,0
seguramente,4,0
porticos,4,0
cunho,4,0
rimeira,4,0
utilizavam,4,0
versao,4,0
ob,4,0
inestimaveis,4,0
par,4,0
acampadas,4,0
impedimento,4,0
liberdades,4,0
interpretacoes,4,0
vandalizados,4,0
retorica,4,0
amarelo,4,0
bastando,4,0
ensejo,4,0
modus,4,0
magnitude,4,0
entidade,4,0
pa,4,0
improprias,4,0
faixas,4,0
integral,4,0
decorrer,4,0
atingido,4,0
destruidos,4,0
passageiros,4,0
entende,4,0
postura,4,0
jornalisticas,4,0
sucinta,4,0
decor,4,0
colegas,4,0
subsidiariamente,4,0
alias,4,0
turno,4,0
conheco,4,0
vargas,4,0
franco,4,0
publicacoes,4,0
prestadas,4,0
ressalta,4,0
lideranca,4,0
pauta,4,0
gradativamente,4,0
limitou,4,0
empresas,4,0
faticas,4,0
reqdo,4,0
rd,4,0
buscavam,4,0
eqdo,4,0
concebidos,4,0
correspondesse,4,0
tratadas,4,0
perfil,4,0
invest,4,0
possam,4,0
minimos,4,0
suspeicao,4,0
juntou,4,0
vermelha,4,0
passar,4,0
moreira,4,0
agindo,4,0
eqte,4,0
fundos,4,0
manifestar,4,0
agressiva,4,0
pura,4,0
tutelados,4,0
corporal,4,0
evitando,4,0
nvest,4,0
apontada,4,0
abordou,4,0
prestar,4,0
imoveis,4,0
permanecer,4,0
davam,4,0
recebido,4,0
competencias,4,0
org,4,0
exerceram,4,0
introito,4,0
conformar,4,0
atribuida,4,0
manoel,4,0
excertos,4,0
mostravam,4,0
animos,4,0
revelando,4,0
postulado,4,0
raios,4,0
acusatorias,4,0
notificada,4,0
atentado,4,0
ir,4,0
iniciais,4,0
probatorias,4,0
ecebimento,4,0
manifestavam,4,0
escritos,4,0
anuencia,4,0
doubt,4,0
unido,4,0
saude,4,0
rocha,4,0
portava,4,0
estrago,4,0
restricao,4,0
ameacaram,4,0
bloco,4,0
ficando,4,0
negaram,4,0
douglas,4,0
ressalvas,4,0
posicoes,4,0
criancas,4,0
existir,4,0
circuito,4,0
consigno,4,0
outubro,4,0
urma,4,0
oberto,4,0
tirando,4,0
receio,4,0
respectivo,4,0
otica,4,0
mim,4,0
assuncao,4,0
leite,4,0
encontro,4,0
interromper,4,0
trabalhar,4,0
dpe,4,0
ramos,4,0
variaveis,4,0
armado,4,0
salvo,4,0
atipicidade,4,0
direcionando,4,0
k,4,0
distinguir,4,0
avancando,4,0
informativos,4,0
queima,4,0
preventivas,4,0
cardoso,4,0
passaram,4,0
imbuidos,4,0
executando,4,0
necessita,4,0
configurada,4,0
produtores,4,0
excepcionais,4,0
bussola,4,0
igreja,4,0
prosseguir,4,0
livremente,4,0
reqte,4,0
salientado,4,0
entrou,4,0
negociacoes,4,0
traducao,4,0
propriamente,4,0
caetano,4,0
enuncia,4,0
naqueles,4,0
bandido,4,0
ambientes,4,0
bon,4,0
nn,4,0
conduziu,4,0
lastro,4,0
empregando,4,0
cidade,4,0
afastada,4,0
ineptas,4,0
cao,4,0
decreto,4,0
caio,4,0
existem,4,0
esgotaria,4,0
aderiram,4,0
assistimos,4,0
implicito,4,0
etapa,4,0
barbosa,4,0
anterior,4,0
lemes,4,0
titulares,4,0
faticos,4,0
alega,4,0
abertos,4,0
conhece,4,0
comprova,4,0
chumbadas,4,0
carregando,4,0
passagem,4,0
balaclava,4,0
anoto,4,0
tirar,4,0
indiciario,4,0
pericia,4,0
fragoso,4,0
aprofundamento,4,0
urbano,4,0
inclusao,4,0
proteger,4,0
confirmaram,4,0
dilacao,4,0
correu,4,0
nefi,4,0
entrarem,4,0
audio,4,0
instante,4,0
honra,4,0
comprovacao,4,0
levantamento,4,0
semelhantes,4,0
videos,4,0
diploma,4,0
salientou,4,0
contendo,4,0
lixeiras,4,0
depoente,4,0
regimento,4,0
preparacao,4,0
fontes,4,0
adequado,4,0
visao,4,0
incidencia,4,0
recem,4,0
conhecimentos,4,0
interno,4,0
exigindo,4,0
representantes,4,0
apuracoes,4,0
atacar,4,0
centro,4,0
gisele,4,0
querer,4,0
comprovem,4,0
articulados,4,0
relevar,4,0
protagonizados,4,0
mobiliario,4,0
mochila,4,0
meramente,4,0
extensa,4,0
lembra,4,0
agir,4,0
ocorrida,4,0
concretizacao,4,0
aparentemente,4,0
levantadas,4,0
jogo,4,0
legitimos,4,0
nucci,4,0
parametros,4,0
fundo,4,0
aticando,4,0
adequada,4,0
caravana,4,0
ideia,4,0
potencialmente,4,0
sessenta,4,0
domingo,4,0
cameras,4,0
pontas,4,0
setor,4,0
social,4,0
despeito,4,0
explicito,4,0
agredido,4,0
pertences,4,0
daquelas,4,0
pretendida,4,0
assegurado,4,0
localizado,4,0
constante,4,0
excessos,4,0
venha,4,0
defender,4,0
afronta,4,0
outrora,4,0
democratica,4,0
artificio,4,0
olicia,4,0
concretos,4,0
punicao,4,0
gilvan,4,0
elucidados,4,0
pegar,4,0
reuniram,4,0
metais,4,0
configuram,4,0
fechado,4,0
pessoalmente,4,0
indicou,4,0
rejeitou,4,0
altura,4,0
engendrado,4,0
cor,4,0
ostensivo,4,0
ingressado,4,0
desejado,4,0
are,4,0
considerar,4,0
insatisfacao,4,0
constituinte,4,0
aparecido,4,0
bandeiras,4,0
transito,4,0
recordar,4,0
atras,4,0
ressarcir,4,0
un,4,0
prol,4,0
tela,4,0
cenario,4,0
claramente,4,0
caseiras,4,0
regional,4,0
atraida,4,0
acervo,4,0
manter,4,0
comeca,4,0
atentar,4,0
advogado,4,0
apontamento,4,0
revelou,4,0
deteriorados,4,0
laudo,4,0
seguiu,4,0
levando,4,0
efetivas,4,0
confiar,4,0
temos,4,0
qg,4,0
interligacao,4,0
mascaras,4,0
revelaram,4,0
tipicos,4,0
desenvolveram,4,0
tentando,4,0
el,4,0
auge,4,0
epoca,4,0
comprovadas,4,0
sessoes,4,0
roupas,4,0
detector,4,0
expediente,4,0
insuficiencia,4,0
atitude,4,0
passamos,4,0
variados,4,0
pacelli,4,0
improcedencia,4,0
alta,4,0
agrediram,4,0
enviado,4,0
antunes,4,0
arguicao,4,0
itens,4,0
captura,4,0
bom,4,0
grades,4,0
encontrar,4,0
disponibilizado,4,0
reforca,4,0
extraida,4,0
cruz,4,0
proximidades,4,0
identidade,4,0
oportuno,4,0
ataques,4,0
operacional,4,0
lucio,4,0
telefonico,3,0
professor,3,0
oriunda,3,0
interna,3,0
liquido,3,0
tiro,3,0
aps,3,0
diga,3,0
pai,3,0
lastreada,3,0
juridicos,3,0
protejam,3,0
tras,3,0
seguridad,3,0
regimes,3,0
atratora,3,0
aposentados,3,0
jack,3,0
reforco,3,0
provocou,3,0
atuava,3,0
obtencao,3,0
evidentemente,3,0
cidades,3,0
expressando,3,0
conjuncao,3,0
desempenham,3,0
torno,3,0
percepcao,3,0
madeira,3,0
implica,3,0
ventos,3,0
descurar,3,0
organizacoes,3,0
significado,3,0
inequivoca,3,0
kala,3,0
grito,3,0
seguem,3,0
pau,3,0
geovane,3,0
proferi,3,0
querendo,3,0
derrubada,3,0
unitario,3,0
transcritos,3,0
fusao,3,0
seguro,3,0
saindo,3,0
noutras,3,0
defensor,3,0
bastantes,3,0
religiao,3,0
confirmada,3,0
problema,3,0
fala,3,0
estreitamente,3,0
valido,3,0
pediu,3,0
improprio,3,0
acerto,3,0
agressores,3,0
descrevendo,3,0
placido,3,0
esbranquicado,3,0
ida,3,0
entregadores,3,0
pf,3,0
mental,3,0
regis,3,0
lugares,3,0
colacionados,3,0
advertencia,3,0
tragedias,3,0
requisito,3,0
reputo,3,0
unior,3,0
lesiva,3,0
ivone,3,0
remetido,3,0
solicitado,3,0
surge,3,0
registrada,3,0
chamados,3,0
encaminhadas,3,0
pressuposto,3,0
pista,3,0
peguei,3,0
determinei,3,0
oitocentos,3,0
esgotaram,3,0
colho,3,0
nascimento,3,0
violentamente,3,0
posturas,3,0
exigida,3,0
caca,3,0
estaria,3,0
avenida,3,0
constatadas,3,0
pleitos,3,0
reflexao,3,0
mero,3,0
bancario,3,0
dividindo,3,0
barras,3,0
intensidade,3,0
podendo,3,0
isqueiros,3,0
individualizou,3,0
ostensiva,3,0
norte,3,0
kk,3,0
equivale,3,0
ligue,3,0
metalico,3,0
talho,3,0
governanca,3,0
gramado,3,0
ocupacao,3,0
pericial,3,0
ostensivamente,3,0
letal,3,0
intencoes,3,0
guia,3,0
postadas,3,0
comunicacao,3,0
sustentou,3,0
ativo,3,0
registre,3,0
ofendido,3,0
avaliacoes,3,0
lisura,3,0
estarem,3,0
tratamento,3,0
incidindo,3,0
querelante,3,0
cabivel,3,0
lembrado,3,0
ausente,3,0
bope,3,0
ligada,3,0
prematura,3,0
buscou,3,0
convocando,3,0
sorteio,3,0
ose,3,0
av,3,0
megafones,3,0
seara,3,0
adequadamente,3,0
tranquilidade,3,0
inadmissibilidade,3,0
apresentarem,3,0
ag,3,0
nq,3,0
assinalo,3,0
classificado,3,0
caro,3,0
rainha,3,0
celebracao,3,0
infirmam,3,0
friso,3,0
extraio,3,0
aa,3,0
deducta,3,0
zavaschi,3,0
autorizando,3,0
thereza,3,0
superintendencia,3,0
zilda,3,0
tornando,3,0
viram,3,0
regula,3,0
obter,3,0
distribuidos,3,0
redutor,3,0
formalmente,3,0
remeter,3,0
pressupoe,3,0
pretensamente,3,0
ajuizamento,3,0
fuga,3,0
opta,3,0
brito,3,0
tidos,3,0
transcorreu,3,0
cotas,3,0
residiria,3,0
negocial,3,0
escoltados,3,0
desconhece,3,0
confessado,3,0
decretou,3,0
fadada,3,0
calunia,3,0
citou,3,0
ofensivas,3,0
rebatendo,3,0
aprecie,3,0
insucesso,3,0
olha,3,0
cumpridos,3,0
audios,3,0
candido,3,0
fabio,3,0
firmada,3,0
referendo,3,0
suponha,3,0
subsuntiva,3,0
contribuiu,3,0
armazenados,3,0
ofertar,3,0
consubstancia,3,0
calca,3,0
justificativa,3,0
reproduzido,3,0
ilogico,3,0
analisados,3,0
inscricao,3,0
tiene,3,0
alude,3,0
comecou,3,0
consignei,3,0
constatado,3,0
eros,3,0
movido,3,0
still,3,0
adentrar,3,0
automatica,3,0
ruas,3,0
produzidos,3,0
pronunciar,3,0
motoboys,3,0
enfatica,3,0
consecucao,3,0
palavra,3,0
trocadas,3,0
silencio,3,0
inves,3,0
sentado,3,0
velocidade,3,0
lutam,3,0
alcancando,3,0
presa,3,0
dei,3,0
satisfacao,3,0
preordenada,3,0
resolucao,3,0
certamente,3,0
sinalizaram,3,0
xx,3,0
condenados,3,0
josiel,3,0
publique,3,0
cintia,3,0
dra,3,0
setenta,3,0
juridicas,3,0
confusao,3,0
identificadas,3,0
descreveu,3,0
condenada,3,0
participacoes,3,0
puder,3,0
to,3,0
arlos,3,0
inapta,3,0
consubstanciador,3,0
alegada,3,0
luta,3,0
exato,3,0
verificasse,3,0
apreciar,3,0
incorrer,3,0
tv,3,0
estudo,3,0
intimidativa,3,0
renda,3,0
prof,3,0
duzentas,3,0
emborrachado,3,0
resultando,3,0
financiador,3,0
juncao,3,0
apresentem,3,0
reporto,3,0
tutelado,3,0
escritas,3,0
esteio,3,0
frasco,3,0
criadas,3,0
oferta,3,0
minudentes,3,0
discricionario,3,0
tunel,3,0
baseadas,3,0
sairiam,3,0
extintivas,3,0
placa,3,0
interesses,3,0
doacordao,3,0
standards,3,0
recuando,3,0
willian,3,0
vivo,3,0
ilacao,3,0
bradavam,3,0
condutores,3,0
saio,3,0
crescente,3,0
desatendimento,3,0
serena,3,0
amorim,3,0
diferem,3,0
geraria,3,0
sra,3,0
representaria,3,0
reviravam,3,0
adoto,3,0
tecnicas,3,0
modelos,3,0
distintas,3,0
pude,3,0
favorecer,3,0
proponderance,3,0
cristina,3,0
abandonar,3,0
aparente,3,0
favoravelmente,3,0
implicar,3,0
meras,3,0
consigne,3,0
macedo,3,0
recomendariam,3,0
trazer,3,0
sobradinho,3,0
constitutivos,3,0
define,3,0
regressar,3,0
leal,3,0
complementadas,3,0
formalizacao,3,0
qualificados,3,0
exigencias,3,0
seriedade,3,0
requerer,3,0
admitir,3,0
qualifica,3,0
complementares,3,0
mortos,3,0
internamente,3,0
evidence,3,0
argumentando,3,0
especificaram,3,0
substancialmente,3,0
pressionar,3,0
sistematicamente,3,0
veemente,3,0
siqueira,3,0
convincing,3,0
alterou,3,0
convincente,3,0
despenalizadora,3,0
costume,3,0
estourou,3,0
principais,3,0
difamacao,3,0
radio,3,0
negociar,3,0
depende,3,0
atenderam,3,0
tematico,3,0
alojaram,3,0
probabilidade,3,0
elevadissima,3,0
insistentemente,3,0
investigatoria,3,0
clear,3,0
distribuir,3,0
elevada,3,0
aproxima,3,0
mobilizou,3,0
colheita,3,0
re,3,0
tomasse,3,0
mandar,3,0
organizassem,3,0
falando,3,0
vila,3,0
predisposicao,3,0
informadas,3,0
vesperas,3,0
ustavo,3,0
circunstancialmente,3,0
espera,3,0
subissem,3,0
faze,3,0
adentraram,3,0
jorge,3,0
incursos,3,0
derivada,3,0
servidor,3,0
ofertadas,3,0
diego,3,0
beyond,3,0
preponderancia,3,0
negro,3,0
preferivel,3,0
formarem,3,0
reasonable,3,0
pressas,3,0
acusadas,3,0
valoracao,3,0
nquerito,3,0
apf,3,0
advogada,3,0
interviesse,3,0
deparou,3,0
impassivel,3,0
procederam,3,0
diferenciacao,3,0
arremessados,3,0
lucas,3,0
propondo,3,0
recinto,3,0
sebastiao,3,0
querelados,3,0
relevo,3,0
agressivos,3,0
transpor,3,0
castro,3,0
asseverar,3,0
carga,3,0
espelhamento,3,0
chapelaria,3,0
deducao,3,0
bone,3,0
culpado,3,0
adotando,3,0
desenfreada,3,0
acalmar,3,0
irredutiveis,3,0
caracterizaram,3,0
hoc,3,0
chegarem,3,0
ajudar,3,0
pix,3,0
generais,3,0
fibra,3,0
financiou,3,0
atirando,3,0
eixo,3,0
participava,3,0
imposicao,3,0
pacifico,3,0
segue,3,0
preenchidos,3,0
inimigo,3,0
empreendido,3,0
conduzido,3,0
locomocao,3,0
voluntario,3,0
extorsao,3,0
envolvido,3,0
admitiu,3,0
sai,3,0
verbo,3,0
comigo,3,0
funcionamento,3,0
operar,3,0
despesas,3,0
redatora,3,0
soltura,3,0
evidenciam,3,0
vencidos,3,0
apresentam,3,0
acompanhamento,3,0
valendo,3,0
ofensiva,3,0
expoe,3,0
constato,3,0
espantarao,3,0
diligencia,3,0
percebeu,3,0
alegar,3,0
esmiucar,3,0
agrupados,3,0
selva,3,0
detalhados,3,0
factivel,3,0
rememoro,3,0
abordagem,3,0
resultante,3,0
idonea,3,0
estatais,3,0
nitidamente,3,0
chamar,3,0
odio,3,0
desempenho,3,0
perigos,3,0
opressao,3,0
longa,3,0
humano,3,0
antigo,3,0
atento,3,0
of,3,0
fizeram,3,0
mormente,3,0
falsa,3,0
variadas,3,0
desejo,3,0
afastam,3,0
tornar,3,0
cautela,3,0
senadores,3,0
rejeito,3,0
sustento,3,0
perpetrados,3,0
identifica,3,0
recorde,3,0
lamentavel,3,0
aprofundados,3,0
corroborar,3,0
probabilidades,3,0
inscrito,3,0
inapto,3,0
jovem,3,0
ferrajoli,3,0
indefinida,3,0
ameacar,3,0
gustave,3,0
individualizado,3,0
bombinhas,3,0
circulacao,3,0
viagem,3,0
tentam,3,0
mobilizacao,3,0
acessando,3,0
retomo,3,0
peculiaridades,3,0
informa,3,0
caminhao,3,0
ineficacia,3,0
integra,3,0
faixa,3,0
caixas,3,0
infiltrados,3,0
aguardar,3,0
lamina,3,0
servindo,3,0
reportados,3,0
pedaco,3,0
dificil,3,0
consultor,3,0
ocasionar,3,0
restrito,3,0
winfred,3,0
objetivamente,3,0
organizou,3,0
almejado,3,0
vias,3,0
coordenada,3,0
formado,3,0
golpista,3,0
exposta,3,0
conveniencia,3,0
correta,3,0
abrindo,3,0
logistica,3,0
rene,3,0
compartilhado,3,0
oposto,3,0
aumentam,3,0
dava,3,0
situado,3,0
jogar,3,0
assiste,3,0
ambulantes,3,0
constitucionalmente,3,0
rede_social,3,0
manipuladas,3,0
expedientes,3,0
atrativa,3,0
acompanhando,3,0
metralhadora,3,0
negado,3,0
cpc,3,0
las,3,0
utro,3,0
inconformismo,3,0
reafirmo,3,0
subjetivos,3,0
autonomo,3,0
promovidas,3,0
propano,3,0
acolhendo,3,0
facilmente,3,0
criminalizacao,3,0
ml,3,0
asseverou,3,0
ouviu,3,0
imponha,3,0
destaque,3,0
vao,3,0
opositores,3,0
propostas,3,0
consectario,3,0
correspondencia,3,0
chamou,3,0
colaciono,3,0
conduz,3,0
levou,3,0
tiros,3,0
quantidade,3,0
materialmente,3,0
preta,3,0
fomos,3,0
salario,3,0
balas,3,0
envolvem,3,0
credibilidade,3,0
minando,3,0
acrescento,3,0
motivacoes,3,0
mario,3,0
fluxo,3,0
saiba,3,0
tensao,3,0
exista,3,0
dali,3,0
diversidade,3,0
tomou,3,0
queria,3,0
mato,3,0
retirar,3,0
desloca,3,0
hammerschmidt,3,0
sancoes,3,0
atualidade,3,0
abrangeram,3,0
comprovou,3,0
cordoba,3,0
apreco,3,0
imediata,3,0
produzido,3,0
consumado,3,0
dirigido,3,0
acontecendo,3,0
chegamos,3,0
opunham,3,0
veemencia,3,0
feira,3,0
egide,3,0
incompativel,3,0
abrigo,3,0
rigorosa,3,0
book,3,0
mencionada,3,0
soubhia,3,0
sabidamente,3,0
observacao,3,0
segura,3,0
enxame,3,0
habitual,3,0
ocorra,3,0
respectivamente,3,0
agencia,3,0
gravacao,3,0
guardadas,3,0
analisando,3,0
visibilidade,3,0
esforcos,3,0
intermedio,3,0
constantes,3,0
disponibilizacao,3,0
criminis,3,0
eminentes,3,0
passagens,3,0
documentacao,3,0
camping,3,0
belo,3,0
minoria,3,0
julgadores,3,0
estas,3,0
simbolico,3,0
oper,3,0
revisor,3,0
arremessadas,3,0
existentes,3,0
gestao,3,0
apice,3,0
setecentos,3,0
dose,3,0
zero,3,0
padrao,3,0
quatrocentos,3,0
orgs,3,0
lancar,3,0
html,3,0
imputada,3,0
examinando,3,0
rompendo,3,0
chamamentos,3,0
inferencia,3,0
garrafinha,3,0
vendedores,3,0
atacando,3,0
resto,3,0
elegado,3,0
topico,3,0
ingressar,3,0
configurado,3,0
auxiliando,3,0
emily,3,0
inaudita,3,0
mudar,3,0
paralelo,3,0
endereco,3,0
consistir,3,0
elencadas,3,0
trazem,3,0
nogueira,3,0
coincide,3,0
volitivo,3,0
matheus,3,0
sistemas,3,0
governados,3,0
catarse,3,0
totalmente,3,0
procurado,3,0
caos,3,0
compunham,3,0
inexistentes,3,0
alma,3,0
esporte,3,0
gerado,3,0
danificou,3,0
temporal,3,0
baixo,3,0
incompetente,3,0
discussoes,3,0
gabriela,3,0
intimidatoria,3,0
opondo,3,0
precisam,3,0
materializados,3,0
celulares,3,0
concretizar,3,0
apontadas,3,0
ll,3,0
eficaz,3,0
dimensoes,3,0
miranda,3,0
ineficaz,3,0
completo,3,0
gestos,3,0
impossivel,3,0
usar,3,0
levaram,3,0
gerar,3,0
apurou,3,0
agalhaes,3,0
consideracoes,3,0
entendimentos,3,0
planejamento,3,0
deslinde,3,0
consuncao,3,0
erguidas,3,0
vestindo,3,0
judiciais,3,0
nelas,3,0
trafego,3,0
abalar,3,0
subsistente,3,0
montante,3,0
canivete,3,0
reunido,3,0
infrator,3,0
arques,3,0
aparentando,3,0
acrescidos,3,0
tenues,3,0
modelo,3,0
puderam,3,0
conclamacao,3,0
amarelado,3,0
dotado,3,0
resultou,3,0
mudam,3,0
bolinhas,3,0
contrarios,3,0
prospera,3,0
remota,3,0
constatar,3,0
abstratos,3,0
apresentei,3,0
pretexto,3,0
perito,3,0
apertada,3,0
constituidas,3,0
assinalou,3,0
olhos,3,0
inspirar,3,0
exigia,3,0
retira,3,0
morrer,3,0
observou,3,0
passivel,3,0
criticamente,3,0
somos,3,0
sei,3,0
aplicar,3,0
corporalis,3,0
prejudicar,3,0
esquerda,3,0
operado,3,0
on,3,0
colera,3,0
caixa,3,0
debaixo,3,0
acompanhado,3,0
multidoes,3,0
coelho,3,0
acredita,3,0
acompanhar,3,0
centrais,3,0
crescer,3,0
destinados,3,0
cem,3,0
sistematica,3,0
parecer,3,0
mora,3,0
condenado,3,0
aecio,3,0
confirmam,3,0
avaliacao,3,0
livres,3,0
encontrem,3,0
perenidade,3,0
multitudinaria,3,0
tornaram,3,0
envoltas,3,0
preparatoria,3,0
descoordenado,3,0
usado,3,0
nossos,3,0
butano,3,0
potencialidade,3,0
homem,3,0
cingiu,3,0
compleicao,3,0
origens,3,0
odor,3,0
arregimentado,3,0
unes,3,0
verbis,3,0
tratam,3,0
prensadas,3,0
sintoma,3,0
criou,3,0
constrangimento,3,0
citacoes,3,0
destituir,3,0
testemunhal,3,0
agricultores,3,0
crueldade,3,0
concerto,3,0
encaminhou,3,0
provisoria,3,0
dao,3,0
ressaltar,3,0
contundentes,3,0
recesso,3,0
reforma,3,0
almas,3,0
simbolicas,3,0
isbn,3,0
pudessem,3,0
psicologica,3,0
silvana,3,0
le,3,0
instituir,3,0
interlocutores,3,0
estruturacao,3,0
autorizar,3,0
gases,3,0
registra,3,0
advento,3,0
compreender,3,0
montado,3,0
alcancados,3,0
gasolina,3,0
homogeneidade,3,0
demonstrando,3,0
refutar,3,0
guarneciam,3,0
debrucando,3,0
garantidor,3,0
aderir,3,0
sustentados,3,0
elo,3,0
governantes,3,0
localizacao,3,0
incontroverso,3,0
acessorios,3,0
plena,3,0
ressaltando,3,0
reitero,3,0
capitolio,3,0
prescinde,3,0
ciente,3,0
inidoneo,3,0
ganha,3,0
anuncios,3,0
lancado,3,0
inibitoria,3,0
anulando,3,0
pediam,3,0
distancia,3,0
trago,3,0
quebradas,3,0
ordinariamente,3,0
ontem,3,0
supra,3,0
tse,3,0
alegando,3,0
jurua,3,0
denise,3,0
envergadura,3,0
chamadas,3,0
transcrito,3,0
abordados,3,0
liderancas,3,0
eleicao,3,0
narraram,3,0
deixam,3,0
aquilo,3,0
ficaram,3,0
esperanca,3,0
preceito,3,0
aberto,3,0
executivos,3,0
revista,3,0
abusiva,3,0
animo,3,0
pequeno,3,0
resultados,3,0
fui,3,0
criados,3,0
limita,3,0
encontrado,3,0
cheios,3,0
molotov,3,0
reprovabilidade,3,0
manifesto,3,0
jan,3,0
efetuado,3,0
agronegocio,3,0
depos,3,0
andrade,3,0
elias,3,0
buenos,3,0
vencer,3,0
intensa,3,0
outrem,3,0
hassemer,3,0
teixeira,3,0
difuso,3,0
apontando,3,0
stainless,3,0
causal,3,0
sairam,3,0
heterogeneo,3,0
relatos,3,0
ilegal,3,0
delegado,3,0
efetivada,3,0
rurais,3,0
frascos,3,0
instagram,3,0
vinda,3,0
internacionais,3,0
pesca,3,0
subindo,3,0
some,3,0
articulada,3,0
designio,3,0
amolde,3,0
organizados,3,0
edocs,3,0
vies,3,0
destruiram,3,0
ilicitas,3,0
uniu,3,0
passivo,3,0
coord,3,0
internet,3,0
argumenta,3,0
reconstrucao,3,0
versa,3,0
arremessava,3,0
seiscentos,3,0
semana,3,0
veneno,3,0
formulados,3,0
barreira,3,0
contextos,3,0
erika,3,0
ipj,3,0
metralhar,3,0
u,3,0
redacao,3,0
aires,3,0
idade,3,0
detalhar,3,0
quebrados,3,0
reveladoras,3,0
alusao,3,0
naturalmente,3,0
indevida,3,0
abrir,3,0
preparados,3,0
deverao,3,0
restringido,3,0
portando,3,0
conseguido,3,0
acho,3,0
areas,3,0
esportiva,3,0
logico,3,0
viatura,3,0
circunstanciais,3,0
iniciada,3,0
submetido,3,0
fisico,3,0
contou,3,0
desencadear,3,0
falas,3,0
traz,3,0
deploravel,3,0
incerto,3,0
subclasses,3,0
ad,3,0
secretario,3,0
bainha,3,0
publicamente,3,0
patriota,3,0
acha,3,0
procurando,3,0
contribuir,3,0
facial,3,0
passa,3,0
transportado,3,0
sparta,3,0
financeiro,3,0
comparecimento,3,0
exercem,3,0
realizando,3,0
mantivessem,3,0
direcionadas,3,0
recurso,3,0
cultural,3,0
perseguido,3,0
feridos,3,0
ocupar,3,0
pm,3,0
conhecidas,3,0
dependem,3,0
oposicao,3,0
retaguarda,3,0
evolucao,3,0
som,3,0
comunhao,3,0
esfuma,3,0
prestadores,3,0
visivel,3,0
subterraneo,3,0
exploradas,3,0
vis,3,0
silveira,3,0
macarico,3,0
associados,3,0
estabelecida,3,0
autonomos,3,0
trazido,3,0
comentarios,3,0
frisar,3,0
pro,3,0
maniqueisticamente,3,0
coligidos,3,0
cheio,3,0
inventario,3,0
ca,3,0
precisamente,3,0
consignar,3,0
donas,3,0
iria,3,0
retroalimentando,3,0
acrescenta,3,0
sou,3,0
propaganda,3,0
gritos,3,0
persecutorio,3,0
formar,3,0
montada,3,0
exaltados,3,0
ajudando,3,0
definitiva,3,0
pertinente,3,0
vive,3,0
populista,3,0
maier,3,0
dignatarios,3,0
ditec,3,0
intenso,3,0
trezentos,3,0
danoso,3,0
sr,3,0
mandados,3,0
encaminhados,3,0
arquivos,3,0
contar,3,0
inocua,3,0
abertas,3,0
eleitorais,3,0
plenamente,3,0
vieira,3,0
analogia,3,0
adrede,2,0
procedencia,2,0
alcancou,2,0
intelectual,2,0
gesnando,2,0
sspdf,2,0
surgem,2,0
barreto,2,0
dialogico,2,0
advocacia,2,0
basileu,2,0
ristiano,2,0
culpados,2,0
condenou,2,0
inimigos,2,0
codenunciados,2,0
filosofia,2,0
ponderou,2,0
tecido,2,0
governos,2,0
encadeamento,2,0
societas,2,0
baderna,2,0
judicioso,2,0
concluida,2,0
relembro,2,0
nascer,2,0
transmissao,2,0
considerados,2,0
granadas,2,0
instigando,2,0
caminhar,2,0
armamento,2,0
compass,2,0
reconhece,2,0
hospedava,2,0
contagio,2,0
perceber,2,0
idealizado,2,0
resvalam,2,0
transparentes,2,0
jacinto,2,0
aculando,2,0
estivesse,2,0
turbando,2,0
jupira,2,0
recompor,2,0
viver,2,0
populares,2,0
concursus,2,0
ressaltei,2,0
induzindo,2,0
atendiam,2,0
distritais,2,0
amotinada,2,0
dilema,2,0
parecia,2,0
miguel,2,0
jaez,2,0
reputacao,2,0
planejados,2,0
irrelevante,2,0
fiscal,2,0
individualizadamente,2,0
reiterado,2,0
calculados,2,0
basicamente,2,0
coleta,2,0
variacao,2,0
pal,2,0
razoabilidade,2,0
proprietario,2,0
direcionamento,2,0
embargos,2,0
corrigido,2,0
subsidiar,2,0
vencedor,2,0
belicoso,2,0
minimizar,2,0
radicais,2,0
aplicavel,2,0
anexados,2,0
escrita,2,0
fabricio,2,0
oo,2,0
resta,2,0
referir,2,0
cancer,2,0
feres,2,0
primordialmente,2,0
aclaratorios,2,0
indiciarios,2,0
pacificas,2,0
restringem,2,0
convivencia,2,0
sacrificio,2,0
posteriores,2,0
recordo,2,0
atenuantes,2,0
podiam,2,0
adultos,2,0
irracional,2,0
sincronizado,2,0
indenizatorio,2,0
mangueiras,2,0
captar,2,0
especificidades,2,0
balaclavas,2,0
insercao,2,0
contraria,2,0
perpetua,2,0
jeans,2,0
individualidade,2,0
insira,2,0
concorrencia,2,0
pondera,2,0
temporais,2,0
repeticoes,2,0
erguido,2,0
protegerem,2,0
atendem,2,0
ovo,2,0
narre,2,0
executada,2,0
punidos,2,0
verifiquei,2,0
corre,2,0
tpa,2,0
roupa,2,0
emergencia,2,0
operada,2,0
dominar,2,0
cupulas,2,0
recomposicao,2,0
frustrada,2,0
cantando,2,0
tapecaria,2,0
paroxisticos,2,0
tiranico,2,0
negativo,2,0
pretel,2,0
oficie,2,0
deriva,2,0
dialogar,2,0
destacados,2,0
sufocar,2,0
desenhava,2,0
irracionalidade,2,0
importando,2,0
fortalecidas,2,0
estara,2,0
incitacoes,2,0
atuavam,2,0
avancado,2,0
catedral,2,0
sabado,2,0
bolsonaristas,2,0
ff,2,0
galerias,2,0
cadastrados,2,0
peso,2,0
patrimonios,2,0
existiu,2,0
desobediencia,2,0
concentrada,2,0
esposa,2,0
insuflavam,2,0
negativos,2,0
considere,2,0
guardem,2,0
coaduna,2,0
totens,2,0
ameacando,2,0
inspecao,2,0
arthur,2,0
inocorrencia,2,0
consignando,2,0
desmentida,2,0
aprofundada,2,0
adveio,2,0
delimitacao,2,0
diferenciam,2,0
negativamente,2,0
renovada,2,0
espanha,2,0
inquietude,2,0
acreditam,2,0
rigoroso,2,0
confirmado,2,0
esclarecimento,2,0
lves,2,0
reforcar,2,0
quimicas,2,0
boletim,2,0
vincular,2,0
coligido,2,0
incompleto,2,0
assevera,2,0
trajeto,2,0
anunciado,2,0
alimentacao,2,0
colecionadores,2,0
sentimentos,2,0
tomam,2,0
encerravam,2,0
jeep,2,0
retomados,2,0
requisitados,2,0
comunicante,2,0
ministeriais,2,0
dispostos,2,0
garantismo,2,0
irrompeu,2,0
adimplido,2,0
lembro,2,0
ecletico,2,0
far,2,0
ofertada,2,0
observando,2,0
menciona,2,0
adiro,2,0
gravosa,2,0
atribui,2,0
envolverem,2,0
vossa,2,0
utilizar,2,0
ajuda,2,0
joseph,2,0
alternativa,2,0
degradado,2,0
geraldo,2,0
dirigiu,2,0
maus,2,0
marcados,2,0
cerrar,2,0
descartaveis,2,0
homogenea,2,0
acessar,2,0
cornetas,2,0
solucoes,2,0
efetivos,2,0
harmonica,2,0
sindicalismo,2,0
falam,2,0
positiva,2,0
permaneciam,2,0
plantao,2,0
emblematica,2,0
convocados,2,0
associar,2,0
imunes,2,0
audiencia,2,0
agravantes,2,0
explosivo,2,0
conjuntura,2,0
basico,2,0
aparenta,2,0
autentico,2,0
escalao,2,0
malatesta,2,0
insitas,2,0
opiniao,2,0
percebido,2,0
dirigindo,2,0
cotidiano,2,0
exames,2,0
respeitosamente,2,0
depredatorias,2,0
descoordenados,2,0
conversei,2,0
provocados,2,0
buscar,2,0
garantiu,2,0
cognitiva,2,0
sucessivamente,2,0
atentos,2,0
crise,2,0
errado,2,0
caes,2,0
estarrecedora,2,0
aparentes,2,0
combater,2,0
milenar,2,0
incursoes,2,0
causais,2,0
autuacao,2,0
discursos,2,0
dorival,2,0
chaves,2,0
interrogatorios,2,0
compromissos,2,0
confundindo,2,0
multitudinarias,2,0
estimativa,2,0
posiciona,2,0
uiz,2,0
meneurs,2,0
exata,2,0
radios,2,0
aldir,2,0
referencias,2,0
multiplas,2,0
aniquilada,2,0
cogitando,2,0
tipificadas,2,0
incriminador,2,0
cria,2,0
trazidas,2,0
psiquismo,2,0
oportunidades,2,0
aglomeracao,2,0
destacado,2,0
reportagem,2,0
animais,2,0
pormenorizar,2,0
nocao,2,0
informando,2,0
abrigar,2,0
obvia,2,0
repetindo,2,0
cenas,2,0
irrompido,2,0
anota,2,0
homologado,2,0
ponderado,2,0
monocraticas,2,0
sobejamente,2,0
cacs,2,0
delineado,2,0
arremessando,2,0
agasalha,2,0
esther,2,0
militancia,2,0
avistou,2,0
virar,2,0
alemanha,2,0
clima,2,0
inflamadas,2,0
repudiando,2,0
raciocinio,2,0
equipados,2,0
aprende,2,0
colocado,2,0
recontagem,2,0
odiosas,2,0
castrense,2,0
apt,2,0
nulificante,2,0
esteril,2,0
transgressor,2,0
exercidas,2,0
indicada,2,0
emissarios,2,0
enunciacao,2,0
resoluvel,2,0
afora,2,0
aparencia,2,0
ndre,2,0
trazia,2,0
biombos,2,0
liberacao,2,0
escutou,2,0
hidratacao,2,0
suportados,2,0
desigualdades,2,0
impugnada,2,0
entram,2,0
dosar,2,0
afigura,2,0
limites,2,0
componente,2,0
matematicos,2,0
sucesso,2,0
restaram,2,0
alinhou,2,0
fixara,2,0
alaor,2,0
goebbels,2,0
vandalizava,2,0
rixa,2,0
somadas,2,0
alicerce,2,0
espontanea,2,0
gdg,2,0
convergia,2,0
mpmg,2,0
turbacao,2,0
juiza,2,0
cacadores,2,0
acampado,2,0
enviassem,2,0
margem,2,0
vicios,2,0
sofreu,2,0
cognitivo,2,0
acuidade,2,0
escolio,2,0
subiu,2,0
vigilancia,2,0
framarino,2,0
unesco,2,0
reprimendas,2,0
disponibilizados,2,0
derivaram,2,0
adequados,2,0
eva,2,0
exacerbado,2,0
provedores,2,0
perseguidas,2,0
intimadas,2,0
absolve,2,0
haveriam,2,0
achados,2,0
esclarecimentos,2,0
processamentos,2,0
apagar,2,0
persona,2,0
reiteradas,2,0
garrafas,2,0
prender,2,0
campos,2,0
defende,2,0
exaltacao,2,0
gritaria,2,0
vulgar,2,0
primeiramente,2,0
hierarquia,2,0
votei,2,0
incorreu,2,0
concorram,2,0
deduzidas,2,0
respondam,2,0
inserem,2,0
humana,2,0
paolo,2,0
direita,2,0
continuacao,2,0
solo,2,0
hostilizado,2,0
noticiou,2,0
grafico,2,0
trifasico,2,0
sitiar,2,0
tapete,2,0
revogadas,2,0
deflagrados,2,0
desfavoraveis,2,0
ocorresse,2,0
assassina,2,0
bandeirao,2,0
englobada,2,0
imbuidas,2,0
equipes,2,0
flerta,2,0
irresignacao,2,0
lacradas,2,0
repetidas,2,0
fretado,2,0
veiculado,2,0
apartamento,2,0
ratificacao,2,0
queimar,2,0
impactos,2,0
exagero,2,0
interrogando,2,0
note,2,0
doutrinador,2,0
sabiam,2,0
evita,2,0
inquirido,2,0
bpchoque,2,0
podres,2,0
representaram,2,0
frustracao,2,0
racional,2,0
amotinados,2,0
etico,2,0
crescimento,2,0
baseia,2,0
tornarem,2,0
cita,2,0
antecipadamente,2,0
invertido,2,0
embargo,2,0
antidemocratita,2,0
assinalado,2,0
invadia,2,0
procura,2,0
induzimento,2,0
formulado,2,0
torres,2,0
neutros,2,0
influenciado,2,0
grilo,2,0
manga,2,0
homenagem,2,0
comunicar,2,0
cinq,2,0
focos,2,0
indevidas,2,0
inspiram,2,0
tentativas,2,0
diminuicao,2,0
achavam,2,0
ressarcimento,2,0
verbos,2,0
defensivas,2,0
afirmacao,2,0
desinvidualizacao,2,0
comparada,2,0
lavrado,2,0
superficial,2,0
reiteracao,2,0
psicologia,2,0
julgando,2,0
salientando,2,0
planalto,2,0
depoentes,2,0
oferecem,2,0
luigi,2,0
ponderacoes,2,0
sopesadas,2,0
imprescindiveis,2,0
prosseguiu,2,0
rompida,2,0
sofrendo,2,0
imensuraveis,2,0
complexa,2,0
obtido,2,0
horizonte,2,0
canivetes,2,0
conclui,2,0
alternativos,2,0
hostil,2,0
indiciariamente,2,0
assinar,2,0
correspondentes,2,0
ateado,2,0
desprovimento,2,0
incerta,2,0
impeto,2,0
pochete,2,0
rapida,2,0
destaca,2,0
firmadas,2,0
criteriosa,2,0
torto,2,0
minucias,2,0
economico,2,0
adagio,2,0
telescopicos,2,0
ezequiel,2,0
instaurada,2,0
questiona,2,0
revogando,2,0
aproximacao,2,0
versando,2,0
convalidacao,2,0
remetam,2,0
ocasionaram,2,0
consegui,2,0
enfatizou,2,0
substituidas,2,0
gravosos,2,0
presenciou,2,0
refletem,2,0
granja,2,0
flexibiliza,2,0
formularios,2,0
ultrapassam,2,0
hormazabal,2,0
precisaria,2,0
mutualmente,2,0
atdger,2,0
paiol,2,0
pecuniaria,2,0
agressivo,2,0
buscava,2,0
aplico,2,0
w,2,0
concordar,2,0
incidem,2,0
analiso,2,0
ig,2,0
feriado,2,0
sentidos,2,0
lider,2,0
fatima,2,0
fugir,2,0
vislumbrar,2,0
giants,2,0
dimensao,2,0
levantando,2,0
declaradamente,2,0
aria,2,0
fiscais,2,0
culminar,2,0
verificadas,2,0
duzentos,2,0
trovao,2,0
aulo,2,0
conceicao,2,0
previsivel,2,0
transferencias,2,0
seremos,2,0
walter,2,0
sampaio,2,0
compartilhada,2,0
vicente,2,0
mt,2,0
gabriel,2,0
venezuela,2,0
questionamento,2,0
abuso,2,0
examino,2,0
rs,2,0
estipuladas,2,0
registrados,2,0
serviram,2,0
pautas,2,0
indefinido,2,0
reciproco,2,0
amor,2,0
edicoes,2,0
messias,2,0
reconheciam,2,0
ativismo,2,0
mote,2,0
reflete,2,0
compreendida,2,0
aliou,2,0
limitam,2,0
correspondencias,2,0
condena,2,0
incriminadores,2,0
contratos,2,0
lacerda,2,0
cessado,2,0
desmobilizacao,2,0
derivados,2,0
solidaria,2,0
notar,2,0
malferimento,2,0
exaure,2,0
extensas,2,0
aplicada,2,0
conjectura,2,0
reconheco,2,0
puniveis,2,0
sobrar,2,0
lanche,2,0
primavera,2,0
vigor,2,0
aparecida,2,0
funcionava,2,0
servidora,2,0
canto,2,0
aquem,2,0
raul,2,0
causacao,2,0
fornecidos,2,0
edeiros,2,0
reciproca,2,0
bustos,2,0
indivisivel,2,0
questionou,2,0
notas,2,0
savio,2,0
lins,2,0
empresarios,2,0
representacoes,2,0
cerceamento,2,0
ideologica,2,0
indicados,2,0
inter,2,0
ta,2,0
sanitarias,2,0
legitimas,2,0
rodovia,2,0
transferiu,2,0
incursao,2,0
convertida,2,0
prioridade,2,0
oi,2,0
penitenciario,2,0
tombamento,2,0
apreendidas,2,0
tomamos,2,0
decidido,2,0
colocando,2,0
lembrar,2,0
parametro,2,0
extranei,2,0
ponderando,2,0
inspiradores,2,0
apelo,2,0
contamina,2,0
sabedoria,2,0
gudes,2,0
empresario,2,0
balizas,2,0
revistado,2,0
verossimilhanca,2,0
bookseller,2,0
vans,2,0
sopi,2,0
winfried,2,0
obtida,2,0
ligando,2,0
moldes,2,0
persecutorias,2,0
latino,2,0
carmo,2,0
barracas,2,0
bala,2,0
queiroz,2,0
verificaram,2,0
proferiam,2,0
replicado,2,0
ausentar,2,0
identico,2,0
firmado,2,0
gravissimos,2,0
pires,2,0
justificou,2,0
apurado,2,0
indo,2,0
incriminado,2,0
go,2,0
fragilidade,2,0
formada,2,0
ferocidade,2,0
comer,2,0
exemplificativo,2,0
enviada,2,0
kelly,2,0
financeiramente,2,0
socio,2,0
injusta,2,0
quase,2,0
antos,2,0
estrada,2,0
viabilizando,2,0
ouvida,2,0
vilela,2,0
administrador,2,0
manifestando,2,0
aut,2,0
aplicativo,2,0
beatriz,2,0
dotados,2,0
confessou,2,0
dominado,2,0
pol,2,0
arrancada,2,0
ut,2,0
ol,2,0
perimetro,2,0
parque,2,0
amanha,2,0
braz,2,0
defenderem,2,0
necessitando,2,0
interpretar,2,0
divulgada,2,0
totalizado,2,0
uniram,2,0
dosimetria,2,0
precluiu,2,0
ligadas,2,0
tcu,2,0
dominus,2,0
tematica,2,0
proferindo,2,0
inicia,2,0
equiparada,2,0
incita,2,0
compartilhou,2,0
recrutamento,2,0
excelso,2,0
convocatorio,2,0
capitanio,2,0
litis,2,0
capistrano,2,0
indiquem,2,0
pertenceriam,2,0
reiterados,2,0
luciano,2,0
julia,2,0
zulene,2,0
bavini,2,0
autuados,2,0
ferras,2,0
sabido,2,0
impresso,2,0
forte,2,0
cristalina,2,0
pretorio,2,0
seguiram,2,0
postulando,2,0
munidos,2,0
precisar,2,0
aparelhos,2,0
aporte,2,0
anotacoes,2,0
oferecido,2,0
camisa,2,0
izabel,2,0
xenofobia,2,0
realizaram,2,0
transparencia,2,0
tornado,2,0
malan,2,0
vislumbrando,2,0
vender,2,0
divulgou,2,0
jordy,2,0
lutar,2,0
surgirem,2,0
tt,2,0
eder,2,0
bahia,2,0
cozinha,2,0
fazenda,2,0
etnia,2,0
informatizado,2,0
maia,2,0
bnds,2,0
resumidos,2,0
incitar,2,0
bloquear,2,0
agenda,2,0
linda,2,0
viviane,2,0
incorre,2,0
filmagem,2,0
reacao,2,0
negocios,2,0
irao,2,0
amauri,2,0
conclusivo,2,0
duracao,2,0
fonseca,2,0
prevenir,2,0
apreciada,2,0
primordial,2,0
inviabiliza,2,0
duarte,2,0
raquel,2,0
ederson,2,0
alfredo,2,0
concretize,2,0
novecentos,2,0
juntas,2,0
parecido,2,0
reducao,2,0
elly,2,0
reiteram,2,0
peticionar,2,0
cotejo,2,0
transcrever,2,0
malaree,2,0
aduziu,2,0
bancarios,2,0
paiva,2,0
reunioes,2,0
flavia,2,0
complexo,2,0
investigarem,2,0
xvi,2,0
externado,2,0
quiserem,2,0
afinal,2,0
botelho,2,0
preocupacao,2,0
ibeiro,2,0
feitosa,2,0
estabeleca,2,0
cumprida,2,0
mulher,2,0
croudfunding,2,0
sleeping,2,0
coloca,2,0
preconceito,2,0
quantificacao,2,0
fenomenos,2,0
votou,2,0
podemos,2,0
ah,2,0
elastica,2,0
fosforos,2,0
ze,2,0
raca,2,0
arrecadar,2,0
tereza,2,0
narram,2,0
unir,2,0
dper,2,0
gravado,2,0
dirce,2,0
consulta,2,0
proibido,2,0
contornaram,2,0
bons,2,0
chegavam,2,0
aaii,2,0
lyvio,2,0
utilizou,2,0
qgex,2,0
totalizo,2,0
mobilizasse,2,0
azevedo,2,0
opinio,2,0
rigidos,2,0
desfavoravel,2,0
gerson,2,0
soares,2,0
interrogado,2,0
declarados,2,0
riqueza,2,0
angelo,2,0
rosario,2,0
manobra,2,0
mencionando,2,0
cursos,2,0
delicti,2,0
comprovados,2,0
interessante,2,0
alterem,2,0
designei,2,0
discriminacao,2,0
consolidacao,2,0
patricia,2,0
coqueteis,2,0
permitam,2,0
inexistindo,2,0
niemeyer,2,0
incitado,2,0
espontaneamente,2,0
desencadeando,2,0
matos,2,0
montaram,2,0
vendo,2,0
custas,2,0
vultuosos,2,0
aeroporto,2,0
ficado,2,0
reporta,2,0
explicou,2,0
gravosas,2,0
gracas,2,0
depredados,2,0
instruido,2,0
falha,2,0
cara,2,0
dizendo,2,0
peritos,2,0
peremptoriamente,2,0
lesionados,2,0
agem,2,0
destas,2,0
rotam,2,0
esbarra,2,0
diretoria,2,0
vinagre,2,0
mm,2,0
reclamando,2,0
censurabilidade,2,0
mal,2,0
somados,2,0
narrada,2,0
queriam,2,0
decisionismo,2,0
armazenado,2,0
cifras,2,0
encadeadas,2,0
arrastados,2,0
operacionalizacao,2,0
rumo,2,0
consideraveis,2,0
falso,2,0
acolho,2,0
sabendo,2,0
expeca,2,0
escura,2,0
sceleris,2,0
palacios,2,0
disparo,2,0
transcrita,2,0
fechando,2,0
retiradas,2,0
corrigida,2,0
destarte,2,0
pondo,2,0
djalma,2,0
perpetracao,2,0
indevidamente,2,0
solucao,2,0
despersonalizacao,2,0
indenizar,2,0
pedagogico,2,0
rapj,2,0
atualmente,2,0
apanhado,2,0
imputavel,2,0
identica,2,0
calcado,2,0
executoria,2,0
sacolas,2,0
andou,2,0
alianca,2,0
vejam,2,0
orquestrada,2,0
difusos,2,0
acarretaria,2,0
compartilhados,2,0
reo,2,0
campinas,2,0
quimicos,2,0
sugerir,2,0
tramontina,2,0
bradassem,2,0
desbordou,2,0
esquizofrenia,2,0
rodoviaria,2,0
publicados,2,0
orquestracao,2,0
dedica,2,0
recaia,2,0
ocasionado,2,0
idealizadores,2,0
patria,2,0
temperamentos,2,0
feriados,2,0
ofensas,2,0
mortais,2,0
confiam,2,0
segmento,2,0
arbitro,2,0
arendt,2,0
recuou,2,0
garantido,2,0
jatos,2,0
efetivacao,2,0
diziam,2,0
edificacoes,2,0
imprecisamente,2,0
deseja,2,0
esgotar,2,0
tarefa,2,0
filhos,2,0
quatorze,2,0
transitoria,2,0
saido,2,0
encerra,2,0
desejavel,2,0
pesam,2,0
precisaram,2,0
recuar,2,0
atiradeiras,2,0
joaquim,2,0
advindos,2,0
testemunho,2,0
prossegue,2,0
intimidacoes,2,0
apresentava,2,0
certidoes,2,0
agricola,2,0
humanas,2,0
obvio,2,0
defensoria,2,0
afastadas,2,0
multifaria,2,0
induziam,2,0
inquinado,2,0
tranquila,2,0
unia,2,0
desconhecimento,2,0
esferas,2,0
feicao,2,0
correia,2,0
divulgaram,2,0
tracos,2,0
denotavam,2,0
plastico,2,0
constando,2,0
barulho,2,0
ajude,2,0
avessos,2,0
indiscriminadamente,2,0
sentir,2,0
higiene,2,0
frase,2,0
vergonha,2,0
unissono,2,0
paralelamente,2,0
perguntado,2,0
desprezo,2,0
acompanhada,2,0
forcar,2,0
necessidades,2,0
faltado,2,0
colocados,2,0
enquadra,2,0
adentrou,2,0
rights,2,0
pilares,2,0
bastaria,2,0
descortinada,2,0
text,2,0
constata,2,0
avaliada,2,0
acostado,2,0
economica,2,0
totalizaram,2,0
limite,2,0
atinge,2,0
encerrou,2,0
ultrapassa,2,0
pugnou,2,0
escreveu,2,0
ingresso,2,0
inegavelmente,2,0
resistiram,2,0
hotel,2,0
disciplina,2,0
falei,2,0
intervenha,2,0
jaburu,2,0
desbordaram,2,0
papeis,2,0
poucas,2,0
apreciado,2,0
invocacao,2,0
ultimosegundo,2,0
detalhando,2,0
condeno,2,0
categoria,2,0
repisar,2,0
enfrentar,2,0
toca,2,0
delinquencial,2,0
conquistada,2,0
gabinetes,2,0
desdobramento,2,0
valoradas,2,0
emulacoes,2,0
repetiu,2,0
incendiado,2,0
cidadania,2,0
letargia,2,0
especificar,2,0
veiculadas,2,0
criminalizam,2,0
absorcao,2,0
reunidos,2,0
esconde,2,0
cabimento,2,0
adota,2,0
papuda,2,0
assentar,2,0
submete,2,0
acrescimo,2,0
minudente,2,0
exerceu,2,0
barricada,2,0
sepael,2,0
pertenciam,2,0
difusao,2,0
envolver,2,0
ofensivo,2,0
faculdade,2,0
perda,2,0
existindo,2,0
di,2,0
intimidador,2,0
descontentamento,2,0
atiradores,2,0
arredores,2,0
exonerado,2,0
entoados,2,0
organizadas,2,0
indicativos,2,0
matematica,2,0
agredindo,2,0
pesado,2,0
adversas,2,0
certas,2,0
sm,2,0
informamos,2,0
cartoes,2,0
pretendia,2,0
possibilitando,2,0
aventadas,2,0
fixar,2,0
irromperam,2,0
condenava,2,0
aceitabilidade,2,0
acentuada,2,0
territorios,2,0
assinala,2,0
mostrado,2,0
exaltado,2,0
federativa,2,0
iniciativas,2,0
moacir,2,0
patamar,2,0
prevalece,2,0
executaram,2,0
anexo,2,0
atenuada,2,0
peluso,2,0
alerta,2,0
pertencentes,2,0
viabilizou,2,0
correspondem,2,0
agia,2,0
progresso,2,0
supostas,2,0
quebrado,2,0
jesus,2,0
observada,2,0
implique,2,0
percentual,2,0
agregado,2,0
inquiridos,2,0
anexos,2,0
judicante,2,0
disruptivos,2,0
rondonia,2,0
custo,2,0
comparativamente,2,0
sugestionabilidade,2,0
corroborados,2,0
embebido,2,0
capacete,2,0
estacionados,2,0
iter,2,0
estimada,2,0
conseguimos,2,0
ddff,2,0
esforco,2,0
analisou,2,0
adiantei,2,0
afastaram,2,0
dolosa,2,0
cominada,2,0
epigrafe,2,0
vetores,2,0
estenderam,2,0
denotam,2,0
particulares,2,0
completa,2,0
espacial,2,0
excesso,2,0
minudenciar,2,0
te,2,0
domestica,2,0
nikbar,2,0
favoraveis,2,0
abertura,2,0
fixando,2,0
favoravel,2,0
umidificar,2,0
alegadas,2,0
gravou,2,0
evidenciada,2,0
encaminhamento,2,0
autodefesa,2,0
emerge,2,0
rezavam,2,0
comparacao,2,0
pedir,2,0
camufladas,2,0
salvino,2,0
cumulacao,2,0
percebe,2,0
liv,2,0
confrontou,2,0
compreendo,2,0
negativas,2,0
palco,2,0
figueiredo,2,0
agrupando,2,0
acontece,2,0
gradis,2,0
banalizacao,2,0
pune,2,0
vestibular,2,0
mitigacao,2,0
desagregador,2,0
ordeira,2,0
reacoes,2,0
qualidade,2,0
observamos,2,0
produziram,2,0
animalidade,2,0
ligacao,2,0
impelidos,2,0
potenciais,2,0
inflamaveis,2,0
infames,2,0
air,2,0
provavel,2,0
leu,2,0
procuracao,2,0
fixo,2,0
pejorativas,2,0
estender,2,0
encontradas,2,0
circunscritas,2,0
pedacos,2,0
seguimento,2,0
cifra,2,0
ireito,2,0
enquadram,2,0
desorganizados,2,0
desconhecer,2,0
sinfra,2,0
surgir,2,0
progressao,2,0
tumultuaria,2,0
pimentas,2,0
conjuge,2,0
ocupada,2,0
arroso,2,0
quantitativos,2,0
normativa,2,0
externando,2,0
facto,2,0
barulhos,2,0
validade,2,0
estilingue,2,0
plasticas,2,0
troca,2,0
poderosa,2,0
restou,2,0
operou,2,0
visualizar,2,0
sepaeijdpdce,2,0
permanentes,2,0
freios,2,0
requeridas,2,0
incide,2,0
dominio,2,0
incalculavel,2,0
intervalo,2,0
pior,2,0
anotar,2,0
qualificadoras,2,0
usencia,2,0
conscientemente,2,0
ariel,2,0
conclua,2,0
justificaram,2,0
proferir,2,0
terco,2,0
rasgaram,2,0
serias,2,0
pese,2,0
vedavam,2,0
sobreaviso,2,0
corporeo,2,0
portuguesas,2,0
sustente,2,0
detida,2,0
repercutirem,2,0
uestoes,2,0
retrato,2,0
confrontando,2,0
roger,2,0
fundamentar,2,0
comparadas,2,0
geram,2,0
interventor,2,0
aniquilamento,2,0
instituidas,2,0
tentava,2,0
vulto,2,0
obsta,2,0
nelson,2,0
encadeada,2,0
placas,2,0
estruturada,2,0
possuiam,2,0
impugna,2,0
apelacao,2,0
acolhi,2,0
parentes,2,0
diuturnamente,2,0
residencia,2,0
fixado,2,0
decisorio,2,0
visava,2,0
dotti,2,0
furia,2,0
retiraram,2,0
aproveita,2,0
caracterizado,2,0
postos,2,0
ilicitude,2,0
totalitario,2,0
reta,2,0
opera,2,0
embaracar,2,0
moralidade,2,0
religiosos,2,0
impugnacao,2,0
vasta,2,0
ispositivo,2,0
fornecimento,2,0
bomba,2,0
cavalaria,2,0
posicionamentos,2,0
empreendimento,2,0
vangloriavam,2,0
impulsionado,2,0
compartilhavam,2,0
costuma,2,0
metalicas,2,0
interveniente,2,0
inseria,2,0
perdas,2,0
definitivamente,2,0
requerente,2,0
reiterou,2,0
manchando,2,0
ajuste,2,0
passados,2,0
absorve,2,0
assessoria,2,0
entendendo,2,0
penalistas,2,0
mussi,2,0
expostos,2,0
cautelosa,2,0
deturpada,2,0
soldados,2,0
indiferente,2,0
respeita,2,0
retomada,2,0
inadmissiveis,2,0
exprimiam,2,0
explosivos,2,0
rapaz,2,0
comissivamente,2,0
nucleares,2,0
insatisfeita,2,0
monitorado,2,0
retirados,2,0
desafio,2,0
delinquenciais,2,0
vedacao,2,0
dezoito,2,0
pareceram,2,0
diretrizes,2,0
prosseguisse,2,0
cabeca,2,0
live,2,0
casu,2,0
comprovado,2,0
especificos,2,0
atenuante,2,0
maxime,2,0
refinarias,2,0
precisava,2,0
posta,2,0
enfraquecer,2,0
depredavam,2,0
cronologia,2,0
intoleravel,2,0
oficiais,2,0
amarela,2,0
empossado,2,0
conteudos,2,0
aderentes,2,0
prevalencia,2,0
destituidas,2,0
balizadas,2,0
spol,2,0
informado,2,0
afoitos,2,0
perceptivel,2,0
quantitativa,2,0
deliberar,2,0
corroboram,2,0
absorvido,2,0
nocrima,2,0
parceiro,2,0
pronunciando,2,0
pontuado,2,0
energia,2,0
geometrica,2,0
ensina,2,0
harmonia,2,0
simultaneamente,2,0
sextos,2,0
banco,2,0
sufoca,2,0
avisou,2,0
instigavam,2,0
indene,2,0
captada,2,0
contribuia,2,0
callegari,2,0
difundidas,2,0
invisivel,2,0
heterogeneidade,2,0
esclarecem,2,0
coesa,2,0
recorrente,2,0
taxativamente,2,0
ecurso,2,0
sofridos,2,0
consegue,2,0
arrolou,2,0
perto,2,0
cantavam,2,0
concomitante,2,0
caracterizadoras,2,0
apreensoes,2,0
quantum,2,0
autora,2,0
tecnicos,2,0
cento,2,0
subsequentes,2,0
ajudou,2,0
concorria,2,0
sentar,2,0
cigarros,2,0
consumam,2,0
realizem,2,0
camera,2,0
acrescentaram,2,0
convocou,2,0
embarcar,2,0
trabalhava,2,0
carregam,2,0
forme,2,0
advirta,2,0
voltado,2,0
extremista,2,0
finalidades,2,0
convergirem,2,0
virtuais,2,0
longas,2,0
evidenciando,2,0
divirjo,2,0
oronha,2,0
transgressao,2,0
alcanco,2,0
fatidico,2,0
mencionei,2,0
regulada,2,0
registradas,2,0
hannah,2,0
multidisciplinar,2,0
impossibilitariam,2,0
aglomerava,2,0
constatou,2,0
particularizacao,2,0
dianteira,2,0
instantaneamente,2,0
acionada,2,0
albuquerque,2,0
sobressai,2,0
envolve,2,0
inexistente,2,0
bastoes,2,0
utilitarista,2,0
delraux,2,0
apoiadores,2,0
incapacidade,2,0
deixada,2,0
rocessual,2,0
embasamento,2,0
fine,2,0
ri,2,0
proporcional,2,0
semiaberto,2,0
incriminacao,2,0
equilibrio,2,0
contingencias,2,0
extirpado,2,0
risiveis,2,0
jurista,2,0
dubio,2,0
agruparem,2,0
recalcitrancia,2,0
agte,2,0
transforma,2,0
votar,2,0
desponta,2,0
aplicacoes,2,0
consumidor,2,0
exemplificados,2,0
irrecuperaveis,2,0
quebradeira,2,0
parou,2,0
veicula,2,0
comboio,2,0
eemm,2,0
provisoriamente,2,0
extensivamente,2,0
assegurada,2,0
possua,2,0
rasgados,2,0
vereador,2,0
excluir,2,0
irrecusavel,2,0
taxativo,2,0
desistencia,2,0
verbal,2,0
coibir,2,0
replicada,2,0
anima,2,0
dirigidas,2,0
tanque,2,0
formalismo,2,0
aglomerado,2,0
desembargadores,2,0
impugnar,2,0
denegada,2,0
estreito,2,0
difundido,2,0
usadas,2,0
interpostos,2,0
cidadao,2,0
disciplinar,2,0
pensamos,2,0
ativos,2,0
representarem,2,0
detalhamento,2,0
entrado,2,0
relatar,2,0
articuladas,2,0
etapas,2,0
pontua,2,0
irreparaveis,2,0
premeditado,2,0
delinquentium,2,0
agiu,2,0
pares,2,0
ganhar,2,0
the,2,0
arautos,2,0
processados,2,0
leste,2,0
mundial,2,0
braco,2,0
pms,2,0
lancavam,2,0
destinadas,2,0
dg,2,0
guarnicoes,2,0
__,2,0
tantos,2,0
interamericana,2,0
abriu,2,0
alegre,2,0
recorrida,2,0
discorrer,2,0
fischer,2,0
instalado,2,0
abre,2,0
urna,2,0
narrativas,2,0
provocador,2,0
brancas,2,0
tabela,2,0
ordinario,2,0
conhecem,2,0
associando,2,0
cedico,2,0
parcialidade,2,0
seres,2,0
encerrada,2,0
segmentos,2,0
constar,2,0
aprofundado,2,0
estudada,2,0
refiro,2,0
ratifico,2,0
legislar,2,0
tiranicos,2,0
inesperadamente,2,0
remanescentes,2,0
impedem,2,0
imposto,2,0
voltada,2,0
interligadas,2,0
considerem,2,0
difusa,2,0
designado,2,0
analogica,2,0
reitera,2,0
contatos,2,0
automatico,2,0
encontre,2,0
noticiado,2,0
integravam,2,0
afim,2,0
cacos,2,0
destruia,2,0
emocional,2,0
filio,2,0
fortalecem,2,0
vislumbrava,2,0
coletivo,2,0
senhoras,2,0
postula,2,0
psicologos,2,0
uis,2,0
imperio,2,0
privativa,2,0
vinculem,2,0
credulidade,2,0
enorme,2,0
pluralidade,2,0
presidiario,2,0
gravo,2,0
desenrolam,2,0
trabalha,2,0
justificadoras,2,0
afirmavam,2,0
muneris,2,0
assessores,2,0
precisou,2,0
facanhas,2,0
ipso,2,0
decorrente,2,0
fizemos,2,0
recebi,2,0
ago,2,0
civel,2,0
mineral,2,0
vandalos,2,0
defendido,2,0
unitariamente,2,0
preceitua,2,0
mpedimento,2,0
amotinamento,2,0
normativos,2,0
cappelli,2,0
claras,2,0
denegado,2,0
retiravam,2,0
helicopteros,2,0
comandou,2,0
irem,2,0
conformam,2,0
notorio,2,0
consanguinidade,2,0
organizadores,2,0
distrital,2,0
defenda,2,0
indagar,2,0
lacrimogeneo,2,0
sequenciadas,2,0
influenciou,2,0
regencia,2,0
atores,2,0
desordem,2,0
supera,2,0
desenrolou,2,0
passam,2,0
alcancavel,2,0
servido,2,0
dispensar,2,0
procedeu,2,0
exegese,2,0
ficavam,2,0
pontaletes,2,0
alvorada,2,0
vestiam,2,0
entregues,2,0
anuncia,2,0
selecionadas,2,0
autorizadores,2,0
coro,2,0
ideologia,2,0
indicavam,2,0
coquetel,2,0
impossibilitam,2,0
aguardavam,2,0
repeticao,2,0
aumento,2,0
estrategicamente,2,0
descabida,2,0
comprometeriam,2,0
voltadas,2,0
paixao,2,0
assunto,2,0
circunstancial,2,0
desempenhado,2,0
intervindo,2,0
caberia,2,0
machados,2,0
incontroversa,2,0
ferraz,2,0
cristais,2,0
loco,2,0
brecar,2,0
pedi,2,0
governamentais,2,0
afinidade,2,0
conheceu,2,0
definidas,2,0
gte,2,0
protetivo,2,0
tomo,2,0
estabeleco,2,0
contundente,2,0
extensiva,2,0
lancados,2,0
comunicou,2,0
chuva,2,0
quantia,2,0
ix,2,0
descaminho,2,0
executorios,2,0
despropositadas,2,0
desconsiderado,2,0
testemunhais,2,0
expressos,2,0
implicando,2,0
instantaneos,2,0
neguei,2,0
infirmar,2,0
dificuldades,2,0
heterogeneos,2,0
contraposicao,2,0
indice,2,0
ratificam,2,0
atendessem,2,0
lavagem,2,0
impropriamente,2,0
vindo,2,0
destruicoes,2,0
utilizam,2,0
representativas,2,0
falhar,2,0
tendas,2,0
subversao,2,0
dizem,2,0
edicao,2,0
deferiam,2,0
induvidoso,2,0
ulterior,2,0
tjdft,2,0
analises,2,0
nuances,2,0
fases,2,0
permitido,2,0
danificado,2,0
cavalcanti,2,0
casuistica,2,0
marcada,2,0
ribunal,2,0
acabaram,2,0
persuadidos,2,0
reflexos,2,0
oficiasse,2,0
restei,2,0
relembram,2,0
autocraticos,2,0
evisor,2,0
edj,2,0
clamor,2,0
advindo,2,0
primitiva,2,0
rguicao,2,0
promovessem,2,0
criado,2,0
coletadas,2,0
dantas,2,0
antecipado,2,0
compartilhamentos,2,0
dificuldade,2,0
reclamo,2,0
invariavelmente,2,0
porto,2,0
trigesimo,2,0
prejudiciais,2,0
apreciados,2,0
consignaram,2,0
respondem,2,0
confiram,2,0
comumente,2,0
rezando,2,0
porretes,2,0
resolver,2,0
ruina,2,0
mantenho,2,0
facas,2,0
realizarem,2,0
multiplos,2,0
relacoes,2,0
tumultuario,2,0
participarem,2,0
emergente,2,0
deferida,2,0
vim,2,0
covid,2,0
assento,2,0
televisao,2,0
definido,2,0
cognitivismo,2,0
justo,2,0
arregimentando,2,0
eleitas,2,0
paralelos,2,0
anseio,2,0
atualizado,2,0
profissao,2,0
atacava,2,0
assimilaveis,2,0
assenta,2,0
robusto,2,0
compreendendo,2,0
dedicado,2,0
tubo,2,0
reportado,2,0
cooperativamente,2,0
usavam,2,0
aconteceu,2,0
requerida,2,0
inesperado,2,0
juntado,2,0
medico,2,0
desincumbiu,2,0
turbulencia,2,0
incidir,2,0
fumo,2,0
estipulo,2,0
acompanhei,2,0
experiencia,2,0
branca,2,0
nuvem,2,0
protegidas,2,0
solicitacao,2,0
motor,2,0
descer,2,0
comprovadamente,2,0
louvor,2,0
pescoco,2,0
cgrc,2,0
ido,2,0
provar,2,0
autonomas,2,0
atitudes,2,0
sentimento,2,0
transitada,2,0
arremessar,2,0
particularidades,2,0
almejando,2,0
agredidos,2,0
organizacional,2,0
gravissimas,2,0
empurrando,2,0
solidariedade,2,0
afirmam,2,0
suscitada,2,0
ressalto,2,0
externada,2,0
decisivo,2,0
imprevistas,2,0
ponderar,2,0
dicor,2,0
guardados,2,0
dispensavel,2,0
persecutio,2,0
perturbadora,2,0
conivencia,2,0
culminou,2,0
vistoria,2,0
aso,2,0
desespero,2,0
suscitou,2,0
arguida,2,0
recuperar,2,0
consigo,2,0
estimados,2,0
interessado,2,0
merecedoras,2,0
exemplificativas,2,0
escrito,2,0
obrigatoria,2,0
gayer,2,0
arguente,2,0
concorrem,2,0
basica,2,0
solucionada,2,0
cola,2,0
comprovam,2,0
greve,2,0
upremo,2,0
inequivoco,2,0
provocada,2,0
reg,2,0
assegure,2,0
aconteceria,2,0
cartazes,2,0
nicola,2,0
disturbios,2,0
deflagradora,2,0
suspeito,2,0
decisivos,2,0
algemas,2,0
postagens,2,0
antissocial,2,0
samsung,2,0
aceitavam,2,0
resolvida,2,0
procedimental,2,0
sabia,2,0
integrando,2,0
convertem,2,0
acompanhadas,2,0
variava,2,0
ouvi,2,0
incluido,2,0
inidonea,2,0
consignado,2,0
instrucoes,2,0
lesivos,2,0
fechar,2,0
contera,2,0
obrigar,2,0
finalistica,2,0
desocupar,2,0
indigna,2,0
danificar,2,0
personalidade,2,0
coordenado,2,0
deixaram,2,0
circunstanciado,2,0
aceitacao,2,0
interposto,2,0
caracteres,2,0
gab,2,0
agdo,2,0
sugestibilidade,2,0
monetariamente,2,0
ramirez,2,0
discriminar,2,0
desenvolvidas,2,0
subordina,2,0
pavimentador,2,0
incida,2,0
despachos,2,0
extraido,2,0
configuradas,2,0
constou,2,0
goias,2,0
municoes,2,0
participamos,2,0
reiteravam,2,0
vetoriais,2,0
antecipacao,2,0
desconstituir,2,0
refeicoes,2,0
donde,2,0
y,2,0
insculpida,2,0
vimos,2,0
contextualizacao,2,0
creditos,2,0
explicar,2,0
dissolvem,2,0
jeito,2,0
falavam,2,0
diferenciados,2,0
furor,2,0
autonoma,2,0
costas,2,0
integralidade,2,0
lide,2,0
obviamente,2,0
oscar,2,0
crfb,2,0
extremistas,2,0
depender,2,0
psicologico,2,0
incitando,2,0
superacao,2,0
financeiros,2,0
desperta,2,0
gdo,2,0
lisboa,2,0
age,2,0
patrimonial,2,0
metodos,2,0
massificada,2,0
aderia,2,0
extrapolacao,2,0
prejuizos,2,0
positivos,2,0
fome,2,0
segurar,2,0
arguido,2,0
engenhosa,2,0
manifestante,2,0
pretendidos,2,0
regularidade,2,0
urbanistico,2,0
aplicadas,2,0
anunciava,2,0
aprovado,2,0
ghtml,2,0
versatilidade,2,0
imprescritivel,2,0
qualificadora,2,0
formou,2,0
descendo,2,0
acredito,2,0
recorda,2,0
juridicamente,2,0
ciencias,2,0
vontades,2,0
invasora,2,0
notou,2,0
julgo,2,0
societarios,2,0
atingiram,2,0
reprimenda,2,0
juros,2,0
abin,2,0
deliquentium,2,0
sucessivas,2,0
apuram,2,0
tera,2,0
adicao,2,0
anin,2,0
mc,2,0
aimp,2,0
pamplona,2,0
procediam,2,0
link,2,0
entrevista,2,0
unicas,2,0
metro,2,0
inflamada,2,0
profundo,2,0
reconhecendo,2,0
liberado,2,0
distribuidoras,2,0
coletes,2,0
azoes,2,0
destaques,2,0
antidoto,2,0
infelizmente,2,0
manada,2,0
disposta,2,0
lecionam,2,0
conteve,2,0
diplomado,2,0
assentado,2,0
alocados,2,0
ambientais,2,0
coutinho,2,0
lance,2,0
dispostas,2,0
horario,2,0
consanguineo,2,0
ocultos,2,0
analisado,2,0
subverte,2,0
pertinencia,2,0
mencionar,2,0
inviabilizando,2,0
doutrinario,2,0
necessarias,2,0
caneta,2,0
inafiancavel,2,0
atenta,2,0
misturado,2,0
licitas,2,0
relogio,2,0
colhido,2,0
dissolver,2,0
intencionalmente,2,0
absorva,2,0
deduzida,2,0
grosso,2,0
tava,2,0
brasileiras,2,0
impacto,2,0
colateral,2,0
sustentam,2,0
declarar,2,0
guiada,2,0
assinalar,2,0
tacita,2,0
descabimento,2,0
modificar,2,0
flagrado,2,0
concorrente,2,0
referencial,2,0
quebrassem,2,0
enfurecidos,2,0
decidida,2,0
colaciona,2,0
artefato,2,0
pegou,2,0
cominado,2,0
estimado,2,0
aniquilacao,2,0
abracar,2,0
portugal,2,0
satisfatoriamente,2,0
calculado,2,0
malheiros,2,0
ni,2,0
guardar,2,0
minatti,1,0
rotina,1,0
organicidade,1,0
anieli,1,0
danificadas,1,0
alimentos,1,0
saulo,1,0
peticionamento,1,0
filmado,1,0
receios,1,0
izaias,1,0
galaxy,1,0
silvaneth,1,0
levadas,1,0
evaluacion,1,0
ingressando,1,0
eliana,1,0
joseilton,1,0
individualizaram,1,0
dosagem,1,0
rogenner,1,0
colaborador,1,0
diminuida,1,0
rejeitaram,1,0
numerica,1,0
medio,1,0
volgelbacher,1,0
veda,1,0
multiplicidade,1,0
lesionando,1,0
similares,1,0
apontava,1,0
panos,1,0
instalou,1,0
diarista,1,0
ruth,1,0
promovia,1,0
blocos,1,0
europe,1,0
vacina,1,0
existiram,1,0
croacia,1,0
entrassem,1,0
capacidad,1,0
justificadas,1,0
snichelotto,1,0
retrata,1,0
agitar,1,0
certificado,1,0
ilustrativos,1,0
travassos,1,0
faculta,1,0
espeque,1,0
also,1,0
sairem,1,0
levantar,1,0
wolf,1,0
uliano,1,0
minuta,1,0
tumultuou,1,0
joinville,1,0
manso,1,0
liberou,1,0
metricas,1,0
ageis,1,0
gesetze,1,0
semprini,1,0
correndo,1,0
vanessa,1,0
enfoca,1,0
trabalhada,1,0
violentissimo,1,0
frangueli,1,0
calcadas,1,0
challenge,1,0
cogitado,1,0
irineu,1,0
evoluindo,1,0
pensou,1,0
sublevacao,1,0
sena,1,0
viario,1,0
normalidade,1,0
romario,1,0
comemorava,1,0
encapuzadas,1,0
andrea,1,0
guisa,1,0
desejavam,1,0
rech,1,0
avio,1,0
administrar,1,0
remunerados,1,0
liminarmente,1,0
rbatv,1,0
referirmos,1,0
provando,1,0
amigos,1,0
argumentacao,1,0
rimoaldo,1,0
ntenor,1,0
anular,1,0
coragem,1,0
ladeirinha,1,0
apelido,1,0
fried,1,0
tinhamos,1,0
aguentei,1,0
derivar,1,0
enrique,1,0
baleado,1,0
anta,1,0
brandmuller,1,0
usuaria,1,0
levei,1,0
esbraveja,1,0
guerreiro,1,0
godoy,1,0
administradoras,1,0
fulano,1,0
ditas,1,0
zemuner,1,0
desacertos,1,0
assustada,1,0
indignada,1,0
promoviam,1,0
apodavam,1,0
erro,1,0
tramitaram,1,0
plataforma,1,0
jonas,1,0
resende,1,0
respondendo,1,0
imaginara,1,0
paciencia,1,0
jovens,1,0
palestras,1,0
sucedida,1,0
confrontos,1,0
chipre,1,0
tradicionalmente,1,0
frequentou,1,0
alusivos,1,0
comparecido,1,0
morfologica,1,0
haviamos,1,0
aboligao,1,0
balancar,1,0
militantes,1,0
paola,1,0
participaao,1,0
separar,1,0
melhorar,1,0
rnesto,1,0
gado,1,0
constavam,1,0
endonca,1,0
corja,1,0
infiltrado,1,0
absolvida,1,0
ceder,1,0
covardes,1,0
kanap,1,0
subscritor,1,0
sucedido,1,0
lomski,1,0
executora,1,0
schmidt,1,0
acabei,1,0
inversao,1,0
itoria,1,0
anonima,1,0
modulo,1,0
grimoaldo,1,0
xingar,1,0
passiva,1,0
enviados,1,0
olho,1,0
engajado,1,0
planaltina,1,0
supracitada,1,0
rnold,1,0
tendose,1,0
combinado,1,0
guerrilhando,1,0
antenor,1,0
fotografias,1,0
figurava,1,0
utilizava,1,0
iji,1,0
selfies,1,0
descontente,1,0
kurth,1,0
ocupou,1,0
monte,1,0
integrou,1,0
perna,1,0
logos,1,0
trajes,1,0
catarina,1,0
escutam,1,0
selfie,1,0
esende,1,0
valente,1,0
gato,1,0
fulcro,1,0
fabricar,1,0
gravacoes,1,0
castillo,1,0
juizado,1,0
fraga,1,0
valadao,1,0
disponibilizada,1,0
maikon,1,0
lesoes,1,0
delineados,1,0
20230108_160756,1,0
tirariam,1,0
bessa,1,0
iniciase,1,0
contrariar,1,0
actividad,1,0
tomava,1,0
tornam,1,0
diversificado,1,0
incontroversas,1,0
filma,1,0
sueli,1,0
liberar,1,0
autorizaram,1,0
lara,1,0
irregularidade,1,0
convocam,1,0
cinto,1,0
rtigos,1,0
amargo,1,0
recebidos,1,0
irregular,1,0
florianopolis,1,0
furtaram,1,0
luzzani,1,0
dinossauro,1,0
pestana,1,0
edemilson,1,0
soubesse,1,0
ficava,1,0
zapponi,1,0
dedo,1,0
incentivavam,1,0
selma,1,0
desfecho,1,0
brevil,1,0
geolocalizacoes,1,0
sensibilizados,1,0
veloso,1,0
oportunizada,1,0
acerta,1,0
doutoramento,1,0
imobiliarios,1,0
usuario,1,0
odiosos,1,0
elles,1,0
asi,1,0
acharam,1,0
iam,1,0
contribuido,1,0
exigiam,1,0
horst,1,0
caminhoes,1,0
cascais,1,0
km,1,0
destrutivo,1,0
tecnologias,1,0
orst,1,0
perseguir,1,0
plenarias,1,0
jussara,1,0
liguem,1,0
madrugada,1,0
manda,1,0
limitadas,1,0
superioridade,1,0
animico,1,0
tobias,1,0
cela,1,0
falado,1,0
prevaleceu,1,0
redor,1,0
baed,1,0
excludente,1,0
grego,1,0
perguntou,1,0
edite,1,0
cdd,1,0
joseneth,1,0
lite,1,0
josimara,1,0
baldiati,1,0
imensa,1,0
penda,1,0
sagrando,1,0
estavelmente,1,0
venham,1,0
influenciadora,1,0
instrutoria,1,0
levanta,1,0
prenderam,1,0
transcricoes,1,0
dellalibera,1,0
dispunham,1,0
raynner,1,0
pregue,1,0
provocando,1,0
peter,1,0
sideir,1,0
interdicao,1,0
vanderson,1,0
luvizuto,1,0
aicon,1,0
candeia,1,0
fair,1,0
liberaram,1,0
massoterapia,1,0
talita,1,0
denmark,1,0
weligton,1,0
retribui,1,0
duvidar,1,0
santarem,1,0
decorreu,1,0
cobrava,1,0
implementation,1,0
conosco,1,0
blumenau,1,0
reportadas,1,0
elena,1,0
falsos,1,0
valdir,1,0
patrick,1,0
erivaldo,1,0
rui,1,0
hermano,1,0
constantemente,1,0
edmilson,1,0
ogelbacher,1,0
recusada,1,0
zeca,1,0
imprimiram,1,0
friede,1,0
sucumbe,1,0
qua,1,0
verificaveis,1,0
herrera,1,0
emilio,1,0
metalmecanica,1,0
subscreve,1,0
iego,1,0
convidadas,1,0
justificam,1,0
hammes,1,0
reunirem,1,0
protratz,1,0
converteu,1,0
rodoviarios,1,0
sintya,1,0
soriano,1,0
reboucas,1,0
civ,1,0
rudinei,1,0
assanhou,1,0
adenilson,1,0
deficiente,1,0
folha,1,0
ulisses,1,0
raspao,1,0
detritos,1,0
marcia,1,0
dispensado,1,0
borin,1,0
im,1,0
itavo,1,0
remer,1,0
sidneia,1,0
recai,1,0
inevitavel,1,0
uniformizados,1,0
vogelbacher,1,0
prf,1,0
veranes,1,0
santo,1,0
santangelo,1,0
litigantes,1,0
josevaldo,1,0
ligacoes,1,0
comparecessem,1,0
decido,1,0
colacionando,1,0
eliane,1,0
laranjeiras,1,0
recusado,1,0
jesildo,1,0
diogo,1,0
polonia,1,0
semanas,1,0
incluso,1,0
valoracion,1,0
guimaraes,1,0
echr,1,0
acampada,1,0
cyprus,1,0
cabal,1,0
pertinentes,1,0
ajenidad,1,0
vigilante,1,0
munchen,1,0
sidnei,1,0
cases,1,0
tenda,1,0
visualizando,1,0
laudino,1,0
conformarem,1,0
strelow,1,0
marisa,1,0
spain,1,0
affonso,1,0
otros,1,0
quingentesimo,1,0
publicizados,1,0
arros,1,0
abastecimento,1,0
imediato,1,0
wesdra,1,0
findlay,1,0
jediel,1,0
meira,1,0
tsuyoshi,1,0
zahaila,1,0
prepara,1,0
raf,1,0
maximos,1,0
dennys,1,0
rispidas,1,0
erthal,1,0
satisfazer,1,0
nestor,1,0
canuto,1,0
predispor,1,0
churrasqueira,1,0
comprovaveis,1,0
marginal,1,0
discordando,1,0
rejeitavam,1,0
defiende,1,0
atentou,1,0
council,1,0
dubias,1,0
indisponiveis,1,0
midias,1,0
mateus,1,0
lau,1,0
teleologicamente,1,0
taboao,1,0
sinaliza,1,0
aloizio,1,0
damasceno,1,0
marine,1,0
silvano,1,0
pasquini,1,0
eixos,1,0
bemfica,1,0
sectario,1,0
holz,1,0
ferimentos,1,0
evitou,1,0
travada,1,0
magno,1,0
serenamente,1,0
ivan,1,0
ernesto,1,0
carregamento,1,0
tailandia,1,0
cavalini,1,0
sirlei,1,0
pimentel,1,0
arrimo,1,0
crer,1,0
investiu,1,0
demetrio,1,0
desmobilizassem,1,0
daria,1,0
reconhecemos,1,0
molina,1,0
proferida,1,0
ivanildo,1,0
vanderlei,1,0
fefa,1,0
restara,1,0
parar,1,0
romildo,1,0
wellington,1,0
decretacoes,1,0
en,1,0
rosana,1,0
individualize,1,0
adiantado,1,0
tiago,1,0
soar,1,0
preconceitos,1,0
renata,1,0
pneus,1,0
vitorino,1,0
bezerra,1,0
rachel,1,0
zocal,1,0
partilhado,1,0
anacleto,1,0
apropriada,1,0
cartada,1,0
clodoaldo,1,0
explicacoes,1,0
ruracy,1,0
paixoes,1,0
desobstrucao,1,0
graziela,1,0
temerarias,1,0
ronaldo,1,0
manterem,1,0
mazzega,1,0
helena,1,0
enderecadas,1,0
ilian,1,0
reivindicarem,1,0
eliete,1,0
envida,1,0
jefferson,1,0
demonstre,1,0
lourenco,1,0
comprometendo,1,0
rolamento,1,0
rezilda,1,0
joel,1,0
rosineia,1,0
adquirir,1,0
roza,1,0
stpo,1,0
oferece,1,0
rebeca,1,0
recursal,1,0
willer,1,0
curiosos,1,0
anulacao,1,0
moderno,1,0
trajava,1,0
elisete,1,0
teste,1,0
insurgiram,1,0
law,1,0
tenis,1,0
vertiente,1,0
remunerada,1,0
reivindicando,1,0
gaviraghi,1,0
romilde,1,0
agressor,1,0
instalada,1,0
catharina,1,0
misturou,1,0
dfdf,1,0
fornecesse,1,0
genuino,1,0
teatro,1,0
consumasse,1,0
operador,1,0
llan,1,0
rilva,1,0
seibert,1,0
concordassem,1,0
reino,1,0
produccion,1,0
logistico,1,0
liberados,1,0
citam,1,0
copia,1,0
contavam,1,0
vinculados,1,0
rodeado,1,0
afaste,1,0
descentralizada,1,0
investem,1,0
aderirem,1,0
explicitou,1,0
vestimentas,1,0
messisas,1,0
tecerem,1,0
aragoneses,1,0
riachuelo,1,0
ostensividade,1,0
wanderlei,1,0
brehmer,1,0
faff,1,0
fantoches,1,0
desbloqueio,1,0
hauschildt,1,0
agride,1,0
atarina,1,0
acentuado,1,0
belgica,1,0
palma,1,0
transtornos,1,0
harmonizavam,1,0
zaffaroni,1,0
graf,1,0
su,1,0
animado,1,0
suscitarem,1,0
balistico,1,0
colombo,1,0
sinalizacao,1,0
milton,1,0
sandra,1,0
investe,1,0
prontamente,1,0
ruotulo,1,0
atirou,1,0
banheiros,1,0
monocratica,1,0
jofre,1,0
permitem,1,0
juez,1,0
mundialmente,1,0
aceitavel,1,0
comparando,1,0
motta,1,0
redundante,1,0
ilacoes,1,0
interdicoes,1,0
hobold,1,0
altino,1,0
apontei,1,0
bueno,1,0
ocultacao,1,0
simal,1,0
fear,1,0
industriais,1,0
diferenciando,1,0
especificidade,1,0
amago,1,0
walace,1,0
marinalva,1,0
setuagesimo,1,0
alvarez,1,0
__24,1,0
moldavia,1,0
rh,1,0
jesiel,1,0
calistro,1,0
unicamente,1,0
marchas,1,0
roney,1,0
debe,1,0
yan,1,0
sarrafos,1,0
ratio,1,0
limb,1,0
prolongaram,1,0
estevao,1,0
bellato,1,0
valter,1,0
animosidades,1,0
rosemar,1,0
fidelis,1,0
sediado,1,0
rosangela,1,0
pegassem,1,0
teodoro,1,0
vinha,1,0
justice,1,0
ruan,1,0
robustecendo,1,0
jogando,1,0
robson,1,0
queimas,1,0
brandao,1,0
dirigir,1,0
incumbencia,1,0
proibicoes,1,0
emanada,1,0
ajudado,1,0
pulzatto,1,0
mae,1,0
continuara,1,0
wenderson,1,0
coibidos,1,0
juliana,1,0
dyego,1,0
simar,1,0
borges,1,0
rosilei,1,0
dallabona,1,0
circunstanciam,1,0
igualitario,1,0
ameacado,1,0
tonel,1,0
marcelandia,1,0
evangelista,1,0
adriana,1,0
italy,1,0
qualificacoes,1,0
velha,1,0
quintana,1,0
uip,1,0
dispensaram,1,0
acamparam,1,0
arcos,1,0
anuido,1,0
adentram,1,0
tatiane,1,0
definida,1,0
roseli,1,0
revogar,1,0
baiense,1,0
pobreza,1,0
apontaram,1,0
lirio,1,0
colhendo,1,0
unanimemente,1,0
restar,1,0
abruptamente,1,0
polyana,1,0
permitiram,1,0
inglaterra,1,0
fotografado,1,0
amancio,1,0
arine,1,0
silvio,1,0
vilson,1,0
sarrafo,1,0
rupolo,1,0
rodoviarias,1,0
paralela,1,0
cordova,1,0
cassiano,1,0
requisitado,1,0
privacidade,1,0
hudoc,1,0
consubstanciam,1,0
wallas,1,0
autorizam,1,0
thaise,1,0
diplomas,1,0
expedicao,1,0
ilustrar,1,0
edilaine,1,0
vilma,1,0
andrei,1,0
interditavam,1,0
faae,1,0
sidiney,1,0
disseminar,1,0
executar,1,0
tomitao,1,0
edenilson,1,0
desincumbiram,1,0
flagrancia,1,0
proclamou,1,0
quisessem,1,0
efetuaram,1,0
municipais,1,0
pleiteou,1,0
passos,1,0
documental,1,0
pinheiro,1,0
romeu,1,0
silveli,1,0
somam,1,0
tenorio,1,0
sobrinho,1,0
desenlace,1,0
generalizacoes,1,0
perpsectiva,1,0
tamires,1,0
cleusa,1,0
gralak,1,0
meloze,1,0
suscitar,1,0
elaine,1,0
contempla,1,0
walisson,1,0
mariza,1,0
ventilados,1,0
agridem,1,0
tania,1,0
familias,1,0
joecks,1,0
torrens,1,0
sirley,1,0
desprende,1,0
susi,1,0
protestava,1,0
descricoes,1,0
uniformidade,1,0
bebidas,1,0
lemos,1,0
margens,1,0
silvane,1,0
lagasse,1,0
investidura,1,0
terma,1,0
apontem,1,0
europeia,1,0
aguilar,1,0
crispin,1,0
rafael,1,0
encontrarem,1,0
robertina,1,0
insurreicao,1,0
deter,1,0
agredia,1,0
katia,1,0
vinicius,1,0
doutorado,1,0
partem,1,0
janete,1,0
thatielly,1,0
bela,1,0
renan,1,0
preencheria,1,0
vacinas,1,0
elucidaram,1,0
concatenado,1,0
onilda,1,0
monitorou,1,0
cecilia,1,0
priori,1,0
igor,1,0
gor,1,0
perduraram,1,0
regasse,1,0
tadeu,1,0
olvida,1,0
braga,1,0
gildemar,1,0
vanderleia,1,0
registrem,1,0
insuflava,1,0
envidando,1,0
requiere,1,0
terminou,1,0
lincoln,1,0
pontuam,1,0
motivadas,1,0
america,1,0
tedh,1,0
comportar,1,0
disponiveis,1,0
cuidado,1,0
comparado,1,0
exigivel,1,0
isolete,1,0
izaquiel,1,0
reporter,1,0
uzzani,1,0
anella,1,0
toras,1,0
lesados,1,0
fragmentos,1,0
vander,1,0
shara,1,0
krahn,1,0
postes,1,0
consumados,1,0
protestavam,1,0
simone,1,0
rildo,1,0
ressai,1,0
apartarse,1,0
ingles,1,0
justificado,1,0
lauro,1,0
iraci,1,0
backes,1,0
suscitado,1,0
victor,1,0
arvalho,1,0
abio,1,0
prolatada,1,0
silene,1,0
diplomatique,1,0
aureliano,1,0
saberia,1,0
exordiais,1,0
desvinculados,1,0
datada,1,0
lourdes,1,0
regina,1,0
russia,1,0
adquirido,1,0
onel,1,0
intimacoes,1,0
questionando,1,0
etuagesimo,1,0
presumindo,1,0
irardi,1,0
izaldo,1,0
interrupcao,1,0
telmario,1,0
lontras,1,0
farias,1,0
siegred,1,0
corroborando,1,0
objecao,1,0
dilon,1,0
preussler,1,0
laguna,1,0
hospitais,1,0
cadd,1,0
trouxeram,1,0
zanella,1,0
finalizado,1,0
compensacao,1,0
aetano,1,0
deixassem,1,0
ogueira,1,0
imanente,1,0
rodismar,1,0
schultz,1,0
providenciara,1,0
oar,1,0
violaria,1,0
be,1,0
barquet,1,0
portanova,1,0
avalia,1,0
qualificativo,1,0
aluf,1,0
trato,1,0
delinquentes,1,0
prognostico,1,0
seio,1,0
mostrando,1,0
zeferino,1,0
localizados,1,0
implicita,1,0
separadas,1,0
ilmo,1,0
grosskommentar,1,0
perpetradas,1,0
incompatibilidade,1,0
apoiado,1,0
andres,1,0
cotejando,1,0
usando,1,0
informativo,1,0
pacheco,1,0
claudia,1,0
bullmann,1,0
enfrentavam,1,0
evi,1,0
flagrados,1,0
acba,1,0
sexagesimo,1,0
ampliativas,1,0
feldens,1,0
touca,1,0
meritorias,1,0
sotero,1,0
deferidas,1,0
interino,1,0
united,1,0
ponta,1,0
wolfgang,1,0
erik,1,0
exaustiva,1,0
optica,1,0
amparadas,1,0
kio,1,0
ddce,1,0
decarater,1,0
group,1,0
acumulo,1,0
verdadeiramente,1,0
velar,1,0
exibe,1,0
botas,1,0
idoneidade,1,0
prossigam,1,0
reconheca,1,0
ac,1,0
delcourt,1,0
contrariando,1,0
esencialmente,1,0
guarnecem,1,0
pesem,1,0
there,1,0
fornecida,1,0
mister,1,0
essias,1,0
ondon,1,0
promulgada,1,0
belgicapelo,1,0
majoritaria,1,0
soldado,1,0
alinhado,1,0
semantica,1,0
capsulas,1,0
ilustro,1,0
encartada,1,0
desviou,1,0
xvii,1,0
natacao,1,0
rica,1,0
emanado,1,0
persiste,1,0
mochilas,1,0
justiz,1,0
clayton,1,0
exporei,1,0
configurariam,1,0
kevin,1,0
barbera,1,0
felicio,1,0
claudinei,1,0
ferrantelli,1,0
petistas,1,0
apresento,1,0
bernardes,1,0
julga,1,0
inviavel,1,0
verfghg,1,0
ignominiosos,1,0
diferenciador,1,0
comenta,1,0
interessa,1,0
reclamado,1,0
mateos,1,0
pontiaguda,1,0
projetou,1,0
serventuarios,1,0
asseguraria,1,0
seen,1,0
tautologia,1,0
edvagner,1,0
imprecisas,1,0
et,1,0
possuindo,1,0
ilibada,1,0
casagrande,1,0
helder,1,0
rtj,1,0
efensor,1,0
lobato,1,0
desinteressado,1,0
convention,1,0
objectivamente,1,0
ator,1,0
juristas,1,0
kabayashi,1,0
romenia,1,0
insuficientemente,1,0
cortes,1,0
executadas,1,0
xv,1,0
motivados,1,0
bverfg,1,0
internacionalmente,1,0
exibia,1,0
correto,1,0
lott,1,0
lucivaldo,1,0
inserida,1,0
estaca,1,0
alethea,1,0
esgrimidos,1,0
estadio,1,0
exsurge,1,0
portadora,1,0
fusco,1,0
pacto,1,0
ewca,1,0
aborda,1,0
prescrita,1,0
reconheceram,1,0
compartimentos,1,0
geissimara,1,0
deitada,1,0
intereses,1,0
consignam,1,0
george,1,0
vetter,1,0
granada,1,0
ipsis,1,0
consuma,1,0
bundesverfassungsgericht,1,0
morim,1,0
autorias,1,0
cidh,1,0
presentadas,1,0
atuados,1,0
disseminacao,1,0
reveladora,1,0
nara,1,0
amparo,1,0
padovani,1,0
europeu,1,0
observador,1,0
cibele,1,0
ousa,1,0
multitudiniarios,1,0
marilene,1,0
cosa,1,0
jean,1,0
prates,1,0
sub,1,0
isencao,1,0
brendolan,1,0
surja,1,0
dogmatico,1,0
cm,1,0
grieves,1,0
liga,1,0
prefaciai,1,0
hildete,1,0
aleje,1,0
baladeira,1,0
arguem,1,0
abster,1,0
sereno,1,0
formular,1,0
aposentado,1,0
verusca,1,0
classifica,1,0
gelson,1,0
cirne,1,0
mpf,1,0
buscas,1,0
justificados,1,0
demasiada,1,0
situa,1,0
rony,1,0
dpca,1,0
pdf,1,0
distribuidas,1,0
piedade,1,0
simultanea,1,0
gunther,1,0
lavents,1,0
awg,1,0
egundo,1,0
parassem,1,0
subjacentes,1,0
cair,1,0
avistarem,1,0
cumprem,1,0
cognitivos,1,0
bega,1,0
delibatoria,1,0
krity,1,0
armo,1,0
conserva,1,0
rf,1,0
caracterizarem,1,0
rudnichenko,1,0
misturaram,1,0
fabiano,1,0
sasaki,1,0
estabelecam,1,0
lacrimogenea,1,0
gesiel,1,0
david,1,0
reason,1,0
remover,1,0
equitativo,1,0
primeiras,1,0
transcendem,1,0
pag,1,0
comprove,1,0
tangiveis,1,0
baseado,1,0
barbara,1,0
vandalizassem,1,0
traziam,1,0
repensando,1,0
hierarquicos,1,0
milicia,1,0
vantagens,1,0
micallef,1,0
taxativas,1,0
neubaner,1,0
cubber,1,0
must,1,0
serio,1,0
colhida,1,0
alice,1,0
tribunalconstitucional,1,0
san,1,0
convergencias,1,0
felippe,1,0
morice,1,0
indique,1,0
ulloa,1,0
charles,1,0
realca,1,0
pags,1,0
voos,1,0
jun,1,0
die,1,0
medina,1,0
rubens,1,0
jatchuk,1,0
agrupar,1,0
resumem,1,0
malta,1,0
verticalizar,1,0
aury,1,0
apud,1,0
elisangela,1,0
alceneu,1,0
xiv,1,0
rocio,1,0
only,1,0
alegados,1,0
inocorrente,1,0
configuraria,1,0
acredite,1,0
lucinei,1,0
examinado,1,0
amador,1,0
studienkommentar,1,0
suspeita,1,0
entesimo,1,0
subdivide,1,0
servirao,1,0
mole,1,0
lavradas,1,0
maculam,1,0
erceiro,1,0
situados,1,0
itinerario,1,0
ultimado,1,0
edificados,1,0
maximas,1,0
indubitavel,1,0
hilebrand,1,0
explicativa,1,0
ary,1,0
falsificacao,1,0
adalgiza,1,0
alinhada,1,0
enriquecimento,1,0
ferramenta,1,0
arbitrar,1,0
exceto,1,0
decretava,1,0
configurando,1,0
olsonaro,1,0
ocorrencias,1,0
primarei,1,0
significacao,1,0
organica,1,0
emanuel,1,0
arruda,1,0
suso,1,0
partidarias,1,0
academico,1,0
produtos,1,0
pozzebon,1,0
eng,1,0
alargamento,1,0
pressupoem,1,0
guarnicao,1,0
elza,1,0
desenrolar,1,0
human,1,0
indicadores,1,0
abordar,1,0
compromete,1,0
incompatibilidades,1,0
bailii,1,0
turmas,1,0
centesimo,1,0
menezes,1,0
teoricos,1,0
miller,1,0
ew,1,0
contanto,1,0
bverfge,1,0
debora,1,0
passada,1,0
supranacionais,1,0
evidenciaria,1,0
tuzi,1,0
culpaveis,1,0
imparcialidad,1,0
jurisdicionalidade,1,0
lucelia,1,0
figurino,1,0
colhem,1,0
excetuadas,1,0
livraria,1,0
votacao,1,0
religioso,1,0
subscritora,1,0
preservada,1,0
atacados,1,0
kristy,1,0
exteriorizaram,1,0
beccaria,1,0
implementacao,1,0
precipua,1,0
ddpp,1,0
deivison,1,0
objetividad,1,0
sofreria,1,0
parada,1,0
dourado,1,0
repressao,1,0
dyrlund,1,0
bias,1,0
denunciam,1,0
dialetica,1,0
judge,1,0
incolumidade,1,0
ciscouto,1,0
consideram,1,0
portugues,1,0
recear,1,0
esencial,1,0
oportuna,1,0
ampliativa,1,0
colaborando,1,0
incitava,1,0
fabris,1,0
fiavel,1,0
jucilene,1,0
validamente,1,0
alheias,1,0
corrupcion,1,0
trial,1,0
enumerados,1,0
buscemi,1,0
nominados,1,0
libelo,1,0
forum,1,0
corretamente,1,0
prudente,1,0
aparencias,1,0
arbitraria,1,0
objetivaram,1,0
vedacoes,1,0
estreitos,1,0
desorganizado,1,0
terror,1,0
antecipada,1,0
resolvido,1,0
polemica,1,0
lograram,1,0
escolas,1,0
atingiriam,1,0
levado,1,0
cassacao,1,0
permanecendo,1,0
permitida,1,0
linguagem,1,0
hostilidade,1,0
comprimento,1,0
assunsao,1,0
domiciano,1,0
ppe,1,0
alcool,1,0
ndrade,1,0
combativa,1,0
insubsistente,1,0
intuitiva,1,0
mascaradas,1,0
incompleta,1,0
kingo,1,0
atributo,1,0
usaria,1,0
nominal,1,0
vaper,1,0
anotou,1,0
madrid,1,0
condiziam,1,0
devoto,1,0
investigatorio,1,0
apreendeu,1,0
consagrados,1,0
controversia,1,0
escolha,1,0
monitorarem,1,0
punido,1,0
jorginho,1,0
hodiernamente,1,0
amparar,1,0
joelheiras,1,0
altera,1,0
examine,1,0
britanica,1,0
precario,1,0
afiada,1,0
bangalore,1,0
ancora,1,0
edilson,1,0
plsf,1,0
ateando,1,0
contraproducente,1,0
ovidio,1,0
supor,1,0
convencida,1,0
criminalizadas,1,0
ninja,1,0
totum,1,0
litteris,1,0
aderencia,1,0
domiciliar,1,0
lucenir,1,0
jr,1,0
carolina,1,0
capitulacao,1,0
protagonista,1,0
clarke,1,0
monteiro,1,0
gales,1,0
filmes,1,0
avila,1,0
baek,1,0
transforme,1,0
embasada,1,0
incursa,1,0
cleriston,1,0
juvenal,1,0
belgium,1,0
reproduzir,1,0
correctamente,1,0
aceita,1,0
tullio,1,0
mador,1,0
compulsando,1,0
givair,1,0
cautelas,1,0
sa,1,0
protetor,1,0
ueno,1,0
adalto,1,0
usos,1,0
danyele,1,0
crisleide,1,0
determinaveis,1,0
josias,1,0
decrin,1,0
integrativas,1,0
concisa,1,0
enderecada,1,0
ilela,1,0
non,1,0
improvimento,1,0
acertamento,1,0
jurisdiccion,1,0
paradigmatico,1,0
perceberam,1,0
ausentarem,1,0
nonato,1,0
defensora,1,0
perfurante,1,0
vultuoso,1,0
sedimentaram,1,0
torre,1,0
igilso,1,0
is,1,0
delineada,1,0
actor,1,0
procesos,1,0
exordial,1,0
magistrados,1,0
high,1,0
obstaculizar,1,0
racial,1,0
chegam,1,0
camila,1,0
arena,1,0
edineia,1,0
activos,1,0
sugerem,1,0
bonato,1,0
confirmacao,1,0
brocardo,1,0
ltd,1,0
prioridad,1,0
significam,1,0
cumprir,1,0
empirica,1,0
afigure,1,0
galanti,1,0
cabral,1,0
cursino,1,0
preambular,1,0
antiterror,1,0
determinava,1,0
xi,1,0
inclui,1,0
pontificam,1,0
alheamento,1,0
sidos,1,0
necesario,1,0
acertada,1,0
empirico,1,0
cleodon,1,0
razones,1,0
depreendida,1,0
saad,1,0
mostraram,1,0
strafprozessordnung,1,0
berlin,1,0
coe,1,0
enrico,1,0
corretor,1,0
nivel,1,0
unha,1,0
identificaram,1,0
jaeger,1,0
ascais,1,0
formulando,1,0
atendeu,1,0
orando,1,0
acolher,1,0
condenram,1,0
arguicoes,1,0
localizaram,1,0
mantida,1,0
neutralidade,1,0
esconder,1,0
identicas,1,0
estacionado,1,0
poul,1,0
net,1,0
fechadas,1,0
difusores,1,0
wendell,1,0
der,1,0
umbilical,1,0
zequiel,1,0
swarowski,1,0
carnelutti,1,0
convocaram,1,0
etica,1,0
comercial,1,0
acabado,1,0
cena,1,0
martin,1,0
20230108_145841,1,0
inexistenica,1,0
remli,1,0
fugiu,1,0
exprime,1,0
parcelamento,1,0
aferida,1,0
dialogam,1,0
tc,1,0
acolheu,1,0
utilizo,1,0
familiar,1,0
danilov,1,0
convergem,1,0
perenes,1,0
custodiado,1,0
desferidos,1,0
queixoso,1,0
imei,1,0
european,1,0
corporativos,1,0
pontuais,1,0
depreender,1,0
ulia,1,0
nois,1,0
nervoso,1,0
descontentes,1,0
procedentes,1,0
mirza,1,0
aproveitaram,1,0
lucro,1,0
fornecido,1,0
gc,1,0
grossura,1,0
brevissimo,1,0
20230108_145216,1,0
dec,1,0
und,1,0
geovana,1,0
luciana,1,0
detras,1,0
permitiam,1,0
aplicabilidade,1,0
especificando,1,0
avaliar,1,0
emergir,1,0
legitimar,1,0
estipulacao,1,0
criminalizar,1,0
certificada,1,0
preparadas,1,0
perspectivas,1,0
enfatizo,1,0
notei,1,0
olharam,1,0
reputando,1,0
habermas,1,0
apartar,1,0
vermelho,1,0
apetrechos,1,0
envolvo,1,0
jaqueline,1,0
isolando,1,0
etnico,1,0
criticidade,1,0
bundesministerium,1,0
ilveira,1,0
rule,1,0
decretada,1,0
confuso,1,0
gimenez,1,0
carlo,1,0
sanada,1,0
apitz,1,0
ombro,1,0
maranhaozinho,1,0
it,1,0
gerichtsverfassungsgesetz,1,0
operacoes,1,0
dezesseis,1,0
bolsas,1,0
lembram,1,0
possuiriam,1,0
minorar,1,0
covarde,1,0
lera,1,0
xii,1,0
lancarem,1,0
domigues,1,0
estanques,1,0
votava,1,0
enfia,1,0
acordaos,1,0
concluindo,1,0
analogo,1,0
loc,1,0
pronto,1,0
gerados,1,0
captaram,1,0
relaciona,1,0
barbaras,1,0
comparou,1,0
sancao,1,0
maicon,1,0
pareca,1,0
desinteresse,1,0
basso,1,0
incentivados,1,0
prfs,1,0
adoan,1,0
majoro,1,0
despejados,1,0
erguidos,1,0
conversao,1,0
percorreu,1,0
definiu,1,0
vencivel,1,0
intentos,1,0
zita,1,0
servir,1,0
impeditivas,1,0
ismael,1,0
desestimar,1,0
ostentavam,1,0
lote,1,0
utilidade,1,0
delitivos,1,0
kestring,1,0
salvaguarda,1,0
divirja,1,0
pronunciamento,1,0
una,1,0
piske,1,0
volkmann,1,0
cu,1,0
espaciais,1,0
quebrada,1,0
horaria,1,0
bocate,1,0
chacara,1,0
colonia,1,0
edifica,1,0
psiquiatrico,1,0
apura,1,0
obstruindo,1,0
ensino,1,0
capa,1,0
olz,1,0
considerarem,1,0
evaldo,1,0
gere,1,0
kingdom,1,0
elucida,1,0
tourinho,1,0
improperios,1,0
marcial,1,0
gilson,1,0
camargo,1,0
ideologicamente,1,0
ressalvo,1,0
machucamos,1,0
oziel,1,0
supervisor,1,0
absolvendo,1,0
maranhao,1,0
formularam,1,0
mira,1,0
opcoes,1,0
amarrou,1,0
afrontas,1,0
rivaldo,1,0
levemente,1,0
jugoslava,1,0
cognoscibilidade,1,0
right,1,0
ntonio,1,0
cozinhas,1,0
estacionar,1,0
berzotti,1,0
proceso,1,0
gravados,1,0
veraldo,1,0
provisorias,1,0
acontecimento,1,0
afastava,1,0
paradoxal,1,0
not,1,0
sobressaindo,1,0
procesal,1,0
festa,1,0
emocao,1,0
julgaram,1,0
mobilizacoes,1,0
abonados,1,0
algar,1,0
truculentas,1,0
contradicao,1,0
acreditavam,1,0
aproximou,1,0
libertados,1,0
plastica,1,0
disfuncionalidades,1,0
liberaria,1,0
where,1,0
harby,1,0
escutando,1,0
execesso,1,0
asso,1,0
dissonancias,1,0
tirou,1,0
done,1,0
justicia,1,0
court,1,0
slomski,1,0
budag,1,0
lorivaldo,1,0
exaltando,1,0
srs,1,0
slomka,1,0
idades,1,0
dalfovo,1,0
verbalmente,1,0
confusa,1,0
convoca,1,0
onu,1,0
terminei,1,0
sentissem,1,0
everaldo,1,0
escrutinou,1,0
datas,1,0
beck,1,0
redigira,1,0
eloi,1,0
peguem,1,0
lex,1,0
nuala,1,0
oreira,1,0
riess,1,0
may,1,0
correram,1,0
deferiu,1,0
saliente,1,0
odilon,1,0
merda,1,0
causadores,1,0
comandados,1,0
exagesimo,1,0
meritoria,1,0
distante,1,0
praxe,1,0
davi,1,0
tubos,1,0
inf,1,0
pablo,1,0
resumindo,1,0
nego,1,0
movidas,1,0
cartucho,1,0
acender,1,0
grazia,1,0
vandre,1,0
indissociavelmente,1,0
custa,1,0
afastado,1,0
alessandra,1,0
transmitir,1,0
kelvis,1,0
asaki,1,0
entendida,1,0
nassau,1,0
levi,1,0
persecutoria,1,0
elder,1,0
orosimbo,1,0
england,1,0
moises,1,0
balanco,1,0
explicativas,1,0
diferenciar,1,0
informada,1,0
ccbc,1,0
davis,1,0
fosforo,1,0
compreensivas,1,0
suprir,1,0
arconsini,1,0
concedi,1,0
acidente,1,0
ratificada,1,0
janailson,1,0
isolados,1,0
disponibilizadas,1,0
grade,1,0
discernir,1,0
antijuridicos,1,0
padoan,1,0
prejudicada,1,0
identificam,1,0
telles,1,0
sitio,1,0
akio,1,0
indiciaria,1,0
pedron,1,0
lessandra,1,0
dissociada,1,0
eric,1,0
deli,1,0
nnoo,1,0
tamo,1,0
impartiality,1,0
iniciarem,1,0
impugnados,1,0
consignadas,1,0
representou,1,0
setec,1,0
descabe,1,0
ptah,1,0
ibanes,1,0
locus,1,0
executarem,1,0
englert,1,0
enseja,1,0
abrigaram,1,0
ccff,1,0
inflexoes,1,0
comprometimento,1,0
escrutinio,1,0
guardieri,1,0
cuido,1,0
takahashi,1,0
laviniu,1,0
domingues,1,0
indoles,1,0
inocentes,1,0
prestigio,1,0
palabras,1,0
esqui,1,0
conjur,1,0
interpretativa,1,0
abono,1,0
rios,1,0
decadas,1,0
indissociavel,1,0
incidente,1,0
assinatura,1,0
pego,1,0
englisch_stpo,1,0
isique,1,0
decisoria,1,0
prestes,1,0
interpretes,1,0
spina,1,0
ideologicas,1,0
neutralidad,1,0
wales,1,0
scatolino,1,0
dirceu,1,0
discriminatorias,1,0
leandro,1,0
bejes,1,0
lane,1,0
deveu,1,0
diagnostico,1,0
pretas,1,0
desconfianca,1,0
condominio,1,0
contornou,1,0
pullar,1,0
cortante,1,0
decano,1,0
apudbadaro,1,0
forcaram,1,0
morrison,1,0
levantou,1,0
michel,1,0
rondon,1,0
detiveram,1,0
maluf,1,0
prejulgamento,1,0
exteriorizado,1,0
exterminio,1,0
furos,1,0
autuada,1,0
asseverava,1,0
pleti,1,0
permanecerem,1,0
francisca,1,0
capitulado,1,0
taffarello,1,0
comentaram,1,0
julg,1,0
exa,1,0
vagabundo,1,0
assinariam,1,0
negarem,1,0
macedonia,1,0
reserva,1,0
skrlj,1,0
sedimentado,1,0
dissipar,1,0
comprobatorios,1,0
auxiliou,1,0
handbooks,1,0
numeros,1,0
jesse,1,0
nulo,1,0
ghiurau,1,0
metros,1,0
careca,1,0
pvc,1,0
gradativa,1,0
zenkner,1,0
inimizade,1,0
conformadores,1,0
basicas,1,0
ines,1,0
tanieli,1,0
imparciais,1,0
acertado,1,0
teorias,1,0
declinadas,1,0
comida,1,0
transcreve,1,0
correlatas,1,0
neguinho,1,0
agredi,1,0
desviados,1,0
chorando,1,0
ccpp,1,0
marconsini,1,0
cdp,1,0
brought,1,0
discriminatoria,1,0
cade,1,0
repele,1,0
agrediu,1,0
perseguicoes,1,0
libellum,1,0
editada,1,0
atrai,1,0
impos,1,0
flagrada,1,0
entregaram,1,0
cigarro,1,0
brada,1,0
embebidos,1,0
gregorio,1,0
wendisch,1,0
estabelecia,1,0
provisorio,1,0
equipamento,1,0
gruyter,1,0
aereo,1,0
isentos,1,0
mitrov,1,0
condenavam,1,0
menores,1,0
accusatorum,1,0
alargado,1,0
testemunhos,1,0
estrangeiras,1,0
carneiro,1,0
ratificar,1,0
libero,1,0
extremidade,1,0
piersack,1,0
resultem,1,0
estacionou,1,0
disserem,1,0
invencivel,1,0
reprovavel,1,0
impulsionadas,1,0
chegava,1,0
liebman,1,0
liberariam,1,0
inclinacoes,1,0
szesz,1,0
secundaria,1,0
categorica,1,0
domestico,1,0
impeditivo,1,0
pt,1,0
comprida,1,0
encapuzados,1,0
transcender,1,0
ruido,1,0
ucrania,1,0
kyprianou,1,0
impende,1,0
caminhando,1,0
centralidade,1,0
autodenominado,1,0
tranquilos,1,0
assumidos,1,0
operadora,1,0
guide,1,0
descartavel,1,0
contemplada,1,0
colocariam,1,0
preserva,1,0
dreyer,1,0
analitico,1,0
criminalmente,1,0
links,1,0
prende,1,0
acertos,1,0
vacinacao,1,0
interfere,1,0
tentada,1,0
colocarem,1,0
circuitos,1,0
houvessem,1,0
enforca,1,0
propositalmente,1,0
recuperacion,1,0
adequa,1,0
superar,1,0
principiem,1,0
sv,1,0
informatio,1,0
edersa,1,0
anderson,1,0
ocupava,1,0
reincidencia,1,0
interferencias,1,0
exibidos,1,0
caiado,1,0
barbi,1,0
obtidas,1,0
int,1,0
chagando,1,0
faustino,1,0
protagonismo,1,0
valdeir,1,0
invade,1,0
inclinado,1,0
ilustrada,1,0
assumiu,1,0
edificacao,1,0
sofreguidao,1,0
expectativa,1,0
efetuar,1,0
infralegais,1,0
corrente,1,0
anna,1,0
jogaram,1,0
solicitarem,1,0
anotando,1,0
inesquecivel,1,0
compor,1,0
passarela,1,0
efetuadas,1,0
mensalao,1,0
atende,1,0
condensada,1,0
desinformacao,1,0
farta,1,0
contestacao,1,0
sedizentes,1,0
suscitadas,1,0
demostradas,1,0
varredura,1,0
exasperada,1,0
egoisticos,1,0
adversaria,1,0
absolvia,1,0
sargentos,1,0
negue,1,0
totalitaria,1,0
euautorizopresidente,1,0
palacio_do_planaltoe,1,0
descambar,1,0
hesitar,1,0
instruidas,1,0
avalizando,1,0
deitou,1,0
puxar,1,0
voluntariamente,1,0
incultura,1,0
desmistificado,1,0
exupery,1,0
elogio,1,0
sangrando,1,0
sabados,1,0
colapsado,1,0
renomado,1,0
senso,1,0
postagem,1,0
autuado,1,0
frontal,1,0
contigua,1,0
enfatizando,1,0
reportava,1,0
aplicou,1,0
descreveram,1,0
imenso,1,0
truculencia,1,0
ressaltado,1,0
talvez,1,0
convidado,1,0
arregimentamento,1,0
combinou,1,0
esvaziar,1,0
insubordinado,1,0
exemplar,1,0
perplexidade,1,0
violencias,1,0
destinavam,1,0
acenos,1,0
abarcados,1,0
preferiram,1,0
jnstituinte,1,0
excludentes,1,0
efetivassem,1,0
focada,1,0
tradicionais,1,0
netos,1,0
discursinho,1,0
acarretaram,1,0
patrimoniais,1,0
fortiori,1,0
colocacao,1,0
exsurgiu,1,0
pagar,1,0
alcao,1,0
desencadeamento,1,0
concertacao,1,0
apoiava,1,0
indutor,1,0
civilizado,1,0
attwinkel,1,0
derrotado,1,0
pesa,1,0
transitadas,1,0
guardei,1,0
inexcedivel,1,0
participaria,1,0
contentavam,1,0
retirei,1,0
grassou,1,0
exteriores,1,0
denotando,1,0
legitimacao,1,0
dissertam,1,0
tolerancia,1,0
incentivado,1,0
caminhou,1,0
disparos,1,0
restricoes,1,0
confundiu,1,0
privada,1,0
residuos,1,0
cftv,1,0
duradoura,1,0
publicarem,1,0
asfalto,1,0
resistir,1,0
memoria,1,0
trabalhavam,1,0
algemados,1,0
ente,1,0
portou,1,0
empenhos,1,0
doutor,1,0
pracas,1,0
passava,1,0
afigurou,1,0
espancar,1,0
reinstaurar,1,0
cadeia,1,0
vilipendio,1,0
hash,1,0
declinada,1,0
associacaocriminosa,1,0
quebradores,1,0
cega,1,0
moca,1,0
extemporanea,1,0
aliava,1,0
majoracao,1,0
caracterizacoes,1,0
vestigio,1,0
ensejaram,1,0
moradia,1,0
ocupantes,1,0
resvalava,1,0
alongar,1,0
editaram,1,0
hesitacao,1,0
reger,1,0
pugna,1,0
haste,1,0
residuais,1,0
dirigia,1,0
compoe,1,0
enfrentados,1,0
antecipou,1,0
imbuida,1,0
abateu,1,0
renovacao,1,0
particularmente,1,0
simboliza,1,0
mudancas,1,0
lancando,1,0
orbitando,1,0
aapp,1,0
plausivel,1,0
vera,1,0
comissoes,1,0
acabo,1,0
atiravam,1,0
segui,1,0
importacao,1,0
retomasse,1,0
conhecia,1,0
correspondendo,1,0
convites,1,0
investidas,1,0
acodamento,1,0
confrontar,1,0
tornou,1,0
correcionais,1,0
negacao,1,0
demonstravam,1,0
largou,1,0
bancarias,1,0
dissimulados,1,0
interage,1,0
federativo,1,0
suscitando,1,0
impugnado,1,0
catalogo,1,0
blog,1,0
possou,1,0
restabelecidas,1,0
monista,1,0
orres,1,0
descarregada,1,0
odeiam,1,0
restritos,1,0
atacado,1,0
tecnicamente,1,0
calado,1,0
anulado,1,0
dento,1,0
estampado,1,0
niveis,1,0
informativa,1,0
medicos,1,0
amiro,1,0
constatando,1,0
avancasse,1,0
comprometidos,1,0
interlocucao,1,0
vertente,1,0
pacificacao,1,0
significativo,1,0
enumerativo,1,0
concatenados,1,0
recuperei,1,0
turbas,1,0
estragar,1,0
reputacional,1,0
kattwinkel,1,0
promoveu,1,0
caminhei,1,0
ular,1,0
alcancam,1,0
requisitada,1,0
sodalicio,1,0
grandeza,1,0
seguros,1,0
progressivamente,1,0
assistindo,1,0
repita,1,0
rompe,1,0
gerada,1,0
explosao,1,0
marcharam,1,0
embarcou,1,0
subtraidos,1,0
deferimento,1,0
providenciassem,1,0
indeterminado,1,0
futuras,1,0
inspirou,1,0
rede,1,0
chamei,1,0
andei,1,0
mezanino,1,0
consistentes,1,0
desmontado,1,0
encoberto,1,0
residencias,1,0
referi,1,0
hd,1,0
deliberados,1,0
anarquista,1,0
personagens,1,0
defensivo,1,0
deslocado,1,0
caotico,1,0
documentais,1,0
fraudadas,1,0
indulto,1,0
atesta,1,0
visualizado,1,0
arregimentadas,1,0
elegeu,1,0
convergencia,1,0
protegiam,1,0
cooperou,1,0
substancias,1,0
mecias,1,0
huet,1,0
anais,1,0
pacificamente,1,0
abordado,1,0
custos,1,0
tentei,1,0
tracam,1,0
retirado,1,0
emergiu,1,0
cuba,1,0
excelentissimo,1,0
cooperando,1,0
ler,1,0
circulou,1,0
sanches,1,0
candida,1,0
coligados,1,0
elaborados,1,0
polarization,1,0
planejadas,1,0
eaae,1,0
hrs,1,0
concluem,1,0
extraordinarios,1,0
surpreendido,1,0
andares,1,0
tirada,1,0
ingressassem,1,0
bastao,1,0
enalteco,1,0
perfurocortantes,1,0
rompera,1,0
responderia,1,0
comunicado,1,0
casado,1,0
incriminadoras,1,0
operados,1,0
arcabouco,1,0
waldir,1,0
preocupou,1,0
revistas,1,0
somaram,1,0
deslegitimacao,1,0
intencional,1,0
decidiram,1,0
intermediaria,1,0
mandou,1,0
destacava,1,0
assumisse,1,0
hostilizando,1,0
almejava,1,0
chocotones,1,0
proclama,1,0
bricio,1,0
questionar,1,0
disciplinadas,1,0
culto,1,0
line,1,0
informaram,1,0
preparo,1,0
usei,1,0
principe,1,0
amam,1,0
streck,1,0
atentamente,1,0
passeio,1,0
zap,1,0
hostilizacao,1,0
rampinha,1,0
conferir,1,0
resertar,1,0
ajuizada,1,0
distribuiam,1,0
prontos,1,0
independe,1,0
faixada,1,0
argui,1,0
cortassem,1,0
solver,1,0
mentiras,1,0
chutaram,1,0
generico,1,0
assumido,1,0
rompem,1,0
espancado,1,0
meia,1,0
anteprojeto,1,0
buracos,1,0
inclinacao,1,0
resistem,1,0
patetico,1,0
ifaroni,1,0
robustas,1,0
buscam,1,0
ocasional,1,0
seguidores,1,0
visita,1,0
usados,1,0
resistencias,1,0
delitivo,1,0
irmanado,1,0
abolicaoviolenta,1,0
pago,1,0
matar,1,0
autoritario,1,0
integrem,1,0
retornei,1,0
alentado,1,0
elevadores,1,0
deliberado,1,0
projetando,1,0
promulgadas,1,0
gov,1,0
autenticamente,1,0
refletir,1,0
massivo,1,0
consubstanciado,1,0
triade,1,0
inconformadas,1,0
deitem,1,0
visualizacao,1,0
organico,1,0
mandante,1,0
estimulo,1,0
fenomenologia,1,0
normal,1,0
instantanea,1,0
defendiamos,1,0
sequestrados,1,0
indicaram,1,0
compromissado,1,0
comandar,1,0
haveno,1,0
comprovaram,1,0
tapecarias,1,0
fe,1,0
frequentava,1,0
ofusca,1,0
somando,1,0
repito,1,0
ostenta,1,0
pronunciou,1,0
ssis,1,0
atestar,1,0
milhao,1,0
recordou,1,0
fruto,1,0
humanidade,1,0
absolvo,1,0
degradacao,1,0
mangueira,1,0
antoine,1,0
vigorosamente,1,0
desconhecendo,1,0
comungo,1,0
noticiavam,1,0
inaugurou,1,0
abir,1,0
construida,1,0
desoladora,1,0
incumbente,1,0
socialnao,1,0
pudor,1,0
corf,1,0
lpiranga,1,0
patrimoniotombado,1,0
parcelas,1,0
sistematicos,1,0
estranhas,1,0
verse,1,0
libertar,1,0
meticulosa,1,0
escada,1,0
hashtag,1,0
sofrer,1,0
calamandrei,1,0
conflui,1,0
estatutos,1,0
paroxismo,1,0
amaldicioamento,1,0
ideologias,1,0
restabelecer,1,0
diarias,1,0
chances,1,0
cerco,1,0
viemos,1,0
frisando,1,0
ultimas,1,0
fortalecimento,1,0
firme,1,0
emocionadas,1,0
micro,1,0
corroborada,1,0
disparando,1,0
bateria,1,0
complementamente,1,0
dirige,1,0
obedece,1,0
emana,1,0
conducente,1,0
manuseavam,1,0
erosao,1,0
empilhadas,1,0
cortina,1,0
cominacao,1,0
decretar,1,0
eficacia,1,0
organizador,1,0
criptograficos,1,0
violentissismo,1,0
robustecido,1,0
faltando,1,0
descansado,1,0
tornava,1,0
confiabilidade,1,0
digressao,1,0
adentrando,1,0
arcou,1,0
sapato,1,0
escalonou,1,0
ferramentas,1,0
recordado,1,0
movimenta,1,0
escola,1,0
solidario,1,0
abandonam,1,0
republicana,1,0
correlacao,1,0
oscilando,1,0
hamilton,1,0
esculturas,1,0
estendemos,1,0
provada,1,0
requisitar,1,0
repetidamente,1,0
retrocesso,1,0
cumpriu,1,0
denotar,1,0
minudencia,1,0
errada,1,0
cumprindo,1,0
fanatismo,1,0
rebater,1,0
autoritarios,1,0
expedido,1,0
renovados,1,0
nominacoes,1,0
avalio,1,0
silenciosamente,1,0
presenciar,1,0
dormir,1,0
metem,1,0
soltas,1,0
industria,1,0
insurgido,1,0
especiais,1,0
contravencao,1,0
corredor,1,0
existia,1,0
amarra,1,0
precisariam,1,0
fumaca,1,0
alimentam,1,0
explosivas,1,0
dormiram,1,0
massiva,1,0
acostadas,1,0
cavalcante,1,0
excelentissima,1,0
socorro,1,0
saloes,1,0
interagido,1,0
preciptar,1,0
intercorrencia,1,0
polarizacao,1,0
mercado,1,0
pessimamente,1,0
metalicos,1,0
estima,1,0
lancamento,1,0
guardando,1,0
debitos,1,0
aproveitar,1,0
antecederam,1,0
conjugada,1,0
capturado,1,0
irremediavelmente,1,0
desnuda,1,0
retrair,1,0
psicologicamente,1,0
oficializando,1,0
esclareceram,1,0
subcomandante,1,0
lancadas,1,0
asconcelos,1,0
proibiam,1,0
ordinaria,1,0
moro,1,0
estimuladas,1,0
entrelinhas,1,0
manifestado,1,0
ramiro,1,0
segurando,1,0
desceu,1,0
fileiras,1,0
climax,1,0
alastrar,1,0
congruencia,1,0
bloqueada,1,0
repensar,1,0
isolamento,1,0
pinturas,1,0
exercia,1,0
itamaraty,1,0
mostrava,1,0
piero,1,0
desigualdade,1,0
transversais,1,0
dedicou,1,0
dedicacao,1,0
habil,1,0
deliberadamente,1,0
tristeza,1,0
alegado,1,0
ferindo,1,0
fila,1,0
queimado,1,0
campanha,1,0
punitivismo,1,0
divulgado,1,0
abrigadas,1,0
anti,1,0
atkger,1,0
comandando,1,0
concede,1,0
escadas,1,0
inconfundiveis,1,0
adpf,1,0
quantitativo,1,0
reflexa,1,0
indignacao,1,0
amizade,1,0
passei,1,0
emprestada,1,0
aduziram,1,0
amplas,1,0
sossego,1,0
subversivos,1,0
constituiram,1,0
partida,1,0
enfrentou,1,0
disciplinares,1,0
basculante,1,0
colegiados,1,0
complexas,1,0
denotem,1,0
serpente,1,0
assistido,1,0
examinados,1,0
conseguira,1,0
cariz,1,0
postam,1,0
visados,1,0
recrudesciam,1,0
raras,1,0
escutar,1,0
lapso,1,0
tranquilo,1,0
vazios,1,0
habeis,1,0
consentaneo,1,0
emotivo,1,0
reportando,1,0
alibi,1,0
hall,1,0
acontecem,1,0
anunciou,1,0
tramitar,1,0
desbarata,1,0
comparar,1,0
pegando,1,0
decaimento,1,0
conflito,1,0
celere,1,0
atingida,1,0
formaram,1,0
efigenia,1,0
defendia,1,0
visualizaram,1,0
desalento,1,0
atacada,1,0
fronteira,1,0
questionadas,1,0
levantei,1,0
inteligivel,1,0
advertem,1,0
reprimem,1,0
perpetrado,1,0
dream,1,0
contagem,1,0
detalho,1,0
hiago,1,0
preparasse,1,0
comunismo,1,0
externa,1,0
insculpidos,1,0
derivam,1,0
realocar,1,0
leis,1,0
retardar,1,0
terceiras,1,0
gr,1,0
democracias,1,0
proximidade,1,0
autocontrole,1,0
boca,1,0
outsiders,1,0
pipa,1,0
gostaria,1,0
comecei,1,0
desconformidade,1,0
benesses,1,0
alertando,1,0
esquerdo,1,0
inimaginaveis,1,0
simpatizantes,1,0
imagino,1,0
descumprimento,1,0
lnstagram,1,0
seletivo,1,0
evidentes,1,0
flertassem,1,0
retratado,1,0
planificada,1,0
setores,1,0
certificar,1,0
mi,1,0
contingente,1,0
ajustada,1,0
trator,1,0
resumos,1,0
garantidos,1,0
ostente,1,0
periodicas,1,0
alunos,1,0
fiscalizou,1,0
encontrei,1,0
inspirados,1,0
recintos,1,0
takeover,1,0
minudentemente,1,0
questionado,1,0
pareceu,1,0
hungria,1,0
punicoes,1,0
ardua,1,0
auditavel,1,0
restritivas,1,0
services,1,0
baseando,1,0
corolario,1,0
buscaram,1,0
vivemos,1,0
viagens,1,0
sintonia,1,0
desafiador,1,0
ilegitima,1,0
escurecer,1,0
descritivas,1,0
antipolitica,1,0
patriotismo,1,0
comemoracao,1,0
falido,1,0
legitimado,1,0
diferente,1,0
contempor,1,0
digo,1,0
mecanismos,1,0
estampa,1,0
deslocaram,1,0
viceja,1,0
audiovisual,1,0
agendas,1,0
aferidos,1,0
rotineiros,1,0
dpdce,1,0
pedra,1,0
incriminar,1,0
sozinho,1,0
times,1,0
publicada,1,0
endossavam,1,0
escoltado,1,0
abriela,1,0
amazonas,1,0
dcdc,1,0
afastando,1,0
falcao,1,0
ocorreria,1,0
repise,1,0
mensalmente,1,0
avisei,1,0
sentiu,1,0
clemencia,1,0
sobressaltos,1,0
coalizoes,1,0
criticos,1,0
visualizei,1,0
alvejado,1,0
bsb,1,0
proximas,1,0
mentira,1,0
guarita,1,0
impressiona,1,0
algemou,1,0
aludidos,1,0
proletariado,1,0
levava,1,0
assinalados,1,0
colhidas,1,0
radicalizaram,1,0
postar,1,0
recrudescimento,1,0
exemplifica,1,0
avisando,1,0
incidirem,1,0
desapreco,1,0
idealizou,1,0
derrota,1,0
captadas,1,0
conservacao,1,0
votuporanga,1,0
encampada,1,0
desapareceram,1,0
estendidas,1,0
externas,1,0
simbolos,1,0
jhonatan,1,0
lazaro,1,0
confiamos,1,0
noticiados,1,0
cultura,1,0
turista,1,0
trabalham,1,0
afirmacoes,1,0
existiam,1,0
corolarios,1,0
revisitacao,1,0
ocupando,1,0
colher,1,0
bfbb,1,0
escutei,1,0
antemao,1,0
corrompidos,1,0
uber,1,0
dirigidos,1,0
golpes,1,0
desce,1,0
pergunta,1,0
concorrerem,1,0
declara,1,0
compunha,1,0
evacuou,1,0
referendar,1,0
sucessao,1,0
ocasionados,1,0
ruins,1,0
empenho,1,0
journal,1,0
algemaram,1,0
controlado,1,0
facebook,1,0
paralisacao,1,0
eletrica,1,0
true,1,0
obteve,1,0
tasers,1,0
riquelme,1,0
come,1,0
movimentacoes,1,0
estimulou,1,0
quebras,1,0
dcp,1,0
patrocinador,1,0
resetar,1,0
salto,1,0
conseguissem,1,0
vasconcelos,1,0
lancaria,1,0
ui,1,0
sombrios,1,0
frigorifico,1,0
disseminou,1,0
escalado,1,0
topa,1,0
declinados,1,0
usou,1,0
aguardaria,1,0
gastos,1,0
curtidas,1,0
estivessem,1,0
propagar,1,0
deferir,1,0
disseminado,1,0
pnsao,1,0
dissuasao,1,0
queridas,1,0
vamoslibertarobrasil,1,0
permanecesse,1,0
deltan,1,0
variacoes,1,0
impar,1,0
portavam,1,0
sumula,1,0
ratificou,1,0
responsiva,1,0
resiste,1,0
natalia,1,0
spray,1,0
coloracao,1,0
compativel,1,0
silvares,1,0
alipio,1,0
comocao,1,0
suavizar,1,0
infamia,1,0
papupa,1,0
incauta,1,0
condenacoes,1,0
isolado,1,0
prestei,1,0
camisetas,1,0
revistou,1,0
sudeste,1,0
doutrinarias,1,0
parcela,1,0
configuraram,1,0
interpelado,1,0
resistisse,1,0
ostentam,1,0
tragico,1,0
remonta,1,0
tracada,1,0
sugestionados,1,0
douta,1,0
paradigma,1,0
vestigios,1,0
justino,1,0
ant,1,0
desempenharam,1,0
vota,1,0
convola,1,0
epistemologia,1,0
lastimaveis,1,0
desportivos,1,0
adentrado,1,0
incisiva,1,0
entreguei,1,0
observacoes,1,0
titulos,1,0
bigode,1,0
constituiria,1,0
negam,1,0
lealdade,1,0
sensivelmente,1,0
mimeo,1,0
american,1,0
indeleveis,1,0
lenio,1,0
expansao,1,0
serenidade,1,0
jogado,1,0
piorou,1,0
reincidente,1,0
concedido,1,0
compreende,1,0
intensas,1,0
casimiro,1,0
precisei,1,0
ouviram,1,0
coloquei,1,0
detectores,1,0
mencoes,1,0
ficarao,1,0
dalva,1,0
amarrada,1,0
incs,1,0
atestando,1,0
viesse,1,0
estrategias,1,0
xeque,1,0
liberais,1,0
manuseava,1,0
quatros,1,0
ensinam,1,0
barraca,1,0
supercilio,1,0
bifaroni,1,0
adentar,1,0
ajudei,1,0
felizmente,1,0
colocou,1,0
subordinacao,1,0
consumou,1,0
escritorios,1,0
regulamentos,1,0
pesquisa,1,0
permitidos,1,0
escritor,1,0
desarmado,1,0
cansado,1,0
acrescer,1,0
vidraca,1,0
sofas,1,0
devemos,1,0
cr,1,0
adversarios,1,0
erario,1,0
frageis,1,0
malversacao,1,0
amenizar,1,0
afetou,1,0
abstratamente,1,0
formadores,1,0
morrido,1,0
dependencia,1,0
desculpar,1,0
artes,1,0
defendendo,1,0
sancionado,1,0
lavajatismo,1,0
gesticula,1,0
invasor,1,0
cultos,1,0
mediocre,1,0
possibilitar,1,0
draconiano,1,0
prefacio,1,0
lente,1,0
circulando,1,0
associada,1,0
perpetrar,1,0
encaixam,1,0
influenciador,1,0
eirelle,1,0
contando,1,0
esquecer,1,0
propulsao,1,0
poderiamos,1,0
puro,1,0
karl,1,0
inerente,1,0
cruza,1,0
intolerancia,1,0
sustentaculo,1,0
roubada,1,0
trajar,1,0
biongos,1,0
tempestade,1,0
sucederam,1,0
comunista,1,0
saint,1,0
apreciaram,1,0
conseguida,1,0
breves,1,0
persistiu,1,0
tracados,1,0
negacionista,1,0
empregar,1,0
antecede,1,0
torcedor,1,0
schuwank,1,0
confirmadas,1,0
repressivo,1,0
violacoes,1,0
ajustados,1,0
passavam,1,0
requisitou,1,0
athar,1,0
pistola,1,0
explicitamente,1,0
continuas,1,0
folga,1,0
vinculante,1,0
cerimonia,1,0
manusear,1,0
alarde,1,0
posicionavam,1,0
molhar,1,0
venci,1,0
assentava,1,0
comecando,1,0
preenchidas,1,0
iniciam,1,0
machadinhas,1,0
avassaladora,1,0
portadores,1,0
dignamente,1,0
dedicaram,1,0
laje,1,0
mantive,1,0
alcancassem,1,0
torcidas,1,0
suba,1,0
aula,1,0
alterados,1,0
madeiras,1,0
assumiram,1,0
corrosao,1,0
achou,1,0
liguei,1,0
continuaram,1,0
invasoras,1,0
improprios,1,0
acessorias,1,0
engels,1,0
fomentadas,1,0
auxiliaram,1,0
obrigadas,1,0
prescindivel,1,0
roraima,1,0
retroceder,1,0
faculdades,1,0
geradores,1,0
comentada,1,0
vicejaram,1,0
assume,1,0
torcida,1,0
estive,1,0
friedrich,1,0
entoando,1,0
tragadas,1,0
frases,1,0
ultrapassar,1,0
empreita,1,0
ignorou,1,0
inconteste,1,0
atestam,1,0
milionarios,1,0
dividir,1,0
mantimentos,1,0
arrancadas,1,0
infiltracao,1,0
avancos,1,0
lupo,1,0
oficios,1,0
omissoes,1,0
dormiu,1,0
carregava,1,0
personalizado,1,0
endes,1,0
representativa,1,0
acirramento,1,0
yale,1,0
abastecidas,1,0
instituidos,1,0
falsidades,1,0
botijao,1,0
interpelados,1,0
promovida,1,0
banheiro,1,0
proselitismo,1,0
camuflada,1,0
morrem,1,0
revelavam,1,0
entregar,1,0
confrontantes,1,0
trajado,1,0
escritorio,1,0
foco,1,0
marcas,1,0
estilo,1,0
aponto,1,0
xingamentos,1,0
verdadeiras,1,0
despreza,1,0
prestou,1,0
asperas,1,0
verificam,1,0
adversos,1,0
danificando,1,0
empregadas,1,0
espalhados,1,0
enrolar,1,0
atiradeira,1,0
censurando,1,0
inconsistente,1,0
agradeco,1,0
expoentes,1,0
janelas,1,0
exclusivamente,1,0
divergia,1,0
apresente,1,0
afastavam,1,0
praticos,1,0
esforcar,1,0
xxix,1,0
pesquisas,1,0
cominadas,1,0
ery,1,0
preliminardo,1,0
tomados,1,0
materialidadee,1,0
abordadas,1,0
descortinam,1,0
saem,1,0
leva,1,0
reforcei,1,0
defensores,1,0
bombeiros,1,0
perseguidos,1,0
aperfeicoa,1,0
advertido,1,0
adianto,1,0
intermediou,1,0
criminalizado,1,0
causou,1,0
invocadas,1,0
senho,1,0
anestesiada,1,0
comprovando,1,0
cercas,1,0
influencers,1,0
patio,1,0
aproximando,1,0
desenvolveu,1,0
sciente,1,0
olhar,1,0
tumultuarias,1,0
diferenciado,1,0
restante,1,0
onda,1,0
escondido,1,0
rapidas,1,0
subia,1,0
abandono,1,0
eleadores,1,0
ilicitamente,1,0
acrescentavam,1,0
despropositado,1,0
relativizacao,1,0
ignorassem,1,0
ocha,1,0
ronda,1,0
mequetrefe,1,0
google,1,0
participavam,1,0
inundacao,1,0
secundado,1,0
frequenta,1,0
eleva,1,0
adpfs,1,0
temperanca,1,0
infiltraram,1,0
cometida,1,0
interagiu,1,0
coordenava,1,0
trama,1,0
mingua,1,0
souberam,1,0
ficasse,1,0
iminente,1,0
expunham,1,0
certificacao,1,0
afetadas,1,0
controlada,1,0
inibir,1,0
imperceptivel,1,0
frustracoes,1,0
dizia,1,0
abab,1,0
partiam,1,0
pautados,1,0
freedom,1,0
crises,1,0
doutora,1,0
exatos,1,0
desconhecessem,1,0
subi,1,0
sentadas,1,0
contribuirem,1,0
apontavam,1,0
judicias,1,0
manaus,1,0
instabilidade,1,0
propagados,1,0
dividiu,1,0
assistem,1,0
mensal,1,0
algemadas,1,0
densidade,1,0
porrada,1,0
alteridade,1,0
horarios,1,0
conotacao,1,0
renova,1,0
compatibilidade,1,0
minorias,1,0
deploraveis,1,0
enfatiza,1,0
vilipendiadas,1,0
disserta,1,0
implosao,1,0
maggi,1,0
fasede,1,0
sugere,1,0
preparou,1,0
impositiva,1,0
sobreloja,1,0
instigava,1,0
detalhe,1,0
fuligem,1,0
entrei,1,0
amealhados,1,0
juntos,1,0
deja,1,0
interessadas,1,0
doadorescandinha,1,0
ortibus,1,0
sairia,1,0
demandas,1,0
criada,1,0
agilizada,1,0
pequena,1,0
ouza,1,0
juntaram,1,0
parana,1,0
doarem,1,0
rosalina,1,0
lberto,1,0
tasso,1,0
querem,1,0
gratidao,1,0
begieli,1,0
maldita,1,0
viajou,1,0
ampaio,1,0
brasila,1,0
valorizar,1,0
comelio,1,0
arrecadamos,1,0
urgente,1,0
leito,1,0
recebera,1,0
encher,1,0
custeio,1,0
marechal,1,0
ferrenhamente,1,0
romano,1,0
parando,1,0
wilson,1,0
gerida,1,0
precisamos,1,0
tg,1,0
aprendendo,1,0
esfriar,1,0
ssociacao,1,0
biden,1,0
raujo,1,0
transportou,1,0
confidencial,1,0
priscila,1,0
deturpado,1,0
patrocinadores,1,0
fortes,1,0
mantidos,1,0
sombrio,1,0
acham,1,0
antietica,1,0
print,1,0
positivamente,1,0
fomentada,1,0
incentivar,1,0
aimundo,1,0
levantarem,1,0
serafim,1,0
cotejaram,1,0
deixem,1,0
quiser,1,0
geralmente,1,0
pelaquim,1,0
mexer,1,0
perola,1,0
definir,1,0
tondinelli,1,0
toque,1,0
desmonta,1,0
joslin,1,0
desesperados,1,0
aceitar,1,0
sorne,1,0
pros,1,0
apreensivel,1,0
rastreio,1,0
contratada,1,0
eatriz,1,0
divulgavam,1,0
empreendida,1,0
romeiro,1,0
indagou,1,0
viajando,1,0
ratificamos,1,0
heraldo,1,0
eite,1,0
perguntar,1,0
procopense,1,0
rocopio,1,0
postando,1,0
amalia,1,0
zuba,1,0
celularfone,1,0
aiva,1,0
aparecer,1,0
andro,1,0
intensificacao,1,0
doar,1,0
gratuita,1,0
doaria,1,0
trataram,1,0
papipinho,1,0
contrato,1,0
eghin,1,0
inato,1,0
nomerg,1,0
pique,1,0
bater,1,0
preferem,1,0
aurilio,1,0
cobrar,1,0
neutralizado,1,0
encontrada,1,0
preco,1,0
ima,1,0
nossas,1,0
terrestres,1,0
ireita,1,0
efetuando,1,0
viagemduvidas,1,0
receberem,1,0
orientacoes,1,0
minato,1,0
ito,1,0
tivas,1,0
mobilizando,1,0
conversaram,1,0
bota,1,0
loja,1,0
aspas,1,0
obs,1,0
faraco,1,0
transportaram,1,0
adaptar,1,0
deposito,1,0
figuraram,1,0
hj,1,0
cobrando,1,0
criouse,1,0
acostumado,1,0
articuladores,1,0
extraidas,1,0
envia,1,0
transportes,1,0
ocorreriam,1,0
digitais,1,0
dama,1,0
mattos,1,0
rebenta,1,0
entregou,1,0
indicativas,1,0
perder,1,0
elaedvaldo,1,0
uba,1,0
agilizando,1,0
gerenciaram,1,0
prima,1,0
intensos,1,0
arrecadacao,1,0
rg,1,0
presidiar,1,0
enviou,1,0
podridao,1,0
firmino,1,0
arredacao,1,0
promovido,1,0
requeridos,1,0
adoni,1,0
atti,1,0
fonso,1,0
conversando,1,0
financiando,1,0
indeferi,1,0
ama,1,0
publicar,1,0
sigilos,1,0
alvim,1,0
hagas,1,0
arregimentavam,1,0
frete,1,0
perdemos,1,0
abater,1,0
arrumou,1,0
erra,1,0
emotion,1,0
comprovante,1,0
percorrido,1,0
minatoainda,1,0
conversa,1,0
incentivadores,1,0
ucia,1,0
formados,1,0
papinha,1,0
carava,1,0
mariana,1,0
acorrendo,1,0
partiu,1,0
bandeirantes,1,0
nr,1,0
arrecadando,1,0
ornelio,1,0
evidenciou,1,0
viajar,1,0
eleuterio,1,0
imoral,1,0
celebrado,1,0
posicionar,1,0
obtidos,1,0
deodoro,1,0
motorsistas,1,0
motorizacao,1,0
conseguirem,1,0
continuaremos,1,0
enato,1,0
desmontar,1,0
citaram,1,0
arcio,1,0
inveridico,1,0
queira,1,0
aecd,1,0
impermeavel,1,0
percorrer,1,0
liva,1,0
interceder,1,0
considerava,1,0
preferia,1,0
sabemos,1,0
nascendo,1,0
filipo,1,0
posso,1,0
doando,1,0
fadoni,1,0
aie,1,0
ponte,1,0
adrn,1,0
proporcionar,1,0
odval,1,0
referindo,1,0
pendendo,1,0
pedroso,1,0
arredondados,1,0
mandei,1,0
terminal,1,0
cc,1,0
runa,1,0
battini,1,0
camaria,1,0
falo,1,0
aguardando,1,0
bate,1,0
sspp,1,0
floriano,1,0
sandro,1,0
vagas,1,0
previas,1,0
omeiro,1,0
icardo,1,0
ot,1,0
viajaram,1,0
eletrofato,1,0
repente,1,0
eloisa,1,0
podologa,1,0
anodeth,1,0
confirmando,1,0
eletricos,1,0
pega,1,0
oncalves,1,0
olasco,1,0
bruxa,1,0
estradas,1,0
bancar,1,0
modelar,1,0
criticou,1,0
beatrice,1,0
juntados,1,0
custear,1,0
lutando,1,0
ideais,1,0
ar,1,0
laboratorio,1,0
administradora,1,0
transparente,1,0
eatrice,1,0
olivia,1,0
ngelo,1,0
conversas,1,0
egiane,1,0
eletrotrafo,1,0
transferencia,1,0
topazio,1,0
pensei,1,0
ternos,1,0
liveira,1,0
efetuados,1,0
mensageiros,1,0
lidiane,1,0
legitimando,1,0
roubados,1,0
pacificos,1,0
ulio,1,0
depositou,1,0
pouquinho,1,0
conservadora,1,0
sabem,1,0
trechos,1,0
sacar,1,0
gama,1,0
depositar,1,0
teima,1,0
depositos,1,0
desempenhada,1,0
odrigo,1,0
reunindo,1,0
riscila,1,0
provoca,1,0
contrataram,1,0
interlocutora,1,0
chegarmos,1,0
oh,1,0
gravissimo,1,0
pontuou,1,0
telefones,1,0
apareceu,1,0
estabelecimentos,1,0
agrupamentos,1,0
estruturados,1,0
pontuei,1,0
desmembramentodeve,1,0
papiloscopicos,1,0
escuros,1,0
afdc,1,0
decisorios,1,0
gira,1,0
luan,1,0
aditada,1,0
campina,1,0
prerrogativafuncional,1,0
similaridade,1,0
paraiba,1,0
tomando,1,0
ferimento,1,0
promovendo,1,0
mantem,1,0
cansativa,1,0
exibindo,1,0
verdes,1,0
farma,1,0
extraiu,1,0
edcarlos,1,0
encerradas,1,0
posicionando,1,0
retratos,1,0
lmeida,1,0
roberio,1,0
majorada,1,0
certificou,1,0
veiculada,1,0
aditamento,1,0
instrui,1,0
discorrendo,1,0
comerciais,1,0
prerrogativade,1,0
anja,1,0
filmar,1,0
lido,1,0
emmanuel,1,0
respondera,1,0
suprimido,1,0
acompanharam,1,0
edital,1,0
bairro,1,0
reproduziu,1,0
corrido,1,0
neo,1,0
lindolfo,1,0
desparecer,1,0
patrioticos,1,0
financiadoras,1,0
recusar,1,0
desejassem,1,0
custeando,1,0
compreendeu,1,0
edith,1,0
originais,1,0
branco,1,0
coberto,1,0
desmembramentoem,1,0
bandana,1,0
pensionista,1,0
pb,1,0
invocados,1,0
justificaria,1,0
revogacao,1,0
maxilar,1,0
raymundo,1,0
transportar,1,0
newton,1,0
adita,1,0
simulando,1,0
afastados,1,0
preservado,1,0
posicionava,1,0
ostensivas,1,0
romilson,1,0
pedrosa,1,0
possibilitaria,1,0
transigir,1,0
depredadores,1,0
acampou,1,0
delgado,1,0
cerqueira,1,0
aprovaram,1,0
sobreira,1,0
desmobilizarem,1,0
johnny,1,0
jairo,1,0
ray,1,0
stephen,1,0
shaine,1,0
sabrina,1,0
catao,1,0
humeno,1,0
edimilson,1,0
regressarem,1,0
bispo,1,0
desmobilizar,1,0
reinaldo,1,0
kist,1,0
kleiton,1,0
jonastaniel,1,0
iglesias,1,0
candidatura,1,0
desiderato,1,0
assemelha,1,0
pakuszewski,1,0
partilhando,1,0
armond,1,0
edlene,1,0
alongasse,1,0
evandro,1,0
marizete,1,0
juntar,1,0
sobreprerrogativade,1,0
arrepiante,1,0
blusa,1,0
dodge,1,0
cris,1,0
deprejuizo,1,0
fomentado,1,0
motorista,1,0
porprerrogativade,1,0
ott,1,0
catorze,1,0
esth,1,0
desmembramentodos,1,0
encartados,1,0
churrascaria,1,0
desmembramentode,1,0
genetica,1,0
papiloscopico,1,0
prefeituras,1,0
mobilizado,1,0
responsabilizando,1,0
franksmar,1,0
uingentesimo,1,0
intencionadas,1,0
abreu,1,0
nelci,1,0
reprovar,1,0
gasparim,1,0
capirchio,1,0
tarifas,1,0
sidinei,1,0
melhores,1,0
cometeram,1,0
desideratos,1,0
sinval,1,0
warley,1,0
esbocar,1,0
vira,1,0
michely,1,0
falava,1,0
gentilmente,1,0
rindo,1,0
maurilio,1,0
requerido,1,0
esquema,1,0
solicitados,1,0
leoso,1,0
ergio,1,0
cicarelli,1,0
mando,1,0
ondinelli,1,0
comunicavam,1,0
esar,1,0
tesoureiro,1,0
vanas,1,0
ficariam,1,0
presidida,1,0
comentou,1,0
torrefacao,1,0
rufino,1,0
pagamentos,1,0
ladeira,1,0
puderem,1,0
ok,1,0
queles,1,0
emanuele,1,0
rito,1,0
entendeu,1,0
confirmar,1,0
contratacao,1,0
celindo,1,0
aniel,1,0
bi,1,0
comprovantes,1,0
negrao,1,0
grigoravicus,1,0
colaborar,1,0
modelando,1,0
imagina,1,0
beselimo,1,0
eracin,1,0
arrecadaram,1,0
cansoni,1,0
eto,1,0
nadir,1,0
topicos,1,0
movimentar,1,0
recado,1,0
gosta,1,0
darem,1,0
transferir,1,0
figurar,1,0
estruturando,1,0
arruma,1,0
voltaram,1,0
regiane,1,0
remetentes,1,0
devo,1,0
esperar,1,0
londrina,1,0
chame,1,0
desenvolvendo,1,0
edro,1,0
coco,1,0
cnmmoso,1,0
ria,1,0
cristo,1,0
removendo,1,0
elipe,1,0
elaquim,1,0
dou,1,0
fortalecer,1,0
direitacp,1,0
contratado,1,0
recomendando,1,0
araco,1,0
barato,1,0
floro,1,0
gatt,1,0
escolher,1,0
pericias,1,0
backup,1,0
disponibilizou,1,0
diferencas,1,0
aditamentos,1,0
conclama,1,0
empunhadas,1,0
hermerson,1,0
freire,1,0
prerrogativadeforo,1,0
dith,1,0
reire,1,0
invocou,1,0
hristina,1,0
oberio,1,0
reforcada,1,0
pontuando,1,0
exclama,1,0
prerrogativanesta,1,0
apistrano,1,0
postular,1,0
explicitar,1,0
contragolpebrasil,1,0
preceituado,1,0
dizlucaslima,1,0
tantas,1,0
gibrail,1,0
aguiar,1,0
standardsprobatorios,1,0
fatidica,1,0
uan,1,0
substitui,1,0
vassoler,1,0
informatica,1,0
investigativa,1,0
ipl,1,0
narcy,1,0
everton,1,0
custodias,1,0
vestida,1,0
oliva,1,0
corno,1,0
consistia,1,0
prestarem,1,0
vu,1,0
terra,1,0
publicou,1,0
orlanda,1,0
tenta,1,0
instalar,1,0
podcast,1,0
reghin,1,0
leoncio,1,0
ittencourt,1,0
mana,1,0
antidemocraticafinalidade,1,0
semi,1,0
ernanda,1,0
montar,1,0
convidar,1,0
pelada,1,0
duardo,1,0
ajudem,1,0
rpj,1,0
wilsinho,1,0
certinho,1,0
substituido,1,0
luizinho,1,0
marcar,1,0
invertida,1,0
ruim,1,0
pensando,1,0
articula,1,0
gostariarnos,1,0
sumi,1,0
nolasco,1,0
bradesco,1,0
anadeth,1,0
articular,1,0
lvany,1,0
ce,1,0
desconfiadas,1,0
alicate,1,0
retorna,1,0
difundiu,1,0
contentar,1,0
apacienciaacabou,1,0
arquitetura,1,0
solicitando,1,0
timida,1,0
pede,1,0
acionei,1,0
assertivas,1,0
chamam,1,0
algoritmo,1,0
democracy,1,0
instaurou,1,0
corredores,1,0
garrafa,1,0
tende,1,0
recolheram,1,0
longe,1,0
quantas,1,0
micaelles,1,0
brios,1,0
salve,1,0
contraditoria,1,0
rendidos,1,0
sancionar,1,0
arrolada,1,0
avanca,1,0
pronta,1,0
patriotico,1,0
instadas,1,0
escrivao,1,0
incitou,1,0
marx,1,0
detalharam,1,0
investigadores,1,0
subtracao,1,0
estudado,1,0
confissao,1,0
afirmada,1,0
lancaram,1,0
ilegalmente,1,0
aufere,1,0
apanhou,1,0
bamam,1,0
anotacao,1,0
fundamentaram,1,0
memoriais,1,0
pratique,1,0
permeou,1,0
impressao,1,0
acreditar,1,0
portador,1,0
indicava,1,0
aduzindo,1,0
rudimentar,1,0
obrigada,1,0
impeachment,1,0
esvaziamento,1,0
levitsky,1,0
janela,1,0
perdao,1,0
obrigatorio,1,0
angariado,1,0
queda,1,0
exatas,1,0
cheiro,1,0
incivilidade,1,0
carreira,1,0
impediam,1,0
substituicao,1,0
manejo,1,0
pretensa,1,0
jogou,1,0
denotaram,1,0
governante,1,0
presencial,1,0
escrever,1,0
minuciosa,1,0
margarete,1,0
universidade,1,0
atrairam,1,0
anonimamente,1,0
insumos,1,0
adicionar,1,0
demoramos,1,0
respondia,1,0
televisores,1,0
abandonando,1,0
farei,1,0
interessou,1,0
perverso,1,0
retratando,1,0
incapazes,1,0
transitorio,1,0
videomonitoramento,1,0
intermediacao,1,0
house,1,0
saudavel,1,0
viria,1,0
elidio,1,0
perversao,1,0
garca,1,0
institucionalmente,1,0
naturalistico,1,0
questionamentos,1,0
distribuia,1,0
generalizadamente,1,0
restauracao,1,0
procede,1,0
atendo,1,0
efetivadas,1,0
ventiladas,1,0
entendi,1,0
crescido,1,0
viveu,1,0
almoco,1,0
pretendendo,1,0
idoneo,1,0
sopro,1,0
comunitarios,1,0
coletada,1,0
partindo,1,0
clareza,1,0
desemprego,1,0
punir,1,0
anunciada,1,0
continuada,1,0
conheciam,1,0
superadas,1,0
indaguei,1,0
presume,1,0
hudson,1,0
derretimento,1,0
golpismo,1,0
injustas,1,0
enfraquece,1,0
compra,1,0
agressividade,1,0
nna,1,0
municipios,1,0
extenso,1,0
atendido,1,0
fechada,1,0
bolsonarista,1,0
steven,1,0
permaneci,1,0
gravadas,1,0
cientificado,1,0
sustentando,1,0
recentes,1,0
inquiridas,1,0
percebi,1,0
versus,1,0
ouvindo,1,0
agredir,1,0
criminalizava,1,0
coroneis,1,0
louquinho,1,0
mesa,1,0
triana,1,0
jogadas,1,0
afiancadas,1,0
achei,1,0
abusos,1,0
circular,1,0
impediram,1,0
mirados,1,0
novidade,1,0
virado,1,0
atravessa,1,0
reprimir,1,0
hastes,1,0
penapolis,1,0
repelia,1,0
radicalismo,1,0
corrompido,1,0
autoritarias,1,0
advogadas,1,0
ma,1,0
revistados,1,0
admitidas,1,0
conceitua,1,0
atalia,1,0
inquisitiva,1,0
cheguei,1,0
alteradas,1,0
autoral,1,0
review,1,0
visitacao,1,0
extremismo,1,0
voltava,1,0
resistindo,1,0
sucessivos,1,0
acostados,1,0
ofendendo,1,0
propagacoes,1,0
incumbido,1,0
corrobora,1,0
acessado,1,0
fenda,1,0
furtar,1,0
relatoio,1,0
merecedores,1,0
escondida,1,0
iminencia,1,0
pregacoes,1,0
tiraram,1,0
racistas,1,0
ilegitimamente,1,0
amostragem,1,0
assistencia,1,0
cobrindo,1,0
respondo,1,0
presenciado,1,0
executor,1,0
desimpedida,1,0
alcados,1,0
tenentes,1,0
deslocam,1,0
precisao,1,0
sant,1,0
afirmei,1,0
ferido,1,0
telescopico,1,0
alusivo,1,0
vazio,1,0
mutua,1,0
surgiu,1,0
vivem,1,0
armamentista,1,0
desequilibrio,1,0
inteligiveis,1,0
engajamento,1,0
combinacao,1,0
inutilizada,1,0
amasiado,1,0
bacelar,1,0
termina,1,0
familia,1,0
delegara,1,0
protraida,1,0
reportada,1,0
instaurara,1,0
representasse,1,0
ostentou,1,0
incentivando,1,0
pertencessem,1,0
time,1,0
guiaram,1,0
alvesda,1,0
punem,1,0
exigem,1,0
enfrentadas,1,0
reacionarismo,1,0
pavimentado,1,0
representam,1,0
furtado,1,0
adentra,1,0
sintomas,1,0
cofres,1,0
induvidosa,1,0
universo,1,0
extra,1,0
pintados,1,0
cerraram,1,0
cronica,1,0
funciona,1,0
insubsistentes,1,0
limitado,1,0
solidez,1,0
tragedia,1,0
continuam,1,0
reassuncao,1,0
celeridade,1,0
ziblatt,1,0
mobilia,1,0
aludindo,1,0
depredou,1,0
infertil,1,0
sincronia,1,0
rasteira,1,0
autorizado,1,0
encadeados,1,0
despensa,1,0
subitamente,1,0
regramentos,1,0
individuados,1,0
explicitaram,1,0
cortinas,1,0
jogados,1,0
comete,1,0
digno,1,0
postada,1,0
deduzindo,1,0
indissoluvel,1,0
pagou,1,0
preparar,1,0
extrajudicial,1,0
ruz,1,0
nariz,1,0
devolvidos,1,0
divulgados,1,0
transmissivel,1,0
tapumes,1,0
avos,1,0
depreendo,1,0
slogan,1,0
tribuna,1,0
especificada,1,0
intensificados,1,0
relatado,1,0
delinquencia,1,0
concernentes,1,0
orientou,1,0
trabalhado,1,0
escancara,1,0
ligou,1,0
internas,1,0
enrolamos,1,0
circula,1,0
mobiliarios,1,0
dominou,1,0
arioca,1,0
otacio,1,0
desafios,1,0
postaram,1,0
compartilhas,1,0
cornelia,1,0
adeira,1,0
barbaridades,1,0
carioca,1,0
sesso,1,0
sicredi,1,0
comentar,1,0
hein,1,0
cnpj,1,0
camisas,1,0
listagem,1,0
movimentaram,1,0
tasseli,1,0
extratos,1,0
feracin,1,0
funcionam,1,0
viacao,1,0
viajararn,1,0
acontecer,1,0
driano,1,0
mantinha,1,0
manu,1,0
rrapj,1,0
bozelli,1,0
atrapalhou,1,0
rei,1,0
seuglin,1,0
iss,1,0
presencialmente,1,0
bancassem,1,0
vaquinhas,1,0
tda,1,0
caracterizava,1,0
espuria,1,0
interceptar,1,0
apoiando,1,0
excelente,1,0
circulado,1,0
atacam,1,0
comprometerem,1,0
estimulados,1,0
milan,1,0
idealizados,1,0
informar,1,0
didatico,1,0
aliados,1,0
estampadas,1,0
apresentasse,1,0
veiculacao,1,0
lira,1,0
rasgadas,1,0
argumentativa,1,0
amigo,1,0
enviadas,1,0
mourao,1,0
beaba,1,0
izilda,1,0
sozinha,1,0
repassados,1,0
capitais,1,0
postou,1,0
aceito,1,0
nordeste,1,0
europa,1,0
fascistas,1,0
irresponsabilidade,1,0
derradeiro,1,0
apregoada,1,0
larissa,1,0
fretou,1,0
designara,1,0
incentivador,1,0
brincamos,1,0
mitsuyo,1,0
fechou,1,0
lateral,1,0
sonia,1,0
manifestada,1,0
mobilizar,1,0
servidao,1,0
patrocinado,1,0
emitida,1,0
pagadores,1,0
especificados,1,0
contratantes,1,0
carazzai,1,0
erreira,1,0
mantido,1,0
takahara,1,0
akahara,1,0
desesperado,1,0
cafe,1,0
olavo,1,0
esmagados,1,0
moagem,1,0
wilmar,1,0
doassem,1,0
cooptacao,1,0
umi,1,0
ecilio,1,0
conversamos,1,0
doadores,1,0
heloisa,1,0
fiel,1,0
ozelli,1,0
agilizar,1,0
cecilio,1,0
medir,1,0
gatti,1,0
constrular,1,0
fone,1,0
encaminhando,1,0
maral,1,0
transcricao,1,0
artistas,1,0
frequentes,1,0
gordo,1,0
ingerencia,1,0
rebentar,1,0
doou,1,0
prosseguiram,1,0
dumond,1,0
alinhar,1,0
queremos,1,0
beto,1,0
calcas,1,0
olhes,1,0
febre,1,0
transferido,1,0
despesa,1,0
bruna,1,0
mande,1,0
acio,1,0
odolfo,1,0
acionadas,1,0
antt,1,0
tracar,1,0
inferno,1,0
maringa,1,0
bonfim,1,0
licenca,1,0
promovidos,1,0
erafim,1,0
interlocutor,1,0
podval,1,0
agoniado,1,0
cleoso,1,0
batendo,1,0
viajariam,1,0
tacio,1,0
oao,1,0
viabiliza,1,0
referente,1,0
neide,1,0
convocatoria,1,0
integrados,1,0
fachada,1,0
defendeu,1,0
obsessao,1,0
alicates,1,0
coube,1,0
prestando,1,0
retornando,1,0
empurrada,1,0
infiltrar,1,0
perturbacao,1,0
folders,1,0
perfurocortante,1,0
severamente,1,0
avulta,1,0
adequando,1,0
retrocessos,1,0
deslocaria,1,0
nitidez,1,0
erigidas,1,0
concebido,1,0
encaminhasse,1,0
traga,1,0
desestabilizar,1,0
dallagnol,1,0
terriveis,1,0
poderio,1,0
ordenou,1,0
apresentaria,1,0
peru,1,0
instigador,1,0
zahar,1,0
esclarecer,1,0
argentina,1,0
largamente,1,0
levo,1,0
designada,1,0
permeavam,1,0
sofremos,1,0
capas,1,0
interagir,1,0
sofa,1,0
militant,1,0
informei,1,0
corrupto,1,0
vilipendiar,1,0
cometeu,1,0
gradil,1,0
transcurso,1,0
pertence,1,0
protetora,1,0
invocada,1,0
derradeiras,1,0
fissuras,1,0
reagir,1,0
gerador,1,0
torcedores,1,0
concessao,1,0
usa,1,0
aliando,1,0
imperioso,1,0
impostas,1,0
instiga,1,0
destruirem,1,0
residencial,1,0
alusoes,1,0
cruzando,1,0
reorganizar,1,0
inobservancia,1,0
indeterminacoes,1,0
criminalizada,1,0
manuseada,1,0
lazer,1,0
assistir,1,0
ejulgo,1,0
culturais,1,0
duramente,1,0
totalitarios,1,0
alarmantes,1,0
lucy,1,0
consumavam,1,0
ogal,1,0
political,1,0
sobe,1,0
luzes,1,0
fertil,1,0
carecem,1,0
singularidade,1,0
conceitual,1,0
monitoracao,1,0
merecer,1,0
ofendeu,1,0
executive,1,0
sinalizava,1,0
deitar,1,0
passasse,1,0
magistrada,1,0
incitamento,1,0
lowenstein,1,0
pegaram,1,0
condutora,1,0
desci,1,0
cultivam,1,0
fomentam,1,0
caminha,1,0
macico,1,0
planejado,1,0
abranger,1,0
incumbentes,1,0
eclosao,1,0
impulsionada,1,0
presidir,1,0
subsidiariedade,1,0
incalculaveis,1,0
explicitas,1,0
reforcando,1,0
arroubos,1,0
complemento,1,0
ocorrem,1,0
perfeito,1,0
calendario,1,0
vocacao,1,0
destruida,1,0
compartilhe,1,0
capachos,1,0
rapido,1,0
faco,1,0
emocoes,1,0
comprar,1,0
secundarios,1,0
acidentar,1,0
svolik,1,0
citar,1,0
atear,1,0
desempregado,1,0
mandatos,1,0
armamentos,1,0
tombada,1,0
propagam,1,0
manejados,1,0
sectarismo,1,0
curta,1,0
saudacao,1,0
provocam,1,0
hery,1,0
urbanismo,1,0
arremesso,1,0
cdce,1,0
maquiavel,1,0
imposta,1,0
convertido,1,0
derrubaram,1,0
resigna,1,0
atuam,1,0
excitacao,1,0
lancou,1,0
triste,1,0
medicamentos,1,0
visualmente,1,0
constranger,1,0
suprimentos,1,0
