doc_id,term
a_080.txt,portaria
a_080.txt,thomson
a_080.txt,criticou
a_080.txt,nordeste
a_080.txt,indicios
a_080.txt,izilda
a_080.txt,alarmante
a_080.txt,verificado
a_080.txt,oferecer
a_080.txt,financiador
a_080.txt,secao
a_080.txt,incentivador
a_080.txt,conjunta
a_080.txt,criacao
a_080.txt,incendios
a_080.txt,rhc
a_080.txt,schawabe
a_080.txt,exigidos
a_080.txt,invadiu
a_080.txt,judicial
a_080.txt,acerca
a_080.txt,mourao
a_080.txt,empresario
a_080.txt,presidenciais
a_080.txt,legado
a_080.txt,m
a_080.txt,aumenta
a_080.txt,liberal
a_080.txt,exposicao
a_080.txt,planos
a_080.txt,inconstitucionais
a_080.txt,convocatoria
a_080.txt,processuais
a_080.txt,materiais
a_080.txt,precisara
a_080.txt,xix
a_080.txt,constituicao
a_080.txt,povo
a_080.txt,funcao
a_080.txt,importante
a_080.txt,pedidos
a_080.txt,rompimento
a_080.txt,fora
a_080.txt,policial
a_080.txt,logo
a_080.txt,senhor
a_080.txt,justificar
a_080.txt,estiver
a_080.txt,coisas
a_080.txt,tenham
a_080.txt,sm
a_080.txt,eclosao
a_080.txt,arbitrio
a_080.txt,justica
a_080.txt,livro
a_080.txt,substituida
a_080.txt,fundamentada
a_080.txt,atuacao
a_080.txt,reduzem
a_080.txt,perpetuidade
a_080.txt,prova
a_080.txt,investigados
a_080.txt,ocorridos
a_080.txt,finalidade
a_080.txt,minuciosamente
a_080.txt,rol
a_080.txt,cometer
a_080.txt,corresponde
a_080.txt,numero
a_080.txt,evidencie
a_080.txt,calendario
a_080.txt,subsome
a_080.txt,incentivaram
a_080.txt,epresentacao
a_080.txt,criticas
a_080.txt,visavam
a_080.txt,devido
a_080.txt,significativa
a_080.txt,unico
a_080.txt,haverem
a_080.txt,virtude
a_080.txt,comprar
a_080.txt,compartilhe
a_080.txt,iphan
a_080.txt,inicio
a_080.txt,exame
a_080.txt,mil
a_080.txt,exauriente
a_080.txt,satisfacao
a_080.txt,ele
a_080.txt,alemas
a_080.txt,terroristas
a_080.txt,utos
a_080.txt,preparatorios
a_080.txt,orientar
a_080.txt,portas
a_080.txt,trocadas
a_080.txt,narrando
a_080.txt,deste
a_080.txt,prejuizo
a_080.txt,ocorria
a_080.txt,clausula
a_080.txt,nn
a_080.txt,determinada
a_080.txt,extrato
a_080.txt,braganca
a_080.txt,frequencia
a_080.txt,obrigatoriamente
a_080.txt,delacao
a_080.txt,intervenientes
a_080.txt,ideias
a_080.txt,camaras
a_080.txt,grande
a_080.txt,exercicio
a_080.txt,terceiros
a_080.txt,vinte
a_080.txt,instrucao
a_080.txt,ap
a_080.txt,qg
a_080.txt,biblioteca
a_080.txt,cep
a_080.txt,escalada
a_080.txt,consagrou
a_080.txt,urnas
a_080.txt,dano
a_080.txt,comentado
a_080.txt,global
a_080.txt,abrangeram
a_080.txt,essencia
a_080.txt,regido
a_080.txt,constituido
a_080.txt,sentido
a_080.txt,delibacao
a_080.txt,correa
a_080.txt,suficiencia
a_080.txt,veiculos
a_080.txt,nova
a_080.txt,notadamente
a_080.txt,cpi
a_080.txt,roberto
a_080.txt,petreas
a_080.txt,gerador
a_080.txt,emprego
a_080.txt,participacao
a_080.txt,residente
a_080.txt,ajude
a_080.txt,acordam
a_080.txt,antidemocratica
a_080.txt,hoje
a_080.txt,min
a_080.txt,todo
a_080.txt,omissivas
a_080.txt,excecoes
a_080.txt,legitimidade
a_080.txt,localizada
a_080.txt,superior
a_080.txt,desejado
a_080.txt,totalizaram
a_080.txt,expressa
a_080.txt,ambos
a_080.txt,quebra
a_080.txt,membros
a_080.txt,ventiladas
a_080.txt,financiar
a_080.txt,transacao
a_080.txt,uniao
a_080.txt,gerando
a_080.txt,desse
a_080.txt,verificou
a_080.txt,coletanea
a_080.txt,houverem
a_080.txt,adolescente
a_080.txt,pode
a_080.txt,lhe
a_080.txt,imputou
a_080.txt,arregimentar
a_080.txt,senados
a_080.txt,criminoso
a_080.txt,patria
a_080.txt,presenca
a_080.txt,protesto
a_080.txt,sendo
a_080.txt,insumos
a_080.txt,encontra
a_080.txt,estamos
a_080.txt,principios
a_080.txt,exige
a_080.txt,gas
a_080.txt,ellen
a_080.txt,inepta
a_080.txt,resultado
a_080.txt,valor
a_080.txt,propagacao
a_080.txt,causa
a_080.txt,mello
a_080.txt,ata
a_080.txt,pena
a_080.txt,alegacao
a_080.txt,atentatorios
a_080.txt,ausencia
a_080.txt,respondia
a_080.txt,formal
a_080.txt,prol
a_080.txt,ocorreu
a_080.txt,unidade
a_080.txt,narrou
a_080.txt,intermediacao
a_080.txt,impor
a_080.txt,impropria
a_080.txt,natureza
a_080.txt,realizados
a_080.txt,comeca
a_080.txt,organizaram
a_080.txt,descritos
a_080.txt,luiz
a_080.txt,hipotese
a_080.txt,direitos
a_080.txt,revelou
a_080.txt,praticarem
a_080.txt,objetiva
a_080.txt,incluindo
a_080.txt,compreendido
a_080.txt,resultaram
a_080.txt,pleno
a_080.txt,cruz
a_080.txt,ederal
a_080.txt,queria
a_080.txt,intersubjetivo
a_080.txt,fica
a_080.txt,detentores
a_080.txt,indicou
a_080.txt,apresentar
a_080.txt,devida
a_080.txt,toffoli
a_080.txt,indole
a_080.txt,compra
a_080.txt,direcionaram
a_080.txt,dupla
a_080.txt,concurso
a_080.txt,seria
a_080.txt,julgamento
a_080.txt,ampliaram
a_080.txt,dividiram
a_080.txt,patriotico
a_080.txt,milhares
a_080.txt,acusatorio
a_080.txt,limitacao
a_080.txt,trouxe
a_080.txt,iniciativa
a_080.txt,sugestao
a_080.txt,afetada
a_080.txt,bia
a_080.txt,original
a_080.txt,ocultar
a_080.txt,imputacoes
a_080.txt,normalmente
a_080.txt,organizar
a_080.txt,encontrados
a_080.txt,difundiu
a_080.txt,nacional
a_080.txt,excluidos
a_080.txt,al
a_080.txt,tao
a_080.txt,dilacao
a_080.txt,acampamentos
a_080.txt,ofertada
a_080.txt,necessario
a_080.txt,apacienciaacabou
a_080.txt,voluntariedade
a_080.txt,coincide
a_080.txt,estabilidade
a_080.txt,todos
a_080.txt,haja
a_080.txt,pede
a_080.txt,observar
a_080.txt,aprimorando
a_080.txt,segundos
a_080.txt,legislacoes
a_080.txt,levantamento
a_080.txt,cautelares
a_080.txt,incentivo
a_080.txt,verdadeira
a_080.txt,financiamento
a_080.txt,centenas
a_080.txt,impeachment
a_080.txt,concretizar
a_080.txt,artigo
a_080.txt,bamam
a_080.txt,anotacao
a_080.txt,detencao
a_080.txt,camara
a_080.txt,alexandre
a_080.txt,ref
a_080.txt,criminais
a_080.txt,objetividade
a_080.txt,fundamental
a_080.txt,acima
a_080.txt,parquet
a_080.txt,condenatoria
a_080.txt,louquinho
a_080.txt,terao
a_080.txt,realidade
a_080.txt,apresentando
a_080.txt,psicologicos
a_080.txt,normas
a_080.txt,realizou
a_080.txt,ponto
a_080.txt,estes
a_080.txt,suma
a_080.txt,agua
a_080.txt,titulariza
a_080.txt,atentados
a_080.txt,teses
a_080.txt,sob
a_080.txt,promoveram
a_080.txt,instruem
a_080.txt,suprema
a_080.txt,atividade
a_080.txt,elementos
a_080.txt,detalhadamente
a_080.txt,depredacao
a_080.txt,sigilo
a_080.txt,atribuicao
a_080.txt,linchamento
a_080.txt,republicanas
a_080.txt,revela
a_080.txt,carece
a_080.txt,prender
a_080.txt,tinha
a_080.txt,esta
a_080.txt,praticados
a_080.txt,identificados
a_080.txt,direcionados
a_080.txt,sentenca
a_080.txt,regimental
a_080.txt,conformidade
a_080.txt,instrumentos
a_080.txt,demonstrativa
a_080.txt,alvesda
a_080.txt,causado
a_080.txt,setecentos
a_080.txt,diante
a_080.txt,confronto
a_080.txt,escopo
a_080.txt,juntamente
a_080.txt,respeitados
a_080.txt,predio
a_080.txt,admitem
a_080.txt,alguma
a_080.txt,processual
a_080.txt,promoverem
a_080.txt,tramitam
a_080.txt,slogan
a_080.txt,analisadas
a_080.txt,desta
a_080.txt,orgaos
a_080.txt,d
a_080.txt,quatrocentos
a_080.txt,encaixa
a_080.txt,maioria
a_080.txt,relevantes
a_080.txt,torres
a_080.txt,orientou
a_080.txt,igualmente
a_080.txt,autenticardocumento
a_080.txt,sede
a_080.txt,nesses
a_080.txt,unidades
a_080.txt,proibicao
a_080.txt,antiga
a_080.txt,destino
a_080.txt,dela
a_080.txt,elegado
a_080.txt,acordo
a_080.txt,constituicoes
a_080.txt,legais
a_080.txt,cf
a_080.txt,postada
a_080.txt,classificacao
a_080.txt,ruz
a_080.txt,tombados
a_080.txt,chamamentos
a_080.txt,mostra
a_080.txt,brasileiro
a_080.txt,conduta
a_080.txt,senao
a_080.txt,esteira
a_080.txt,legitimamente
a_080.txt,ww
a_080.txt,diferentemente
a_080.txt,autoridade
a_080.txt,eles
a_080.txt,prerrogativa
a_080.txt,previa
a_080.txt,unanimidade
a_080.txt,participou
a_080.txt,constam
a_080.txt,interregno
a_080.txt,consagrado
a_080.txt,capacidade
a_080.txt,estadios
a_080.txt,destruicao
a_080.txt,pegar
a_080.txt,exigir
a_080.txt,resultante
a_080.txt,individual
a_080.txt,sessenta
a_080.txt,corrompido
a_080.txt,imagem
a_080.txt,motivar
a_080.txt,construcao
a_080.txt,parte
a_080.txt,amplificado
a_080.txt,fake_news
a_080.txt,envolvendo
a_080.txt,isso
a_080.txt,optar
a_080.txt,fotos
a_080.txt,especifica
a_080.txt,deteriorar
a_080.txt,oferecida
a_080.txt,servicos
a_080.txt,afasta
a_080.txt,suspensao
a_080.txt,crime
a_080.txt,consequencias
a_080.txt,diplomacao
a_080.txt,comprovada
a_080.txt,rampa
a_080.txt,plenitude
a_080.txt,ministros
a_080.txt,engajamento
a_080.txt,resposta
a_080.txt,roubo
a_080.txt,vida
a_080.txt,organizacao
a_080.txt,recorde
a_080.txt,bacelar
a_080.txt,atua
a_080.txt,gilberto
a_080.txt,determinavam
a_080.txt,denunciado
a_080.txt,eticos
a_080.txt,constitui
a_080.txt,algumas
a_080.txt,estados
a_080.txt,realiza
a_080.txt,afirmou
a_080.txt,definidos
a_080.txt,manipulacao
a_080.txt,paulo
a_080.txt,nome
a_080.txt,contribuicao
a_080.txt,falsa
a_080.txt,concretas
a_080.txt,geral
a_080.txt,cabe
a_080.txt,dirigirem
a_080.txt,diligencia
a_080.txt,decretadas
a_080.txt,publico
a_080.txt,vistos
a_080.txt,geschaftsordnungen
a_080.txt,pelos
a_080.txt,iriam
a_080.txt,participar
a_080.txt,referem
a_080.txt,alemao
a_080.txt,nossa
a_080.txt,tentou
a_080.txt,milicias_digitais
a_080.txt,decorre
a_080.txt,absoluto
a_080.txt,indigitados
a_080.txt,militar
a_080.txt,demonstrem
a_080.txt,institucionais
a_080.txt,lucia
a_080.txt,ajudar
a_080.txt,praticadas
a_080.txt,whatsapp
a_080.txt,chamado
a_080.txt,delimitar
a_080.txt,recebida
a_080.txt,indicaram
a_080.txt,graves
a_080.txt,esses
a_080.txt,armas
a_080.txt,nesse
a_080.txt,fiz
a_080.txt,pix
a_080.txt,horas
a_080.txt,reconhecido
a_080.txt,envolvido
a_080.txt,dinheiro
a_080.txt,exclusividade
a_080.txt,admitiu
a_080.txt,brasileira
a_080.txt,violentas
a_080.txt,reuters
a_080.txt,postulantes
a_080.txt,previsoes
a_080.txt,lpiranga
a_080.txt,individualizada
a_080.txt,cp
a_080.txt,registrou
a_080.txt,mudanca
a_080.txt,anticrime
a_080.txt,ensinamentos
a_080.txt,antidemocraticas
a_080.txt,autor
a_080.txt,constitucionais
a_080.txt,golpistas
a_080.txt,podem
a_080.txt,financeira
a_080.txt,gayer
a_080.txt,causas
a_080.txt,almeida
a_080.txt,emana
a_080.txt,existira
a_080.txt,assim
a_080.txt,principal
a_080.txt,seriam
a_080.txt,magna
a_080.txt,poder
a_080.txt,impedindo
a_080.txt,cognicao
a_080.txt,inicie
a_080.txt,votos
a_080.txt,museu
a_080.txt,treze
a_080.txt,justa
a_080.txt,arregimentacao
a_080.txt,codigos
a_080.txt,inexistencia
a_080.txt,executados
a_080.txt,libertar
a_080.txt,apesar
a_080.txt,ocorrer
a_080.txt,teori
a_080.txt,investigada
a_080.txt,restringindo
a_080.txt,material
a_080.txt,hashtag
a_080.txt,zap
a_080.txt,desinibidoras
a_080.txt,resertar
a_080.txt,materialidade
a_080.txt,funcoes
a_080.txt,edson
a_080.txt,perturbando
a_080.txt,suporte
a_080.txt,hc
a_080.txt,dessa
a_080.txt,agr
a_080.txt,posterior
a_080.txt,fim
a_080.txt,gerais
a_080.txt,policia
a_080.txt,subjetivamente
a_080.txt,eletronicas
a_080.txt,senador
a_080.txt,aberta
a_080.txt,detalhada
a_080.txt,marco
a_080.txt,silva
a_080.txt,prontos
a_080.txt,julgar
a_080.txt,quibus
a_080.txt,confianca
a_080.txt,outros
a_080.txt,orleans
a_080.txt,inicial
a_080.txt,investigadas
a_080.txt,utilizado
a_080.txt,abolir
a_080.txt,cortassem
a_080.txt,alberto
a_080.txt,ementado
a_080.txt,recebeu
a_080.txt,amam
a_080.txt,chocotones
a_080.txt,deveria
a_080.txt,rede_social
a_080.txt,produto
a_080.txt,tanto
a_080.txt,localizadas
a_080.txt,cargos
a_080.txt,lamentaveis
a_080.txt,fonte
a_080.txt,sistema
a_080.txt,consubstanciada
a_080.txt,fundado
a_080.txt,deu
a_080.txt,verdadeiro
a_080.txt,jus
a_080.txt,alternativo
a_080.txt,havia
a_080.txt,imparcialidade
a_080.txt,pedido
a_080.txt,tipicidade
a_080.txt,f
a_080.txt,energia
a_080.txt,participado
a_080.txt,expondo
a_080.txt,metralhadora
a_080.txt,tombado
a_080.txt,ba
a_080.txt,permaneceu
a_080.txt,perante
a_080.txt,movimento
a_080.txt,gracie
a_080.txt,rn
a_080.txt,intervencoes
a_080.txt,explosivos
a_080.txt,onze
a_080.txt,convocacao
a_080.txt,ilva
a_080.txt,doze
a_080.txt,exigido
a_080.txt,efetivamente
a_080.txt,probatoria
a_080.txt,visando
a_080.txt,ordenamento
a_080.txt,bases
a_080.txt,depredando
a_080.txt,vandalismo
a_080.txt,garantir
a_080.txt,antidemocratico
a_080.txt,resultantes
a_080.txt,precedentes
a_080.txt,encerramento
a_080.txt,ataque
a_080.txt,seguidores
a_080.txt,fazendo
a_080.txt,mesmo
a_080.txt,moral
a_080.txt,proposto
a_080.txt,essencialmente
a_080.txt,premiada
a_080.txt,tirania
a_080.txt,bittencourt
a_080.txt,causando
a_080.txt,essa
a_080.txt,bastos
a_080.txt,virtual
a_080.txt,estiverem
a_080.txt,metade
a_080.txt,merito
a_080.txt,similar
a_080.txt,casos
a_080.txt,i
a_080.txt,momentos
a_080.txt,autoritarismo
a_080.txt,esfera
a_080.txt,crencas
a_080.txt,danos
a_080.txt,quadrilha
a_080.txt,santa
a_080.txt,pet
a_080.txt,alteracoes
a_080.txt,maximo
a_080.txt,mediante
a_080.txt,caracterizadores
a_080.txt,garantira
a_080.txt,j
a_080.txt,presidencia
a_080.txt,bloqueada
a_080.txt,esplanada
a_080.txt,vez
a_080.txt,flavio
a_080.txt,novo
a_080.txt,saraiva
a_080.txt,fosse
a_080.txt,respeito
a_080.txt,liberdade
a_080.txt,alcance
a_080.txt,inscrito
a_080.txt,pagina
a_080.txt,vicio
a_080.txt,culposo
a_080.txt,violentos
a_080.txt,aspectos
a_080.txt,protecao
a_080.txt,alheia
a_080.txt,bolsonaro
a_080.txt,caminhao
a_080.txt,bvr
a_080.txt,sintese
a_080.txt,ocorreram
a_080.txt,janeiro
a_080.txt,fato
a_080.txt,encontros
a_080.txt,eleitoral
a_080.txt,previstas
a_080.txt,conta
a_080.txt,acusado
a_080.txt,asconcelos
a_080.txt,caracteristica
a_080.txt,demanda
a_080.txt,garantia
a_080.txt,relatoria
a_080.txt,avancar
a_080.txt,media
a_080.txt,iniciaram
a_080.txt,populacao
a_080.txt,contexto
a_080.txt,adequacao
a_080.txt,ramiro
a_080.txt,levante
a_080.txt,objeto
a_080.txt,realizar
a_080.txt,historicos
a_080.txt,gomes
a_080.txt,surgimento
a_080.txt,caracterizacao
a_080.txt,defesa
a_080.txt,preliminar
a_080.txt,primeiros
a_080.txt,qualificado
a_080.txt,estabelecidos
a_080.txt,t
a_080.txt,oportunidade
a_080.txt,depredacoes
a_080.txt,protege
a_080.txt,separacao
a_080.txt,chegaram
a_080.txt,concretiza
a_080.txt,indispensavel
a_080.txt,interpretada
a_080.txt,necessaria
a_080.txt,opinioes
a_080.txt,r
a_080.txt,sui
a_080.txt,diversos
a_080.txt,apresentado
a_080.txt,afasto
a_080.txt,consequente
a_080.txt,ltda
a_080.txt,menor
a_080.txt,consciente
a_080.txt,quomodo
a_080.txt,urbanisticas
a_080.txt,recebo
a_080.txt,busca
a_080.txt,descritas
a_080.txt,devera
a_080.txt,redes_sociais
a_080.txt,centavos
a_080.txt,zacharias
a_080.txt,ausentes
a_080.txt,l
a_080.txt,contribuicoes
a_080.txt,cezar
a_080.txt,proclamacao
a_080.txt,vincula
a_080.txt,merecendo
a_080.txt,acolhimento
a_080.txt,avaliacoes
a_080.txt,prazo
a_080.txt,militares
a_080.txt,servidores
a_080.txt,olvidar
a_080.txt,emprestada
a_080.txt,significativamente
a_080.txt,norte
a_080.txt,hamilton
a_080.txt,exemplos
a_080.txt,prerrogativas
a_080.txt,carro
a_080.txt,prestaram
a_080.txt,aquele
a_080.txt,ssp
a_080.txt,investigacoes
a_080.txt,organizador
a_080.txt,houver
a_080.txt,obra
a_080.txt,intelectuais
a_080.txt,caravana
a_080.txt,aticando
a_080.txt,irem
a_080.txt,olicia
a_080.txt,cidades
a_080.txt,clausulas
a_080.txt,moraes
a_080.txt,convocou
a_080.txt,fundamentais
a_080.txt,historico
a_080.txt,nitido
a_080.txt,deixou
a_080.txt,privado
a_080.txt,autenticacao
a_080.txt,concretizam
a_080.txt,gustavo
a_080.txt,hipoteses
a_080.txt,permanente
a_080.txt,analisada
a_080.txt,debitos
a_080.txt,egoistico
a_080.txt,inutilizar
a_080.txt,kk
a_080.txt,receber
a_080.txt,consideracao
a_080.txt,juris
a_080.txt,instalacoes
a_080.txt,essas
a_080.txt,inteiro
a_080.txt,informacao
a_080.txt,precisava
a_080.txt,financiadores
a_080.txt,estabelecendo
a_080.txt,bem
a_080.txt,estrutura
a_080.txt,antidemocraticos
a_080.txt,telefonico
a_080.txt,importantes
a_080.txt,renato
a_080.txt,precisariam
a_080.txt,participarem
a_080.txt,possui
a_080.txt,avancou
a_080.txt,decidiu
a_080.txt,principio
a_080.txt,formuladas
a_080.txt,saudoso
a_080.txt,mandamento
a_080.txt,dirigida
a_080.txt,texto
a_080.txt,termos
a_080.txt,somaram
a_080.txt,samsung
a_080.txt,multitudinario
a_080.txt,praca
a_080.txt,estavam
a_080.txt,britto
a_080.txt,residuos
a_080.txt,trafico
a_080.txt,suposta
a_080.txt,associacao
a_080.txt,proclamadas
a_080.txt,salvaguardar
a_080.txt,lado
a_080.txt,determinaram
a_080.txt,arquivo
a_080.txt,observadas
a_080.txt,injusto
a_080.txt,estar
a_080.txt,barreiras
a_080.txt,inciso
a_080.txt,aniquilar
a_080.txt,garante
a_080.txt,judiciario
a_080.txt,tomadas
a_080.txt,deixado
a_080.txt,portanto
a_080.txt,instigacao
a_080.txt,infracoes
a_080.txt,administrativo
a_080.txt,proporcoes
a_080.txt,alcao
a_080.txt,atlas
a_080.txt,executores
a_080.txt,acusatoria
a_080.txt,gilmar
a_080.txt,feito
a_080.txt,pediu
a_080.txt,cometimento
a_080.txt,poderao
a_080.txt,creditos
a_080.txt,precisa
a_080.txt,mirabete
a_080.txt,acabar
a_080.txt,falou
a_080.txt,fundacao
a_080.txt,gente
a_080.txt,baseada
a_080.txt,doacoes
a_080.txt,contrarias
a_080.txt,expressivo
a_080.txt,ida
a_080.txt,componentes
a_080.txt,imprensa
a_080.txt,provocou
a_080.txt,ora
a_080.txt,toron
a_080.txt,continuo
a_080.txt,relativo
a_080.txt,empresa
a_080.txt,designios
a_080.txt,depredado
a_080.txt,dissolucao
a_080.txt,originalmente
a_080.txt,partir
a_080.txt,bancario
a_080.txt,tendencia
a_080.txt,fazia
a_080.txt,euautorizopresidente
a_080.txt,descambar
a_080.txt,reiterada
a_080.txt,meio
a_080.txt,grave
a_080.txt,urma
a_080.txt,oitocentos
a_080.txt,esgotaram
a_080.txt,paragrafo
a_080.txt,pacote
a_080.txt,democratico
a_080.txt,serios
a_080.txt,unior
a_080.txt,mensagens
a_080.txt,financeiros
a_080.txt,integrantes
a_080.txt,arte
a_080.txt,queima
a_080.txt,jnstituinte
a_080.txt,mantinham
a_080.txt,omissao
a_080.txt,contravencoes
a_080.txt,postagem
a_080.txt,grupo
a_080.txt,sustenta
a_080.txt,recentemente
a_080.txt,contem
a_080.txt,direcionada
a_080.txt,elegeu
a_080.txt,mes
a_080.txt,procedimentos
a_080.txt,verificacao
a_080.txt,motivo
a_080.txt,lumen
a_080.txt,tese
a_080.txt,conhecimento
a_080.txt,org
a_080.txt,principalmente
a_080.txt,huet
a_080.txt,controlar
a_080.txt,tipicas
a_080.txt,crimes
a_080.txt,agora
a_080.txt,estejam
a_080.txt,malfadada
a_080.txt,autoria
a_080.txt,adv
a_080.txt,governo
a_080.txt,mencionado
a_080.txt,insurgencia
a_080.txt,habeas
a_080.txt,criminosos
a_080.txt,munido
a_080.txt,ultimos
a_080.txt,proced
a_080.txt,ocupado
a_080.txt,esse
a_080.txt,bitencourt
a_080.txt,conexao
a_080.txt,fachin
a_080.txt,apoio
a_080.txt,nascido
a_080.txt,desmontado
a_080.txt,relativas
a_080.txt,notificado
a_080.txt,corpus
a_080.txt,elas
a_080.txt,anteriores
a_080.txt,delinquente
a_080.txt,objetivas
a_080.txt,artistico
a_080.txt,cooperacao
a_080.txt,preenchimento
a_080.txt,massas
a_080.txt,responderia
a_080.txt,infracao
a_080.txt,excitacoes
a_080.txt,manifestacao
a_080.txt,investigam
a_080.txt,badaro
a_080.txt,palacio_do_planalto
a_080.txt,culposos
a_080.txt,continuou
a_080.txt,kicis
a_080.txt,tarde
a_080.txt,linchamentos
a_080.txt,sido
a_080.txt,obrigatoriedade
a_080.txt,relacionados
a_080.txt,extincao
a_080.txt,pp
a_080.txt,criminal
a_080.txt,noticia
a_080.txt,morrer
a_080.txt,antecipou
a_080.txt,praticou
a_080.txt,necessarios
a_080.txt,artefatos
a_080.txt,documento
a_080.txt,introducao
a_080.txt,ter
a_080.txt,integralmente
a_080.txt,relacao
a_080.txt,ministerio
a_080.txt,fabbrini
a_080.txt,discurso
a_080.txt,futebol
a_080.txt,sedes
a_080.txt,rua
a_080.txt,acao
a_080.txt,comeco
a_080.txt,bancarias
a_080.txt,golpe
a_080.txt,violenta
a_080.txt,pelo
a_080.txt,derecho
a_080.txt,este
a_080.txt,delegado
a_080.txt,blog
a_080.txt,aqui
a_080.txt,execucao
a_080.txt,testemunhas
a_080.txt,investigacao
a_080.txt,rimeira
a_080.txt,comportamentos
a_080.txt,vera
a_080.txt,vitima
a_080.txt,idoneos
a_080.txt,condicoes
a_080.txt,acusador
a_080.txt,delito
a_080.txt,martins
a_080.txt,definitivo
a_080.txt,importacao
a_080.txt,inepcia
a_080.txt,permitiu
a_080.txt,informou
a_080.txt,orres
a_080.txt,declarar
a_080.txt,ular
a_080.txt,joao
a_080.txt,contribuem
a_080.txt,adaptando
a_080.txt,municipio
a_080.txt,apurou
a_080.txt,iv
a_080.txt,assessoria
a_080.txt,incompetentes
a_080.txt,etc
a_080.txt,nitida
a_080.txt,pleito
a_080.txt,instalacao
a_080.txt,seguinte
a_080.txt,impropriedade
a_080.txt,amiro
a_080.txt,atendimento
a_080.txt,agentes
a_080.txt,responsabilizacao
a_080.txt,fundamentacao
a_080.txt,converte
a_080.txt,evitar
a_080.txt,representacao
a_080.txt,direito
a_080.txt,jurgem
a_080.txt,deve
a_080.txt,liderarem
a_080.txt,improcedente
a_080.txt,nem
a_080.txt,participante
a_080.txt,foro
a_080.txt,alves
a_080.txt,codigo
a_080.txt,prosseguimento
a_080.txt,imputado
a_080.txt,cometidos
a_080.txt,intransponiveis
a_080.txt,consagra
a_080.txt,proibir
a_080.txt,depois
a_080.txt,ministerial
a_080.txt,crianca
a_080.txt,reveste
a_080.txt,individualizados
a_080.txt,aprovacao
a_080.txt,incorporados
a_080.txt,indicar
a_080.txt,urna
a_080.txt,eett
a_080.txt,revelar
a_080.txt,tomada
a_080.txt,discricionariedade
a_080.txt,nilo
a_080.txt,naturalidade
a_080.txt,evolucao
a_080.txt,dezessete
a_080.txt,academia
a_080.txt,historica
a_080.txt,ativos
a_080.txt,publica
a_080.txt,alegou
a_080.txt,denunciar
a_080.txt,concorrer
a_080.txt,concorreu
a_080.txt,associou
a_080.txt,pequenos
a_080.txt,servico
a_080.txt,correspondente
a_080.txt,mantimentos
a_080.txt,coletiva
a_080.txt,afastamento
a_080.txt,ano
a_080.txt,ruptura
a_080.txt,invasoes
a_080.txt,administracao
a_080.txt,dizeres
a_080.txt,neste
a_080.txt,pratica
a_080.txt,extensao
a_080.txt,registro
a_080.txt,publicos
a_080.txt,recebimento
a_080.txt,tampouco
a_080.txt,decorrencia
a_080.txt,homicidio
a_080.txt,fraude
a_080.txt,internos
a_080.txt,preventiva
a_080.txt,aurelio
a_080.txt,contas
a_080.txt,pessoas
a_080.txt,juizos
a_080.txt,eventos
a_080.txt,qualificacao
a_080.txt,momento
a_080.txt,schuwank
a_080.txt,foram
a_080.txt,palavras
a_080.txt,conhecido
a_080.txt,necessidade
a_080.txt,obrigado
a_080.txt,acontecido
a_080.txt,fator
a_080.txt,detidos
a_080.txt,narra
a_080.txt,permita
a_080.txt,contra
a_080.txt,aquelas
a_080.txt,entrar
a_080.txt,atraves
a_080.txt,consolidar
a_080.txt,peticao
a_080.txt,seguintes
a_080.txt,sumaria
a_080.txt,criminosa
a_080.txt,agravada
a_080.txt,emissao
a_080.txt,tendo
a_080.txt,agente
a_080.txt,fiscalizacao
a_080.txt,live
a_080.txt,pudesse
a_080.txt,constituindo
a_080.txt,monitoramento
a_080.txt,aparelho
a_080.txt,defensiva
a_080.txt,possibilidade
a_080.txt,paridade
a_080.txt,afirma
a_080.txt,conteudos
a_080.txt,morrido
a_080.txt,representatividade
a_080.txt,existencia
a_080.txt,extrema
a_080.txt,pessoa
a_080.txt,integrado
a_080.txt,manha
a_080.txt,diverso
a_080.txt,cansado
a_080.txt,integrava
a_080.txt,conseguir
a_080.txt,diversas
a_080.txt,praticavam
a_080.txt,relatou
a_080.txt,proprio
a_080.txt,assumir
a_080.txt,situacao
a_080.txt,eticao
a_080.txt,fase
a_080.txt,encontravam
a_080.txt,disse
a_080.txt,referidos
a_080.txt,presente
a_080.txt,edoc
a_080.txt,positivista
a_080.txt,eletronico
a_080.txt,carmen
a_080.txt,cabendo
a_080.txt,postagens
a_080.txt,autores
a_080.txt,pleiteando
a_080.txt,carta
a_080.txt,opcao
a_080.txt,armazens
a_080.txt,eduardo
a_080.txt,prevencao
a_080.txt,chave
a_080.txt,analise
a_080.txt,acoes
a_080.txt,motivadamente
a_080.txt,regime
a_080.txt,apreendidos
a_080.txt,coisa
a_080.txt,jurisprudencia
a_080.txt,legislador
a_080.txt,recursos
a_080.txt,tratado
a_080.txt,exerca
a_080.txt,atos
a_080.txt,aperfeicoadas
a_080.txt,difundidos
a_080.txt,medidas
a_080.txt,voltavam
a_080.txt,eirelle
a_080.txt,novos
a_080.txt,ultimo
a_080.txt,acirramento
a_080.txt,atividades
a_080.txt,peca
a_080.txt,si
a_080.txt,zanin
a_080.txt,delitos
a_080.txt,atingindo
a_080.txt,extraprocessual
a_080.txt,termo
a_080.txt,dezembro
a_080.txt,direto
a_080.txt,captacao
a_080.txt,influir
a_080.txt,perseguicao
a_080.txt,sociedade
a_080.txt,c
a_080.txt,valores
a_080.txt,vidros
a_080.txt,mista
a_080.txt,girao
a_080.txt,ocha
a_080.txt,legitimo
a_080.txt,supostamente
a_080.txt,patrimonio
a_080.txt,candidato
a_080.txt,cel
a_080.txt,barroso
a_080.txt,rj
a_080.txt,concentracao
a_080.txt,estatal
a_080.txt,alem
a_080.txt,concretizacao
a_080.txt,interligados
a_080.txt,possibilitem
a_080.txt,incisos
a_080.txt,empregou
a_080.txt,higidez
a_080.txt,ouvido
a_080.txt,julgados
a_080.txt,disso
a_080.txt,maggi
a_080.txt,atentatorias
a_080.txt,imiscuir
a_080.txt,sobreloja
a_080.txt,devendo
a_080.txt,articulados
a_080.txt,havido
a_080.txt,cadeiras
a_080.txt,ed
a_080.txt,reportagem
a_080.txt,plano
a_080.txt,confirmou
a_080.txt,indicado
a_080.txt,encontram
a_080.txt,formulou
a_080.txt,denominados
a_080.txt,atribuidas
a_080.txt,rejeicao
a_080.txt,projeto
a_080.txt,podera
a_080.txt,livre
a_080.txt,concessionaria
a_080.txt,penas
a_080.txt,nesta
a_080.txt,democraticas
a_080.txt,arregimentado
a_080.txt,delituosas
a_080.txt,p
a_080.txt,ocorrido
a_080.txt,mendes
a_080.txt,seguir
a_080.txt,rel
a_080.txt,manaus
a_080.txt,descreva
a_080.txt,stiffung
a_080.txt,legislativas
a_080.txt,apta
a_080.txt,garantias
a_080.txt,competencia
a_080.txt,obstante
a_080.txt,traduz
a_080.txt,orgao
a_080.txt,maleficio
a_080.txt,razao
a_080.txt,estreita
a_080.txt,diversa
a_080.txt,produziu
a_080.txt,aponta
a_080.txt,botijao
a_080.txt,interlocutores
a_080.txt,protegidos
a_080.txt,weimar
a_080.txt,individuo
a_080.txt,previsto
a_080.txt,pregando
a_080.txt,crescimento
a_080.txt,s
a_080.txt,fechamento
a_080.txt,consideravel
a_080.txt,paginas
a_080.txt,sudamerica
a_080.txt,conseguinte
a_080.txt,intermediou
a_080.txt,lii
a_080.txt,afirmarem
a_080.txt,observancia
a_080.txt,conduzidas
a_080.txt,instagram
a_080.txt,ninguem
a_080.txt,alterado
a_080.txt,aspecto
a_080.txt,proporcionalidade
a_080.txt,racionalizar
a_080.txt,imputadas
a_080.txt,preve
a_080.txt,ressalte
a_080.txt,funcionais
a_080.txt,somente
a_080.txt,fez
a_080.txt,proprietario
a_080.txt,estendeu
a_080.txt,coleta
a_080.txt,fiscal
a_080.txt,logica
a_080.txt,so
a_080.txt,bloqueio
a_080.txt,introduzidas
a_080.txt,atenuadas
a_080.txt,rev
a_080.txt,caput
a_080.txt,tentado
a_080.txt,responderao
a_080.txt,generis
a_080.txt,modelo
a_080.txt,inovacoes
a_080.txt,confirmadas
a_080.txt,captar
a_080.txt,apuracao
a_080.txt,produzidas
a_080.txt,tipificacao
a_080.txt,falido
a_080.txt,descrita
a_080.txt,criminosas
a_080.txt,instaurado
a_080.txt,vinculada
a_080.txt,estampa
a_080.txt,caminhoneiros
a_080.txt,juiz
a_080.txt,rodovias
a_080.txt,anulam
a_080.txt,sera
a_080.txt,especifico
a_080.txt,imputacao
a_080.txt,havendo
a_080.txt,identidade
a_080.txt,narrar
a_080.txt,discutidos
a_080.txt,http
a_080.txt,ampl
a_080.txt,junior
a_080.txt,lves
a_080.txt,sobretudo
a_080.txt,afirmaram
a_080.txt,services
a_080.txt,discutir
a_080.txt,total
a_080.txt,transportado
a_080.txt,viagens
a_080.txt,culpabilidade
a_080.txt,final
a_080.txt,bandeiras
a_080.txt,gerou
a_080.txt,titular
a_080.txt,quid
a_080.txt,visto
a_080.txt,bsb
a_080.txt,eleicoes
a_080.txt,abrangente
a_080.txt,vigencia
a_080.txt,estando
a_080.txt,atuar
a_080.txt,auge
a_080.txt,maneira
a_080.txt,quis
a_080.txt,lexandre
a_080.txt,inqs
a_080.txt,independentes
a_080.txt,deterioracao
a_080.txt,lideres
a_080.txt,vive
a_080.txt,auxilio
a_080.txt,onibus
a_080.txt,outras
a_080.txt,multidao
a_080.txt,exemplifica
a_080.txt,magalhaes
a_080.txt,republica
a_080.txt,proposta
a_080.txt,vinculos
a_080.txt,elator
a_080.txt,majoritariamente
a_080.txt,comecar
a_080.txt,constatada
a_080.txt,estado
a_080.txt,celular
a_080.txt,julgador
a_080.txt,especificamente
a_080.txt,praticaram
a_080.txt,ocorrencia
a_080.txt,imagens
a_080.txt,analisar
a_080.txt,manifestacoes
a_080.txt,identificado
a_080.txt,ayres
a_080.txt,amazonas
a_080.txt,consideravelmente
a_080.txt,tratar
a_080.txt,meses
a_080.txt,qualquer
a_080.txt,traduzida
a_080.txt,xxvii
a_080.txt,senha
a_080.txt,ocasiao
a_080.txt,denuncia
a_080.txt,inseridos
a_080.txt,suficiente
a_080.txt,distincao
a_080.txt,determinacao
a_080.txt,ja
a_080.txt,producao
a_080.txt,policiais
a_080.txt,ameaca
a_080.txt,falcao
a_080.txt,apurar
a_080.txt,revelaram
a_080.txt,prosperar
a_080.txt,tipo
a_080.txt,tempos
a_080.txt,subjetivo
a_080.txt,nota
a_080.txt,sc
a_080.txt,registraram
a_080.txt,abalar
a_080.txt,la
a_080.txt,instituicao
a_080.txt,indubitavelmente
a_080.txt,cabo
a_080.txt,dentre
a_080.txt,grupos
a_080.txt,eis
a_080.txt,legal
a_080.txt,desses
a_080.txt,zavascki
a_080.txt,espacos
a_080.txt,voluntaria
a_080.txt,fronteira
a_080.txt,oeste
a_080.txt,amplo
a_080.txt,regimentos
a_080.txt,rapj
a_080.txt,diario
a_080.txt,clara
a_080.txt,armada
a_080.txt,contagem
a_080.txt,persecutorios
a_080.txt,expos
a_080.txt,possivel
a_080.txt,contraditorio
a_080.txt,fux
a_080.txt,frente
a_080.txt,instituicoes
a_080.txt,nulidade
a_080.txt,saques
a_080.txt,objetos
a_080.txt,obriga
a_080.txt,dj
a_080.txt,dream
a_080.txt,efigenia
a_080.txt,praticando
a_080.txt,instituto
a_080.txt,pontos
a_080.txt,cunho
a_080.txt,soma
a_080.txt,revelarem
a_080.txt,lnstagram
a_080.txt,problemas
a_080.txt,territorial
a_080.txt,comparacao
a_080.txt,pretender
a_080.txt,dignidade
a_080.txt,celso
a_080.txt,posicionamento
a_080.txt,insuflar
a_080.txt,esteve
a_080.txt,publicacoes
a_080.txt,anuncios
a_080.txt,absoluta
a_080.txt,preciosa
a_080.txt,ampla
a_080.txt,dv
a_080.txt,dentro
a_080.txt,apreendido
a_080.txt,redigidos
a_080.txt,essenciais
a_080.txt,respectivas
a_080.txt,atual
a_080.txt,nocoes
a_080.txt,apontado
a_080.txt,presentes
a_080.txt,ativantes
a_080.txt,compreensivel
a_080.txt,condicional
a_080.txt,praca_dos_tres_poderes
a_080.txt,inestimavel
a_080.txt,existente
a_080.txt,influencia
a_080.txt,atingiu
a_080.txt,profundamente
a_080.txt,autarquia
a_080.txt,edificios
a_080.txt,filho
a_080.txt,processos
a_080.txt,pipa
a_080.txt,inqueritos
a_080.txt,envolver
a_080.txt,configura
a_080.txt,estava
a_080.txt,condenacao
a_080.txt,tipificada
a_080.txt,brasil
a_080.txt,caminhada
a_080.txt,previamente
a_080.txt,imputa
a_080.txt,escreveu
a_080.txt,ofereceu
a_080.txt,sudeste
a_080.txt,descobrir
a_080.txt,delas
a_080.txt,cpf
a_080.txt,haviam
a_080.txt,caravanas
a_080.txt,anselmo
a_080.txt,camisetas
a_080.txt,compartilhada
a_080.txt,transporte
a_080.txt,liame
a_080.txt,provocaram
a_080.txt,face
a_080.txt,completamente
a_080.txt,objetivando
a_080.txt,vestindo
a_080.txt,alipio
a_080.txt,cpp
a_080.txt,articulado
a_080.txt,punibilidade
a_080.txt,ativismo
a_080.txt,todas
a_080.txt,oficial
a_080.txt,forca
a_080.txt,conquista
a_080.txt,quebrou
a_080.txt,ficarao
a_080.txt,declarou
a_080.txt,kabinettsjustiz
a_080.txt,constituida
a_080.txt,regiao
a_080.txt,tema
a_080.txt,compartilhamento
a_080.txt,associarem
a_080.txt,dando
a_080.txt,criminologia
a_080.txt,minimo
a_080.txt,seguranca
a_080.txt,juridico
a_080.txt,preceitos
a_080.txt,papel
a_080.txt,conteudo
a_080.txt,conhecam
a_080.txt,evidenciado
a_080.txt,incendio
a_080.txt,ilicita
a_080.txt,saque
a_080.txt,corrompidos
a_080.txt,separadamente
a_080.txt,medida
a_080.txt,adenauer
a_080.txt,lv
a_080.txt,pinacoteca
a_080.txt,devidamente
a_080.txt,proibi
a_080.txt,guiga
a_080.txt,vinculo
a_080.txt,tramite
a_080.txt,distrito
a_080.txt,particular
a_080.txt,dispositivos
a_080.txt,piloto
a_080.txt,paula
a_080.txt,base
a_080.txt,multitudinarios
a_080.txt,circunstancias
a_080.txt,br
a_080.txt,eleito
a_080.txt,terrorismo
a_080.txt,incorporadas
a_080.txt,ocupando
a_080.txt,textos
a_080.txt,instrumento
a_080.txt,corpo
a_080.txt,penal
a_080.txt,compreensao
a_080.txt,aderiu
a_080.txt,natural
a_080.txt,apresentada
a_080.txt,explosiva
a_080.txt,descrever
a_080.txt,reqte
a_080.txt,estrago
a_080.txt,violencia
a_080.txt,impresso
a_080.txt,disseminou
a_080.txt,exerce
a_080.txt,teor
a_080.txt,ambito
a_080.txt,prescricoes
a_080.txt,cometido
a_080.txt,drogas
a_080.txt,senado
a_080.txt,eqte
a_080.txt,reais
a_080.txt,tematica
a_080.txt,dias
a_080.txt,frigorifico
a_080.txt,escala
a_080.txt,volume
a_080.txt,critico
a_080.txt,lo
a_080.txt,motivos
a_080.txt,trata
a_080.txt,permanencia
a_080.txt,propor
a_080.txt,economia
a_080.txt,marcha
a_080.txt,unida
a_080.txt,nosso
a_080.txt,norma
a_080.txt,tempo
a_080.txt,viabilidade
a_080.txt,interessados
a_080.txt,publicas
a_080.txt,propositos
a_080.txt,intenso
a_080.txt,mauricio
a_080.txt,organizarem
a_080.txt,v
a_080.txt,assegurar
a_080.txt,excecao
a_080.txt,mestre
a_080.txt,formulados
a_080.txt,subindo
a_080.txt,adotada
a_080.txt,cidadaos
a_080.txt,tentativa
a_080.txt,fisicas
a_080.txt,propagar
a_080.txt,deputado
a_080.txt,vislumbra
a_080.txt,estrategia
a_080.txt,porem
a_080.txt,outra
a_080.txt,licao
a_080.txt,correspondesse
a_080.txt,nao
a_080.txt,corte
a_080.txt,suficientes
a_080.txt,for
a_080.txt,realizacao
a_080.txt,artigos
a_080.txt,concebidos
a_080.txt,verdade
a_080.txt,sociais
a_080.txt,carater
a_080.txt,destruiu
a_080.txt,area
a_080.txt,eqdo
a_080.txt,filipe
a_080.txt,duvidas
a_080.txt,compartilhou
a_080.txt,ensinado
a_080.txt,descricao
a_080.txt,deferir
a_080.txt,facilidade
a_080.txt,reclusao
a_080.txt,discussao
a_080.txt,disseminado
a_080.txt,tratando
a_080.txt,carla
a_080.txt,tentar
a_080.txt,rio
a_080.txt,elementares
a_080.txt,destrui
a_080.txt,pnsao
a_080.txt,recrutamento
a_080.txt,seja
a_080.txt,dissuasao
a_080.txt,intervencao
a_080.txt,privatividade
a_080.txt,reqdo
a_080.txt,convocatorio
a_080.txt,organizada
a_080.txt,judiciarios
a_080.txt,razoaveis
a_080.txt,imputando
a_080.txt,freitas
a_080.txt,tipos
a_080.txt,cometidas
a_080.txt,paineis
a_080.txt,sp
a_080.txt,mesma
a_080.txt,bens
a_080.txt,cristiano
a_080.txt,abolicao
a_080.txt,relatados
a_080.txt,in
a_080.txt,queridas
a_080.txt,incitadores
a_080.txt,programa
a_080.txt,estaduais
a_080.txt,pensamento
a_080.txt,passar
a_080.txt,regras
a_080.txt,monumental
a_080.txt,xliv
a_080.txt,historicamente
a_080.txt,mencionados
a_080.txt,aqueles
a_080.txt,demais
a_080.txt,seculo
a_080.txt,congresso_nacional
a_080.txt,investida
a_080.txt,aporte
a_080.txt,composicao
a_080.txt,vamoslibertarobrasil
a_080.txt,ordem
a_080.txt,minha
a_080.txt,merece
a_080.txt,democracia
a_080.txt,ddee
a_080.txt,requisitos
a_080.txt,declaracoes
a_080.txt,estivessem
a_080.txt,traumatica
a_080.txt,instauracao
a_080.txt,rocha
a_080.txt,outro
a_080.txt,telefone
a_080.txt,totalidade
a_080.txt,bloquear
a_080.txt,ui
a_080.txt,quanto
a_080.txt,ingressaram
a_080.txt,estimulou
a_080.txt,semelhanca
a_080.txt,congresso
a_080.txt,entender
a_080.txt,pluralismo
a_080.txt,via
a_080.txt,mesmos
a_080.txt,falas
a_080.txt,probatorio
a_080.txt,indicando
a_080.txt,antonio
a_080.txt,gravissima
a_080.txt,fixada
a_080.txt,pretende
a_080.txt,desrespeito
a_080.txt,eletrica
a_080.txt,coerente
a_080.txt,chegou
a_080.txt,true
a_080.txt,contou
a_080.txt,proibida
a_080.txt,deposicao
a_080.txt,penais
a_080.txt,dependendo
a_080.txt,apreensao
a_080.txt,propriedade
a_080.txt,caminho
a_080.txt,possibilidades
a_080.txt,teve
a_080.txt,afirmar
a_080.txt,obteve
a_080.txt,descreve
a_080.txt,narrativa
a_080.txt,previstos
a_080.txt,quinhentos
a_080.txt,judiciaria
a_080.txt,sul
a_080.txt,protegido
a_080.txt,tribunais
a_080.txt,elieser
a_080.txt,entendimento
a_080.txt,legalmente
a_080.txt,tasers
a_080.txt,referencia
a_080.txt,departamentos
a_080.txt,processar
a_080.txt,inclusive
a_080.txt,inicialmente
a_080.txt,preocupado
a_080.txt,lei
a_080.txt,juizo
a_080.txt,reacao
a_080.txt,b
a_080.txt,comprovar
a_080.txt,irao
a_080.txt,inflamavel
a_080.txt,entra
a_080.txt,ro
a_080.txt,anos
a_080.txt,conclusivo
a_080.txt,impedir
a_080.txt,denunciada
a_080.txt,arts
a_080.txt,posse
a_080.txt,conclusao
a_080.txt,compartilhadas
a_080.txt,ir
a_080.txt,coordenados
a_080.txt,permite
a_080.txt,ilegalidade
a_080.txt,primarios
a_080.txt,contudo
a_080.txt,milhoes
a_080.txt,conforme
a_080.txt,pretensao
a_080.txt,sutil
a_080.txt,forcas
a_080.txt,pensamentos
a_080.txt,come
a_080.txt,apenas
a_080.txt,expressao
a_080.txt,legalidade
a_080.txt,real
a_080.txt,financeiro
a_080.txt,nessa
a_080.txt,amolda
a_080.txt,realizada
a_080.txt,otoni
a_080.txt,observe
a_080.txt,editora
a_080.txt,facebook
a_080.txt,representa
a_080.txt,secretario
a_080.txt,dcp
a_080.txt,movimentacao
a_080.txt,entretanto
a_080.txt,patrocinador
a_080.txt,embora
a_080.txt,cientifica
a_080.txt,tais
a_080.txt,denunciadas
a_080.txt,u
a_080.txt,destruir
a_080.txt,periodo
a_080.txt,recepcionando
a_080.txt,resetar
a_080.txt,detalhar
a_080.txt,inumeros
a_080.txt,equipamentos
a_080.txt,nega
a_080.txt,ali
a_080.txt,animos
a_080.txt,pessoais
a_080.txt,propositura
a_080.txt,provimento
a_080.txt,curso
a_080.txt,nela
a_080.txt,genericamente
a_080.txt,amoldariam
a_080.txt,responsaveis
a_080.txt,possuem
a_080.txt,desde
a_080.txt,previsao
a_080.txt,konrad
a_080.txt,estruturantes
a_080.txt,federais
a_080.txt,preliminares
a_080.txt,isto
a_080.txt,dino
a_080.txt,metralhar
a_080.txt,pelas
a_080.txt,deputados
a_080.txt,acampamento
a_080.txt,incitacao
a_080.txt,persecutor
a_080.txt,fatos
a_080.txt,seiscentos
a_080.txt,estruturas
a_080.txt,claro
a_080.txt,investigado
a_080.txt,ipj
a_080.txt,iniciou
a_080.txt,individualizacao
a_080.txt,reunidas
a_080.txt,transitiva
a_080.txt,transparencia
a_080.txt,cada
a_080.txt,mostravam
a_080.txt,comissivas
a_080.txt,abrir
a_080.txt,mg
a_080.txt,salto
a_080.txt,jornalistas
a_080.txt,aplicacao
a_080.txt,ocorre
a_080.txt,eventualmente
a_080.txt,harmonicos
a_080.txt,atos_antidemocraticos
a_080.txt,conseguissem
a_080.txt,civis
a_080.txt,alguns
a_080.txt,exposto
a_080.txt,propriedades
a_080.txt,imitacao
a_080.txt,deixar
a_080.txt,politica
a_080.txt,consequencia
a_080.txt,persecucao
a_080.txt,asp
a_080.txt,sr
a_080.txt,multa
a_080.txt,transformando
a_080.txt,reprovacao
a_080.txt,durante
a_080.txt,republicanos
a_080.txt,cumpriria
a_080.txt,oitenta
a_080.txt,cumplice
a_080.txt,determinou
a_080.txt,influencias
a_080.txt,divulgou
a_080.txt,peixoto
a_080.txt,conformar
a_080.txt,agosto
a_080.txt,concedendo
a_080.txt,arquitetonicas
a_080.txt,junio
a_080.txt,auxiliis
a_080.txt,lutar
a_080.txt,ve
a_080.txt,n
a_080.txt,propaganda
a_080.txt,culminaram
a_080.txt,inviabilizar
a_080.txt,constitucional
a_080.txt,armadas
a_080.txt,inviabilidade
a_080.txt,restando
a_080.txt,phillipe
a_080.txt,objetivo
a_080.txt,vasconcelos
a_080.txt,pecas
a_080.txt,propria
a_080.txt,indispensaveis
a_080.txt,narrado
a_080.txt,lhes
a_080.txt,vantagem
a_080.txt,verifica
a_080.txt,varias
a_080.txt,ocupar
a_080.txt,lancar
a_080.txt,protagonismo
a_080.txt,pais
a_080.txt,batista
a_080.txt,recebido
a_080.txt,retroalimentando
a_080.txt,cozinha
a_080.txt,obras
a_080.txt,critica
a_080.txt,tt
a_080.txt,identificacao
a_080.txt,co
a_080.txt,evidente
a_080.txt,anpp
a_080.txt,padroes
a_080.txt,impunidade
a_080.txt,jordy
a_080.txt,predios
a_080.txt,atuando
a_080.txt,derivadas
a_080.txt,manual
a_080.txt,perpetrada
a_080.txt,morais
a_080.txt,zambelli
a_080.txt,pets
a_080.txt,caracterizando
a_080.txt,vender
a_080.txt,sem
a_080.txt,indica
a_080.txt,acusada
a_080.txt,imputados
a_080.txt,voltou
a_080.txt,permitindo
a_080.txt,istrito
a_080.txt,proferidas
a_080.txt,mensagem
a_080.txt,reconhecimento
a_080.txt,dr
a_080.txt,posteriormente
a_080.txt,diretamente
a_080.txt,amaral
a_080.txt,delegacia
a_080.txt,mitigada
a_080.txt,autorizacao
a_080.txt,inutilizacao
a_080.txt,independencia
a_080.txt,requerimento
a_080.txt,poderia
a_080.txt,alusao
a_080.txt,apurada
a_080.txt,tipica
a_080.txt,consequentemente
a_080.txt,desnecessario
a_080.txt,portal
a_080.txt,quebras
a_080.txt,oferecimento
a_080.txt,movimentacoes
a_080.txt,cima
a_080.txt,tumulto
a_080.txt,estao
a_080.txt,especialmente
a_080.txt,riquelme
a_080.txt,duracao
a_080.txt,exatamente
a_080.txt,mesas
a_080.txt,turma
a_080.txt,tem
a_080.txt,cometerem
a_080.txt,exemplo
a_080.txt,teria
a_080.txt,titularidade
a_080.txt,negocios
a_080.txt,oraes
a_080.txt,responsavel
a_080.txt,simplesmente
a_080.txt,dia
a_080.txt,moveis
a_080.txt,fenomeno
a_080.txt,fisico
a_080.txt,nessas
a_080.txt,poderes
a_080.txt,leonardo
a_080.txt,depor
a_080.txt,pela
a_080.txt,ainda
a_080.txt,manifestavam
a_080.txt,ato
a_080.txt,forma
a_080.txt,paralisacao
a_080.txt,lancaria
a_080.txt,agenda
a_080.txt,violento
a_080.txt,agravo
a_080.txt,escritos
a_080.txt,anuencia
a_080.txt,absolvicao
a_080.txt,grandes
a_080.txt,lugar
a_080.txt,juizes
a_080.txt,camisa
a_080.txt,anotacoes
a_080.txt,acusacao
a_080.txt,ii
a_080.txt,cinquenta
a_080.txt,participes
a_080.txt,plurissubjetivos
a_080.txt,bastasse
a_080.txt,analisa
a_080.txt,conseguido
a_080.txt,razoes
a_080.txt,maior
a_080.txt,ubi
a_080.txt,prestar
a_080.txt,ocorrendo
a_080.txt,requereu
a_080.txt,legitima
a_080.txt,inq
a_080.txt,dirigiram
a_080.txt,levar
a_080.txt,organizados
a_080.txt,facilitar
a_080.txt,contato
a_080.txt,autoridades
a_080.txt,invasao
a_080.txt,articulada
a_080.txt,resp
a_080.txt,majorado
a_080.txt,patriotas
a_080.txt,santiago
a_080.txt,pretendam
a_080.txt,novas
a_080.txt,julgado
a_080.txt,inquerito
a_080.txt,perfil
a_080.txt,julio
a_080.txt,caso
a_080.txt,meios
a_080.txt,barros
a_080.txt,curtidas
a_080.txt,conviccao
a_080.txt,substancia
a_080.txt,urteil
a_080.txt,condutas
a_080.txt,gastos
a_029.txt,portaria
a_029.txt,aguardaria
a_029.txt,ligadas
a_029.txt,secao
a_029.txt,destruiram
a_029.txt,usou
a_029.txt,ganhou
a_029.txt,declinados
a_029.txt,precluiu
a_029.txt,estabelecida
a_029.txt,incendios
a_029.txt,rhc
a_029.txt,inconfundivel
a_029.txt,dosimetria
a_029.txt,inerentes
a_029.txt,comentarios
a_029.txt,uniram
a_029.txt,ver
a_029.txt,fisica
a_029.txt,topa
a_029.txt,interpretar
a_029.txt,pm
a_029.txt,chinesa
a_029.txt,som
a_029.txt,inconstitucionais
a_029.txt,manifestar
a_029.txt,conjugacao
a_029.txt,tramitacao
a_029.txt,capitanio
a_029.txt,salienta
a_029.txt,escalado
a_029.txt,batalhao
a_029.txt,intencao
a_029.txt,q
a_029.txt,tracado
a_029.txt,pedidos
a_029.txt,taser
a_029.txt,tutelados
a_029.txt,sombrios
a_029.txt,aluguel
a_029.txt,inclutech
a_029.txt,precisar
a_029.txt,controlado
a_029.txt,some
a_029.txt,algemaram
a_029.txt,apontada
a_029.txt,journal
a_029.txt,seguiram
a_029.txt,portava
a_029.txt,subir
a_029.txt,revisitacao
a_029.txt,prova
a_029.txt,corolarios
a_029.txt,existiam
a_029.txt,tomado
a_029.txt,rol
a_029.txt,forte
a_029.txt,cometer
a_029.txt,afirmacoes
a_029.txt,trabalham
a_029.txt,bainha
a_029.txt,indiquem
a_029.txt,deploravel
a_029.txt,turista
a_029.txt,devido
a_029.txt,ferras
a_029.txt,cultura
a_029.txt,unico
a_029.txt,noticiados
a_029.txt,algum
a_029.txt,torna
a_029.txt,confiamos
a_029.txt,reiterados
a_029.txt,pertenceriam
a_029.txt,exame
a_029.txt,passaram
a_029.txt,mil
a_029.txt,referidas
a_029.txt,vale
a_029.txt,constitutivas
a_029.txt,lazaro
a_029.txt,jhonatan
a_029.txt,exito
a_029.txt,preparados
a_029.txt,simbolos
a_029.txt,prestigia
a_029.txt,dobro
a_029.txt,preparatorios
a_029.txt,portando
a_029.txt,externas
a_029.txt,desfavoravel
a_029.txt,rigidos
a_029.txt,estendidas
a_029.txt,ocorria
a_029.txt,mobilizasse
a_029.txt,veja
a_029.txt,nn
a_029.txt,totalizo
a_029.txt,extrato
a_029.txt,desapareceram
a_029.txt,bussola
a_029.txt,reservando
a_029.txt,qgex
a_029.txt,chefes
a_029.txt,camaras
a_029.txt,sparta
a_029.txt,utilizou
a_029.txt,aaii
a_029.txt,grande
a_029.txt,provido
a_029.txt,exercicio
a_029.txt,sejam
a_029.txt,atracao
a_029.txt,terceiros
a_029.txt,chegavam
a_029.txt,bons
a_029.txt,encampada
a_029.txt,acha
a_029.txt,contornaram
a_029.txt,votuporanga
a_029.txt,lesar
a_029.txt,proibido
a_029.txt,indevida
a_029.txt,naturalmente
a_029.txt,perfeitamente
a_029.txt,notadamente
a_029.txt,ilicitas
a_029.txt,cpi
a_029.txt,edocs
a_029.txt,internacionais
a_029.txt,dper
a_029.txt,colher
a_029.txt,residente
a_029.txt,bfbb
a_029.txt,interrogado
a_029.txt,buscando
a_029.txt,declarados
a_029.txt,atribuidos
a_029.txt,declara
a_029.txt,empenho
a_029.txt,antidemocratica
a_029.txt,designei
a_029.txt,niemeyer
a_029.txt,inexistindo
a_029.txt,ruins
a_029.txt,coqueteis
a_029.txt,ocasionados
a_029.txt,excecoes
a_029.txt,pretendido
a_029.txt,idade
a_029.txt,sucessao
a_029.txt,consolidacao
a_029.txt,referendar
a_029.txt,evacuou
a_029.txt,alterem
a_029.txt,riqueza
a_029.txt,financiar
a_029.txt,compunha
a_029.txt,concorrerem
a_029.txt,uniao
a_029.txt,interessante
a_029.txt,escutei
a_029.txt,pergunta
a_029.txt,comprovados
a_029.txt,lhe
a_029.txt,provenham
a_029.txt,semana
a_029.txt,visivel
a_029.txt,criminoso
a_029.txt,desce
a_029.txt,cursos
a_029.txt,golpes
a_029.txt,dirigidos
a_029.txt,uber
a_029.txt,manobra
a_029.txt,ajudando
a_029.txt,testemunha
a_029.txt,retirada
a_029.txt,incompativeis
a_029.txt,gas
a_029.txt,exaltados
a_029.txt,registrando
a_029.txt,antemao
a_029.txt,concretize
a_029.txt,mello
a_029.txt,quebrando
a_029.txt,plenamente
a_029.txt,permanecesse
a_029.txt,subsuncao
a_029.txt,conservacao
a_029.txt,externado
a_029.txt,complexo
a_029.txt,deltan
a_029.txt,prol
a_029.txt,assembleia
a_029.txt,oposicao
a_029.txt,criancas
a_029.txt,narrou
a_029.txt,feita
a_029.txt,dependem
a_029.txt,impar
a_029.txt,impropria
a_029.txt,malaree
a_029.txt,lenio
a_029.txt,transcrever
a_029.txt,indeleveis
a_029.txt,perseguido
a_029.txt,acionou
a_029.txt,direitos
a_029.txt,american
a_029.txt,mimeo
a_029.txt,reiteram
a_029.txt,reducao
a_029.txt,maniqueisticamente
a_029.txt,frisar
a_029.txt,indole
a_029.txt,sensivelmente
a_029.txt,direcionaram
a_029.txt,lealdade
a_029.txt,trazido
a_029.txt,acusatorio
a_029.txt,tirando
a_029.txt,quantificacao
a_029.txt,article
a_029.txt,original
a_029.txt,esclarece
a_029.txt,sei
a_029.txt,otica
a_029.txt,imputacoes
a_029.txt,normalmente
a_029.txt,encontrados
a_029.txt,concernente
a_029.txt,fosforos
a_029.txt,fenomenos
a_029.txt,mora
a_029.txt,prestacao
a_029.txt,al
a_029.txt,leite
a_029.txt,acampamentos
a_029.txt,contribuindo
a_029.txt,todos
a_029.txt,parecer
a_029.txt,sistematica
a_029.txt,cem
a_029.txt,encontro
a_029.txt,centrais
a_029.txt,acompanhar
a_029.txt,cumprida
a_029.txt,dispersavam
a_029.txt,esteves
a_029.txt,negam
a_029.txt,bigode
a_029.txt,epistemologia
a_029.txt,realizadas
a_029.txt,titulos
a_029.txt,observacoes
a_029.txt,dado
a_029.txt,acima
a_029.txt,terao
a_029.txt,realidade
a_029.txt,caixa
a_029.txt,parque
a_029.txt,aplicada
a_029.txt,realizou
a_029.txt,suma
a_029.txt,exaure
a_029.txt,malferimento
a_029.txt,entreguei
a_029.txt,dpe
a_029.txt,incisiva
a_029.txt,teses
a_029.txt,adentrado
a_029.txt,corporalis
a_029.txt,desportivos
a_029.txt,configure
a_029.txt,linchamento
a_029.txt,republicanas
a_029.txt,armado
a_029.txt,revela
a_029.txt,solidaria
a_029.txt,entidades
a_029.txt,perenidade
a_029.txt,lastimaveis
a_029.txt,expansao
a_029.txt,encarado
a_029.txt,constituiria
a_029.txt,incriminadores
a_029.txt,identificados
a_029.txt,praticados
a_029.txt,testemunhal
a_029.txt,condena
a_029.txt,regimental
a_029.txt,limitou
a_029.txt,serenidade
a_029.txt,correspondencias
a_029.txt,detectores
a_029.txt,constrangimento
a_029.txt,aliou
a_029.txt,demonstrativa
a_029.txt,criou
a_029.txt,concorreram
a_029.txt,quebrar
a_029.txt,viesse
a_029.txt,reflete
a_029.txt,secretaria
a_029.txt,aparato
a_029.txt,reconheco
a_029.txt,processual
a_029.txt,analisadas
a_029.txt,panorama
a_029.txt,puniveis
a_029.txt,maioria
a_029.txt,atestando
a_029.txt,relevantes
a_029.txt,sempre
a_029.txt,incs
a_029.txt,tratam
a_029.txt,questionou
a_029.txt,amarrada
a_029.txt,antiga
a_029.txt,indivisivel
a_029.txt,bustos
a_029.txt,educacao
a_029.txt,dalva
a_029.txt,materiae
a_029.txt,respostas
a_029.txt,mencoes
a_029.txt,reciproca
a_029.txt,tornaram
a_029.txt,uso
a_029.txt,coloquei
a_029.txt,piorou
a_029.txt,vou
a_029.txt,brasileiro
a_029.txt,esteira
a_029.txt,aquem
a_029.txt,motivam
a_029.txt,ww
a_029.txt,inviabilizada
a_029.txt,duvida
a_029.txt,ineficaz
a_029.txt,ouviram
a_029.txt,canto
a_029.txt,precisei
a_029.txt,casimiro
a_029.txt,intensas
a_029.txt,constam
a_029.txt,engendrada
a_029.txt,capacidade
a_029.txt,ensejou
a_029.txt,aditar
a_029.txt,destruicao
a_029.txt,homem
a_029.txt,compreende
a_029.txt,concedido
a_029.txt,exigir
a_029.txt,consideradas
a_029.txt,reincidente
a_029.txt,individual
a_029.txt,vigor
a_029.txt,denuncias
a_029.txt,indeterminada
a_029.txt,absolver
a_029.txt,jogado
a_029.txt,correm
a_029.txt,suspensa
a_029.txt,convola
a_029.txt,usado
a_029.txt,motivar
a_029.txt,vota
a_029.txt,fake_news
a_029.txt,envolvendo
a_029.txt,concreta
a_029.txt,toma
a_029.txt,edicoes
a_029.txt,desempenharam
a_029.txt,servicos
a_029.txt,condenacoes
a_029.txt,afasta
a_029.txt,verificadas
a_029.txt,crime
a_029.txt,boas
a_029.txt,culminar
a_029.txt,dimensao
a_029.txt,incauta
a_029.txt,diplomacao
a_029.txt,demonstrou
a_029.txt,reunido
a_029.txt,resposta
a_029.txt,devam
a_029.txt,roubo
a_029.txt,papupa
a_029.txt,infamia
a_029.txt,justamente
a_029.txt,subprocurador
a_029.txt,suavizar
a_029.txt,deus
a_029.txt,denunciado
a_029.txt,estados
a_029.txt,afirmou
a_029.txt,canivete
a_029.txt,comocao
a_029.txt,vai
a_029.txt,nome
a_029.txt,pgr
a_029.txt,contribuicao
a_029.txt,falsa
a_029.txt,ig
a_029.txt,silvares
a_029.txt,cabe
a_029.txt,analiso
a_029.txt,vistos
a_029.txt,incidem
a_029.txt,fundamento
a_029.txt,desenvolvimento
a_029.txt,compativel
a_029.txt,coloracao
a_029.txt,amor
a_029.txt,spray
a_029.txt,iriam
a_029.txt,referem
a_029.txt,reciproco
a_029.txt,natalia
a_029.txt,nossa
a_029.txt,resiste
a_029.txt,responsiva
a_029.txt,formais
a_029.txt,decorre
a_029.txt,ratificou
a_029.txt,serie
a_029.txt,serviram
a_029.txt,examino
a_029.txt,abuso
a_029.txt,tarefas
a_029.txt,sumula
a_029.txt,questionamento
a_029.txt,levaram
a_029.txt,regra
a_029.txt,fiz
a_029.txt,wallace
a_029.txt,reconhecido
a_029.txt,ditames
a_029.txt,executivo
a_029.txt,relatora
a_029.txt,reuters
a_029.txt,admite
a_029.txt,maxima
a_029.txt,representacoes
a_029.txt,assinalou
a_029.txt,ferocidade
a_029.txt,determinados
a_029.txt,portavam
a_029.txt,formada
a_029.txt,fragilidade
a_029.txt,incriminado
a_029.txt,antidemocraticas
a_029.txt,apresentei
a_029.txt,autor
a_029.txt,plataformas
a_029.txt,deteriorado
a_029.txt,golpistas
a_029.txt,gravissimos
a_029.txt,causas
a_029.txt,puderam
a_029.txt,existira
a_029.txt,desejos
a_029.txt,abstratos
a_029.txt,isolado
a_029.txt,ausentar
a_029.txt,prestei
a_029.txt,proferiam
a_029.txt,disposto
a_029.txt,incluidas
a_029.txt,remonta
a_029.txt,identificou
a_029.txt,arrancada
a_029.txt,allan
a_029.txt,quase
a_029.txt,ant
a_029.txt,limita
a_029.txt,justino
a_029.txt,vestigios
a_029.txt,paradigma
a_029.txt,barracas
a_029.txt,abusiva
a_029.txt,arregimentacao
a_029.txt,lembrar
a_029.txt,colocando
a_029.txt,restringindo
a_029.txt,aberto
a_029.txt,douta
a_029.txt,apreendidas
a_029.txt,desinibidoras
a_029.txt,tombamento
a_029.txt,materialidade
a_029.txt,penitenciario
a_029.txt,vedada
a_029.txt,sugestionados
a_029.txt,reeleito
a_029.txt,tracada
a_029.txt,tragico
a_029.txt,supoe
a_029.txt,agr
a_029.txt,eleicao
a_029.txt,policia
a_029.txt,demonstrativas
a_029.txt,revistou
a_029.txt,ostentam
a_029.txt,aberta
a_029.txt,detalhada
a_029.txt,resistisse
a_029.txt,silva
a_029.txt,inter
a_029.txt,abordados
a_029.txt,confianca
a_029.txt,indicados
a_029.txt,ideologica
a_029.txt,direcao
a_029.txt,interpelado
a_029.txt,parametro
a_029.txt,esperanca
a_029.txt,ementado
a_029.txt,vitoria
a_029.txt,recebeu
a_029.txt,cheios
a_029.txt,remetendo
a_029.txt,configuraram
a_029.txt,teixeira
a_029.txt,deveria
a_029.txt,parcela
a_029.txt,doutrinarias
a_029.txt,silvia
a_029.txt,efetivada
a_029.txt,tratou
a_029.txt,variacoes
a_029.txt,derrota
a_029.txt,sistema
a_029.txt,fundado
a_029.txt,inspiradores
a_029.txt,verdadeiro
a_029.txt,ilegal
a_029.txt,verossimilhanca
a_029.txt,recintos
a_029.txt,alternativo
a_029.txt,havia
a_029.txt,gudes
a_029.txt,idealizou
a_029.txt,mesmas
a_029.txt,tipicidade
a_029.txt,simpatizantes
a_029.txt,espontaneamente
a_029.txt,participado
a_029.txt,hassemer
a_029.txt,inimaginaveis
a_029.txt,diligencias
a_029.txt,reprovabilidade
a_029.txt,movimento
a_029.txt,pimenta
a_029.txt,continuar
a_029.txt,vencer
a_029.txt,buenos
a_029.txt,depos
a_029.txt,organizadas
a_029.txt,modus
a_029.txt,efetivamente
a_029.txt,esquerdo
a_029.txt,depredando
a_029.txt,vandalismo
a_029.txt,alertando
a_029.txt,comum
a_029.txt,arredores
a_029.txt,fazendo
a_029.txt,deram
a_029.txt,geolocalizacao
a_029.txt,afrontoso
a_029.txt,atiradores
a_029.txt,molotov
a_029.txt,benesses
a_029.txt,moral
a_029.txt,tse
a_029.txt,flagrante
a_029.txt,pa
a_029.txt,intimidador
a_029.txt,i
a_029.txt,tivessem
a_029.txt,demonstrando
a_029.txt,desconformidade
a_029.txt,comecei
a_029.txt,relativamente
a_029.txt,percebendo
a_029.txt,epublica
a_029.txt,afericao
a_029.txt,quadros
a_029.txt,alcancados
a_029.txt,advento
a_029.txt,demonstrado
a_029.txt,gases
a_029.txt,adversas
a_029.txt,certas
a_029.txt,prevalece
a_029.txt,preto
a_029.txt,instituir
a_029.txt,violentos
a_029.txt,le
a_029.txt,retardar
a_029.txt,outsiders
a_029.txt,silvana
a_029.txt,iniciativas
a_029.txt,decorrer
a_029.txt,conheca
a_029.txt,boca
a_029.txt,conjuntamente
a_029.txt,certo
a_029.txt,federativa
a_029.txt,mostrado
a_029.txt,bvr
a_029.txt,autocontrole
a_029.txt,extraordinaria
a_029.txt,acentuada
a_029.txt,proximidade
a_029.txt,fixar
a_029.txt,reforma
a_029.txt,destruidos
a_029.txt,aventadas
a_029.txt,entende
a_029.txt,contundentes
a_029.txt,estrangeiro
a_029.txt,democracias
a_029.txt,dao
a_029.txt,fato
a_029.txt,sepael
a_029.txt,crivo
a_029.txt,gr
a_029.txt,quebradas
a_029.txt,caracteristica
a_029.txt,jornalisticas
a_029.txt,terceiras
a_029.txt,cantar
a_029.txt,repisar
a_029.txt,media
a_029.txt,contexto
a_029.txt,condeno
a_029.txt,decor
a_029.txt,atuado
a_029.txt,ultimosegundo
a_029.txt,historicos
a_029.txt,invocacao
a_029.txt,colegas
a_029.txt,imagino
a_029.txt,apreciado
a_029.txt,qualificado
a_029.txt,estabelecidos
a_029.txt,depredacoes
a_029.txt,desbordaram
a_029.txt,coinvestigados
a_029.txt,gostaria
a_029.txt,falei
a_029.txt,interpretada
a_029.txt,frieza
a_029.txt,r
a_029.txt,internacional
a_029.txt,turno
a_029.txt,narrados
a_029.txt,descumprimento
a_029.txt,invadindo
a_029.txt,urbanisticas
a_029.txt,ajustada
a_029.txt,vargas
a_029.txt,depredaram
a_029.txt,franco
a_029.txt,resistiram
a_029.txt,inteligencia
a_029.txt,ristf
a_029.txt,fiscalizou
a_029.txt,alunos
a_029.txt,periodicas
a_029.txt,considerada
a_029.txt,interior
a_029.txt,considerado
a_029.txt,ostente
a_029.txt,conquistada
a_029.txt,militares
a_029.txt,servidores
a_029.txt,gabinetes
a_029.txt,significativamente
a_029.txt,exemplos
a_029.txt,absorcao
a_029.txt,investigacoes
a_029.txt,submete
a_029.txt,garantidos
a_029.txt,viana
a_029.txt,conduziu
a_029.txt,intelectuais
a_029.txt,caravana
a_029.txt,determina
a_029.txt,arquivado
a_029.txt,dispersas
a_029.txt,pendente
a_029.txt,capitolio
a_029.txt,cezarbitencourt
a_029.txt,concorrido
a_029.txt,historico
a_029.txt,assentar
a_029.txt,ressaltando
a_029.txt,esconde
a_029.txt,seguramente
a_029.txt,gustavo
a_029.txt,retorica
a_029.txt,resumos
a_029.txt,aproximar
a_029.txt,trator
a_029.txt,receber
a_029.txt,consideracao
a_029.txt,juris
a_029.txt,letargia
a_029.txt,contingente
a_029.txt,anibal
a_029.txt,seletivo
a_029.txt,valoradas
a_029.txt,paises
a_029.txt,executaram
a_029.txt,anexo
a_029.txt,mi
a_029.txt,certificar
a_029.txt,algo
a_029.txt,colhe
a_029.txt,cumulacao
a_029.txt,camufladas
a_029.txt,renato
a_029.txt,setores
a_029.txt,pedir
a_029.txt,dar
a_029.txt,acessorios
a_029.txt,decidiu
a_029.txt,formuladas
a_029.txt,evidenciada
a_029.txt,saudoso
a_029.txt,planificada
a_029.txt,termos
a_029.txt,reitero
a_029.txt,retratado
a_029.txt,flertassem
a_029.txt,evidentes
a_029.txt,certeza
a_029.txt,lado
a_029.txt,episodios
a_029.txt,proprios
a_029.txt,favoraveis
a_029.txt,observadas
a_029.txt,injusto
a_029.txt,percebe
a_029.txt,continuidade
a_029.txt,tomadas
a_029.txt,instigacao
a_029.txt,mente
a_029.txt,animalidade
a_029.txt,integrante
a_029.txt,aglomeracoes
a_029.txt,fraudulentas
a_029.txt,executores
a_029.txt,nullum
a_029.txt,observamos
a_029.txt,leis
a_029.txt,qualidade
a_029.txt,realocar
a_029.txt,derivam
a_029.txt,formaram
a_029.txt,ordeira
a_029.txt,quebraram
a_029.txt,desagregador
a_029.txt,falou
a_029.txt,declarante
a_029.txt,pune
a_029.txt,atingida
a_029.txt,indenizacao
a_029.txt,censura
a_029.txt,imprensa
a_029.txt,restringir
a_029.txt,serao
a_029.txt,agrupando
a_029.txt,registrar
a_029.txt,celere
a_029.txt,isbn
a_029.txt,detidas
a_029.txt,conflito
a_029.txt,decaimento
a_029.txt,departamento
a_029.txt,palco
a_029.txt,pegando
a_029.txt,comparar
a_029.txt,estruturacao
a_029.txt,registra
a_029.txt,desbarata
a_029.txt,rondonia
a_029.txt,homogeneidade
a_029.txt,paragrafo
a_029.txt,figuram
a_029.txt,nada
a_029.txt,unior
a_029.txt,tramitar
a_029.txt,incluir
a_029.txt,mensagens
a_029.txt,enquanto
a_029.txt,anunciou
a_029.txt,acontecem
a_029.txt,hall
a_029.txt,alibi
a_029.txt,arte
a_029.txt,reportando
a_029.txt,emotivo
a_029.txt,agregado
a_029.txt,piso
a_029.txt,jan
a_029.txt,percentual
a_029.txt,grupo
a_029.txt,utilizavam
a_029.txt,implique
a_029.txt,recentemente
a_029.txt,contem
a_029.txt,consentaneo
a_029.txt,mes
a_029.txt,opuseram
a_029.txt,habeis
a_029.txt,jesus
a_029.txt,nucleos
a_029.txt,indireta
a_029.txt,defendia
a_029.txt,quebrado
a_029.txt,governo
a_029.txt,mencionado
a_029.txt,causal
a_029.txt,ob
a_029.txt,certidao
a_029.txt,ultimos
a_029.txt,agia
a_029.txt,munido
a_029.txt,correspondem
a_029.txt,visualizaram
a_029.txt,proced
a_029.txt,passo
a_029.txt,rurais
a_029.txt,item
a_029.txt,insculpidos
a_029.txt,externa
a_029.txt,comunismo
a_029.txt,encontrado
a_029.txt,completa
a_029.txt,preparasse
a_029.txt,impedimento
a_029.txt,apoio
a_029.txt,otavio
a_029.txt,vetores
a_029.txt,aquela
a_029.txt,relativas
a_029.txt,acolhe
a_029.txt,hiago
a_029.txt,alegando
a_029.txt,anteriores
a_029.txt,detalho
a_029.txt,realce
a_029.txt,adiantei
a_029.txt,objetivas
a_029.txt,embebido
a_029.txt,analisou
a_029.txt,esforco
a_029.txt,ante
a_029.txt,conceito
a_029.txt,perpetrado
a_029.txt,manifestacao
a_029.txt,desalento
a_029.txt,standard
a_029.txt,palacio_do_planalto
a_029.txt,reprimem
a_029.txt,capacete
a_029.txt,pugnou
a_029.txt,advertem
a_029.txt,tarde
a_029.txt,identica
a_029.txt,imputavel
a_029.txt,sido
a_029.txt,dotado
a_029.txt,inteligivel
a_029.txt,pp
a_029.txt,criminal
a_029.txt,praticou
a_029.txt,apanhado
a_029.txt,prosseguindo
a_029.txt,indenizar
a_029.txt,xavier
a_029.txt,ministerio
a_029.txt,orienta
a_029.txt,sedes
a_029.txt,solucao
a_029.txt,rua
a_029.txt,constatar
a_029.txt,disparo
a_029.txt,olhos
a_029.txt,levantei
a_029.txt,racionalidade
a_029.txt,derecho
a_029.txt,investigacao
a_029.txt,pessoal
a_029.txt,sugerir
a_029.txt,vitima
a_029.txt,inocente
a_029.txt,questionadas
a_029.txt,varios
a_029.txt,definitivo
a_029.txt,pretexto
a_029.txt,dedica
a_029.txt,confirma
a_029.txt,seguiu
a_029.txt,permitiu
a_029.txt,atacada
a_029.txt,integridade
a_029.txt,informou
a_029.txt,estabelecido
a_029.txt,gerar
a_029.txt,agalhaes
a_029.txt,registrado
a_029.txt,exterior
a_029.txt,publicados
a_029.txt,joao
a_029.txt,ingressou
a_029.txt,municipio
a_029.txt,divulgacao
a_029.txt,encontrei
a_029.txt,consideracoes
a_029.txt,vazios
a_029.txt,inspirados
a_029.txt,delituosa
a_029.txt,deslinde
a_029.txt,incompetentes
a_029.txt,sorte
a_029.txt,desbordou
a_029.txt,consuncao
a_029.txt,quimicos
a_029.txt,takeover
a_029.txt,compartilhados
a_029.txt,temos
a_029.txt,destacar
a_029.txt,acusados
a_029.txt,trafego
a_029.txt,impropriedade
a_029.txt,reforcos
a_029.txt,reunir
a_029.txt,proxima
a_029.txt,subsistente
a_029.txt,criticos
a_029.txt,fundamentacao
a_029.txt,vejam
a_029.txt,coalizoes
a_029.txt,jurgem
a_029.txt,deve
a_029.txt,sobressaltos
a_029.txt,imputar
a_029.txt,palacios
a_029.txt,aplicar
a_029.txt,participante
a_029.txt,montaram
a_029.txt,preparatoria
a_029.txt,destas
a_029.txt,intransponiveis
a_029.txt,consagra
a_029.txt,nossos
a_029.txt,dispositivo
a_029.txt,clemencia
a_029.txt,peritos
a_029.txt,numa
a_029.txt,cara
a_029.txt,sentiu
a_029.txt,avisei
a_029.txt,comento
a_029.txt,tomada
a_029.txt,gravosas
a_029.txt,magistrado
a_029.txt,reporta
a_029.txt,alegou
a_029.txt,ficado
a_029.txt,mensalmente
a_029.txt,aeroporto
a_029.txt,ocorreria
a_029.txt,concorrer
a_029.txt,publicada
a_029.txt,correspondente
a_029.txt,custas
a_029.txt,vendo
a_029.txt,coletiva
a_029.txt,apreciacao
a_029.txt,diretoria
a_029.txt,ruptura
a_029.txt,cifras
a_029.txt,continencia
a_029.txt,falso
a_029.txt,dizeres
a_029.txt,neste
a_029.txt,prejudicar
a_029.txt,publicos
a_029.txt,tampouco
a_029.txt,recebimento
a_029.txt,decorrencia
a_029.txt,relativa
a_029.txt,tentando
a_029.txt,fraude
a_029.txt,preventiva
a_029.txt,afastando
a_029.txt,dcdc
a_029.txt,eventos
a_029.txt,momento
a_029.txt,minimamente
a_029.txt,comissao
a_029.txt,operacionalizacao
a_029.txt,abriela
a_029.txt,conhecido
a_029.txt,necessidade
a_029.txt,armazenado
a_029.txt,escoltado
a_029.txt,comprovadas
a_029.txt,endossavam
a_029.txt,frascos
a_029.txt,reclamando
a_029.txt,tentados
a_029.txt,venia
a_029.txt,familiares
a_029.txt,visualizei
a_029.txt,video
a_029.txt,repise
a_029.txt,recaia
a_029.txt,sumaria
a_029.txt,criminosa
a_029.txt,agravada
a_029.txt,revista_esmp
a_029.txt,sceleris
a_029.txt,alvejado
a_029.txt,fiscalizacao
a_029.txt,ffeeddeerraall
a_029.txt,colhidas
a_029.txt,desapreco
a_029.txt,tranquila
a_029.txt,constituindo
a_029.txt,monitoramento
a_029.txt,incidirem
a_029.txt,cheio
a_029.txt,encarregado
a_029.txt,jato
a_029.txt,chegar
a_029.txt,pessoa
a_029.txt,frase
a_029.txt,exercido
a_029.txt,avisando
a_029.txt,assumir
a_029.txt,objetivar
a_029.txt,individuos
a_029.txt,situacao
a_029.txt,empregado
a_029.txt,conhecidas
a_029.txt,sentir
a_029.txt,positivista
a_029.txt,recrudescimento
a_029.txt,postagens
a_029.txt,comunhao
a_029.txt,postar
a_029.txt,indiscriminadamente
a_029.txt,esfuma
a_029.txt,estritamente
a_029.txt,radicalizaram
a_029.txt,exploradas
a_029.txt,avessos
a_029.txt,barulho
a_029.txt,regime
a_029.txt,coisa
a_029.txt,assinalados
a_029.txt,pertinente
a_029.txt,destaco
a_029.txt,consistente
a_029.txt,proximas
a_029.txt,referido
a_029.txt,levava
a_029.txt,veneno
a_029.txt,proletariado
a_029.txt,advogado
a_029.txt,plastico
a_029.txt,denotavam
a_029.txt,atos
a_029.txt,engendrado
a_029.txt,aludidos
a_029.txt,tracos
a_029.txt,divulgaram
a_029.txt,reforcou
a_029.txt,medidas
a_029.txt,algemou
a_029.txt,feicao
a_029.txt,impressiona
a_029.txt,dada
a_029.txt,desprezo
a_029.txt,guarita
a_029.txt,text
a_029.txt,economica
a_029.txt,mentira
a_029.txt,are
a_029.txt,reu
a_029.txt,considerar
a_029.txt,subclasses
a_029.txt,peticoes
a_029.txt,times
a_029.txt,direto
a_029.txt,insatisfacao
a_029.txt,efeito
a_029.txt,dezembro
a_029.txt,captacao
a_029.txt,sozinho
a_029.txt,influir
a_029.txt,necessariamente
a_029.txt,sociedade
a_029.txt,constata
a_029.txt,girao
a_029.txt,instaurar
a_029.txt,imaterial
a_029.txt,competente
a_029.txt,rights
a_029.txt,incriminar
a_029.txt,adentrou
a_029.txt,acho
a_029.txt,entrada
a_029.txt,cel
a_029.txt,colocados
a_029.txt,atribuido
a_029.txt,inquinado
a_029.txt,massa
a_029.txt,ilegitima
a_029.txt,capital
a_029.txt,deliberacao
a_029.txt,desafiador
a_029.txt,estatal
a_029.txt,transito
a_029.txt,esgotar
a_029.txt,passivo
a_029.txt,condutor
a_029.txt,sintonia
a_029.txt,interligados
a_029.txt,possibilitem
a_029.txt,incisos
a_029.txt,reclamacao
a_029.txt,empregou
a_029.txt,recordar
a_029.txt,havido
a_029.txt,provocar
a_029.txt,ressarcir
a_029.txt,deseja
a_029.txt,imprecisamente
a_029.txt,efetivacao
a_029.txt,jatos
a_029.txt,dita
a_029.txt,arbitro
a_029.txt,diretas
a_029.txt,ca
a_029.txt,projeto
a_029.txt,podera
a_029.txt,presidencial
a_029.txt,originaria
a_029.txt,concessionaria
a_029.txt,vinda
a_029.txt,penas
a_029.txt,vivemos
a_029.txt,p
a_029.txt,confiam
a_029.txt,mortais
a_029.txt,ofensas
a_029.txt,pretensoes
a_029.txt,renovando
a_029.txt,providencias
a_029.txt,feriados
a_029.txt,rel
a_029.txt,temperamentos
a_029.txt,remetidos
a_029.txt,buscaram
a_029.txt,quatorze
a_029.txt,caseiras
a_029.txt,usurpar
a_029.txt,orgao
a_029.txt,transitoria
a_029.txt,obvio
a_029.txt,circunstanciais
a_029.txt,corolario
a_029.txt,estreita
a_029.txt,produziu
a_029.txt,aponta
a_029.txt,certidoes
a_029.txt,fundada
a_029.txt,testemunho
a_029.txt,joaquim
a_029.txt,igualdade
a_029.txt,individuo
a_029.txt,quebrados
a_029.txt,erika
a_029.txt,precisaram
a_029.txt,mundo
a_029.txt,baseando
a_029.txt,sudamerica
a_029.txt,regional
a_029.txt,conseguinte
a_029.txt,desejavel
a_029.txt,consignar
a_029.txt,acompanho
a_029.txt,g
a_029.txt,conduzidas
a_029.txt,buscava
a_029.txt,alterado
a_029.txt,restritivas
a_029.txt,jupira
a_029.txt,imputadas
a_029.txt,manter
a_029.txt,estivesse
a_029.txt,preve
a_029.txt,auditavel
a_029.txt,funcionais
a_029.txt,somente
a_029.txt,ardua
a_029.txt,granadas
a_029.txt,variacao
a_029.txt,so
a_029.txt,desencadear
a_029.txt,punicoes
a_029.txt,vanderly
a_029.txt,governos
a_029.txt,atentar
a_029.txt,procedencia
a_029.txt,atenuadas
a_029.txt,amplamente
a_029.txt,intelectual
a_029.txt,devidas
a_029.txt,vis
a_029.txt,responderao
a_029.txt,rigoroso
a_029.txt,populista
a_029.txt,autorizada
a_029.txt,repudio
a_029.txt,bis
a_029.txt,hungria
a_029.txt,inquietude
a_029.txt,embrionario
a_029.txt,existiu
a_029.txt,desobediencia
a_029.txt,pareceu
a_029.txt,inspecao
a_029.txt,questionado
a_029.txt,subitaneidade
a_029.txt,canal
a_029.txt,minudentemente
a_029.txt,menta
a_029.txt,alineas
a_029.txt,dispostos
a_029.txt,coletivos
a_029.txt,total
a_029.txt,assevera
a_029.txt,todavia
a_029.txt,anunciado
a_029.txt,titular
a_029.txt,escurecer
a_029.txt,descritivas
a_029.txt,antipolitica
a_029.txt,atuar
a_029.txt,diffamandi
a_029.txt,regular
a_029.txt,colecionadores
a_029.txt,coligido
a_029.txt,encerravam
a_029.txt,incerto
a_029.txt,deslocaram
a_029.txt,deterioracao
a_029.txt,galerias
a_029.txt,indistintamente
a_029.txt,bom
a_029.txt,auxilio
a_029.txt,multidao
a_029.txt,coord
a_029.txt,pedra
a_029.txt,elator
a_029.txt,versa
a_029.txt,constatada
a_029.txt,lewandowski
a_029.txt,dpdce
a_029.txt,estado
a_029.txt,universal
a_029.txt,individualidade
a_029.txt,rotineiros
a_029.txt,julgador
a_029.txt,colaboracao
a_029.txt,ocorrencia
a_029.txt,reforca
a_029.txt,aferidos
a_029.txt,manifestacoes
a_029.txt,cisao
a_029.txt,documentos
a_029.txt,sacrificio
a_029.txt,juspodivm
a_029.txt,consideravelmente
a_029.txt,submeter
a_029.txt,contar
a_029.txt,tratar
a_029.txt,disponibilizado
a_029.txt,qualquer
a_029.txt,agendas
a_029.txt,punidos
a_029.txt,entraram
a_029.txt,audiovisual
a_029.txt,associados
a_029.txt,frustrada
a_029.txt,confirmam
a_029.txt,determinacao
a_029.txt,policiais
a_029.txt,ameaca
a_029.txt,emergencia
a_029.txt,viceja
a_029.txt,revelaram
a_029.txt,subjetivo
a_029.txt,nota
a_029.txt,verifiquei
a_029.txt,multitudinaria
a_029.txt,atentam
a_029.txt,fernandes
a_029.txt,evidencia
a_029.txt,patriotismo
a_029.txt,grupos
a_029.txt,desses
a_029.txt,zavascki
a_029.txt,atuavam
a_029.txt,mecanismos
a_029.txt,chegada
a_029.txt,clara
a_029.txt,digo
a_029.txt,contempor
a_029.txt,sufocar
a_029.txt,frente
a_029.txt,dialogar
a_029.txt,instituicoes
a_029.txt,deriva
a_029.txt,mascara
a_029.txt,observam
a_029.txt,diferente
a_029.txt,ovo
a_029.txt,coacao
a_029.txt,legitimado
a_029.txt,podiam
a_029.txt,ficaria
a_029.txt,potencial
a_029.txt,proteger
a_029.txt,soma
a_029.txt,atenuantes
a_029.txt,php
a_029.txt,recordo
a_029.txt,dignidade
a_029.txt,restringem
a_029.txt,sincronizado
a_029.txt,posicionamento
a_029.txt,envoltas
a_029.txt,comemoracao
a_029.txt,ampla
a_029.txt,essenciais
a_029.txt,formacao
a_029.txt,respectivas
a_029.txt,pondera
a_029.txt,estrategias
a_029.txt,xeque
a_029.txt,apontado
a_029.txt,especie
a_029.txt,presentes
a_029.txt,sabado
a_029.txt,resta
a_029.txt,destituicao
a_029.txt,bolsonaristas
a_029.txt,liberais
a_029.txt,casa
a_029.txt,contrario
a_029.txt,vamos
a_029.txt,praca_dos_tres_poderes
a_029.txt,aperfeicoa
a_029.txt,permissa
a_029.txt,encontrava
a_029.txt,incompleto
a_029.txt,perseguidos
a_029.txt,autarquia
a_029.txt,gravosa
a_029.txt,processos
a_029.txt,ajuda
a_029.txt,efetiva
a_029.txt,vinculacao
a_029.txt,perito
a_029.txt,estava
a_029.txt,brasil
a_029.txt,bombeiros
a_029.txt,previamente
a_029.txt,defensores
a_029.txt,adimplido
a_029.txt,lembro
a_029.txt,ofereceu
a_029.txt,correu
a_029.txt,reforcei
a_029.txt,delas
a_029.txt,leva
a_029.txt,resultou
a_029.txt,haviam
a_029.txt,motivacao
a_029.txt,anselmo
a_029.txt,considere
a_029.txt,saem
a_029.txt,abordadas
a_029.txt,esforcar
a_029.txt,completamente
a_029.txt,materialidadee
a_029.txt,patrimonios
a_029.txt,audio
a_029.txt,articulado
a_029.txt,acreditam
a_029.txt,desmentida
a_029.txt,conquista
a_029.txt,delituoso
a_029.txt,renovada
a_029.txt,pendentes
a_029.txt,kabinettsjustiz
a_029.txt,tomados
a_029.txt,preliminardo
a_029.txt,ery
a_029.txt,deixam
a_029.txt,adveio
a_029.txt,jurua
a_029.txt,associarem
a_029.txt,compartilhamento
a_029.txt,cominadas
a_029.txt,pesquisas
a_029.txt,utiliza
a_029.txt,juridico
a_029.txt,filosofia
a_029.txt,xxix
a_029.txt,advertido
a_029.txt,evidenciado
a_029.txt,conteudo
a_029.txt,videos
a_029.txt,diploma
a_029.txt,x
a_029.txt,descortinam
a_029.txt,manifesto
a_029.txt,vieram
a_029.txt,adianto
a_029.txt,ilicita
a_029.txt,lixeiras
a_029.txt,aproximando
a_029.txt,parecia
a_029.txt,onda
a_029.txt,separadamente
a_029.txt,ensejar
a_029.txt,legislacao
a_029.txt,restante
a_029.txt,favor
a_029.txt,guiga
a_029.txt,diferenciado
a_029.txt,insinuar
a_029.txt,direcionamento
a_029.txt,vinculo
a_029.txt,tramite
a_029.txt,distrito
a_029.txt,regimento
a_029.txt,escrita
a_029.txt,direciona
a_029.txt,subsidiar
a_029.txt,simbolicas
a_029.txt,ambiente
a_029.txt,multitudinarios
a_029.txt,circunstancias
a_029.txt,minimizar
a_029.txt,capazes
a_029.txt,tumultuarias
a_029.txt,eleito
a_029.txt,radicais
a_029.txt,regularmente
a_029.txt,preparacao
a_029.txt,aplicavel
a_029.txt,incorporadas
a_029.txt,refutar
a_029.txt,atendiam
a_029.txt,indiscutivel
a_029.txt,olhar
a_029.txt,caminhar
a_029.txt,sciente
a_029.txt,desenvolveu
a_029.txt,estagio
a_029.txt,perceber
a_029.txt,aderiu
a_029.txt,patio
a_029.txt,recebidas
a_029.txt,criminalizado
a_029.txt,influencers
a_029.txt,cercas
a_029.txt,viver
a_029.txt,comprovando
a_029.txt,anestesiada
a_029.txt,urbano
a_029.txt,prescricoes
a_029.txt,colegiado
a_029.txt,legislativos
a_029.txt,senho
a_029.txt,evita
a_029.txt,invocadas
a_029.txt,elo
a_029.txt,governantes
a_029.txt,requer
a_029.txt,subsecao
a_029.txt,dias
a_029.txt,localizacao
a_029.txt,causou
a_029.txt,augusto
a_029.txt,visa
a_029.txt,cumprimento
a_029.txt,lo
a_029.txt,trata
a_029.txt,praticos
a_029.txt,afastavam
a_029.txt,permanencia
a_029.txt,unida
a_029.txt,impactos
a_029.txt,tempo
a_029.txt,publicas
a_029.txt,englobada
a_029.txt,veiculado
a_029.txt,intenso
a_029.txt,prescinde
a_029.txt,proferido
a_029.txt,apresente
a_029.txt,inidoneo
a_029.txt,flerta
a_029.txt,organizarem
a_029.txt,estilo
a_029.txt,marcas
a_029.txt,ganha
a_029.txt,equipes
a_029.txt,ms
a_029.txt,impossibilitar
a_029.txt,potenciais
a_029.txt,decreto
a_029.txt,bpchoque
a_029.txt,acampar
a_029.txt,podres
a_029.txt,foco
a_029.txt,assinalado
a_029.txt,antidemocratita
a_029.txt,cidadaos
a_029.txt,caio
a_029.txt,distancia
a_029.txt,escritorio
a_029.txt,vislumbra
a_029.txt,estrategia
a_029.txt,antecipadamente
a_029.txt,trajado
a_029.txt,impedido
a_029.txt,confrontantes
a_029.txt,atuaram
a_029.txt,corte
a_029.txt,ciente
a_029.txt,for
a_029.txt,entregar
a_029.txt,revelavam
a_029.txt,baseia
a_029.txt,morrem
a_029.txt,exercer
a_029.txt,ressaltar
a_029.txt,recesso
a_029.txt,almas
a_029.txt,carater
a_029.txt,assistimos
a_029.txt,desferido
a_029.txt,area
a_029.txt,ficou
a_029.txt,camuflada
a_029.txt,proselitismo
a_029.txt,descricao
a_029.txt,efetivo
a_029.txt,racional
a_029.txt,ratificacao
a_029.txt,empregando
a_029.txt,relatorios
a_029.txt,bandeirao
a_029.txt,pudessem
a_029.txt,gritaria
a_029.txt,sergio
a_029.txt,banheiro
a_029.txt,campos
a_029.txt,promovida
a_029.txt,tratando
a_029.txt,interpelados
a_029.txt,faticos
a_029.txt,sujeito
a_029.txt,falsidades
a_029.txt,seja
a_029.txt,autorizar
a_029.txt,gasolina
a_029.txt,apagar
a_029.txt,sp
a_029.txt,instituidos
a_029.txt,aponto
a_029.txt,weber
a_029.txt,deflagracao
a_029.txt,abolicao
a_029.txt,xingamentos
a_029.txt,esclarecimentos
a_029.txt,verdadeiras
a_029.txt,contornos
a_029.txt,rigorosamente
a_029.txt,atiradeira
a_029.txt,absolve
a_029.txt,intimadas
a_029.txt,pensamento
a_029.txt,abertos
a_029.txt,efetuado
a_029.txt,apoderar
a_029.txt,agronegocio
a_029.txt,andrade
a_029.txt,mencionados
a_029.txt,outrem
a_029.txt,divergia
a_029.txt,comprova
a_029.txt,persona
a_029.txt,exclusivamente
a_029.txt,investida
a_029.txt,janelas
a_029.txt,sustentada
a_029.txt,minha
a_029.txt,chumbadas
a_029.txt,punivel
a_029.txt,difuso
a_029.txt,expoentes
a_029.txt,ddee
a_029.txt,outro
a_029.txt,telefone
a_029.txt,indissolubilidade
a_029.txt,agradeco
a_029.txt,vara
a_029.txt,apontando
a_029.txt,quanto
a_029.txt,inconsistente
a_029.txt,ingressaram
a_029.txt,sairam
a_029.txt,degradado
a_029.txt,sitiar
a_029.txt,trifasico
a_029.txt,condao
a_029.txt,pluralismo
a_029.txt,passagem
a_029.txt,grafico
a_029.txt,noticiou
a_029.txt,incorreu
a_029.txt,censurando
a_029.txt,balaclava
a_029.txt,inserem
a_029.txt,coerente
a_029.txt,respondam
a_029.txt,transcrito
a_029.txt,enrolar
a_029.txt,pequenas
a_029.txt,anoto
a_029.txt,liderancas
a_029.txt,propriedade
a_029.txt,agiam
a_029.txt,despreza
a_029.txt,possibilidades
a_029.txt,salientar
a_029.txt,narraram
a_029.txt,judiciaria
a_029.txt,protegido
a_029.txt,elieser
a_029.txt,formalizados
a_029.txt,neutros
a_029.txt,espalhados
a_029.txt,aproximacao
a_029.txt,empregadas
a_029.txt,danificando
a_029.txt,economico
a_029.txt,adversos
a_029.txt,inflamavel
a_029.txt,verificam
a_029.txt,ro
a_029.txt,lemes
a_029.txt,impedir
a_029.txt,posse
a_029.txt,revista
a_029.txt,compartilhadas
a_029.txt,coordenados
a_029.txt,permite
a_029.txt,torto
a_029.txt,primarios
a_029.txt,asperas
a_029.txt,milhoes
a_029.txt,prestou
a_029.txt,destaca
a_029.txt,resultados
a_029.txt,expressao
a_029.txt,legalidade
a_029.txt,impeto
a_029.txt,concerto
a_029.txt,associado
a_029.txt,escondido
a_029.txt,editora
a_029.txt,representa
a_029.txt,secretario
a_029.txt,explicito
a_029.txt,rapidas
a_029.txt,atdger
a_029.txt,bolinhas
a_029.txt,inistro
a_029.txt,subia
a_029.txt,crises
a_029.txt,hormazabal
a_029.txt,flexibiliza
a_029.txt,porrada
a_029.txt,granja
a_029.txt,densidade
a_029.txt,minucias
a_029.txt,assinar
a_029.txt,algemadas
a_029.txt,denunciadas
a_029.txt,consentanea
a_029.txt,periodo
a_029.txt,constituidas
a_029.txt,daquelas
a_029.txt,desinvidualizacao
a_029.txt,detalhar
a_029.txt,afirmacao
a_029.txt,pecar
a_029.txt,observou
a_029.txt,defensivas
a_029.txt,mensal
a_029.txt,assistem
a_029.txt,ali
a_029.txt,localizado
a_029.txt,sine
a_029.txt,ressarcimento
a_029.txt,curso
a_029.txt,pessoais
a_029.txt,dividiu
a_029.txt,provimento
a_029.txt,propagados
a_029.txt,nenhum
a_029.txt,excessos
a_029.txt,entendimentos
a_029.txt,doutora
a_029.txt,conclui
a_029.txt,montante
a_029.txt,embrionaria
a_029.txt,judicias
a_029.txt,imensuraveis
a_029.txt,salientando
a_029.txt,produzida
a_029.txt,prosseguiu
a_029.txt,defender
a_029.txt,previsao
a_029.txt,apontavam
a_029.txt,contribuirem
a_029.txt,imprescindiveis
a_029.txt,sentadas
a_029.txt,sopesadas
a_029.txt,uniforme
a_029.txt,completo
a_029.txt,pelas
a_029.txt,ponderacoes
a_029.txt,oferecem
a_029.txt,incitacao
a_029.txt,determinadas
a_029.txt,depoentes
a_029.txt,planalto
a_029.txt,descoordenado
a_029.txt,subi
a_029.txt,investigado
a_029.txt,eva
a_029.txt,desconhecessem
a_029.txt,confundindo
a_029.txt,compleicao
a_029.txt,reunidas
a_029.txt,origens
a_029.txt,interrogatorios
a_029.txt,aplicacao
a_029.txt,chaves
a_029.txt,dorival
a_029.txt,odor
a_029.txt,revelam
a_029.txt,unes
a_029.txt,civis
a_029.txt,continua
a_029.txt,exposto
a_029.txt,exatos
a_029.txt,verbis
a_029.txt,incursoes
a_029.txt,milenar
a_029.txt,combater
a_029.txt,alteridade
a_029.txt,asp
a_029.txt,estarrecedora
a_029.txt,multa
a_029.txt,colocar
a_029.txt,depreende
a_029.txt,arma
a_029.txt,instabilidade
a_029.txt,citacoes
a_029.txt,nocao
a_029.txt,horarios
a_029.txt,eventual
a_029.txt,cumplice
a_029.txt,instancia
a_029.txt,destacado
a_029.txt,vazamento
a_029.txt,esquerda
a_029.txt,fasede
a_029.txt,operado
a_029.txt,agosto
a_029.txt,oportunidades
a_029.txt,n
a_029.txt,acompanhado
a_029.txt,inviabilizar
a_029.txt,exata
a_029.txt,fuligem
a_029.txt,atacar
a_029.txt,cogitando
a_029.txt,acredita
a_029.txt,detalhe
a_029.txt,multiplas
a_029.txt,azul
a_029.txt,referencias
a_029.txt,condenado
a_029.txt,afastar
a_029.txt,querer
a_029.txt,instigava
a_029.txt,comprovem
a_029.txt,ocupar
a_029.txt,normativo
a_029.txt,lancar
a_029.txt,meneurs
a_029.txt,causar
a_029.txt,recebido
a_029.txt,impositiva
a_029.txt,cozinha
a_029.txt,obras
a_029.txt,enfatizar
a_029.txt,protagonizados
a_029.txt,detentora
a_029.txt,garantiu
a_029.txt,convencao
a_029.txt,mobiliario
a_029.txt,computando
a_029.txt,preparou
a_029.txt,notificacao
a_029.txt,associar
a_029.txt,emblematica
a_029.txt,derivadas
a_029.txt,pelotao
a_029.txt,plantao
a_029.txt,pets
a_029.txt,caracterizando
a_029.txt,homens
a_029.txt,extensa
a_029.txt,sugere
a_029.txt,lembra
a_029.txt,voltou
a_029.txt,inisterio
a_029.txt,autonomia
a_029.txt,reconhecimento
a_029.txt,dr
a_029.txt,positiva
a_029.txt,institucional
a_029.txt,renova
a_029.txt,falam
a_029.txt,sindicalismo
a_029.txt,donas
a_029.txt,implosao
a_029.txt,diretamente
a_029.txt,eugenio
a_029.txt,repudiada
a_029.txt,agir
a_029.txt,doacao
a_029.txt,disserta
a_029.txt,iria
a_029.txt,cultural
a_029.txt,inutilizacao
a_029.txt,independencia
a_029.txt,levantadas
a_029.txt,consequentemente
a_029.txt,vilipendiadas
a_029.txt,enfatiza
a_029.txt,cima
a_029.txt,jogo
a_029.txt,descartaveis
a_029.txt,distintos
a_029.txt,cerrar
a_029.txt,estao
a_029.txt,marcados
a_029.txt,considero
a_029.txt,maus
a_029.txt,macarico
a_029.txt,harmonica
a_029.txt,deploraveis
a_029.txt,buscar
a_029.txt,minorias
a_029.txt,afirmando
a_029.txt,duracao
a_029.txt,conversei
a_029.txt,exatamente
a_029.txt,descoordenados
a_029.txt,turma
a_029.txt,depredatorias
a_029.txt,explosivo
a_029.txt,aires
a_029.txt,insitas
a_029.txt,simplesmente
a_029.txt,malatesta
a_029.txt,reveladoras
a_029.txt,difere
a_029.txt,respeitosas
a_029.txt,compatibilidade
a_029.txt,supostos
a_029.txt,pontuar
a_029.txt,invadissem
a_029.txt,conotacao
a_029.txt,finais
a_029.txt,primario
a_029.txt,aparenta
a_029.txt,freedom
a_029.txt,lugar
a_029.txt,cometida
a_029.txt,conjuntura
a_029.txt,pautados
a_029.txt,participes
a_029.txt,repasses
a_029.txt,adpfs
a_029.txt,atrair
a_029.txt,eleva
a_029.txt,frequenta
a_029.txt,somadas
a_029.txt,secundado
a_029.txt,bastasse
a_029.txt,nexo
a_029.txt,ttrriibbuunnaall
a_029.txt,consta
a_029.txt,ad
a_029.txt,requereu
a_029.txt,desdobramentos
a_029.txt,pedindo
a_029.txt,cautelar
a_029.txt,aumentada
a_029.txt,goebbels
a_029.txt,partidarios
a_029.txt,inundacao
a_029.txt,alinhou
a_029.txt,invasao
a_029.txt,participavam
a_029.txt,google
a_029.txt,exercem
a_029.txt,danificados
a_029.txt,ronda
a_029.txt,patriotas
a_029.txt,novas
a_029.txt,suportados
a_029.txt,inquerito
a_029.txt,matematicos
a_029.txt,limites
a_029.txt,fluidas
a_029.txt,afigura
a_029.txt,abandono
a_029.txt,entram
a_029.txt,julio
a_029.txt,simples
a_029.txt,caso
a_029.txt,porquanto
a_029.txt,existe
a_029.txt,impugnada
a_029.txt,ignorassem
a_029.txt,ordinarias
a_029.txt,relativizacao
a_029.txt,pe
a_029.txt,thomson
a_029.txt,verificado
a_029.txt,oferecer
a_029.txt,despropositado
a_029.txt,acrescentavam
a_029.txt,desigualdades
a_029.txt,espontanea
a_029.txt,conjunta
a_029.txt,criacao
a_029.txt,andre
a_029.txt,preconiza
a_029.txt,ilicitamente
a_029.txt,schawabe
a_029.txt,contextos
a_029.txt,marcos
a_029.txt,exigidos
a_029.txt,invadiu
a_029.txt,convergia
a_029.txt,legado
a_029.txt,m
a_029.txt,eleadores
a_029.txt,temperanca
a_029.txt,reprimendas
a_029.txt,exposicao
a_029.txt,causalidade
a_029.txt,mequetrefe
a_029.txt,planos
a_029.txt,infiltraram
a_029.txt,framarino
a_029.txt,conhecida
a_029.txt,praticas
a_029.txt,processuais
a_029.txt,quer
a_029.txt,afetadas
a_029.txt,partiam
a_029.txt,acuidade
a_029.txt,constituicao
a_029.txt,povo
a_029.txt,decidir
a_029.txt,sofreu
a_029.txt,abab
a_029.txt,vicios
a_029.txt,dizia
a_029.txt,frustracoes
a_029.txt,fora
a_029.txt,dignatarios
a_029.txt,policial
a_029.txt,imperceptivel
a_029.txt,senhor
a_029.txt,coisas
a_029.txt,estiver
a_029.txt,inibir
a_029.txt,controlada
a_029.txt,deslocar
a_029.txt,certificacao
a_029.txt,juiza
a_029.txt,interagiu
a_029.txt,atuacao
a_029.txt,caluniandi
a_029.txt,turbacao
a_029.txt,expunham
a_029.txt,restaram
a_029.txt,reside
a_029.txt,iminente
a_029.txt,liberacao
a_029.txt,investigados
a_029.txt,ocorridos
a_029.txt,ilmar
a_029.txt,inflamadas
a_029.txt,neles
a_029.txt,clima
a_029.txt,eleitos
a_029.txt,corresponde
a_029.txt,analiticamente
a_029.txt,ficasse
a_029.txt,souberam
a_029.txt,alemanha
a_029.txt,virar
a_029.txt,aduz
a_029.txt,mingua
a_029.txt,militancia
a_029.txt,insatisfeitos
a_029.txt,pedras
a_029.txt,argumenta
a_029.txt,retomar
a_029.txt,dolosamente
a_029.txt,agasalha
a_029.txt,respondeu
a_029.txt,iphan
a_029.txt,aparece
a_029.txt,delineado
a_029.txt,cacs
a_029.txt,iniciada
a_029.txt,trama
a_029.txt,ponderado
a_029.txt,caluniosas
a_029.txt,coordenava
a_029.txt,abastecidas
a_029.txt,prontidao
a_029.txt,yale
a_029.txt,realizando
a_029.txt,biombos
a_029.txt,trazia
a_029.txt,emissarios
a_029.txt,direcionadas
a_029.txt,barreira
a_029.txt,membro
a_029.txt,proc
a_029.txt,representativa
a_029.txt,setembro
a_029.txt,puro
a_029.txt,arquivos
a_029.txt,poderiamos
a_029.txt,apt
a_029.txt,castrense
a_029.txt,propulsao
a_029.txt,ideias
a_029.txt,determinando
a_029.txt,esquecer
a_029.txt,contando
a_029.txt,convocacoes
a_029.txt,higiene
a_029.txt,conseguiu
a_029.txt,reparacao
a_029.txt,financeiras
a_029.txt,reconhecendo
a_029.txt,escalada
a_029.txt,estimado
a_029.txt,feridos
a_029.txt,testemunham
a_029.txt,constituido
a_029.txt,vieira
a_029.txt,roberto
a_029.txt,configurara
a_029.txt,emprego
a_029.txt,ocupante
a_029.txt,inocua
a_029.txt,relata
a_029.txt,teoria
a_029.txt,ditec
a_029.txt,influenciador
a_029.txt,perpetrar
a_029.txt,num
a_029.txt,iniciado
a_029.txt,suspeitas
a_029.txt,junto
a_029.txt,tipico
a_029.txt,localizada
a_029.txt,nestes
a_029.txt,lula
a_029.txt,superior
a_029.txt,cultos
a_029.txt,expressa
a_029.txt,ambos
a_029.txt,urbanistico
a_029.txt,amolde
a_029.txt,internet
a_029.txt,associada
a_029.txt,gerando
a_029.txt,demandaria
a_029.txt,contribuir
a_029.txt,retorno
a_029.txt,configuradas
a_029.txt,obviamente
a_029.txt,descabimento
a_029.txt,circulando
a_029.txt,guiada
a_029.txt,lente
a_029.txt,protesto
a_029.txt,prefacio
a_029.txt,draconiano
a_029.txt,possibilitar
a_029.txt,sendo
a_029.txt,encontra
a_029.txt,estamos
a_029.txt,ampliacao
a_029.txt,viatura
a_029.txt,principios
a_029.txt,alegue
a_029.txt,cercear
a_029.txt,evisor
a_029.txt,afiliados
a_029.txt,residentes
a_029.txt,ellen
a_029.txt,recurso
a_029.txt,inepta
a_029.txt,resultado
a_029.txt,esquecido
a_029.txt,formar
a_029.txt,propagacao
a_029.txt,arregimentando
a_029.txt,punitiva
a_029.txt,alegacao
a_029.txt,negar
a_029.txt,inventario
a_029.txt,autonomos
a_029.txt,possiveis
a_029.txt,tubo
a_029.txt,pro
a_029.txt,entendo
a_029.txt,verificar
a_029.txt,marcada
a_029.txt,tjdft
a_029.txt,impor
a_029.txt,natureza
a_029.txt,dolo
a_029.txt,previo
a_029.txt,mediocre
a_029.txt,descritos
a_029.txt,bolas
a_029.txt,revelou
a_029.txt,karl
a_029.txt,objetiva
a_029.txt,incluindo
a_029.txt,encaixam
a_029.txt,integrando
a_029.txt,sabia
a_029.txt,resultaram
a_029.txt,estou
a_029.txt,pleno
a_029.txt,lesivos
a_029.txt,incida
a_029.txt,cruz
a_029.txt,inerente
a_029.txt,apreciaram
a_029.txt,deslocando
a_029.txt,greve
a_029.txt,antecede
a_029.txt,devida
a_029.txt,empregar
a_029.txt,toda
a_029.txt,consigo
a_029.txt,salao
a_029.txt,democraticamente
a_029.txt,espaco
a_029.txt,concurso
a_029.txt,rejeitada
a_029.txt,quarteis
a_029.txt,dupla
a_029.txt,julgamento
a_029.txt,negacionista
a_029.txt,trouxe
a_029.txt,tracados
a_029.txt,persistiu
a_029.txt,recuperar
a_029.txt,merecedoras
a_029.txt,obrigatoria
a_029.txt,ocultar
a_029.txt,comprovam
a_029.txt,nobre
a_029.txt,breves
a_029.txt,conseguida
a_029.txt,basta
a_029.txt,deteriorou
a_029.txt,saint
a_029.txt,ponderar
a_029.txt,maier
a_029.txt,nacional
a_029.txt,danificar
a_029.txt,imparcial
a_029.txt,deixaram
a_029.txt,tao
a_029.txt,coincide
a_029.txt,estabilidade
a_029.txt,eleitorais
a_029.txt,configuracao
a_029.txt,intolerancia
a_029.txt,prorrogacao
a_029.txt,comunista
a_029.txt,prestadores
a_029.txt,sucederam
a_029.txt,tempestade
a_029.txt,trate
a_029.txt,biongos
a_029.txt,artigo
a_029.txt,trajar
a_029.txt,fixacao
a_029.txt,precisamente
a_029.txt,criminais
a_029.txt,objetividade
a_029.txt,alencar
a_029.txt,parquet
a_029.txt,roubada
a_029.txt,complexidade
a_029.txt,tal
a_029.txt,sustentaculo
a_029.txt,cruza
a_029.txt,globo
a_029.txt,estes
a_029.txt,consignado
a_029.txt,avaliacao
a_029.txt,atividade
a_029.txt,invasor
a_029.txt,gesticula
a_029.txt,lavajatismo
a_029.txt,coletadas
a_029.txt,desarmado
a_029.txt,conselho
a_029.txt,humanos
a_029.txt,sigilo
a_029.txt,escritor
a_029.txt,permitidos
a_029.txt,vii
a_029.txt,rezando
a_029.txt,porretes
a_029.txt,partes
a_029.txt,colera
a_029.txt,honorabilidade
a_029.txt,contida
a_029.txt,pesquisa
a_029.txt,dizem
a_029.txt,encontrem
a_029.txt,esta
a_029.txt,regulamentos
a_029.txt,resolver
a_029.txt,escritorios
a_029.txt,requerida
a_029.txt,juntado
a_029.txt,turbulencia
a_029.txt,consumou
a_029.txt,instrumentos
a_029.txt,causado
a_029.txt,diante
a_029.txt,confronto
a_029.txt,saiu
a_029.txt,declarado
a_029.txt,compreendendo
a_029.txt,realizarem
a_029.txt,subordinacao
a_029.txt,utilizam
a_029.txt,alguma
a_029.txt,colocou
a_029.txt,definido
a_029.txt,justo
a_029.txt,felizmente
a_029.txt,adotado
a_029.txt,atacava
a_029.txt,ajudei
a_029.txt,permaneceram
a_029.txt,contextualizacao
a_029.txt,adentar
a_029.txt,atenta
a_029.txt,licitas
a_029.txt,abstrato
a_029.txt,relogio
a_029.txt,colhido
a_029.txt,dispostas
a_029.txt,sede
a_029.txt,insuflando
a_029.txt,erguidas
a_029.txt,bifaroni
a_029.txt,manada
a_029.txt,planejamento
a_029.txt,supercilio
a_029.txt,destino
a_029.txt,dela
a_029.txt,cf
a_029.txt,barraca
a_029.txt,violacao
a_029.txt,impossivel
a_029.txt,conjuracao
a_029.txt,sustentado
a_029.txt,novembro
a_029.txt,tenues
a_029.txt,ensinam
a_029.txt,aniquilacao
a_029.txt,diferentemente
a_029.txt,eles
a_029.txt,prerrogativa
a_029.txt,penalmente
a_029.txt,antecedentes
a_029.txt,passivel
a_029.txt,decidida
a_029.txt,inspirar
a_029.txt,sustentam
a_029.txt,quatros
a_029.txt,modificar
a_029.txt,roc
a_029.txt,veiculo
a_029.txt,nenhuma
a_029.txt,incitando
a_029.txt,remota
a_029.txt,refeicoes
a_029.txt,observados
a_029.txt,acrescer
a_029.txt,rompidas
a_029.txt,vidraca
a_029.txt,encaminhou
a_029.txt,abstratamente
a_029.txt,adicao
a_029.txt,sancionado
a_029.txt,separado
a_029.txt,pequeno
a_029.txt,imagem
a_029.txt,defendendo
a_029.txt,mc
a_029.txt,conquanto
a_029.txt,dependencias
a_029.txt,ficaram
a_029.txt,fazem
a_029.txt,outrossim
a_029.txt,aquilo
a_029.txt,especifica
a_029.txt,oferecida
a_029.txt,goias
a_029.txt,artes
a_029.txt,desculpar
a_029.txt,chamadas
a_029.txt,envergadura
a_029.txt,dependencia
a_029.txt,deles
a_029.txt,sala
a_029.txt,implantar
a_029.txt,ministros
a_029.txt,assinalar
a_029.txt,porta
a_029.txt,rosto
a_029.txt,popular
a_029.txt,vindo
a_029.txt,gilberto
a_029.txt,verde
a_029.txt,eticos
a_029.txt,criterio
a_029.txt,perceptivel
a_029.txt,quantitativa
a_029.txt,possa
a_029.txt,realiza
a_029.txt,causados
a_029.txt,definidos
a_029.txt,intoleravel
a_029.txt,informes
a_029.txt,nocrima
a_029.txt,paulo
a_029.txt,ontem
a_029.txt,sextos
a_029.txt,geral
a_029.txt,praticada
a_029.txt,formadores
a_029.txt,organismo
a_029.txt,indiferente
a_029.txt,pelos
a_029.txt,sinalizar
a_029.txt,beneficio
a_029.txt,compreender
a_029.txt,afetou
a_029.txt,enrolada
a_029.txt,sofas
a_029.txt,inferior
a_029.txt,milicias_digitais
a_029.txt,funcionarios
a_029.txt,comissivamente
a_029.txt,morte
a_029.txt,materializacao
a_029.txt,militar
a_029.txt,amenizar
a_029.txt,psicologica
a_029.txt,lucia
a_029.txt,malversacao
a_029.txt,procedimento
a_029.txt,farao
a_029.txt,poderiam
a_029.txt,retirados
a_029.txt,frageis
a_029.txt,dezoito
a_029.txt,apresentou
a_029.txt,casu
a_029.txt,delimitar
a_029.txt,efeitos
a_029.txt,erario
a_029.txt,esses
a_029.txt,maxime
a_029.txt,indene
a_029.txt,adversarios
a_029.txt,cr
a_029.txt,longas
a_029.txt,ocorriam
a_029.txt,brasileira
a_029.txt,admitiu
a_029.txt,pediam
a_029.txt,postulantes
a_029.txt,referentes
a_029.txt,individualizada
a_029.txt,litigio
a_029.txt,registrou
a_029.txt,federacao
a_029.txt,ensinamentos
a_029.txt,devemos
a_029.txt,divirjo
a_029.txt,heleno
a_029.txt,inibitoria
a_029.txt,torcedor
a_029.txt,local
a_029.txt,hannah
a_029.txt,absolutamente
a_029.txt,carregam
a_029.txt,vigora
a_029.txt,assim
a_029.txt,ultima
a_029.txt,manuseava
a_029.txt,principal
a_029.txt,sofridos
a_029.txt,rcl
a_029.txt,poder
a_029.txt,cognicao
a_029.txt,articulacao
a_029.txt,reus
a_029.txt,arrolou
a_029.txt,recuperados
a_029.txt,expor
a_029.txt,votos
a_029.txt,faziam
a_029.txt,sustentados
a_029.txt,desocupado
a_029.txt,marcio
a_029.txt,aderir
a_029.txt,cantavam
a_029.txt,repressivo
a_029.txt,desempenhadas
a_029.txt,codigos
a_029.txt,inexistencia
a_029.txt,executados
a_029.txt,entoando
a_029.txt,friedrich
a_029.txt,autora
a_029.txt,estive
a_029.txt,invadir
a_029.txt,ajudou
a_029.txt,spark
a_029.txt,vitimas
a_029.txt,torcida
a_029.txt,assume
a_029.txt,incontroverso
a_029.txt,desenvolvida
a_029.txt,hc
a_029.txt,incurso
a_029.txt,decisoes
a_029.txt,prorrogada
a_029.txt,policiamento
a_029.txt,gerais
a_029.txt,subjetivamente
a_029.txt,expostos
a_029.txt,plena
a_029.txt,marco
a_029.txt,garantidor
a_029.txt,restou
a_029.txt,freios
a_029.txt,destes
a_029.txt,vicejaram
a_029.txt,ofensa
a_029.txt,caracterizar
a_029.txt,ariel
a_029.txt,inicial
a_029.txt,utilizado
a_029.txt,abolir
a_029.txt,conclua
a_029.txt,comentada
a_029.txt,borracha
a_029.txt,ordinariamente
a_029.txt,alberto
a_029.txt,faculdades
a_029.txt,acessorias
a_029.txt,retroceder
a_029.txt,roraima
a_029.txt,sedimentada
a_029.txt,prescindivel
a_029.txt,provavel
a_029.txt,obrigadas
a_029.txt,produto
a_029.txt,estendida
a_029.txt,auxiliaram
a_029.txt,fomentadas
a_029.txt,fonte
a_029.txt,engels
a_029.txt,tragadas
a_029.txt,geradores
a_029.txt,stainless
a_029.txt,frases
a_029.txt,avancos
a_029.txt,endes
a_029.txt,personalizado
a_029.txt,imparcialidade
a_029.txt,carregava
a_029.txt,religiosos
a_029.txt,dormiu
a_029.txt,omissoes
a_029.txt,f
a_029.txt,energia
a_029.txt,bomba
a_029.txt,praticado
a_029.txt,vencida
a_029.txt,ba
a_029.txt,preceito
a_029.txt,vangloriavam
a_029.txt,fui
a_029.txt,oficios
a_029.txt,opera
a_029.txt,lupo
a_029.txt,cerca
a_029.txt,firmados
a_029.txt,rn
a_029.txt,infiltracao
a_029.txt,prospera
a_029.txt,renegociacao
a_029.txt,exigido
a_029.txt,empreita
a_029.txt,probatoria
a_029.txt,bases
a_029.txt,arrancadas
a_029.txt,levada
a_029.txt,desprovida
a_029.txt,belmonte
a_029.txt,garantir
a_029.txt,bojo
a_029.txt,residencia
a_029.txt,fixado
a_029.txt,retiraram
a_029.txt,antidemocratico
a_029.txt,resultantes
a_029.txt,dividir
a_029.txt,idem
a_029.txt,precedentes
a_029.txt,milionarios
a_029.txt,materia
a_029.txt,judiciais
a_029.txt,assegurada
a_029.txt,serem
a_029.txt,atestam
a_029.txt,cappelli
a_029.txt,del
a_029.txt,retiravam
a_029.txt,vejo
a_029.txt,mesmo
a_029.txt,arques
a_029.txt,helicopteros
a_029.txt,tirania
a_029.txt,essa
a_029.txt,virtual
a_029.txt,conformam
a_029.txt,inconteste
a_029.txt,historia
a_029.txt,ignorou
a_029.txt,ultrapassar
a_029.txt,indagar
a_029.txt,improprios
a_029.txt,adjunto
a_029.txt,momentos
a_029.txt,atores
a_029.txt,equipe
a_029.txt,mediante
a_029.txt,inexiste
a_029.txt,alcancavel
a_029.txt,atingimento
a_029.txt,j
a_029.txt,invasoras
a_029.txt,esplanada
a_029.txt,vez
a_029.txt,alcancada
a_029.txt,continuaram
a_029.txt,saraiva
a_029.txt,liberdade
a_029.txt,respeito
a_029.txt,alcance
a_029.txt,psicologos
a_029.txt,assentava
a_029.txt,culposo
a_029.txt,escudo
a_029.txt,protecao
a_029.txt,aspectos
a_029.txt,privativa
a_029.txt,bolsonaro
a_029.txt,decretacao
a_029.txt,enorme
a_029.txt,venci
a_029.txt,fortalecem
a_029.txt,molhar
a_029.txt,multidoes
a_029.txt,posto
a_029.txt,coelho
a_029.txt,consciencia
a_029.txt,interrogatorio
a_029.txt,posicionavam
a_029.txt,acusado
a_029.txt,aecio
a_029.txt,fizemos
a_029.txt,alarde
a_029.txt,ferro
a_029.txt,mineral
a_029.txt,chama
a_029.txt,coligidos
a_029.txt,manusear
a_029.txt,cerimonia
a_029.txt,diplomatica
a_029.txt,vinculante
a_029.txt,mulheres
a_029.txt,realizar
a_029.txt,protetivo
a_029.txt,denunciacoes
a_029.txt,folga
a_029.txt,competentes
a_029.txt,caracterizacao
a_029.txt,defesa
a_029.txt,preliminar
a_029.txt,suposto
a_029.txt,encaminhados
a_029.txt,despropositadas
a_029.txt,implicando
a_029.txt,protege
a_029.txt,continuas
a_029.txt,ratificam
a_029.txt,explicitamente
a_029.txt,pistola
a_029.txt,arbitrario
a_029.txt,athar
a_029.txt,diversos
a_029.txt,restringido
a_029.txt,coquetel
a_029.txt,requisitou
a_029.txt,apresentado
a_029.txt,repeticao
a_029.txt,paixao
a_029.txt,mp
a_029.txt,ciencia
a_029.txt,circunstancial
a_029.txt,passavam
a_029.txt,ltda
a_029.txt,consciente
a_029.txt,velloso
a_029.txt,alto
a_029.txt,intervindo
a_029.txt,trezentos
a_029.txt,cristais
a_029.txt,danoso
a_029.txt,devera
a_029.txt,ajustados
a_029.txt,centavos
a_029.txt,areas
a_029.txt,julgamentos
a_029.txt,vereador
a_029.txt,vincula
a_029.txt,proclamacao
a_029.txt,superado
a_029.txt,deputada
a_029.txt,prazo
a_029.txt,denominada
a_029.txt,irrecusavel
a_029.txt,envolvimento
a_029.txt,violacoes
a_029.txt,inocencia
a_029.txt,anima
a_029.txt,tanque
a_029.txt,entorno
a_029.txt,prestaram
a_029.txt,uniu
a_029.txt,comecando
a_029.txt,carro
a_029.txt,preenchidas
a_029.txt,iniciam
a_029.txt,suba
a_029.txt,liguei
a_029.txt,obra
a_029.txt,ressalva
a_029.txt,adotar
a_029.txt,public
a_029.txt,achou
a_029.txt,realizado
a_029.txt,representarem
a_029.txt,clausulas
a_029.txt,fundamentais
a_029.txt,passando
a_029.txt,nitido
a_029.txt,entrado
a_029.txt,observo
a_029.txt,corrosao
a_029.txt,subterraneo
a_029.txt,acrescenta
a_029.txt,hipoteses
a_029.txt,definitiva
a_029.txt,assumiram
a_029.txt,vies
a_029.txt,nitidos
a_029.txt,madeiras
a_029.txt,arrolados
a_029.txt,alterados
a_029.txt,aula
a_029.txt,extirpado
a_029.txt,torcidas
a_029.txt,machadinhas
a_029.txt,submetido
a_029.txt,passou
a_029.txt,modificacao
a_029.txt,tentaram
a_029.txt,alcancassem
a_029.txt,ordens
a_029.txt,logico
a_029.txt,estabelecendo
a_029.txt,estrutura
a_029.txt,exemplificados
a_029.txt,breve
a_029.txt,remanesce
a_029.txt,possui
a_029.txt,avancou
a_029.txt,quebradeira
a_029.txt,dirigida
a_029.txt,texto
a_029.txt,mantive
a_029.txt,originariamente
a_029.txt,laje
a_029.txt,praca
a_029.txt,dedicaram
a_029.txt,gritos
a_029.txt,seres
a_029.txt,fundamentos
a_029.txt,determinaram
a_029.txt,associacao
a_029.txt,proclamadas
a_029.txt,encerrada
a_029.txt,segmentos
a_029.txt,andamento
a_029.txt,dignamente
a_029.txt,confere
a_029.txt,portadores
a_029.txt,barreiras
a_029.txt,portanto
a_029.txt,tiranicos
a_029.txt,verificada
a_029.txt,exercida
a_029.txt,arremessava
a_029.txt,passa
a_029.txt,interligadas
a_029.txt,difusa
a_029.txt,atlas
a_029.txt,acusatoria
a_029.txt,avassaladora
a_029.txt,reitera
a_029.txt,deverao
a_029.txt,facial
a_029.txt,comparecimento
a_029.txt,suspeitos
a_029.txt,conhecem
a_029.txt,cometimento
a_029.txt,captadas
a_029.txt,signatario
a_029.txt,pares
a_029.txt,the
a_029.txt,arautos
a_029.txt,baseada
a_029.txt,tranquilo
a_029.txt,expressivo
a_029.txt,lapso
a_029.txt,brancas
a_029.txt,componentes
a_029.txt,destruicoes
a_029.txt,ora
a_029.txt,caracterizam
a_029.txt,mantivessem
a_029.txt,delinquenciais
a_029.txt,dialogos
a_029.txt,escutar
a_029.txt,abriu
a_029.txt,tantos
a_029.txt,utilizados
a_029.txt,detinha
a_029.txt,abertas
a_029.txt,prado
a_029.txt,originalmente
a_029.txt,vandalizavam
a_029.txt,condicao
a_029.txt,mera
a_029.txt,premeditado
a_029.txt,ganhar
a_029.txt,grave
a_029.txt,pedro
a_029.txt,https
a_029.txt,cedico
a_029.txt,interlocucao
a_029.txt,comprometidos
a_029.txt,avancasse
a_029.txt,imposto
a_029.txt,composta
a_029.txt,constatando
a_029.txt,omissao
a_029.txt,diferenca
a_029.txt,pontua
a_029.txt,coacusados
a_029.txt,ambas
a_029.txt,procedimentos
a_029.txt,arquivamento
a_029.txt,jurista
a_029.txt,operandi
a_029.txt,luis
a_029.txt,livres
a_029.txt,principalmente
a_029.txt,conhecimento
a_029.txt,identificada
a_029.txt,bruno
a_029.txt,tipicas
a_029.txt,aludido
a_029.txt,risiveis
a_029.txt,turba
a_029.txt,consolidada
a_029.txt,estejam
a_029.txt,medicos
a_029.txt,violado
a_029.txt,destinados
a_029.txt,autoria
a_029.txt,debaixo
a_029.txt,finalmente
a_029.txt,on
a_029.txt,incontroversa
a_029.txt,informativa
a_029.txt,queixa
a_029.txt,aguardavam
a_029.txt,governamentais
a_029.txt,criminosos
a_029.txt,estampado
a_029.txt,descarregada
a_029.txt,sintoma
a_029.txt,aferivel
a_029.txt,vandalos
a_029.txt,assessores
a_029.txt,afirmavam
a_029.txt,bitencourt
a_029.txt,dento
a_029.txt,fachin
a_029.txt,gisele
a_029.txt,coletivo
a_029.txt,anulado
a_029.txt,butano
a_029.txt,calado
a_029.txt,corpus
a_029.txt,elas
a_029.txt,criticamente
a_029.txt,tecnicamente
a_029.txt,massas
a_029.txt,investidos
a_029.txt,indicadas
a_029.txt,gilvan
a_029.txt,confrontando
a_029.txt,atacado
a_029.txt,kicis
a_029.txt,obrigatoriedade
a_029.txt,extincao
a_029.txt,interventor
a_029.txt,comparadas
a_029.txt,morrer
a_029.txt,ilicitude
a_029.txt,venha
a_029.txt,nelas
a_029.txt,volta
a_029.txt,absorve
a_029.txt,restritos
a_029.txt,documento
a_029.txt,assegurado
a_029.txt,futebol
a_029.txt,vasta
a_029.txt,odeiam
a_029.txt,metal
a_029.txt,oriundas
a_029.txt,infames
a_029.txt,procuracao
a_029.txt,acao
a_029.txt,golpe
a_029.txt,violenta
a_029.txt,vertente
a_029.txt,este
a_029.txt,setor
a_029.txt,conhecer
a_029.txt,rasgaram
a_029.txt,apertada
a_029.txt,niveis
a_029.txt,pacificacao
a_029.txt,idoneos
a_029.txt,figuras
a_029.txt,intervalo
a_029.txt,quartel
a_029.txt,questoes
a_029.txt,dominio
a_029.txt,bandeira
a_029.txt,empregados
a_029.txt,sepaeijdpdce
a_029.txt,coinvestigado
a_029.txt,conhece
a_029.txt,atingem
a_029.txt,confeccao
a_029.txt,apresenta
a_029.txt,contribuem
a_029.txt,cronologia
a_029.txt,contrarios
a_029.txt,mudam
a_029.txt,barbosa
a_029.txt,conclamacao
a_029.txt,paz
a_029.txt,esgotaria
a_029.txt,greco
a_029.txt,coautores
a_029.txt,assistindo
a_029.txt,callegari
a_029.txt,progressivamente
a_029.txt,seguros
a_029.txt,tristes
a_029.txt,grandeza
a_029.txt,fragoso
a_029.txt,pleito
a_029.txt,sodalicio
a_029.txt,seguinte
a_029.txt,animo
a_029.txt,executivos
a_029.txt,visao
a_029.txt,dianteira
a_029.txt,requisitada
a_029.txt,agentes
a_029.txt,alcancam
a_029.txt,comandante
a_029.txt,evitar
a_029.txt,convergirem
a_029.txt,representacao
a_029.txt,cabeca
a_029.txt,visualizou
a_029.txt,nem
a_029.txt,nucleares
a_029.txt,inadmissiveis
a_029.txt,relatos
a_029.txt,codigo
a_029.txt,oferecidas
a_029.txt,prosseguimento
a_029.txt,heterogeneo
a_029.txt,vedacao
a_029.txt,avisou
a_029.txt,crianca
a_029.txt,perigo
a_029.txt,distribuida
a_029.txt,presumir
a_029.txt,geometrica
a_029.txt,caminhei
a_029.txt,parceiro
a_029.txt,afoitos
a_029.txt,nilo
a_029.txt,discricionariedade
a_029.txt,enumerativo
a_029.txt,demonstrados
a_029.txt,academia
a_029.txt,promoveu
a_029.txt,individuais
a_029.txt,inclusao
a_029.txt,fechado
a_029.txt,dissolver
a_029.txt,oscar
a_029.txt,kattwinkel
a_029.txt,ghtml
a_029.txt,ano
a_029.txt,reputacional
a_029.txt,dissolvem
a_029.txt,pratica
a_029.txt,donde
a_029.txt,estragar
a_029.txt,registro
a_029.txt,debrucando
a_029.txt,homicidio
a_029.txt,internos
a_029.txt,aurelio
a_029.txt,turbas
a_029.txt,recuperei
a_029.txt,contas
a_029.txt,pessoas
a_029.txt,trago
a_029.txt,flagrado
a_029.txt,agravante
a_029.txt,colaciona
a_029.txt,concatenados
a_029.txt,significativo
a_029.txt,identifiquei
a_029.txt,lancado
a_029.txt,palavras
a_029.txt,distribuidoras
a_029.txt,supressao
a_029.txt,atualizado
a_029.txt,general
a_029.txt,branca
a_029.txt,aconteceu
a_029.txt,fator
a_029.txt,comumente
a_029.txt,fixadas
a_029.txt,monista
a_029.txt,claramente
a_029.txt,restabelecidas
a_029.txt,quadro
a_029.txt,delimitada
a_029.txt,retomasse
a_029.txt,declaracao
a_029.txt,reclamo
a_029.txt,origem
a_029.txt,transicao
a_029.txt,ingressado
a_029.txt,ostensivo
a_029.txt,entrar
a_029.txt,aquelas
a_029.txt,superada
a_029.txt,variava
a_029.txt,segui
a_029.txt,subordina
a_029.txt,constitucionalidade
a_029.txt,atiravam
a_029.txt,tendo
a_029.txt,acabo
a_029.txt,circunstanciado
a_029.txt,personalidade
a_029.txt,anulando
a_029.txt,comissoes
a_029.txt,mantendo
a_029.txt,epoca
a_029.txt,guarneciam
a_029.txt,plausivel
a_029.txt,aapp
a_029.txt,pudesse
a_029.txt,orbitando
a_029.txt,lancando
a_029.txt,extintores
a_029.txt,relevante
a_029.txt,mudancas
a_029.txt,estimados
a_029.txt,simboliza
a_029.txt,transformar
a_029.txt,extrema
a_029.txt,concorrem
a_029.txt,aceitacao
a_029.txt,particularmente
a_029.txt,convertem
a_029.txt,ouvi
a_029.txt,renovacao
a_029.txt,abateu
a_029.txt,diverso
a_029.txt,antecipado
a_029.txt,barricadas
a_029.txt,montado
a_029.txt,imbuida
a_029.txt,comprovadamente
a_029.txt,condenatorio
a_029.txt,relatou
a_029.txt,relacoes
a_029.txt,proprio
a_029.txt,apuradas
a_029.txt,eleitas
a_029.txt,supra
a_029.txt,conhecia
a_029.txt,fase
a_029.txt,encontravam
a_029.txt,correspondendo
a_029.txt,convites
a_029.txt,elias
a_029.txt,casas
a_029.txt,dissimulados
a_029.txt,intensa
a_029.txt,possou
a_029.txt,eletronico
a_029.txt,fernanda
a_029.txt,essencial
a_029.txt,elevado
a_029.txt,meus
a_029.txt,juros
a_029.txt,extremistas
a_029.txt,oitivas
a_029.txt,passam
a_029.txt,catalogo
a_029.txt,pleiteando
a_029.txt,melo
a_029.txt,ativa
a_029.txt,impugnado
a_029.txt,depoimentos
a_029.txt,eduardo
a_029.txt,artefato
a_029.txt,suscitando
a_029.txt,tumultuario
a_029.txt,acoes
a_029.txt,solicitacao
a_029.txt,denise
a_029.txt,federativo
a_029.txt,fixas
a_029.txt,postura
a_029.txt,culminou
a_029.txt,jurisprudencia
a_029.txt,interage
a_029.txt,ramirez
a_029.txt,impede
a_029.txt,edj
a_029.txt,faixas
a_029.txt,investidas
a_029.txt,aperfeicoadas
a_029.txt,largou
a_029.txt,estipulo
a_029.txt,demonstravam
a_029.txt,intencionalmente
a_029.txt,desconstituir
a_029.txt,difundidos
a_029.txt,grau
a_029.txt,negociacao
a_029.txt,novos
a_029.txt,ultimo
a_029.txt,criados
a_029.txt,atividades
a_029.txt,negacao
a_029.txt,inviabilizando
a_029.txt,zanin
a_029.txt,delitos
a_029.txt,minima
a_029.txt,proprias
a_029.txt,provisoria
a_029.txt,termo
a_029.txt,correcionais
a_029.txt,instigavam
a_029.txt,crueldade
a_029.txt,mista
a_029.txt,consonancia
a_029.txt,tornou
a_029.txt,confrontar
a_029.txt,amarelado
a_029.txt,jurisdicional
a_029.txt,supostamente
a_029.txt,deveriam
a_029.txt,agregacoes
a_029.txt,envolve
a_029.txt,obstar
a_029.txt,publicado
a_029.txt,permanentes
a_029.txt,araujo
a_029.txt,utilizacao
a_029.txt,julho
a_029.txt,investigar
a_029.txt,imobilizados
a_029.txt,concentracao
a_029.txt,cercadas
a_029.txt,sobreaviso
a_029.txt,acodamento
a_029.txt,dissertando
a_029.txt,quantitativos
a_029.txt,repita
a_029.txt,passados
a_029.txt,mencao
a_029.txt,plano
a_029.txt,exercerao
a_029.txt,confirmou
a_029.txt,influenciou
a_029.txt,exigia
a_029.txt,muneris
a_029.txt,atribuidas
a_029.txt,retira
a_029.txt,terca
a_029.txt,livre
a_029.txt,contundente
a_029.txt,ocorrido
a_029.txt,cordeiro
a_029.txt,rompe
a_029.txt,gestos
a_029.txt,apta
a_029.txt,garantias
a_029.txt,acampados
a_029.txt,obstante
a_029.txt,traduz
a_029.txt,instantaneos
a_029.txt,razao
a_029.txt,tratava
a_029.txt,usar
a_029.txt,ferraz
a_029.txt,loco
a_029.txt,emocional
a_029.txt,aplicado
a_029.txt,estabeleceu
a_029.txt,explosao
a_029.txt,tiveram
a_029.txt,relatar
a_029.txt,weimar
a_029.txt,eaae
a_029.txt,planejadas
a_029.txt,aptidao
a_029.txt,destinadas
a_029.txt,polarization
a_029.txt,previsto
a_029.txt,advogados
a_029.txt,diretor
a_029.txt,guarnicoes
a_029.txt,situacoes
a_029.txt,funcionou
a_029.txt,transcrevo
a_029.txt,infrator
a_029.txt,consideravel
a_029.txt,elaborados
a_029.txt,aparentando
a_029.txt,imbricadas
a_029.txt,lii
a_029.txt,concluo
a_029.txt,proporcionalidade
a_029.txt,coligados
a_029.txt,somos
a_029.txt,etapas
a_029.txt,apoiar
a_029.txt,candida
a_029.txt,transforma
a_029.txt,incriminacao
a_029.txt,potencialidade
a_029.txt,tracando
a_029.txt,tomaram
a_029.txt,estreito
a_029.txt,cingiu
a_029.txt,rt
a_029.txt,replicada
a_029.txt,alvorada
a_029.txt,indicavam
a_029.txt,ideologia
a_029.txt,rev
a_029.txt,sanches
a_029.txt,noticias
a_029.txt,ler
a_029.txt,variaveis
a_029.txt,lancados
a_029.txt,ficavam
a_029.txt,tipificacao
a_029.txt,custos
a_029.txt,criminosas
a_029.txt,enal
a_029.txt,vinculada
a_029.txt,desenrolam
a_029.txt,ressalvadas
a_029.txt,sera
a_029.txt,prensadas
a_029.txt,cooperando
a_029.txt,desfavor
a_029.txt,narrar
a_029.txt,defendido
a_029.txt,http
a_029.txt,interromper
a_029.txt,dispensar
a_029.txt,destituir
a_029.txt,distrital
a_029.txt,depoimento
a_029.txt,afirmaram
a_029.txt,agricultores
a_029.txt,pacifica
a_029.txt,penalistas
a_029.txt,entendendo
a_029.txt,manchando
a_029.txt,posicionamentos
a_029.txt,excelentissimo
a_029.txt,ameacaram
a_029.txt,cuba
a_029.txt,final
a_029.txt,quid
a_029.txt,emergiu
a_029.txt,desorganizados
a_029.txt,eleicoes
a_029.txt,utilizada
a_029.txt,retirado
a_029.txt,crescer
a_029.txt,tracam
a_029.txt,circuito
a_029.txt,tentei
a_029.txt,inqs
a_029.txt,hrs
a_029.txt,corporeo
a_029.txt,proferir
a_029.txt,qualificadoras
a_029.txt,disponivel
a_029.txt,onibus
a_029.txt,circulou
a_029.txt,cento
a_029.txt,concluem
a_029.txt,esclarecem
a_029.txt,republica
a_029.txt,resistencia
a_029.txt,vinculos
a_029.txt,comunicado
a_029.txt,silveira
a_029.txt,comecar
a_029.txt,regulada
a_029.txt,direcionando
a_029.txt,transgressao
a_029.txt,extremista
a_029.txt,voltado
a_029.txt,ambientes
a_029.txt,retaguarda
a_029.txt,revistas
a_029.txt,deturpada
a_029.txt,paes
a_029.txt,leciona
a_029.txt,sou
a_029.txt,propriamente
a_029.txt,especificamente
a_029.txt,praticaram
a_029.txt,preocupou
a_029.txt,imagens
a_029.txt,relativos
a_029.txt,waldir
a_029.txt,vinculadas
a_029.txt,arcabouco
a_029.txt,identificado
a_029.txt,mostram
a_029.txt,analogia
a_029.txt,operados
a_029.txt,tecnologia
a_029.txt,natale
a_029.txt,meses
a_029.txt,traduzida
a_029.txt,senha
a_029.txt,incriminadoras
a_029.txt,aderentes
a_029.txt,inseridos
a_029.txt,acusacoes
a_029.txt,casado
a_029.txt,proceder
a_029.txt,surpreendido
a_029.txt,concorrente
a_029.txt,ja
a_029.txt,pretendidos
a_029.txt,aplicadas
a_029.txt,manifestante
a_029.txt,designio
a_029.txt,patrimonial
a_029.txt,necessita
a_029.txt,prosperar
a_029.txt,costas
a_029.txt,procediam
a_029.txt,publicamente
a_029.txt,patriota
a_029.txt,rompera
a_029.txt,instituicao
a_029.txt,perfurocortantes
a_029.txt,procurando
a_029.txt,enalteco
a_029.txt,voluntaria
a_029.txt,bastao
a_029.txt,absorva
a_029.txt,revolucionaria
a_029.txt,antidoto
a_029.txt,ingressassem
a_029.txt,regimentos
a_029.txt,inafiancavel
a_029.txt,armada
a_029.txt,persecutorios
a_029.txt,expos
a_029.txt,tirada
a_029.txt,andares
a_029.txt,extraordinarios
a_029.txt,abordado
a_029.txt,bastante
a_029.txt,fux
a_029.txt,mandados
a_029.txt,evitando
a_029.txt,pacificamente
a_029.txt,anais
a_029.txt,referi
a_029.txt,pura
a_029.txt,cpmi
a_029.txt,oficiasse
a_029.txt,agindo
a_029.txt,casuistica
a_029.txt,supervisao
a_029.txt,residencias
a_029.txt,apreciados
a_029.txt,instituto
a_029.txt,encoberto
a_029.txt,formas
a_029.txt,montada
a_029.txt,promovessem
a_029.txt,trecho
a_029.txt,deflagradora
a_029.txt,inumeras
a_029.txt,sugestibilidade
a_029.txt,territorial
a_029.txt,comparacao
a_029.txt,consistentes
a_029.txt,absoluta
a_029.txt,mezanino
a_029.txt,andei
a_029.txt,dv
a_029.txt,buscavam
a_029.txt,chamei
a_029.txt,estadual
a_029.txt,rede
a_029.txt,inspirou
a_029.txt,imoveis
a_029.txt,nocoes
a_029.txt,saude
a_029.txt,deparar
a_029.txt,futuras
a_029.txt,alegacoes
a_029.txt,indeterminado
a_029.txt,providenciassem
a_029.txt,premeditacao
a_029.txt,esportiva
a_029.txt,traz
a_029.txt,deferimento
a_029.txt,passado
a_029.txt,acompanhadas
a_029.txt,subtraidos
a_029.txt,atentado
a_029.txt,embarcou
a_029.txt,respondem
a_029.txt,pesca
a_029.txt,eminente
a_029.txt,configura
a_029.txt,ilicitos
a_029.txt,condenacao
a_029.txt,caminhada
a_029.txt,reconstrucao
a_029.txt,deferiam
a_029.txt,marcharam
a_029.txt,redacao
a_029.txt,revelando
a_029.txt,hd
a_029.txt,deliberados
a_029.txt,anarquista
a_029.txt,diplomado
a_029.txt,arregimentadas
a_029.txt,utilizadas
a_029.txt,persecutorio
a_029.txt,provocaram
a_029.txt,autonoma
a_029.txt,estavel
a_029.txt,mecias
a_029.txt,punibilidade
a_029.txt,ademais
a_029.txt,oficial
a_029.txt,competencias
a_029.txt,tava
a_029.txt,bloqueios
a_029.txt,substancias
a_029.txt,imbuidas
a_029.txt,alternativa
a_029.txt,regiao
a_029.txt,ministerios
a_029.txt,tema
a_029.txt,cominado
a_029.txt,insuficiente
a_029.txt,proferi
a_029.txt,minimo
a_029.txt,exerceram
a_029.txt,cooperou
a_029.txt,protegiam
a_029.txt,convergencia
a_029.txt,constituidos
a_029.txt,preciso
a_029.txt,visualizado
a_029.txt,personagens
a_029.txt,massificada
a_029.txt,adenauer
a_029.txt,link
a_029.txt,atribuida
a_029.txt,tacita
a_029.txt,envolvidas
a_029.txt,atesta
a_029.txt,organizacoes
a_029.txt,descurar
a_029.txt,feitos
a_029.txt,paula
a_029.txt,indulto
a_029.txt,intimidacao
a_029.txt,criminalidade
a_029.txt,br
a_029.txt,fraudadas
a_029.txt,documentais
a_029.txt,incidir
a_029.txt,derrubada
a_029.txt,facas
a_029.txt,especificas
a_029.txt,nuances
a_029.txt,enganam
a_029.txt,caotico
a_029.txt,natural
a_029.txt,apresentada
a_029.txt,tramitem
a_029.txt,desmembrou
a_029.txt,davam
a_029.txt,dificuldade
a_029.txt,dele
a_029.txt,louvor
a_029.txt,valido
a_029.txt,confirmada
a_029.txt,algemas
a_029.txt,deslocado
a_029.txt,defensivo
a_029.txt,vista
a_029.txt,gerada
a_029.txt,compoe
a_029.txt,focada
a_029.txt,empurrando
a_029.txt,almejando
a_029.txt,hierarquicamente
a_029.txt,transitada
a_029.txt,fusao
a_029.txt,persecutio
a_029.txt,ilustram
a_029.txt,economia
a_029.txt,cola
a_029.txt,marcha
a_029.txt,dirigia
a_029.txt,enfatizando
a_029.txt,propositos
a_029.txt,contigua
a_029.txt,rememorar
a_029.txt,partidos
a_029.txt,frontal
a_029.txt,autuado
a_029.txt,traco
a_029.txt,envolvidos
a_029.txt,senso
a_029.txt,assegurar
a_029.txt,pai
a_029.txt,coator
a_029.txt,renomado
a_029.txt,avanco
a_029.txt,arremessar
a_029.txt,mestre
a_029.txt,calculo
a_029.txt,aps
a_029.txt,sabados
a_029.txt,adotada
a_029.txt,externada
a_029.txt,dispensavel
a_029.txt,inequivoco
a_029.txt,desocupar
a_029.txt,deitou
a_029.txt,sangrando
a_029.txt,contera
a_029.txt,diga
a_029.txt,elogio
a_029.txt,porem
a_029.txt,exupery
a_029.txt,caracteres
a_029.txt,licao
a_029.txt,desmistificado
a_029.txt,incultura
a_029.txt,suficientes
a_029.txt,realizacao
a_029.txt,disturbios
a_029.txt,artigos
a_029.txt,logrou
a_029.txt,decisivos
a_029.txt,antissocial
a_029.txt,voluntariamente
a_029.txt,concebidos
a_029.txt,jack
a_029.txt,inidonea
a_029.txt,puxar
a_029.txt,reportava
a_029.txt,clamor
a_029.txt,advindo
a_029.txt,palacio
a_029.txt,colapsado
a_029.txt,suspeicao
a_029.txt,aplicou
a_029.txt,exemplar
a_029.txt,tentar
a_029.txt,faticas
a_029.txt,elementares
a_029.txt,destrui
a_029.txt,coronel
a_029.txt,cumpre
a_029.txt,preferiram
a_029.txt,eram
a_029.txt,permitido
a_029.txt,envolva
a_029.txt,emenda
a_029.txt,garantindo
a_029.txt,razoaveis
a_029.txt,freitas
a_029.txt,reportado
a_029.txt,bens
a_029.txt,abarcados
a_029.txt,in
a_029.txt,corporal
a_029.txt,acenos
a_029.txt,destinavam
a_029.txt,dedicado
a_029.txt,violencias
a_029.txt,vim
a_029.txt,covid
a_029.txt,ligue
a_029.txt,usurpacao
a_029.txt,anseio
a_029.txt,abordou
a_029.txt,armados
a_029.txt,individualizou
a_029.txt,perplexidade
a_029.txt,permanecer
a_029.txt,insubordinado
a_029.txt,intensidade
a_029.txt,imenso
a_029.txt,esvaziar
a_029.txt,combinou
a_029.txt,arregimentamento
a_029.txt,k
a_029.txt,coletes
a_029.txt,requisitos
a_029.txt,disposta
a_029.txt,dividindo
a_029.txt,totalidade
a_029.txt,mero
a_029.txt,convidado
a_029.txt,talvez
a_029.txt,informativos
a_029.txt,permaneceriam
a_029.txt,evento
a_029.txt,talho
a_029.txt,mesmos
a_029.txt,falas
a_029.txt,comunicacao
a_029.txt,probatorio
a_029.txt,imbuidos
a_029.txt,delineadas
a_029.txt,refere
a_029.txt,fixada
a_029.txt,ressaltado
a_029.txt,psicologico
a_029.txt,chegou
a_029.txt,executando
a_029.txt,fazer
a_029.txt,sancionados
a_029.txt,apreensao
a_029.txt,metodos
a_029.txt,truculencia
a_029.txt,previstos
a_029.txt,descreveram
a_029.txt,constou
a_029.txt,produtores
a_029.txt,departamentos
a_029.txt,referencia
a_029.txt,insculpida
a_029.txt,jeito
a_029.txt,prejuizos
a_029.txt,lei
a_029.txt,juizo
a_029.txt,abin
a_029.txt,reacao
a_029.txt,fome
a_029.txt,postadas
a_029.txt,tange
a_029.txt,avalizando
a_029.txt,entra
a_029.txt,versatilidade
a_029.txt,ilegalidade
a_029.txt,crfb
a_029.txt,produzir
a_029.txt,instruidas
a_029.txt,pretensao
a_029.txt,anin
a_029.txt,sutil
a_029.txt,reiteravam
a_029.txt,furor
a_029.txt,real
a_029.txt,lisboa
a_029.txt,excepcionais
a_029.txt,entradas
a_029.txt,igreja
a_029.txt,hesitar
a_029.txt,livremente
a_029.txt,mencionar
a_029.txt,determinar
a_029.txt,balizadas
a_029.txt,efetuadas
a_029.txt,estarem
a_029.txt,pontuado
a_029.txt,ensina
a_029.txt,entrou
a_029.txt,avenida
a_029.txt,movimentacao
a_029.txt,entretanto
a_029.txt,surge
a_029.txt,estaria
a_029.txt,passarela
a_029.txt,traducao
a_029.txt,rapaz
a_029.txt,insatisfeita
a_029.txt,tais
a_029.txt,orientacao
a_029.txt,trabalhos
a_029.txt,u
a_029.txt,diretrizes
a_029.txt,prosseguisse
a_029.txt,comprovado
a_029.txt,lotado
a_029.txt,concretude
a_029.txt,posta
a_029.txt,compor
a_029.txt,bon
a_029.txt,submetida
a_029.txt,nega
a_029.txt,evidencias
a_029.txt,receio
a_029.txt,constatou
a_029.txt,chega
a_029.txt,sobressai
a_029.txt,inesquecivel
a_029.txt,inexistente
a_029.txt,possuem
a_029.txt,prossigo
a_029.txt,ficando
a_029.txt,anotando
a_029.txt,solicitarem
a_029.txt,locais
a_029.txt,jogaram
a_029.txt,anna
a_029.txt,caca
a_029.txt,consumam
a_029.txt,federais
a_029.txt,acrescentaram
a_029.txt,corrente
a_029.txt,operou
a_029.txt,posturas
a_029.txt,infralegais
a_029.txt,efetuar
a_029.txt,pior
a_029.txt,expectativa
a_029.txt,colho
a_029.txt,sofreguidao
a_029.txt,edificacao
a_029.txt,individualizacao
a_029.txt,transitiva
a_029.txt,conhecidos
a_029.txt,cada
a_029.txt,assumiu
a_029.txt,ilustrada
a_029.txt,entanto
a_029.txt,abrir
a_029.txt,mg
a_029.txt,ratione
a_029.txt,registrada
a_029.txt,leu
a_029.txt,consigno
a_029.txt,inclinado
a_029.txt,pressuposto
a_029.txt,mensalao
a_029.txt,guerra
a_029.txt,pedacos
a_029.txt,atende
a_029.txt,anteriormente
a_029.txt,sinfra
a_029.txt,imitacao
a_029.txt,consequencia
a_029.txt,equivale
a_029.txt,acompanham
a_029.txt,condensada
a_029.txt,adversaria
a_029.txt,central
a_029.txt,veio
a_029.txt,cavalaria
a_029.txt,chamados
a_029.txt,empreendimento
a_029.txt,respectivo
a_029.txt,ajuste
a_029.txt,oitenta
a_029.txt,determinou
a_029.txt,estrito
a_029.txt,mim
a_029.txt,roger
a_029.txt,aniquilamento
a_029.txt,instituidas
a_029.txt,diuturnamente
a_029.txt,decisorio
a_029.txt,palacio_do_planaltoe
a_029.txt,assuncao
a_029.txt,citado
a_029.txt,totalitaria
a_029.txt,ve
a_029.txt,delitiva
a_029.txt,sequenciadas
a_029.txt,culminaram
a_029.txt,propaganda
a_029.txt,regis
a_029.txt,negue
a_029.txt,alojadas
a_029.txt,unitariamente
a_029.txt,superiores
a_029.txt,sargentos
a_029.txt,phillipe
a_029.txt,integrar
a_029.txt,presidiario
a_029.txt,reputo
a_029.txt,ivone
a_029.txt,facanhas
a_029.txt,extraem
a_029.txt,recebi
a_029.txt,absolvia
a_029.txt,conducao
a_029.txt,egoisticos
a_029.txt,demonstra
a_029.txt,indispensaveis
a_029.txt,chuva
a_029.txt,guia
a_029.txt,dogma
a_029.txt,heterogeneos
a_029.txt,contraposicao
a_029.txt,atendessem
a_029.txt,desinformacao
a_029.txt,vestiam
a_029.txt,selecionadas
a_029.txt,sustentou
a_029.txt,batista
a_029.txt,critica
a_029.txt,restricao
a_029.txt,ofendido
a_029.txt,identificacao
a_029.txt,exasperada
a_029.txt,machados
a_029.txt,friggi
a_029.txt,impunidade
a_029.txt,demonstrada
a_029.txt,podendo
a_029.txt,descrevendo
a_029.txt,manual
a_029.txt,varredura
a_029.txt,perpetrada
a_029.txt,deixada
a_029.txt,obtencao
a_029.txt,zambelli
a_029.txt,demostradas
a_029.txt,apoiadores
a_029.txt,identificavel
a_029.txt,suscitadas
a_029.txt,custodia
a_029.txt,permitindo
a_029.txt,comboio
a_029.txt,procedente
a_029.txt,sedizentes
a_029.txt,contestacao
a_029.txt,atratora
a_029.txt,ratifico
a_029.txt,animosidade
a_029.txt,mensagem
a_029.txt,citacao
a_029.txt,estimou
a_029.txt,farta
a_029.txt,desempenham
a_029.txt,excludentes
a_029.txt,amaral
a_029.txt,contatos
a_029.txt,encontre
a_029.txt,invade
a_029.txt,braco
a_029.txt,mitigada
a_029.txt,pms
a_029.txt,requerimento
a_029.txt,portal
a_029.txt,lancavam
a_029.txt,invadidos
a_029.txt,reconhecida
a_029.txt,efetivassem
a_029.txt,tradicionais
a_029.txt,view
a_029.txt,acerto
a_029.txt,mesas
a_029.txt,agiu
a_029.txt,declinada
a_029.txt,cacos
a_029.txt,hash
a_029.txt,extremamente
a_029.txt,voltada
a_029.txt,vilipendio
a_029.txt,cadeia
a_029.txt,implica
a_029.txt,oraes
a_029.txt,usadas
a_029.txt,dia
a_029.txt,individualmente
a_029.txt,pau
a_029.txt,leonardo
a_029.txt,reinstaurar
a_029.txt,depor
a_029.txt,ostensivamente
a_029.txt,ainda
a_029.txt,legislativa
a_029.txt,coro
a_029.txt,espancar
a_029.txt,afigurou
a_029.txt,pracas
a_029.txt,forma
a_029.txt,eminentemente
a_029.txt,agravo
a_029.txt,estreitamente
a_029.txt,escritos
a_029.txt,resistir
a_029.txt,cinquenta
a_029.txt,ademir
a_029.txt,tras
a_029.txt,desconsiderado
a_029.txt,ofertou
a_029.txt,doutor
a_029.txt,empenhos
a_029.txt,ago
a_029.txt,maior
a_029.txt,portou
a_029.txt,perguntas
a_029.txt,negativa
a_029.txt,cuida
a_029.txt,ssuupprreemmoo
a_029.txt,ente
a_029.txt,vinculem
a_029.txt,facilitar
a_029.txt,autoridades
a_029.txt,senhoras
a_029.txt,algemados
a_029.txt,protagonistas
a_029.txt,comandou
a_029.txt,trabalhavam
a_029.txt,bastoes
a_029.txt,atuava
a_029.txt,possuiam
a_029.txt,tentava
a_029.txt,fundamentar
a_029.txt,totalitario
a_029.txt,evidentemente
a_029.txt,fornecimento
a_029.txt,memoria
a_029.txt,associacaocriminosa
a_029.txt,passava
a_029.txt,quebradores
a_029.txt,expressando
a_029.txt,agressores
a_029.txt,resvalava
a_029.txt,destruido
a_029.txt,pejorativas
a_029.txt,substancia
a_029.txt,detida
a_029.txt,condutas
a_029.txt,impoe
a_029.txt,anotar
a_029.txt,incalculavel
a_029.txt,indicios
a_029.txt,governanca
a_029.txt,invisivel
a_029.txt,trabalhava
a_029.txt,remetido
a_029.txt,aglomerava
a_029.txt,lastreada
a_029.txt,mencionei
a_029.txt,aguarda
a_029.txt,peguei
a_029.txt,titulo
a_029.txt,residuais
a_029.txt,embaraco
a_029.txt,concorrentes
a_029.txt,rojoes
a_029.txt,reclamada
a_029.txt,trabalhando
a_029.txt,quaisquer
a_029.txt,haste
a_029.txt,pugna
a_029.txt,propos
a_029.txt,reger
a_029.txt,hesitacao
a_029.txt,sustentar
a_029.txt,ambientais
a_029.txt,caneta
a_029.txt,editaram
a_029.txt,cit
a_029.txt,venho
a_029.txt,materiais
a_029.txt,xix
a_029.txt,improprias
a_029.txt,alongar
a_029.txt,ocupantes
a_029.txt,fases
a_029.txt,maiores
a_029.txt,delituosos
a_029.txt,moca
a_029.txt,fechar
a_029.txt,rompimento
a_029.txt,voz
a_029.txt,discriminar
a_029.txt,logo
a_029.txt,assentada
a_029.txt,afirmam
a_029.txt,agredidos
a_029.txt,justificar
a_029.txt,moradia
a_029.txt,conivencia
a_029.txt,apontados
a_029.txt,vistoria
a_029.txt,estabelecer
a_029.txt,ensejaram
a_029.txt,delegar
a_029.txt,vestigio
a_029.txt,trigesimo
a_029.txt,relembram
a_029.txt,falhar
a_029.txt,reduzem
a_029.txt,caracterizacoes
a_029.txt,apurados
a_029.txt,perpetuidade
a_029.txt,restei
a_029.txt,majoracao
a_029.txt,alteracao
a_029.txt,metalico
a_029.txt,emergente
a_029.txt,paralelos
a_029.txt,aliava
a_029.txt,concluir
a_029.txt,impacto
a_029.txt,placido
a_029.txt,numero
a_029.txt,adotadas
a_029.txt,enfurecidos
a_029.txt,extemporanea
a_029.txt,explicar
a_029.txt,haverem
a_029.txt,cega
a_029.txt,atinente
a_029.txt,asfalto
a_029.txt,reitere
a_029.txt,grosso
a_029.txt,guardar
a_029.txt,publicarem
a_029.txt,subjetivas
a_029.txt,duradoura
a_029.txt,pesa
a_029.txt,protejam
a_029.txt,portas
a_029.txt,especial
a_029.txt,narrando
a_029.txt,pertencente
a_029.txt,comportando
a_029.txt,bastantes
a_029.txt,derrotado
a_029.txt,descendo
a_029.txt,satisfatoriamente
a_029.txt,attwinkel
a_029.txt,religiao
a_029.txt,civilizado
a_029.txt,instaurados
a_029.txt,determinada
a_029.txt,braganca
a_029.txt,frequencia
a_029.txt,imprescritivel
a_029.txt,apresentados
a_029.txt,ciencias
a_029.txt,imbricacao
a_029.txt,juntada
a_029.txt,deliquentium
a_029.txt,deduzida
a_029.txt,problema
a_029.txt,indutor
a_029.txt,apoiava
a_029.txt,vinte
a_029.txt,concertacao
a_029.txt,biblioteca
a_029.txt,par
a_029.txt,destaques
a_029.txt,urnas
a_029.txt,desencadeamento
a_029.txt,necessarias
a_029.txt,dano
a_029.txt,ocultos
a_029.txt,global
a_029.txt,essencia
a_029.txt,fogos
a_029.txt,enfim
a_029.txt,daqueles
a_029.txt,veiculos
a_029.txt,daniel
a_029.txt,nova
a_029.txt,grito
a_029.txt,autocraticos
a_029.txt,tecnica
a_029.txt,contraditarao
a_029.txt,frederico
a_029.txt,pagar
a_029.txt,choque
a_029.txt,exsurgiu
a_029.txt,estiveram
a_029.txt,gramado
a_029.txt,aptas
a_029.txt,acordam
a_029.txt,hoje
a_029.txt,min
a_029.txt,colocacao
a_029.txt,fortiori
a_029.txt,instrucoes
a_029.txt,todo
a_029.txt,patrimoniais
a_029.txt,pavimentador
a_029.txt,monetariamente
a_029.txt,acarretaram
a_029.txt,conduzir
a_029.txt,coordenado
a_029.txt,quebra
a_029.txt,membros
a_029.txt,discursinho
a_029.txt,basica
a_029.txt,minutos
a_029.txt,netos
a_029.txt,imputou
a_029.txt,improprio
a_029.txt,arregimentar
a_029.txt,transitadas
a_029.txt,relacionada
a_029.txt,viavel
a_029.txt,deferida
a_029.txt,guardei
a_029.txt,resulta
a_029.txt,presenca
a_029.txt,tipicos
a_029.txt,criterios
a_029.txt,inexcedivel
a_029.txt,incentivado
a_029.txt,invadido
a_029.txt,orientando
a_029.txt,exige
a_029.txt,cftv
a_029.txt,estilingues
a_029.txt,escrito
a_029.txt,valor
a_029.txt,argumentos
a_029.txt,autonomas
a_029.txt,causa
a_029.txt,privada
a_029.txt,organizacional
a_029.txt,pena
a_029.txt,confundiu
a_029.txt,atentatorios
a_029.txt,restricoes
a_029.txt,ausencia
a_029.txt,liquido
a_029.txt,ressalto
a_029.txt,decisivo
a_029.txt,disparos
a_029.txt,unidade
a_029.txt,alvos
a_029.txt,caminhou
a_029.txt,tolerancia
a_029.txt,organizaram
a_029.txt,luiz
a_029.txt,missao
a_029.txt,hipotese
a_029.txt,praticarem
a_029.txt,compreendido
a_029.txt,detector
a_029.txt,conjuncao
a_029.txt,ederal
a_029.txt,regimes
a_029.txt,desenvolvidas
a_029.txt,atitude
a_029.txt,participaria
a_029.txt,dissertam
a_029.txt,detentores
a_029.txt,legitimacao
a_029.txt,aconteceria
a_029.txt,denotando
a_029.txt,seria
a_029.txt,exteriores
a_029.txt,sair
a_029.txt,resolvida
a_029.txt,dividiram
a_029.txt,milhares
a_029.txt,grassou
a_029.txt,retirei
a_029.txt,sugestao
a_029.txt,afetada
a_029.txt,pacelli
a_029.txt,periciais
a_029.txt,incluido
a_029.txt,pescoco
a_029.txt,primitiva
a_029.txt,contentavam
a_029.txt,cor
a_029.txt,impossibilidade
a_029.txt,voluntariedade
a_029.txt,revestidas
a_029.txt,prejudiciais
a_029.txt,constituinte
a_029.txt,enfrentados
a_029.txt,observar
a_029.txt,lesiva
a_029.txt,silvestre
a_029.txt,remessa
a_029.txt,deslegitimacao
a_029.txt,tendas
a_029.txt,decretar
a_029.txt,explosivas
a_029.txt,reflexos
a_029.txt,mantenho
a_029.txt,incentivo
a_029.txt,cooperativamente
a_029.txt,unanime
a_029.txt,inesperado
a_029.txt,acompanhei
a_029.txt,experiencia
a_029.txt,midia
a_029.txt,detencao
a_029.txt,fumo
a_029.txt,processamento
a_029.txt,alimentam
a_029.txt,alexandre
a_029.txt,ref
a_029.txt,cognitivismo
a_029.txt,fundamental
a_029.txt,fumaca
a_029.txt,entregadores
a_029.txt,assimilaveis
a_029.txt,acolhida
a_029.txt,positivo
a_029.txt,amarra
a_029.txt,existia
a_029.txt,doutrinario
a_029.txt,misturado
a_029.txt,ponto
a_029.txt,inflamada
a_029.txt,corredor
a_029.txt,profundo
a_029.txt,liberado
a_029.txt,advertencia
a_029.txt,atentados
a_029.txt,solicitado
a_029.txt,pista
a_029.txt,rocurador
a_029.txt,instruem
a_029.txt,suprema
a_029.txt,especiais
a_029.txt,elementos
a_029.txt,determinei
a_029.txt,detalhadamente
a_029.txt,avalio
a_029.txt,depredacao
a_029.txt,concluiu
a_029.txt,exigida
a_029.txt,intencoes
a_029.txt,vejamos
a_029.txt,extraida
a_029.txt,captura
a_029.txt,insurgido
a_029.txt,industria
a_029.txt,depender
a_029.txt,isqueiros
a_029.txt,soltas
a_029.txt,participamos
a_029.txt,minimas
a_029.txt,and
a_029.txt,constatacao
a_029.txt,lucio
a_029.txt,conformidade
a_029.txt,metem
a_029.txt,societarios
a_029.txt,extrapolacao
a_029.txt,seguem
a_029.txt,dormir
a_029.txt,admitem
a_029.txt,abril
a_029.txt,presenciar
a_029.txt,silenciosamente
a_029.txt,ni
a_029.txt,pegou
a_029.txt,instancias
a_029.txt,significado
a_029.txt,noutras
a_029.txt,tramitam
a_029.txt,informado
a_029.txt,saindo
a_029.txt,transcritos
a_029.txt,sentados
a_029.txt,torno
a_029.txt,banco
a_029.txt,proximos
a_029.txt,depredavam
a_029.txt,nefi
a_029.txt,enfraquecer
a_029.txt,dormiram
a_029.txt,soldados
a_029.txt,professor
a_029.txt,estacionamento
a_029.txt,respeita
a_029.txt,instante
a_029.txt,igualmente
a_029.txt,contravencao
a_029.txt,massiva
a_029.txt,examinada
a_029.txt,inflamaveis
a_029.txt,objetive
a_029.txt,pessimamente
a_029.txt,proibicao
a_029.txt,atenuante
a_029.txt,refinarias
a_029.txt,acordo
a_029.txt,legais
a_029.txt,constituicoes
a_029.txt,antecederam
a_029.txt,americana
a_029.txt,captada
a_029.txt,contribuia
a_029.txt,advirta
a_029.txt,tombados
a_029.txt,reiterar
a_029.txt,fatidico
a_029.txt,verificavel
a_029.txt,conduta
a_029.txt,multidisciplinar
a_029.txt,senao
a_029.txt,imediacoes
a_029.txt,legitimamente
a_029.txt,aproveitar
a_029.txt,particularizacao
a_029.txt,pessoalmente
a_029.txt,instantaneamente
a_029.txt,instauradas
a_029.txt,lados
a_029.txt,semelhante
a_029.txt,guardando
a_029.txt,lancamento
a_029.txt,nascimento
a_029.txt,pericia
a_029.txt,imprescindivel
a_029.txt,consegue
a_029.txt,consagrado
a_029.txt,encaminhadas
a_029.txt,estadios
a_029.txt,concomitante
a_029.txt,voltando
a_029.txt,pegar
a_029.txt,mendonca
a_029.txt,violentamente
a_029.txt,subsequentes
a_029.txt,sentar
a_029.txt,estima
a_029.txt,realizem
a_029.txt,anterior
a_029.txt,camera
a_029.txt,constituem
a_029.txt,lugares
a_029.txt,colacionados
a_029.txt,precipuamente
a_029.txt,amplificado
a_029.txt,trazida
a_029.txt,metalicos
a_029.txt,noite
a_029.txt,isso
a_029.txt,mercado
a_029.txt,carregando
a_029.txt,naquele
a_029.txt,letal
a_029.txt,deteriorar
a_029.txt,cavalcante
a_029.txt,acaso
a_029.txt,caracteriza
a_029.txt,polarizacao
a_029.txt,vedavam
a_029.txt,plenitude
a_029.txt,investiga
a_029.txt,conscientemente
a_029.txt,intercorrencia
a_029.txt,preciptar
a_029.txt,lisura
a_029.txt,circunscritas
a_029.txt,reflexao
a_029.txt,progressao
a_029.txt,pimentas
a_029.txt,constitui
a_029.txt,abr
a_029.txt,interagido
a_029.txt,capitao
a_029.txt,concretas
a_029.txt,saloes
a_029.txt,externando
a_029.txt,retrato
a_029.txt,socorro
a_029.txt,excelentissima
a_029.txt,pleitos
a_029.txt,acostadas
a_029.txt,participar
a_029.txt,eliminacao
a_029.txt,perdas
a_029.txt,injuriandi
a_029.txt,constatadas
a_029.txt,nominacoes
a_029.txt,perfeita
a_029.txt,seguro
a_029.txt,absoluto
a_029.txt,operacionais
a_029.txt,excepcionalissima
a_029.txt,renovados
a_029.txt,participaram
a_029.txt,demonstrem
a_029.txt,conduzidos
a_029.txt,acuados
a_029.txt,dotti
a_029.txt,ajudar
a_029.txt,amotinamento
a_029.txt,praticadas
a_029.txt,riscos
a_029.txt,marca
a_029.txt,expedido
a_029.txt,whatsapp
a_029.txt,escola
a_029.txt,determinado
a_029.txt,chamado
a_029.txt,movimenta
a_029.txt,recebida
a_029.txt,notorio
a_029.txt,graves
a_029.txt,recordado
a_029.txt,armas
a_029.txt,supera
a_029.txt,desenrolou
a_029.txt,nesse
a_029.txt,gsi
a_029.txt,ferramentas
a_029.txt,centro
a_029.txt,oriunda
a_029.txt,patrio
a_029.txt,dinheiro
a_029.txt,exclusividade
a_029.txt,credulidade
a_029.txt,seguridad
a_029.txt,escalonou
a_029.txt,mochila
a_029.txt,sapato
a_029.txt,arcou
a_029.txt,extraidos
a_029.txt,trabalha
a_029.txt,tomo
a_029.txt,quantia
a_029.txt,adentrando
a_029.txt,constitucionais
a_029.txt,vidracas
a_029.txt,financeira
a_029.txt,unitario
a_029.txt,digressao
a_029.txt,confiabilidade
a_029.txt,parametros
a_029.txt,impropriamente
a_029.txt,raio
a_029.txt,tornava
a_029.txt,seguida
a_029.txt,descansado
a_029.txt,adequada
a_029.txt,supoem
a_029.txt,h
a_029.txt,ideia
a_029.txt,faltando
a_029.txt,destruia
a_029.txt,seriam
a_029.txt,robustecido
a_029.txt,desistencia
a_029.txt,impedindo
a_029.txt,difundido
a_029.txt,violentissismo
a_029.txt,cidadao
a_029.txt,sucinta
a_029.txt,justa
a_029.txt,querendo
a_029.txt,ventos
a_029.txt,semiaberto
a_029.txt,madeira
a_029.txt,eletronicos
a_029.txt,distinta
a_029.txt,criptograficos
a_029.txt,irrecuperaveis
a_029.txt,viabilizar
a_029.txt,ostensiva
a_029.txt,solidario
a_029.txt,barras
a_029.txt,utilizando
a_029.txt,edson
a_029.txt,abandonam
a_029.txt,posterior
a_029.txt,republicana
a_029.txt,designado
a_029.txt,adentrasse
a_029.txt,senador
a_029.txt,eletronicas
a_029.txt,apresentadas
a_029.txt,disposicao
a_029.txt,remetidas
a_029.txt,julgar
a_029.txt,delinquentium
a_029.txt,tragedias
a_029.txt,leste
a_029.txt,mundial
a_029.txt,descrevem
a_029.txt,fala
a_029.txt,acompanhou
a_029.txt,mao
a_029.txt,investigadas
a_029.txt,desvencilharam
a_029.txt,requisito
a_029.txt,provocador
a_029.txt,considera
a_029.txt,registre
a_029.txt,responder
a_029.txt,tabela
a_029.txt,proprietaria
a_029.txt,narrativas
a_029.txt,abre
a_029.txt,localizadas
a_029.txt,lamentaveis
a_029.txt,cargos
a_029.txt,instalado
a_029.txt,cumpriu
a_029.txt,autoritarios
a_029.txt,aposentados
a_029.txt,rebater
a_029.txt,fanatismo
a_029.txt,dg
a_029.txt,cumprindo
a_029.txt,errada
a_029.txt,minudencia
a_029.txt,denotar
a_029.txt,retrocesso
a_029.txt,expondo
a_029.txt,espelhos
a_029.txt,tecnico
a_029.txt,dessas
a_029.txt,correlacao
a_029.txt,intervencoes
a_029.txt,paus
a_029.txt,explosivos
a_029.txt,onze
a_029.txt,guilherme
a_029.txt,associando
a_029.txt,repetidamente
a_029.txt,inequivoca
a_029.txt,resumo
a_029.txt,integravam
a_029.txt,requisitar
a_029.txt,index
a_029.txt,provada
a_029.txt,estendemos
a_029.txt,dolosos
a_029.txt,esculturas
a_029.txt,percepcao
a_029.txt,proposito
a_029.txt,oscilando
a_029.txt,leme
a_029.txt,encerramento
a_029.txt,considerem
a_029.txt,aproximadamente
a_029.txt,remanescentes
a_029.txt,inesperadamente
a_029.txt,interna
a_029.txt,indicam
a_029.txt,parece
a_029.txt,essencialmente
a_029.txt,premiada
a_029.txt,arvorar
a_029.txt,futura
a_029.txt,estudada
a_029.txt,aprofundado
a_029.txt,bastos
a_029.txt,conjugada
a_029.txt,metade
a_029.txt,merito
a_029.txt,casos
a_029.txt,esfera
a_029.txt,crencas
a_029.txt,quadrilha
a_029.txt,eficacia
a_029.txt,pericial
a_029.txt,inserido
a_029.txt,politicas
a_029.txt,ficar
a_029.txt,destruindo
a_029.txt,crimen
a_029.txt,pf
a_029.txt,irreparaveis
a_029.txt,capturado
a_029.txt,novo
a_029.txt,desnuda
a_029.txt,aduziram
a_029.txt,implantacao
a_029.txt,organizado
a_029.txt,fosse
a_029.txt,parou
a_029.txt,relevancia
a_029.txt,pagina
a_029.txt,pleiteia
a_029.txt,consumidor
a_029.txt,passei
a_029.txt,alheia
a_029.txt,amizade
a_029.txt,sic
a_029.txt,desponta
a_029.txt,demonstraram
a_029.txt,indignacao
a_029.txt,generalizado
a_029.txt,debate
a_029.txt,recalcitrancia
a_029.txt,dubio
a_029.txt,facultada
a_029.txt,sintese
a_029.txt,inferir
a_029.txt,contingencias
a_029.txt,equilibrio
a_029.txt,ocorreram
a_029.txt,reflexa
a_029.txt,quantitativo
a_029.txt,proporcional
a_029.txt,janeiro
a_029.txt,encontros
a_029.txt,pandemia
a_029.txt,imovel
a_029.txt,monetizacao
a_029.txt,afirmado
a_029.txt,eleitoral
a_029.txt,previstas
a_029.txt,mental
a_029.txt,provisoriamente
a_029.txt,esbranquicado
a_029.txt,agruparem
a_029.txt,perspectiva
a_029.txt,caracteristicas
a_029.txt,extensivamente
a_029.txt,inacio
a_029.txt,levante
a_029.txt,objeto
a_029.txt,ocupacao
a_029.txt,surgimento
a_029.txt,detalhamento
a_029.txt,jurisdicao
a_029.txt,possivelmente
a_029.txt,ativo
a_029.txt,insuficientes
a_029.txt,reforco
a_029.txt,chegaram
a_029.txt,indispensavel
a_029.txt,inconfundiveis
a_029.txt,necessaria
a_029.txt,opinioes
a_029.txt,sui
a_029.txt,juridicos
a_029.txt,tiro
a_029.txt,apontam
a_029.txt,aglomerado
a_029.txt,formalismo
a_029.txt,punitivo
a_029.txt,kala
a_029.txt,dirigidas
a_029.txt,julgadas
a_029.txt,redes_sociais
a_029.txt,coibir
a_029.txt,verbal
a_029.txt,contribuicoes
a_029.txt,punitivismo
a_029.txt,geovane
a_029.txt,incidindo
a_029.txt,escadas
a_029.txt,concede
a_029.txt,frasco
a_029.txt,faixa
a_029.txt,rasgados
a_029.txt,aquele
a_029.txt,comandando
a_029.txt,ssp
a_029.txt,houver
a_029.txt,funcional
a_029.txt,atkger
a_029.txt,fragmento
a_029.txt,pontaletes
a_029.txt,pedi
a_029.txt,anti
a_029.txt,brecar
a_029.txt,abrigadas
a_029.txt,ressaltou
a_029.txt,convocou
a_029.txt,divulgado
a_029.txt,amplas
a_029.txt,caberia
a_029.txt,deixou
a_029.txt,abrigam
a_029.txt,autenticacao
a_029.txt,concretizam
a_029.txt,analisada
a_029.txt,inutilizar
a_029.txt,caixas
a_029.txt,narracao
a_029.txt,sprays
a_029.txt,adpf
a_029.txt,conjunto
a_029.txt,voltadas
a_029.txt,sossego
a_029.txt,informacao
a_029.txt,estrategicamente
a_029.txt,aumento
a_029.txt,assistido
a_029.txt,financiadores
a_029.txt,infiltrados
a_029.txt,raras
a_029.txt,ficam
a_029.txt,faria
a_029.txt,recrudesciam
a_029.txt,merecem
a_029.txt,consiste
a_029.txt,visados
a_029.txt,anuncia
a_029.txt,entregues
a_029.txt,agrupamento
a_029.txt,convencer
a_029.txt,principio
a_029.txt,definidas
a_029.txt,postam
a_029.txt,mandamento
a_029.txt,cariz
a_029.txt,conseguira
a_029.txt,junho
a_029.txt,indice
a_029.txt,examinados
a_029.txt,dificuldades
a_029.txt,estavam
a_029.txt,aguardar
a_029.txt,serpente
a_029.txt,ublico
a_029.txt,expressos
a_029.txt,testemunhais
a_029.txt,suposta
a_029.txt,constituiram
a_029.txt,lamina
a_029.txt,denotem
a_029.txt,descaminho
a_029.txt,arquivo
a_029.txt,ix
a_029.txt,complexas
a_029.txt,estar
a_029.txt,comunicou
a_029.txt,colegiados
a_029.txt,inciso
a_029.txt,descritivamente
a_029.txt,servindo
a_029.txt,estabeleco
a_029.txt,administrativo
a_029.txt,invadiram
a_029.txt,proporcoes
a_029.txt,capaz
a_029.txt,enhor
a_029.txt,cabera
a_029.txt,reportados
a_029.txt,gilmar
a_029.txt,feito
a_029.txt,basculante
a_029.txt,erros
a_029.txt,disciplinares
a_029.txt,enfrentou
a_029.txt,verifique
a_029.txt,precisa
a_029.txt,partida
a_029.txt,fundacao
a_029.txt,gente
a_029.txt,subversivos
a_029.txt,campanha
a_029.txt,ida
a_029.txt,solicitada
a_029.txt,decorrente
a_029.txt,igual
a_029.txt,lavratura
a_029.txt,relativo
a_029.txt,queimado
a_029.txt,designios
a_029.txt,precisou
a_029.txt,fila
a_029.txt,fileiras
a_029.txt,pedaco
a_029.txt,carpetes
a_029.txt,detrimento
a_029.txt,jose
a_029.txt,empreitada
a_029.txt,dissolucao
a_029.txt,tendencia
a_029.txt,pluralidade
a_029.txt,direcionado
a_029.txt,dificil
a_029.txt,imperio
a_029.txt,consultor
a_029.txt,acessaram
a_029.txt,meio
a_029.txt,desceu
a_029.txt,vislumbrava
a_029.txt,gp
a_029.txt,procedeu
a_029.txt,democratico
a_029.txt,segurando
a_029.txt,concreto
a_029.txt,ocasionar
a_029.txt,ressalvado
a_029.txt,manifestado
a_029.txt,desordem
a_029.txt,provenientes
a_029.txt,entrelinhas
a_029.txt,parlamentares
a_029.txt,estimuladas
a_029.txt,lacrimogeneo
a_029.txt,alargando
a_029.txt,diferentes
a_029.txt,organizadores
a_029.txt,temor
a_029.txt,restrito
a_029.txt,moro
a_029.txt,waiapi
a_029.txt,concertem
a_029.txt,tenente
a_029.txt,aderindo
a_029.txt,ordinaria
a_029.txt,motivo
a_029.txt,winfred
a_029.txt,advir
a_029.txt,tese
a_029.txt,observa
a_029.txt,ilicito
a_029.txt,delraux
a_029.txt,utilitarista
a_029.txt,proibiam
a_029.txt,assegura
a_029.txt,operacao
a_029.txt,seguindo
a_029.txt,aproveita
a_029.txt,malfadada
a_029.txt,adv
a_029.txt,insurgencia
a_029.txt,eliminar
a_029.txt,furia
a_029.txt,visava
a_029.txt,restritiva
a_029.txt,consumacao
a_029.txt,objetivamente
a_029.txt,acolhi
a_029.txt,conexao
a_029.txt,lancadas
a_029.txt,nascido
a_029.txt,organizou
a_029.txt,subcomandante
a_029.txt,estruturada
a_029.txt,placas
a_029.txt,artistico
a_029.txt,cooperacao
a_029.txt,encadeada
a_029.txt,nelson
a_029.txt,esclareceram
a_029.txt,vulto
a_029.txt,oficializando
a_029.txt,investigam
a_029.txt,contidos
a_029.txt,maos
a_029.txt,psicologicamente
a_029.txt,rc
a_029.txt,retrair
a_029.txt,climax
a_029.txt,alastrar
a_029.txt,integra
a_029.txt,ineficacia
a_029.txt,congruencia
a_029.txt,relacionados
a_029.txt,reiterou
a_029.txt,citados
a_029.txt,definitivamente
a_029.txt,campo
a_029.txt,transversais
a_029.txt,artefatos
a_029.txt,introducao
a_029.txt,inseria
a_029.txt,interveniente
a_029.txt,metalicas
a_029.txt,compartilhavam
a_029.txt,impulsionado
a_029.txt,ilegais
a_029.txt,informa
a_029.txt,ferindo
a_029.txt,alegado
a_029.txt,tristeza
a_029.txt,lacrimogenio
a_029.txt,pelo
a_029.txt,fardados
a_029.txt,estabelece
a_029.txt,questao
a_029.txt,moralidade
a_029.txt,embaracar
a_029.txt,aqui
a_029.txt,execucao
a_029.txt,promover
a_029.txt,deliberadamente
a_029.txt,inapto
a_029.txt,acusador
a_029.txt,delito
a_029.txt,martins
a_029.txt,jovem
a_029.txt,habil
a_029.txt,inepcia
a_029.txt,barulhos
a_029.txt,ferrajoli
a_029.txt,dedicacao
a_029.txt,dedicou
a_029.txt,ocupada
a_029.txt,cargo
a_029.txt,tumultuaria
a_029.txt,parlamento
a_029.txt,surgir
a_029.txt,indefinida
a_029.txt,parlamentar
a_029.txt,nele
a_029.txt,cifra
a_029.txt,citada
a_029.txt,desigualdade
a_029.txt,encontradas
a_029.txt,manutencao
a_029.txt,fixo
a_029.txt,atendimento
a_029.txt,converte
a_029.txt,desprovido
a_029.txt,trinta
a_029.txt,ameacar
a_029.txt,estilingue
a_029.txt,desconhecer
a_029.txt,faca
a_029.txt,plasticas
a_029.txt,gustave
a_029.txt,imputado
a_029.txt,cometidos
a_029.txt,concerne
a_029.txt,depois
a_029.txt,portuguesas
a_029.txt,piero
a_029.txt,individualizados
a_029.txt,pese
a_029.txt,serias
a_029.txt,regionais
a_029.txt,terco
a_029.txt,chamada
a_029.txt,probabilidades
a_029.txt,naturalidade
a_029.txt,mostrava
a_029.txt,evolucao
a_029.txt,itamaraty
a_029.txt,pagamento
a_029.txt,sinalizam
a_029.txt,voltados
a_029.txt,exercia
a_029.txt,historica
a_029.txt,poderosa
a_029.txt,publica
a_029.txt,denunciar
a_029.txt,esquemas
a_029.txt,pinturas
a_029.txt,incide
a_029.txt,requeridas
a_029.txt,individualizado
a_029.txt,visualizar
a_029.txt,pequenos
a_029.txt,servico
a_029.txt,administracao
a_029.txt,isolamento
a_029.txt,tivesse
a_029.txt,funcionado
a_029.txt,repensar
a_029.txt,extensao
a_029.txt,troca
a_029.txt,circulacao
a_029.txt,viagem
a_029.txt,tentam
a_029.txt,irremediavelmente
a_029.txt,mobilizacao
a_029.txt,cigarros
a_029.txt,reiteradamente
a_029.txt,concorria
a_029.txt,chegando
a_029.txt,cabiveis
a_029.txt,tecnicos
a_029.txt,ditadura
a_029.txt,obrigado
a_029.txt,tutela
a_029.txt,detidos
a_029.txt,quantum
a_029.txt,definicao
a_029.txt,acordos
a_029.txt,procedesse
a_029.txt,cominacao
a_029.txt,acessando
a_029.txt,consolidar
a_029.txt,peticao
a_029.txt,perto
a_029.txt,grillo
a_029.txt,retomo
a_029.txt,concorrendo
a_029.txt,protestos
a_029.txt,coesa
a_029.txt,heterogeneidade
a_029.txt,peculiaridades
a_029.txt,difundidas
a_029.txt,embarcar
a_029.txt,consumar
a_029.txt,forme
a_029.txt,fenomenologia
a_029.txt,cortina
a_029.txt,abolicaoviolenta
a_029.txt,irmanado
a_029.txt,defensiva
a_029.txt,aparelho
a_029.txt,possibilidade
a_029.txt,acionada
a_029.txt,delitivo
a_029.txt,resistencias
a_029.txt,usados
a_029.txt,afirma
a_029.txt,visita
a_029.txt,grifei
a_029.txt,registradas
a_029.txt,cupula
a_029.txt,reconheceu
a_029.txt,cota
a_029.txt,buscam
a_029.txt,alcanco
a_029.txt,oronha
a_029.txt,estarao
a_029.txt,manha
a_029.txt,diversas
a_029.txt,almejado
a_029.txt,evidenciando
a_029.txt,unica
a_029.txt,custodiadas
a_029.txt,meia
a_029.txt,finalidades
a_029.txt,vistas
a_029.txt,empregada
a_029.txt,robustas
a_029.txt,vias
a_029.txt,referidos
a_029.txt,incompetencia
a_029.txt,edoc
a_029.txt,carmen
a_029.txt,bancaria
a_029.txt,especificos
a_029.txt,ifaroni
a_029.txt,prevencao
a_029.txt,chefe
a_029.txt,chave
a_029.txt,analise
a_029.txt,santana
a_029.txt,pareceram
a_029.txt,revolucao
a_029.txt,atuais
a_029.txt,patetico
a_029.txt,desafio
a_029.txt,correus
a_029.txt,monitorado
a_029.txt,julgou
a_029.txt,identifico
a_029.txt,legislador
a_029.txt,recursos
a_029.txt,tratado
a_029.txt,coordenada
a_029.txt,desmembramento
a_029.txt,resistem
a_029.txt,inclinacao
a_029.txt,nucleo
a_029.txt,manipuladas
a_029.txt,exprimiam
a_029.txt,convencimento
a_029.txt,retomada
a_029.txt,restritivamente
a_029.txt,buracos
a_029.txt,ia
a_029.txt,atrativa
a_029.txt,peca
a_029.txt,si
a_029.txt,absorvido
a_029.txt,atingindo
a_029.txt,sufoca
a_029.txt,acompanhando
a_029.txt,ameacas
a_029.txt,perseguicao
a_029.txt,c
a_029.txt,harmonia
a_029.txt,vidros
a_029.txt,acaba
a_029.txt,anteprojeto
a_029.txt,pago
a_029.txt,negado
a_029.txt,corroboram
a_029.txt,cpc
a_029.txt,deliberar
a_029.txt,las
a_029.txt,ocasional
a_029.txt,matar
a_029.txt,patrimonio
a_029.txt,candidato
a_029.txt,spol
a_029.txt,prevalencia
a_029.txt,lista
a_029.txt,empossado
a_029.txt,refletir
a_029.txt,rj
a_029.txt,oficiais
a_029.txt,interpretadas
a_029.txt,alem
a_029.txt,cautelosa
a_029.txt,julgados
a_029.txt,ouvido
a_029.txt,disso
a_029.txt,sequer
a_029.txt,atentatorias
a_029.txt,organico
a_029.txt,analisado
a_029.txt,pertinencia
a_029.txt,visualizacao
a_029.txt,deitem
a_029.txt,inconformadas
a_029.txt,indicado
a_029.txt,triade
a_029.txt,consubstanciado
a_029.txt,abracar
a_029.txt,portugal
a_029.txt,calculado
a_029.txt,relacionadas
a_029.txt,inconformismo
a_029.txt,comecaram
a_029.txt,reafirmo
a_029.txt,seguir
a_029.txt,massivo
a_029.txt,pr
a_029.txt,autenticamente
a_029.txt,stiffung
a_029.txt,desperta
a_029.txt,competencia
a_029.txt,integrem
a_029.txt,novamente
a_029.txt,comando
a_029.txt,materias
a_029.txt,gov
a_029.txt,promulgadas
a_029.txt,tera
a_029.txt,projetando
a_029.txt,grifos
a_029.txt,suficientemente
a_029.txt,segurar
a_029.txt,deliberado
a_029.txt,engenhosa
a_029.txt,formou
a_029.txt,elevadores
a_029.txt,fechamento
a_029.txt,alentado
a_029.txt,retornei
a_029.txt,positivos
a_029.txt,autonomo
a_029.txt,regularidade
a_029.txt,promovidas
a_029.txt,autoritario
a_029.txt,vontades
a_029.txt,propano
a_029.txt,espancado
a_029.txt,rompem
a_029.txt,externo
a_029.txt,reprimenda
a_029.txt,acolhendo
a_029.txt,estendeu
a_029.txt,atingiram
a_029.txt,julgo
a_029.txt,invasora
a_029.txt,assumido
a_029.txt,falavam
a_029.txt,principe
a_029.txt,introduzidas
a_029.txt,usei
a_029.txt,preparo
a_029.txt,contencao
a_029.txt,generis
a_029.txt,tramitavam
a_029.txt,saida
a_029.txt,vetoriais
a_029.txt,municoes
a_029.txt,diferenciados
a_029.txt,apuracao
a_029.txt,descrita
a_029.txt,instaurado
a_029.txt,informaram
a_029.txt,preservando
a_029.txt,caminhoneiros
a_029.txt,superacao
a_029.txt,juiz
a_029.txt,especifico
a_029.txt,age
a_029.txt,imputacao
a_029.txt,line
a_029.txt,discutidos
a_029.txt,junior
a_029.txt,facilmente
a_029.txt,culto
a_029.txt,disciplinadas
a_029.txt,integralidade
a_029.txt,questionar
a_029.txt,bricio
a_029.txt,quebrassem
a_029.txt,forense
a_029.txt,expedientes
a_029.txt,proclama
a_029.txt,indicacao
a_029.txt,culpabilidade
a_029.txt,civil
a_029.txt,formado
a_029.txt,bandeiras
a_029.txt,insurreicoes
a_029.txt,modalidade
a_029.txt,brasileiras
a_029.txt,visto
a_029.txt,almejava
a_029.txt,constitucionalmente
a_029.txt,crowdfunding
a_029.txt,cassimiro
a_029.txt,vigencia
a_029.txt,golpista
a_029.txt,hostilizando
a_029.txt,maneira
a_029.txt,complexidades
a_029.txt,quis
a_029.txt,assumisse
a_029.txt,capitulo
a_029.txt,lexandre
a_029.txt,alocados
a_029.txt,assentado
a_029.txt,destacava
a_029.txt,vidro
a_029.txt,mandou
a_029.txt,revelaria
a_029.txt,contribuiram
a_029.txt,outras
a_029.txt,intermediaria
a_029.txt,expressamente
a_029.txt,auxiliar
a_029.txt,celular
a_029.txt,metro
a_029.txt,exposta
a_029.txt,streck
a_029.txt,coutinho
a_029.txt,lance
a_029.txt,praticamente
a_029.txt,z
a_029.txt,conveniencia
a_029.txt,aco
a_029.txt,atentamente
a_029.txt,pretensos
a_029.txt,independe
a_029.txt,generico
a_029.txt,correta
a_029.txt,chutaram
a_029.txt,horario
a_029.txt,suficiente
a_029.txt,abrindo
a_029.txt,reprimindo
a_029.txt,logistica
a_029.txt,distincao
a_029.txt,mentiras
a_029.txt,tipificara
a_029.txt,tipo
a_029.txt,solver
a_029.txt,tempos
a_029.txt,inviolabilidade
a_029.txt,la
a_029.txt,registraram
a_029.txt,eis
a_029.txt,legal
a_029.txt,corrupcao
a_029.txt,espacos
a_029.txt,realcei
a_029.txt,televisao
a_029.txt,reuniu
a_029.txt,futuro
a_029.txt,decorrentes
a_029.txt,multiplos
a_029.txt,rogerio
a_029.txt,robusto
a_029.txt,controle
a_029.txt,argui
a_029.txt,descer
a_029.txt,motor
a_029.txt,faixada
a_029.txt,protegidas
a_029.txt,possivel
a_029.txt,risco
a_029.txt,passeio
a_029.txt,posicionou
a_029.txt,circunstancia
a_029.txt,medico
a_029.txt,conexos
a_029.txt,distribuiam
a_029.txt,felipe
a_029.txt,usavam
a_029.txt,nulidade
a_029.txt,rene
a_029.txt,objetos
a_029.txt,ajuizada
a_029.txt,obriga
a_029.txt,dj
a_029.txt,percuciente
a_029.txt,presuncao
a_029.txt,conferir
a_029.txt,rampinha
a_029.txt,hostilizacao
a_029.txt,cavalcanti
a_029.txt,cunho
a_029.txt,danificado
a_029.txt,problemas
a_029.txt,major
a_029.txt,prevista
a_029.txt,analises
a_029.txt,esteve
a_029.txt,ulterior
a_029.txt,induvidoso
a_029.txt,mandante
a_029.txt,edicao
a_029.txt,conclusoes
a_029.txt,regulamentadora
a_029.txt,subversao
a_029.txt,decidiram
a_029.txt,compartilhado
a_029.txt,estimulo
a_029.txt,oposto
a_029.txt,normal
a_029.txt,onus
a_029.txt,aumentam
a_029.txt,condicional
a_029.txt,diarias
a_029.txt,restabelecer
a_029.txt,inestimavel
a_029.txt,rjesmpsp
a_029.txt,dava
a_029.txt,atingiu
a_029.txt,ideologias
a_029.txt,edificios
a_029.txt,filho
a_029.txt,invariavelmente
a_029.txt,inqueritos
a_029.txt,envolver
a_029.txt,situado
a_029.txt,divulgadas
a_029.txt,criado
a_029.txt,imputa
a_029.txt,jogar
a_029.txt,assiste
a_029.txt,ambulantes
a_029.txt,cgrc
a_029.txt,descobrir
a_029.txt,cpf
a_029.txt,bombinhas
a_029.txt,conseguiram
a_029.txt,amaldicioamento
a_029.txt,transporte
a_029.txt,paroxismo
a_029.txt,corroborar
a_029.txt,aprofundados
a_029.txt,objetivando
a_029.txt,estatutos
a_029.txt,conflui
a_029.txt,atingir
a_029.txt,cpp
a_029.txt,sofrer
a_029.txt,guarda
a_029.txt,nicola
a_029.txt,parcelas
a_029.txt,los
a_029.txt,lamentavel
a_029.txt,ativismo
a_029.txt,luz
a_029.txt,forca
a_029.txt,escada
a_029.txt,descrito
a_029.txt,meticulosa
a_029.txt,forem
a_029.txt,verse
a_029.txt,declarou
a_029.txt,distinto
a_029.txt,estranhas
a_029.txt,mostrar
a_029.txt,gab
a_029.txt,dando
a_029.txt,verbo
a_029.txt,deslocamento
a_029.txt,sistematicos
a_029.txt,papel
a_029.txt,excepcional
a_029.txt,tomar
a_029.txt,sujeita
a_029.txt,comigo
a_029.txt,indigna
a_029.txt,chances
a_029.txt,incendio
a_029.txt,obrigar
a_029.txt,funcionamento
a_029.txt,calamandrei
a_029.txt,provocada
a_029.txt,cerco
a_029.txt,complementamente
a_029.txt,piloto
a_029.txt,empilhadas
a_029.txt,guardados
a_029.txt,modo
a_029.txt,imprevistas
a_029.txt,detalhado
a_029.txt,atiraram
a_029.txt,erosao
a_029.txt,agregacao
a_029.txt,manuseavam
a_029.txt,conducente
a_029.txt,particularidades
a_029.txt,sentimento
a_029.txt,atitudes
a_029.txt,provar
a_029.txt,perturbadora
a_029.txt,envio
a_029.txt,operar
a_029.txt,obedece
a_029.txt,corpo
a_029.txt,penal
a_029.txt,solucionada
a_029.txt,assessora
a_029.txt,aplica
a_029.txt,despesas
a_029.txt,dirige
a_029.txt,seguido
a_029.txt,suscitou
a_029.txt,redatora
a_029.txt,violencia
a_029.txt,impresso
a_029.txt,extraido
a_029.txt,ee
a_029.txt,desespero
a_029.txt,judicio
a_029.txt,elaborado
a_029.txt,consolidado
a_029.txt,soltura
a_029.txt,cometido
a_029.txt,bateria
a_029.txt,frisando
a_029.txt,ex
a_029.txt,reais
a_029.txt,gravissimas
a_029.txt,solidariedade
a_029.txt,dicor
a_029.txt,ido
a_029.txt,finalistica
a_029.txt,fisicos
a_029.txt,disparando
a_029.txt,evidenciam
a_029.txt,corroborada
a_029.txt,critico
a_029.txt,quantos
a_029.txt,permanece
a_029.txt,motivos
a_029.txt,cartazes
a_029.txt,aceitavam
a_029.txt,micro
a_029.txt,cuidando
a_029.txt,norma
a_029.txt,viabilidade
a_029.txt,rejeitar
a_029.txt,desceram
a_029.txt,oriundos
a_029.txt,concretamente
a_029.txt,compartilhamentos
a_029.txt,emocionadas
a_029.txt,v
a_029.txt,representativas
a_029.txt,vencidos
a_029.txt,sentenciado
a_029.txt,acabaram
a_029.txt,persuadidos
a_029.txt,excecao
a_029.txt,ruina
a_029.txt,manifestou
a_029.txt,desincumbiu
a_029.txt,linha
a_029.txt,espirito
a_029.txt,nuvem
a_029.txt,apresentam
a_029.txt,assento
a_029.txt,premissa
a_029.txt,detentor
a_029.txt,profissao
a_029.txt,tentativa
a_029.txt,referida
a_029.txt,despachos
a_029.txt,acompanhamento
a_029.txt,fisicas
a_029.txt,firme
a_029.txt,denota
a_029.txt,fortalecimento
a_029.txt,subverte
a_029.txt,outra
a_029.txt,obrigacao
a_029.txt,nao
a_029.txt,ultimas
a_029.txt,infelizmente
a_029.txt,viemos
a_029.txt,patrimoniotombado
a_029.txt,valendo
a_029.txt,impedidos
a_029.txt,associativo
a_029.txt,sociais
a_029.txt,excelencia
a_029.txt,episodio
a_029.txt,provavelmente
a_029.txt,duvidas
a_029.txt,fixou
a_029.txt,ofensiva
a_029.txt,antecipacao
a_029.txt,facilidade
a_029.txt,reclusao
a_029.txt,vimos
a_029.txt,trabalho
a_029.txt,discussao
a_029.txt,carla
a_029.txt,expoe
a_029.txt,cuidam
a_029.txt,aderia
a_029.txt,intervencao
a_029.txt,constato
a_029.txt,organizada
a_029.txt,corf
a_029.txt,ssis
a_029.txt,judiciarios
a_029.txt,sai
a_029.txt,tipos
a_029.txt,recorda
a_029.txt,paineis
a_029.txt,sujeitos
a_029.txt,desconsiderar
a_029.txt,satisfaz
a_029.txt,mesma
a_029.txt,cristiano
a_029.txt,qualificadora
a_029.txt,alguem
a_029.txt,teriam
a_029.txt,acredito
a_029.txt,pronunciou
a_029.txt,estudos
a_029.txt,ostenta
a_029.txt,licoes
a_029.txt,repito
a_029.txt,pamplona
a_029.txt,passar
a_029.txt,notou
a_029.txt,regras
a_029.txt,esteja
a_029.txt,xliv
a_029.txt,anunciava
a_029.txt,aqueles
a_029.txt,y
a_029.txt,condenar
a_029.txt,conteve
a_029.txt,magisterio
a_029.txt,seculo
a_029.txt,congresso_nacional
a_029.txt,extorsao
a_029.txt,somando
a_029.txt,arroladas
a_029.txt,impelidos
a_029.txt,colocado
a_029.txt,merece
a_029.txt,democracia
a_029.txt,declaracoes
a_029.txt,ofusca
a_029.txt,instauracao
a_029.txt,recontagem
a_029.txt,frequentava
a_029.txt,tratados
a_029.txt,insuflamento
a_029.txt,fe
a_029.txt,tapecarias
a_029.txt,recursais
a_029.txt,odiosas
a_029.txt,congresso
a_029.txt,comprovaram
a_029.txt,esclareceu
a_029.txt,infere
a_029.txt,antonio
a_029.txt,sintetizados
a_029.txt,nulificante
a_029.txt,esteril
a_029.txt,contou
a_029.txt,proibida
a_029.txt,deposicao
a_029.txt,fiquei
a_029.txt,caminho
a_029.txt,teve
a_029.txt,afirmar
a_029.txt,derrubar
a_029.txt,descreve
a_029.txt,haveno
a_029.txt,transgressor
a_029.txt,generais
a_029.txt,aprende
a_029.txt,importado
a_029.txt,narrativa
a_029.txt,quinhentos
a_029.txt,investido
a_029.txt,comandar
a_029.txt,compromissado
a_029.txt,sul
a_029.txt,excepcionalidade
a_029.txt,exercidas
a_029.txt,detalhes
a_029.txt,processar
a_029.txt,inicialmente
a_029.txt,enunciacao
a_029.txt,resoluvel
a_029.txt,afora
a_029.txt,falar
a_029.txt,sequestrados
a_029.txt,aparencia
a_029.txt,defendiamos
a_029.txt,instantanea
a_029.txt,loci
a_029.txt,fibra
a_029.txt,indicada
a_029.txt,arts
a_029.txt,acontecimentos
a_029.txt,contudo
a_029.txt,atestar
a_029.txt,conforme
a_029.txt,enfrentamento
a_029.txt,milhao
a_029.txt,pensamentos
a_029.txt,recordou
a_029.txt,raciocinio
a_029.txt,noticiavam
a_029.txt,arremessando
a_029.txt,repudiando
a_029.txt,cenas
a_029.txt,irrompido
a_029.txt,amolda
a_029.txt,criar
a_029.txt,anota
a_029.txt,jardim
a_029.txt,homologado
a_029.txt,pudor
a_029.txt,exclusao
a_029.txt,realizada
a_029.txt,observe
a_029.txt,monocraticas
a_029.txt,sobejamente
a_029.txt,alcanca
a_029.txt,socialnao
a_029.txt,ocorridas
a_029.txt,financiou
a_029.txt,incumbente
a_029.txt,desoladora
a_029.txt,embora
a_029.txt,cientifica
a_029.txt,construida
a_029.txt,repetindo
a_029.txt,atirando
a_029.txt,eixo
a_029.txt,consolidou
a_029.txt,esther
a_029.txt,equipamentos
a_029.txt,institutos
a_029.txt,avistou
a_029.txt,utor
a_029.txt,abir
a_029.txt,inaugurou
a_029.txt,nela
a_029.txt,manifesta
a_029.txt,participava
a_029.txt,comungo
a_029.txt,genericamente
a_029.txt,fruto
a_029.txt,figura
a_029.txt,desconhecendo
a_029.txt,encontraram
a_029.txt,vem
a_029.txt,vigorosamente
a_029.txt,desde
a_029.txt,regramento
a_029.txt,imposicao
a_029.txt,segue
a_029.txt,antoine
a_029.txt,estruturantes
a_029.txt,escutou
a_029.txt,preliminares
a_029.txt,isto
a_029.txt,mangueira
a_029.txt,hidratacao
a_029.txt,preenchidos
a_029.txt,voces
a_029.txt,fatos
a_029.txt,inquisitorial
a_029.txt,saliento
a_029.txt,degradacao
a_029.txt,garcia
a_029.txt,estruturas
a_029.txt,utilizaram
a_029.txt,absolvo
a_029.txt,recuaram
a_029.txt,cacadores
a_029.txt,cabia
a_029.txt,humanidade
a_029.txt,ocorre
a_029.txt,eventualmente
a_029.txt,entrei
a_029.txt,inimigo
a_029.txt,atos_antidemocraticos
a_029.txt,intencional
a_029.txt,acampado
a_029.txt,claudio
a_029.txt,enviassem
a_029.txt,revisao
a_029.txt,persecucao
a_029.txt,amealhados
a_029.txt,gravissimo
a_029.txt,empreendido
a_029.txt,margem
a_029.txt,tenentes
a_029.txt,elemento
a_029.txt,conduzido
a_029.txt,intimacao
a_029.txt,durante
a_029.txt,cognitivo
a_029.txt,republicanos
a_029.txt,integracao
a_029.txt,escolio
a_029.txt,compoem
a_029.txt,alcados
a_029.txt,desimpedida
a_029.txt,subiu
a_029.txt,peixoto
a_029.txt,raro
a_029.txt,executor
a_029.txt,presenciado
a_029.txt,vigilancia
a_029.txt,auxiliis
a_029.txt,jair
a_029.txt,deflagrada
a_029.txt,respondo
a_029.txt,unesco
a_029.txt,locomocao
a_029.txt,voluntario
a_029.txt,disponibilizados
a_029.txt,espantarao
a_029.txt,mpmg
a_029.txt,submetidas
a_029.txt,pacifico
a_029.txt,indiretamente
a_029.txt,relacionado
a_029.txt,gdg
a_029.txt,pecas
a_029.txt,realmente
a_029.txt,cobrindo
a_029.txt,probatorios
a_029.txt,idonea
a_029.txt,of
a_029.txt,propria
a_029.txt,putsch
a_029.txt,amostragem
a_029.txt,andar
a_029.txt,relatoio
a_029.txt,narrado
a_029.txt,lhes
a_029.txt,verifica
a_029.txt,tercio
a_029.txt,exigencia
a_029.txt,fizeram
a_029.txt,dosar
a_029.txt,mormente
a_029.txt,pais
a_029.txt,unidos
a_029.txt,justifica
a_029.txt,ilegitimamente
a_029.txt,componente
a_029.txt,prolatado
a_029.txt,racistas
a_029.txt,convem
a_029.txt,territorio
a_029.txt,co
a_029.txt,verificados
a_029.txt,sucesso
a_029.txt,encaminhassem
a_029.txt,variadas
a_029.txt,residual
a_029.txt,padroes
a_029.txt,tiraram
a_029.txt,predios
a_029.txt,atuando
a_029.txt,pregacoes
a_029.txt,fixara
a_029.txt,morais
a_029.txt,iminencia
a_029.txt,alaor
a_029.txt,desejo
a_029.txt,moura
a_029.txt,vandalizava
a_029.txt,escondida
a_029.txt,rixa
a_029.txt,merecedores
a_029.txt,sem
a_029.txt,permitir
a_029.txt,afastam
a_029.txt,imputados
a_029.txt,deslocam
a_029.txt,potencialmente
a_029.txt,istrito
a_029.txt,alicerce
a_029.txt,equipados
a_029.txt,obvia
a_029.txt,posteriormente
a_029.txt,responsabilidade
a_029.txt,tornar
a_029.txt,cautela
a_029.txt,abrigar
a_029.txt,assistencia
a_029.txt,informando
a_029.txt,apurada
a_029.txt,poderia
a_029.txt,ajoelharam
a_029.txt,senadores
a_029.txt,promocao
a_029.txt,basico
a_029.txt,precisao
a_029.txt,rejeito
a_029.txt,sustento
a_029.txt,autentico
a_029.txt,perpetrados
a_029.txt,desequilibrio
a_029.txt,audiencias
a_029.txt,escalao
a_029.txt,tem
a_029.txt,realizava
a_029.txt,termina
a_029.txt,exemplo
a_029.txt,confundido
a_029.txt,identifica
a_029.txt,fundo
a_029.txt,opiniao
a_029.txt,destacando
a_029.txt,responsavel
a_029.txt,deixa
a_029.txt,percebido
a_029.txt,cotidiano
a_029.txt,moveis
a_029.txt,exames
a_029.txt,amasiado
a_029.txt,respeitosamente
a_029.txt,fisico
a_029.txt,inutilizada
a_029.txt,ativamente
a_029.txt,pela
a_029.txt,atento
a_029.txt,frentes
a_029.txt,sousa
a_029.txt,provocados
a_029.txt,nucci
a_029.txt,dirigindo
a_029.txt,partido
a_029.txt,ato
a_029.txt,audiencia
a_029.txt,combinacao
a_029.txt,subdesenvolvidos
a_029.txt,legitimos
a_029.txt,violento
a_029.txt,imunes
a_029.txt,antigo
a_029.txt,absolvicao
a_029.txt,estabelecimento
a_029.txt,nacionais
a_029.txt,hino
a_029.txt,juizes
a_029.txt,humano
a_029.txt,feitas
a_029.txt,longa
a_029.txt,acusacao
a_029.txt,aparentemente
a_029.txt,ii
a_029.txt,inteligiveis
a_029.txt,homogenea
a_029.txt,acessar
a_029.txt,armamentista
a_029.txt,cornetas
a_029.txt,solucoes
a_029.txt,conseguido
a_029.txt,afirmei
a_029.txt,razoes
a_029.txt,pmdf
a_029.txt,esmiucar
a_029.txt,valida
a_029.txt,apuracoes
a_029.txt,ocorrendo
a_029.txt,dirigiu
a_029.txt,vivem
a_029.txt,efetivos
a_029.txt,surgiu
a_029.txt,seculos
a_029.txt,antecedente
a_029.txt,dito
a_029.txt,cogitar
a_029.txt,mutua
a_029.txt,limpou
a_029.txt,permaneciam
a_029.txt,vir
a_029.txt,resp
a_029.txt,majorado
a_029.txt,meramente
a_029.txt,levados
a_029.txt,convocados
a_029.txt,agrupados
a_029.txt,vazio
a_029.txt,sim
a_029.txt,lesao
a_029.txt,instituira
a_029.txt,relevar
a_029.txt,meios
a_029.txt,agravantes
a_029.txt,cognitiva
a_029.txt,alusivo
a_029.txt,demonstrar
a_029.txt,radios
a_029.txt,telescopico
a_029.txt,ferido
a_029.txt,urteil
a_029.txt,havera
a_029.txt,selva
a_029.txt,aldir
a_029.txt,sant
a_029.txt,detalhados
a_029.txt,furtar
a_029.txt,calcada
a_029.txt,fenda
a_029.txt,aniquilada
a_029.txt,factivel
a_029.txt,acessado
a_029.txt,rememoro
a_029.txt,advogadas
a_029.txt,judicial
a_029.txt,acerca
a_029.txt,abordagem
a_029.txt,tipificadas
a_029.txt,destaquei
a_029.txt,presidenciais
a_029.txt,autoritarias
a_029.txt,aumenta
a_029.txt,liberal
a_029.txt,razoavel
a_029.txt,incriminador
a_029.txt,maio
a_029.txt,alegar
a_029.txt,cria
a_029.txt,psiquismo
a_029.txt,funcao
a_029.txt,acrescentou
a_029.txt,haveria
a_029.txt,ela
a_029.txt,aglomeracao
a_029.txt,importante
a_029.txt,camiseta
a_029.txt,excerto
a_029.txt,algemar
a_029.txt,animais
a_029.txt,obstrucao
a_029.txt,tenham
a_029.txt,pormenorizar
a_029.txt,domingo
a_029.txt,designacao
a_029.txt,radicalismo
a_029.txt,arbitrio
a_029.txt,trazidas
a_029.txt,justica
a_029.txt,repelia
a_029.txt,penapolis
a_029.txt,autuacao
a_029.txt,cameras
a_029.txt,hastes
a_029.txt,reprimir
a_029.txt,estatais
a_029.txt,posiciona
a_029.txt,crise
a_029.txt,finalidade
a_029.txt,errado
a_029.txt,atravessa
a_029.txt,caes
a_029.txt,incentivaram
a_029.txt,criticas
a_029.txt,pontas
a_029.txt,nitidamente
a_029.txt,virado
a_029.txt,significativa
a_029.txt,aparentes
a_029.txt,estrangeiros
a_029.txt,desocupacao
a_029.txt,novidade
a_029.txt,virtude
a_029.txt,configuram
a_029.txt,atentos
a_029.txt,metais
a_029.txt,inicio
a_029.txt,causais
a_029.txt,discursos
a_029.txt,mirados
a_029.txt,chamar
a_029.txt,reuniram
a_029.txt,exauriente
a_029.txt,ele
a_029.txt,processado
a_029.txt,alemas
a_029.txt,elucidados
a_029.txt,odio
a_029.txt,terroristas
a_029.txt,legislativo
a_029.txt,impediram
a_029.txt,circular
a_029.txt,abusos
a_029.txt,punicao
a_029.txt,deste
a_029.txt,classes
a_029.txt,prejuizo
a_029.txt,multitudinarias
a_029.txt,estimativa
a_029.txt,derivaram
a_029.txt,adequados
a_029.txt,achei
a_029.txt,perigos
a_029.txt,afiancadas
a_029.txt,influenciado
a_029.txt,aderido
a_029.txt,surpresa
a_029.txt,artificio
a_029.txt,instrucao
a_029.txt,ap
a_029.txt,qg
a_029.txt,macula
a_029.txt,democratica
a_029.txt,consagrou
a_029.txt,ma
a_029.txt,luigi
a_029.txt,outrora
a_029.txt,revistados
a_029.txt,comentado
a_029.txt,admitidas
a_029.txt,regido
a_029.txt,sentido
a_029.txt,delibacao
a_029.txt,correa
a_029.txt,suficiencia
a_029.txt,opressao
a_029.txt,petreas
a_029.txt,dizer
a_029.txt,avancaram
a_029.txt,participacao
a_029.txt,afronta
a_029.txt,criminalizacao
a_029.txt,dificultar
a_029.txt,ml
a_029.txt,combate
a_029.txt,rompida
a_029.txt,asseverou
a_029.txt,confunde
a_029.txt,omissivas
a_029.txt,legitimidade
a_029.txt,voltava
a_029.txt,corrobora
a_029.txt,incumbido
a_029.txt,eminentes
a_029.txt,complexa
a_029.txt,desse
a_029.txt,verificou
a_029.txt,propagacoes
a_029.txt,coletanea
a_029.txt,houverem
a_029.txt,adolescente
a_029.txt,pode
a_029.txt,horizonte
a_029.txt,canivetes
a_029.txt,senados
a_029.txt,html
a_029.txt,alternativos
a_029.txt,hostil
a_029.txt,sofrendo
a_029.txt,psicologia
a_029.txt,achavam
a_029.txt,ofendendo
a_029.txt,manga
a_029.txt,acostados
a_029.txt,homenagem
a_029.txt,sucessivos
a_029.txt,comunicar
a_029.txt,resistindo
a_029.txt,extremismo
a_029.txt,imputada
a_029.txt,conceitua
a_029.txt,ata
a_029.txt,cinq
a_029.txt,fevereiro
a_029.txt,focos
a_029.txt,visitacao
a_029.txt,inspiram
a_029.txt,tentativas
a_029.txt,review
a_029.txt,diminuicao
a_029.txt,formal
a_029.txt,indicio
a_029.txt,autoral
a_029.txt,constante
a_029.txt,conduziram
a_029.txt,rompendo
a_029.txt,ocorreu
a_029.txt,dados
a_029.txt,alteradas
a_029.txt,pretendida
a_029.txt,responda
a_029.txt,inferencia
a_029.txt,salvador
a_029.txt,comparada
a_029.txt,realizados
a_029.txt,cheguei
a_029.txt,comeca
a_029.txt,inquisitiva
a_029.txt,atalia
a_029.txt,garrafinha
a_029.txt,familia
a_029.txt,vendedores
a_029.txt,atacando
a_029.txt,jogadas
a_029.txt,queria
a_029.txt,intersubjetivo
a_029.txt,fica
a_029.txt,delegara
a_029.txt,apresentar
a_029.txt,toffoli
a_029.txt,atencao
a_029.txt,reportada
a_029.txt,consegui
a_029.txt,enfatizou
a_029.txt,manifestantes
a_029.txt,extrajudicial
a_029.txt,gravosos
a_029.txt,iniciativa
a_029.txt,limitacao
a_029.txt,resto
a_029.txt,preparar
a_029.txt,presenciou
a_029.txt,pagou
a_029.txt,bia
a_029.txt,refletem
a_029.txt,expensas
a_029.txt,policias
a_029.txt,indissoluvel
a_029.txt,deduzindo
a_029.txt,gravidade
a_029.txt,gude
a_029.txt,formularios
a_029.txt,ultrapassam
a_029.txt,pertences
a_029.txt,agredido
a_029.txt,precisaria
a_029.txt,comete
a_029.txt,bgp
a_029.txt,necessario
a_029.txt,encadeados
a_029.txt,reuniao
a_029.txt,topico
a_029.txt,paiol
a_029.txt,pecuniaria
a_029.txt,haja
a_029.txt,argumento
a_029.txt,jogados
a_029.txt,ocasionaram
a_029.txt,ouvidas
a_029.txt,cortinas
a_029.txt,aprimorando
a_029.txt,segundos
a_029.txt,convalidacao
a_029.txt,versando
a_029.txt,verdadeira
a_029.txt,financiamento
a_029.txt,centenas
a_029.txt,obedeceram
a_029.txt,explicitaram
a_029.txt,individuados
a_029.txt,despeito
a_029.txt,pochete
a_029.txt,camara
a_029.txt,regramentos
a_029.txt,condenatoria
a_029.txt,subitamente
a_029.txt,melhor
a_029.txt,social
a_029.txt,ingressar
a_029.txt,despensa
a_029.txt,apresentando
a_029.txt,psicologicos
a_029.txt,nariz
a_029.txt,normas
a_029.txt,obstaculos
a_029.txt,digno
a_029.txt,ocorrida
a_029.txt,exigindo
a_029.txt,senhora
a_029.txt,agua
a_029.txt,interno
a_029.txt,demonstram
a_029.txt,sob
a_029.txt,promoveram
a_029.txt,devolvidos
a_029.txt,adagio
a_029.txt,delinquencia
a_029.txt,machado
a_029.txt,configurado
a_029.txt,enrolamos
a_029.txt,telescopicos
a_029.txt,internas
a_029.txt,atribuicao
a_029.txt,instaurada
a_029.txt,ligou
a_029.txt,questiona
a_029.txt,escancara
a_029.txt,indiciario
a_029.txt,julgando
a_029.txt,trabalhado
a_029.txt,dimensoes
a_029.txt,alonso
a_029.txt,associaram
a_029.txt,originarias
a_029.txt,concernentes
a_029.txt,tirar
a_029.txt,reconhecer
a_029.txt,concorram
a_029.txt,tinha
a_029.txt,direcionados
a_029.txt,sentenca
a_029.txt,deduzidas
a_029.txt,reduzir
a_029.txt,relatado
a_029.txt,preso
a_029.txt,juntamente
a_029.txt,escopo
a_029.txt,tratamento
a_029.txt,predio
a_029.txt,orgs
a_029.txt,longo
a_029.txt,transmissivel
a_029.txt,humana
a_029.txt,paolo
a_029.txt,direita
a_029.txt,intensificados
a_029.txt,continuacao
a_029.txt,marquise
a_029.txt,desta
a_029.txt,orgaos
a_029.txt,solo
a_029.txt,distribuido
a_029.txt,padrao
a_029.txt,d
a_029.txt,documentacao
a_029.txt,camuflados
a_029.txt,especificada
a_029.txt,falaram
a_029.txt,autenticardocumento
a_029.txt,tribuna
a_029.txt,conflitos
a_029.txt,nesses
a_029.txt,desfavoraveis
a_029.txt,camping
a_029.txt,belo
a_029.txt,depreendo
a_029.txt,hierarquia
a_029.txt,curitiba
a_029.txt,criando
a_029.txt,avos
a_029.txt,minoria
a_029.txt,julgadores
a_029.txt,classificacao
a_029.txt,coimplicados
a_029.txt,chamamentos
a_029.txt,mostra
a_029.txt,intuito
a_029.txt,tapumes
a_029.txt,estas
a_029.txt,simbolico
a_029.txt,autoridade
a_029.txt,previa
a_029.txt,primeiramente
a_029.txt,divulgados
a_029.txt,autorizado
a_029.txt,perseguidas
a_029.txt,participou
a_029.txt,interregno
a_029.txt,consumada
a_029.txt,vide
a_029.txt,resultante
a_029.txt,oper
a_029.txt,arremessadas
a_029.txt,existentes
a_029.txt,construcao
a_029.txt,rasteira
a_029.txt,parte
a_029.txt,haveriam
a_029.txt,sincronia
a_029.txt,sintomas
a_029.txt,recente
a_029.txt,adentra
a_029.txt,furtado
a_029.txt,fotos
a_029.txt,alega
a_029.txt,estariam
a_029.txt,representam
a_029.txt,pavimentado
a_029.txt,suspensao
a_029.txt,consequencias
a_029.txt,reacionarismo
a_029.txt,gestao
a_029.txt,comprovada
a_029.txt,rampa
a_029.txt,enfrentadas
a_029.txt,exigem
a_029.txt,apice
a_029.txt,exacerbado
a_029.txt,vida
a_029.txt,punem
a_029.txt,magistratura
a_029.txt,julgada
a_029.txt,organizacao
a_029.txt,guiaram
a_029.txt,ementas
a_029.txt,atua
a_029.txt,colacionadas
a_029.txt,reiteradas
a_029.txt,garrafas
a_029.txt,determinavam
a_029.txt,intento
a_029.txt,algumas
a_029.txt,agravos
a_029.txt,pretendiam
a_029.txt,revelia
a_029.txt,time
a_029.txt,fins
a_029.txt,publico
a_029.txt,pertencessem
a_029.txt,geschaftsordnungen
a_029.txt,titulares
a_029.txt,incentivando
a_029.txt,privilegiado
a_029.txt,defende
a_029.txt,ostentou
a_029.txt,alemao
a_029.txt,exaltacao
a_029.txt,tentou
a_029.txt,lava
a_029.txt,ziegler
a_029.txt,comuns
a_029.txt,indigitados
a_029.txt,vulgar
a_029.txt,ocorresse
a_029.txt,assassina
a_029.txt,institucionais
a_029.txt,dose
a_029.txt,declarada
a_029.txt,representasse
a_029.txt,zero
a_029.txt,instaurara
a_029.txt,etapa
a_029.txt,amotinados
a_029.txt,cofres
a_029.txt,induvidosa
a_029.txt,lesivo
a_029.txt,implicito
a_029.txt,universo
a_029.txt,emily
a_029.txt,foto
a_029.txt,etico
a_029.txt,horas
a_029.txt,continuam
a_029.txt,apresentacao
a_029.txt,certa
a_029.txt,violentas
a_029.txt,aderiram
a_029.txt,cassetetes
a_029.txt,infertil
a_029.txt,depredou
a_029.txt,cp
a_029.txt,aludindo
a_029.txt,mudanca
a_029.txt,mobilia
a_029.txt,ziblatt
a_029.txt,tornarem
a_029.txt,inaudita
a_029.txt,celeridade
a_029.txt,boa
a_029.txt,vencido
a_029.txt,invasores
a_029.txt,reassuncao
a_029.txt,tragedia
a_029.txt,mudar
a_029.txt,esporte
a_029.txt,podem
a_029.txt,invertido
a_029.txt,existem
a_029.txt,ement
a_029.txt,almeida
a_029.txt,embargo
a_029.txt,danificou
a_029.txt,objetivos
a_029.txt,invadia
a_029.txt,procura
a_029.txt,isoladamente
a_029.txt,induzimento
a_029.txt,formulado
a_029.txt,representaram
a_029.txt,museu
a_029.txt,treze
a_029.txt,delegacao
a_029.txt,extra
a_029.txt,apontou
a_029.txt,ocorrer
a_029.txt,apesar
a_029.txt,teori
a_029.txt,inquirido
a_029.txt,investigada
a_029.txt,faz
a_029.txt,sequencia
a_029.txt,solidez
a_029.txt,material
a_029.txt,senhores
a_029.txt,temporal
a_029.txt,cao
a_029.txt,limitado
a_029.txt,mpsp
a_029.txt,baixo
a_029.txt,irresignacao
a_029.txt,funcoes
a_029.txt,insubsistentes
a_029.txt,requerimentos
a_029.txt,suporte
a_029.txt,dessa
a_029.txt,lacradas
a_029.txt,motins
a_029.txt,funciona
a_029.txt,repetidas
a_029.txt,fim
a_029.txt,cronica
a_029.txt,fretado
a_029.txt,incompetente
a_029.txt,cerraram
a_029.txt,indevido
a_029.txt,apartamento
a_029.txt,pintados
a_029.txt,posicao
a_029.txt,quibus
a_029.txt,protraida
a_029.txt,mesa
a_029.txt,exagero
a_029.txt,outros
a_029.txt,orleans
a_029.txt,ineptas
a_029.txt,afastada
a_029.txt,viu
a_029.txt,margarete
a_029.txt,gabriela
a_029.txt,clarissa
a_029.txt,obrigada
a_029.txt,cidade
a_029.txt,minas
a_029.txt,rudimentar
a_029.txt,intimidatoria
a_029.txt,aduzindo
a_029.txt,indicava
a_029.txt,sabiam
a_029.txt,portador
a_029.txt,tanto
a_029.txt,opondo
a_029.txt,precisam
a_029.txt,acreditar
a_029.txt,sucessivamente
a_029.txt,impressao
a_029.txt,aprofundamento
a_029.txt,pratique
a_029.txt,deu
a_029.txt,induzindo
a_029.txt,jus
a_029.txt,distanciaram
a_029.txt,lancaram
a_029.txt,pedido
a_029.txt,concursus
a_029.txt,tombado
a_029.txt,permaneceu
a_029.txt,memoriais
a_029.txt,perante
a_029.txt,parcial
a_029.txt,gozem
a_029.txt,fundamentaram
a_029.txt,recompor
a_029.txt,gracie
a_029.txt,doze
a_029.txt,convocacao
a_029.txt,conhecimentos
a_029.txt,ordenamento
a_029.txt,visando
a_029.txt,processante
a_029.txt,preliminarmente
a_029.txt,turbando
a_029.txt,recem
a_029.txt,materializados
a_029.txt,denunciados
a_029.txt,idealizado
a_029.txt,relembro
a_029.txt,incidencia
a_029.txt,contagio
a_029.txt,hospedava
a_029.txt,celulares
a_029.txt,ataque
a_029.txt,apanhou
a_029.txt,reconhece
a_029.txt,aufere
a_029.txt,armamento
a_029.txt,ilegalmente
a_029.txt,estrita
a_029.txt,terem
a_029.txt,auto
a_029.txt,instigando
a_029.txt,adequado
a_029.txt,bittencourt
a_029.txt,causando
a_029.txt,considerados
a_029.txt,permeou
a_029.txt,transmissao
a_029.txt,nascer
a_029.txt,fontes
a_029.txt,resvalam
a_029.txt,distritais
a_029.txt,estiverem
a_029.txt,esvaziamento
a_029.txt,impediam
a_029.txt,similar
a_029.txt,mandato
a_029.txt,representativo
a_029.txt,acabou
a_029.txt,apontadas
a_029.txt,ll
a_029.txt,autoritarismo
a_029.txt,presencial
a_029.txt,governante
a_029.txt,denotaram
a_029.txt,atribuicoes
a_029.txt,vencedor
a_029.txt,danos
a_029.txt,jogou
a_029.txt,pet
a_029.txt,culminando
a_029.txt,maximo
a_029.txt,pretensa
a_029.txt,gritavam
a_029.txt,manejo
a_029.txt,eficaz
a_029.txt,presidencia
a_029.txt,substituicao
a_029.txt,dever
a_029.txt,dilema
a_029.txt,oculos
a_029.txt,flavio
a_029.txt,vicio
a_029.txt,elaboracao
a_029.txt,carreira
a_029.txt,caminhao
a_029.txt,escudos
a_029.txt,planejados
a_029.txt,providos
a_029.txt,reputacao
a_029.txt,janela
a_029.txt,incivilidade
a_029.txt,moveu
a_029.txt,depoente
a_029.txt,contendo
a_029.txt,alma
a_029.txt,concluida
a_029.txt,surgem
a_029.txt,basileu
a_029.txt,salientou
a_029.txt,codenunciados
a_029.txt,conta
a_029.txt,cheiro
a_029.txt,exatas
a_029.txt,tecido
a_029.txt,semelhantes
a_029.txt,demanda
a_029.txt,garantia
a_029.txt,queda
a_029.txt,relatoria
a_029.txt,avancar
a_029.txt,baderna
a_029.txt,iniciaram
a_029.txt,angariado
a_029.txt,populacao
a_029.txt,obrigatorio
a_029.txt,falta
a_029.txt,perdao
a_029.txt,levitsky
a_029.txt,adequacao
a_029.txt,afirmada
a_029.txt,confissao
a_029.txt,culpados
a_029.txt,ponderou
a_029.txt,primeiros
a_029.txt,comprovacao
a_029.txt,societas
a_029.txt,t
a_029.txt,oportunidade
a_029.txt,separacao
a_029.txt,condenou
a_029.txt,sspdf
a_029.txt,estudado
a_029.txt,afasto
a_029.txt,ristiano
a_029.txt,tende
a_029.txt,consequente
a_029.txt,extradicao
a_029.txt,menor
a_029.txt,tropa
a_029.txt,quomodo
a_029.txt,oo
a_029.txt,garrafa
a_029.txt,corredores
a_029.txt,busca
a_029.txt,instaurou
a_029.txt,vogal
a_029.txt,descritas
a_029.txt,ausentes
a_029.txt,l
a_029.txt,democracy
a_029.txt,inexistentes
a_029.txt,honra
a_029.txt,explica
a_029.txt,cezar
a_029.txt,negativamente
a_029.txt,houvesse
a_029.txt,endereco
a_029.txt,merecendo
a_029.txt,excepcionalmente
a_029.txt,espanha
a_029.txt,consistir
a_029.txt,algoritmo
a_029.txt,esclarecimento
a_029.txt,reforcar
a_029.txt,acolhimento
a_029.txt,chamam
a_029.txt,consignando
a_029.txt,inocorrencia
a_029.txt,arthur
a_029.txt,assertivas
a_029.txt,prerrogativas
a_029.txt,elencadas
a_029.txt,concentrada
a_029.txt,esposa
a_029.txt,indeterminados
a_029.txt,acionei
a_029.txt,trazem
a_029.txt,defesas
a_029.txt,moraes
a_029.txt,entrarem
a_029.txt,nogueira
a_029.txt,negativos
a_029.txt,timida
a_029.txt,privado
a_029.txt,solicitando
a_029.txt,regimentais
a_029.txt,doutrina
a_029.txt,compreendidos
a_029.txt,permanente
a_029.txt,arquitetura
a_029.txt,constituiu
a_029.txt,egoistico
a_029.txt,ameacando
a_029.txt,admissibilidade
a_029.txt,vincular
a_029.txt,contentar
a_029.txt,instalacoes
a_029.txt,essas
a_029.txt,volitivo
a_029.txt,inteiro
a_029.txt,acesso
a_029.txt,menciona
a_029.txt,transacoes
a_029.txt,adiro
a_029.txt,atribui
a_029.txt,matheus
a_029.txt,bem
a_029.txt,alinea
a_029.txt,antidemocraticos
a_029.txt,daquele
a_029.txt,comandantes
a_029.txt,sistemas
a_029.txt,joseph
a_029.txt,aplicativos
a_029.txt,garantismo
a_029.txt,pautadas
a_029.txt,tomam
a_029.txt,consigna
a_029.txt,multitudinario
a_029.txt,retorna
a_029.txt,britto
a_029.txt,salvaguardar
a_029.txt,recolheram
a_029.txt,trajeto
a_029.txt,governados
a_029.txt,longe
a_029.txt,provas
a_029.txt,aniquilar
a_029.txt,sentimentos
a_029.txt,catarse
a_029.txt,judiciario
a_029.txt,quantas
a_029.txt,retomados
a_029.txt,mencionadas
a_029.txt,infracoes
a_029.txt,abaixo
a_029.txt,subtracao
a_029.txt,investigadores
a_029.txt,totalmente
a_029.txt,pediu
a_029.txt,procurado
a_029.txt,caos
a_029.txt,compunham
a_029.txt,mirabete
a_029.txt,especificidades
a_029.txt,acabar
a_029.txt,rezar
a_029.txt,detalharam
a_029.txt,perpetua
a_029.txt,jeans
a_029.txt,concorrencia
a_029.txt,contrarias
a_029.txt,confirmaram
a_029.txt,passiveis
a_029.txt,marx
a_029.txt,indenizatorio
a_029.txt,incitou
a_029.txt,revisor
a_029.txt,dezenas
a_029.txt,empresa
a_029.txt,depredado
a_029.txt,preservacao
a_029.txt,partir
a_029.txt,fazia
a_029.txt,cancer
a_029.txt,reiterada
a_029.txt,escrivao
a_029.txt,instadas
a_029.txt,pacote
a_029.txt,pronta
a_029.txt,serios
a_029.txt,detentoras
a_029.txt,convivencia
a_029.txt,romper
a_029.txt,micaelles
a_029.txt,divulg
a_029.txt,judicialmente
a_029.txt,criminis
a_029.txt,integrantes
a_029.txt,adultos
a_029.txt,avanca
a_029.txt,arrolada
a_029.txt,colaciono
a_029.txt,sustenta
a_029.txt,disponibilizacao
a_029.txt,composto
a_029.txt,negativo
a_029.txt,direcionada
a_029.txt,oficie
a_029.txt,minando
a_029.txt,vislumbro
a_029.txt,destacados
a_029.txt,verificacao
a_029.txt,fogo
a_029.txt,lumen
a_029.txt,terreo
a_029.txt,sancionar
a_029.txt,rendidos
a_029.txt,contraditoria
a_029.txt,salve
a_029.txt,brios
a_029.txt,org
a_029.txt,acrescento
a_029.txt,motivacoes
a_029.txt,irracionalidade
a_029.txt,controlar
a_029.txt,escrever
a_029.txt,fortalecidas
a_029.txt,crimes
a_029.txt,agora
a_029.txt,alicate
a_029.txt,incitacoes
a_029.txt,mario
a_029.txt,representantes
a_029.txt,respectivos
a_029.txt,minuciosa
a_029.txt,catedral
a_029.txt,universidade
a_029.txt,observado
a_029.txt,habeas
a_029.txt,falsas
a_029.txt,operada
a_029.txt,enfraquece
a_029.txt,esse
a_029.txt,paroxisticos
a_029.txt,venias
a_029.txt,proximidades
a_029.txt,injustas
a_029.txt,tpa
a_029.txt,roupa
a_029.txt,notificado
a_029.txt,arguicao
a_029.txt,golpismo
a_029.txt,fluxo
a_029.txt,tapecaria
a_029.txt,insuflavam
a_029.txt,judicioso
a_029.txt,delinquente
a_029.txt,cantando
a_029.txt,preenchimento
a_029.txt,saiba
a_029.txt,derretimento
a_029.txt,infracao
a_029.txt,dominar
a_029.txt,solicitou
a_029.txt,narre
a_029.txt,antunes
a_029.txt,hudson
a_029.txt,grades
a_029.txt,executada
a_029.txt,tiranico
a_029.txt,presume
a_029.txt,importando
a_029.txt,itens
a_029.txt,superadas
a_029.txt,qo
a_029.txt,desenhava
a_029.txt,diferencia
a_029.txt,facil
a_029.txt,noticia
a_029.txt,pacificas
a_029.txt,coletada
a_029.txt,conheciam
a_029.txt,necessarios
a_029.txt,primordialmente
a_029.txt,continuada
a_029.txt,anunciada
a_029.txt,ter
a_029.txt,punir
a_029.txt,integralmente
a_029.txt,relacao
a_029.txt,fabbrini
a_029.txt,discurso
a_029.txt,irracional
a_029.txt,exista
a_029.txt,erguido
a_029.txt,repeticoes
a_029.txt,operacional
a_029.txt,temporais
a_029.txt,formulacao
a_029.txt,comeco
a_029.txt,desemprego
a_029.txt,dali
a_029.txt,insira
a_029.txt,clareza
a_029.txt,mangueiras
a_029.txt,contraria
a_029.txt,partindo
a_029.txt,insercao
a_029.txt,testemunhas
a_029.txt,comportamentos
a_029.txt,balaclavas
a_029.txt,diversidade
a_029.txt,limitar
a_029.txt,tomou
a_029.txt,condicoes
a_029.txt,dotada
a_029.txt,mato
a_029.txt,ataques
a_029.txt,tamanha
a_029.txt,enviado
a_029.txt,conceitos
a_029.txt,declarar
a_029.txt,encontrar
a_029.txt,agressividade
a_029.txt,alimentacao
a_029.txt,vezes
a_029.txt,governar
a_029.txt,romperam
a_029.txt,iv
a_029.txt,retirar
a_029.txt,assessoria
a_029.txt,desloca
a_029.txt,indaguei
a_029.txt,utilizar
a_029.txt,etc
a_029.txt,nitida
a_029.txt,vossa
a_029.txt,observando
a_029.txt,far
a_029.txt,ecletico
a_029.txt,instalacao
a_029.txt,irrompeu
a_029.txt,quimicas
a_029.txt,responsabilizacao
a_029.txt,vigente
a_029.txt,nna
a_029.txt,tinham
a_029.txt,recentes
a_029.txt,guardem
a_029.txt,direito
a_029.txt,coroneis
a_029.txt,credibilidade
a_029.txt,apontar
a_029.txt,cadastrados
a_029.txt,influenciar
a_029.txt,improcedente
a_029.txt,criminalizava
a_029.txt,envolvem
a_029.txt,foro
a_029.txt,oportuno
a_029.txt,politicos
a_029.txt,alves
a_029.txt,agredir
a_029.txt,saber
a_029.txt,ouvindo
a_029.txt,proibir
a_029.txt,agrediram
a_029.txt,versus
a_029.txt,detido
a_029.txt,reveste
a_029.txt,balas
a_029.txt,encadeamento
a_029.txt,democraticos
a_029.txt,dialogico
a_029.txt,indicar
a_029.txt,relato
a_029.txt,inimigos
a_029.txt,percebi
a_029.txt,alcancou
a_029.txt,adrede
a_029.txt,instrumental
a_029.txt,amotinada
a_029.txt,inquiridas
a_029.txt,dezessete
a_029.txt,irrelevante
a_029.txt,individualizadamente
a_029.txt,reiterado
a_029.txt,concorreu
a_029.txt,sustentando
a_029.txt,calculados
a_029.txt,inegavel
a_029.txt,associou
a_029.txt,razoabilidade
a_029.txt,corrigido
a_029.txt,extenso
a_029.txt,belicoso
a_029.txt,ditatoriais
a_029.txt,transparentes
a_029.txt,aculando
a_029.txt,afastamento
a_029.txt,invasoes
a_029.txt,salario
a_029.txt,cientificado
a_029.txt,recebimentos
a_029.txt,gravadas
a_029.txt,presas
a_029.txt,acervo
a_029.txt,eventuais
a_029.txt,filmagens
a_029.txt,permaneci
a_029.txt,w
a_029.txt,juizos
a_029.txt,steven
a_029.txt,qualificacao
a_029.txt,previsivel
a_029.txt,atraida
a_029.txt,imponha
a_029.txt,foram
a_029.txt,destaque
a_029.txt,bolsonarista
a_029.txt,pesam
a_029.txt,responsabilizar
a_029.txt,vao
a_029.txt,recuar
a_029.txt,opositores
a_029.txt,narra
a_029.txt,fechada
a_029.txt,permita
a_029.txt,atendido
a_029.txt,contra
a_029.txt,atraves
a_029.txt,mandado
a_029.txt,atiradeiras
a_029.txt,seguintes
a_029.txt,municipios
a_029.txt,propostas
a_029.txt,advindos
a_029.txt,galvao
a_029.txt,comunitarios
a_029.txt,encerra
a_029.txt,prossegue
a_029.txt,sopro
a_029.txt,agente
a_029.txt,consectario
a_029.txt,apresentava
a_029.txt,correspondencia
a_029.txt,live
a_029.txt,idoneo
a_029.txt,house
a_029.txt,protegia
a_029.txt,excluindo
a_029.txt,humanas
a_029.txt,ouviu
a_029.txt,abstrata
a_029.txt,videomonitoramento
a_029.txt,afastadas
a_029.txt,paridade
a_029.txt,multifaria
a_029.txt,intimidacoes
a_029.txt,transitorio
a_029.txt,efetuou
a_029.txt,incapazes
a_029.txt,fatica
a_029.txt,retratando
a_029.txt,existencia
a_029.txt,chamou
a_029.txt,integrado
a_029.txt,integrava
a_029.txt,chegado
a_029.txt,conseguir
a_029.txt,perverso
a_029.txt,levou
a_029.txt,responsabilizados
a_029.txt,interessou
a_029.txt,farei
a_029.txt,disse
a_029.txt,abandonando
a_029.txt,possuir
a_029.txt,apto
a_029.txt,cenario
a_029.txt,presente
a_029.txt,segmento
a_029.txt,praticar
a_029.txt,cabendo
a_029.txt,autores
a_029.txt,tela
a_029.txt,arendt
a_029.txt,vol
a_029.txt,recuou
a_029.txt,garantido
a_029.txt,tiros
a_029.txt,apreendidos
a_029.txt,un
a_029.txt,televisores
a_029.txt,prisoes
a_029.txt,diziam
a_029.txt,edificacoes
a_029.txt,noticiadas
a_029.txt,disseram
a_029.txt,demoramos
a_029.txt,quantidade
a_029.txt,rejeitou
a_029.txt,adicionar
a_029.txt,desvio
a_029.txt,tarefa
a_029.txt,filhos
a_029.txt,situada
a_029.txt,divergir
a_029.txt,ilegitimidade
a_029.txt,anonimamente
a_029.txt,induziam
a_029.txt,atrairam
a_029.txt,valores
a_029.txt,detem
a_029.txt,materialmente
a_029.txt,unia
a_029.txt,saudavel
a_029.txt,viria
a_029.txt,faltado
a_029.txt,legitimo
a_029.txt,aparecido
a_029.txt,elidio
a_029.txt,atendo
a_029.txt,preta
a_029.txt,pretendendo
a_029.txt,genericas
a_029.txt,fomos
a_029.txt,barroso
a_029.txt,identificar
a_029.txt,almoco
a_029.txt,viveu
a_029.txt,pilares
a_029.txt,crescido
a_029.txt,entendi
a_029.txt,exercito
a_029.txt,concretizacao
a_029.txt,forcar
a_029.txt,descortinada
a_029.txt,revogado
a_029.txt,efetivadas
a_029.txt,alcancar
a_029.txt,procede
a_029.txt,aptos
a_029.txt,generica
a_029.txt,bonavides
a_029.txt,devendo
a_029.txt,hammerschmidt
a_029.txt,avaliada
a_029.txt,cadeiras
a_029.txt,ed
a_029.txt,acostado
a_029.txt,inexistir
a_029.txt,encontram
a_029.txt,carvalho
a_029.txt,limite
a_029.txt,atinge
a_029.txt,encerrou
a_029.txt,formulou
a_029.txt,denominados
a_029.txt,perversao
a_029.txt,rejeicao
a_029.txt,sancoes
a_029.txt,rigor
a_029.txt,acompanhada
a_029.txt,atualidade
a_029.txt,restauracao
a_029.txt,nesta
a_029.txt,democraticas
a_029.txt,formalizado
a_029.txt,delituosas
a_029.txt,mendes
a_029.txt,perguntado
a_029.txt,generalizadamente
a_029.txt,distribuia
a_029.txt,desconhecimento
a_029.txt,esferas
a_029.txt,legislativas
a_029.txt,aparecem
a_029.txt,maleficio
a_029.txt,independentemente
a_029.txt,correia
a_029.txt,mencionada
a_029.txt,diversa
a_029.txt,questionamentos
a_029.txt,sabidamente
a_029.txt,observacao
a_029.txt,protegidos
a_029.txt,altura
a_029.txt,naturalistico
a_029.txt,associadas
a_029.txt,atras
a_029.txt,pregando
a_029.txt,ocasioes
a_029.txt,constando
a_029.txt,s
a_029.txt,apontamento
a_029.txt,alta
a_029.txt,improcedencia
a_029.txt,observancia
a_029.txt,tocante
a_029.txt,segura
a_029.txt,enxame
a_029.txt,ninguem
a_029.txt,dai
a_029.txt,aspecto
a_029.txt,variados
a_029.txt,passamos
a_029.txt,constituir
a_029.txt,habitual
a_029.txt,ressalte
a_029.txt,ocorra
a_029.txt,fez
a_029.txt,prestados
a_029.txt,insuficiencia
a_029.txt,revogada
a_029.txt,logica
a_029.txt,funcionario
a_029.txt,institucionalmente
a_029.txt,garca
a_029.txt,circula
a_029.txt,bloqueio
a_029.txt,respectivamente
a_029.txt,agencia
a_029.txt,aplico
a_029.txt,investigativo
a_029.txt,mobiliarios
a_029.txt,dominou
a_029.txt,caput
a_029.txt,tentado
a_029.txt,expediente
a_029.txt,inconstitucionalidade
a_029.txt,lateral
a_029.txt,aliando
a_029.txt,vergonha
a_029.txt,usa
a_029.txt,concessao
a_029.txt,paralelamente
a_029.txt,cometa
a_029.txt,torcedores
a_029.txt,produzidas
a_029.txt,acionamento
a_029.txt,ocasionado
a_029.txt,parcialmente
a_029.txt,reagir
a_029.txt,gravacao
a_029.txt,roupas
a_029.txt,fissuras
a_029.txt,guardadas
a_029.txt,analisando
a_029.txt,invocada
a_029.txt,visibilidade
a_029.txt,rodovias
a_029.txt,mm
a_029.txt,esforcos
a_029.txt,anulam
a_029.txt,instigadores
a_029.txt,informei
a_029.txt,havendo
a_029.txt,identidade
a_029.txt,censurabilidade
a_029.txt,protetora
a_029.txt,rescisoria
a_029.txt,mal
a_029.txt,pertence
a_029.txt,infratores
a_029.txt,somados
a_029.txt,sobretudo
a_029.txt,transcurso
a_029.txt,intermedio
a_029.txt,narrada
a_029.txt,queriam
a_029.txt,gradil
a_029.txt,cometeu
a_029.txt,vilipendiar
a_029.txt,decisionismo
a_029.txt,corrupto
a_029.txt,imperioso
a_029.txt,derradeiras
a_029.txt,abrangente
a_029.txt,estando
a_029.txt,constantes
a_029.txt,linhas
a_029.txt,encadeadas
a_029.txt,arrastados
a_029.txt,el
a_029.txt,impostas
a_029.txt,independentes
a_029.txt,comportamento
a_029.txt,computadores
a_029.txt,lideres
a_029.txt,vive
a_029.txt,rumo
a_029.txt,lazer
a_029.txt,proposta
a_029.txt,consideraveis
a_029.txt,deteriorados
a_029.txt,lucy
a_029.txt,abarcando
a_029.txt,vi
a_029.txt,alarmantes
a_029.txt,totalitarios
a_029.txt,duramente
a_029.txt,culturais
a_029.txt,sabendo
a_029.txt,ejulgo
a_029.txt,formula
a_029.txt,soberania
a_029.txt,esbarra
a_029.txt,analisar
a_029.txt,ayres
a_029.txt,rotam
a_029.txt,desenvolveram
a_029.txt,iguais
a_029.txt,soubhia
a_029.txt,vultuosos
a_029.txt,xxvii
a_029.txt,assistir
a_029.txt,manuseada
a_029.txt,agressoes
a_029.txt,ocasiao
a_029.txt,denuncia
a_029.txt,book
a_029.txt,importa
a_029.txt,adesao
a_029.txt,destruirem
a_029.txt,criminalizada
a_029.txt,aeronautica
a_029.txt,producao
a_029.txt,considerando
a_029.txt,apurar
a_029.txt,explicou
a_029.txt,jurisprudencial
a_029.txt,rigorosa
a_029.txt,sc
a_029.txt,comprovou
a_029.txt,gracas
a_029.txt,cabo
a_029.txt,dentre
a_029.txt,depredados
a_029.txt,instruido
a_029.txt,falha
a_029.txt,indeterminacoes
a_029.txt,atuou
a_029.txt,inobservancia
a_029.txt,reorganizar
a_029.txt,oeste
a_029.txt,dizendo
a_029.txt,amplo
a_029.txt,cordoba
a_029.txt,cruzando
a_029.txt,diario
a_029.txt,mascaras
a_029.txt,peremptoriamente
a_029.txt,lesionados
a_029.txt,agem
a_029.txt,contraditorio
a_029.txt,elementar
a_029.txt,apreco
a_029.txt,alusoes
a_029.txt,residencial
a_029.txt,expeca
a_029.txt,instiga
a_029.txt,produzido
a_029.txt,escura
a_029.txt,penso
a_029.txt,praticando
a_029.txt,interligacao
a_029.txt,diz
a_029.txt,alianca
a_029.txt,militant
a_029.txt,sofa
a_029.txt,pontos
a_029.txt,interagir
a_029.txt,originario
a_029.txt,erigidas
a_029.txt,nitidez
a_029.txt,deslocaria
a_029.txt,orquestrada
a_029.txt,retrocessos
a_029.txt,difusos
a_029.txt,vedar
a_029.txt,adequando
a_029.txt,acarretaria
a_029.txt,prisao
a_029.txt,pretender
a_029.txt,cito
a_029.txt,celso
a_029.txt,sigilosos
a_029.txt,avulta
a_029.txt,insuflar
a_029.txt,confiar
a_029.txt,preciosa
a_029.txt,reo
a_029.txt,dentro
a_029.txt,apreendido
a_029.txt,severamente
a_029.txt,pmdb
a_029.txt,campinas
a_029.txt,atual
a_029.txt,andou
a_029.txt,perfurocortante
a_029.txt,pcdf
a_029.txt,tramontina
a_029.txt,consumado
a_029.txt,bradassem
a_029.txt,nomes
a_029.txt,ativantes
a_029.txt,coordenacao
a_029.txt,folders
a_029.txt,esquizofrenia
a_029.txt,dirigido
a_029.txt,compreensivel
a_029.txt,naquela
a_029.txt,existente
a_029.txt,influencia
a_029.txt,efetivas
a_029.txt,perturbacao
a_029.txt,extrai
a_029.txt,caracterizada
a_029.txt,levando
a_029.txt,significa
a_029.txt,tipificada
a_029.txt,acontecendo
a_029.txt,orquestracao
a_029.txt,infiltrar
a_029.txt,escreveu
a_029.txt,laudo
a_029.txt,empurrada
a_029.txt,rosa
a_029.txt,retornando
a_029.txt,lastro
a_029.txt,chegamos
a_029.txt,caravanas
a_029.txt,autoriza
a_029.txt,opunham
a_029.txt,liame
a_029.txt,face
a_029.txt,sacolas
a_029.txt,executoria
a_029.txt,travados
a_029.txt,prestando
a_029.txt,todas
a_029.txt,calcado
a_029.txt,coube
a_029.txt,alicates
a_029.txt,veemencia
a_029.txt,transcrita
a_029.txt,fechando
a_029.txt,retiradas
a_029.txt,corrigida
a_029.txt,obsessao
a_029.txt,concebido
a_029.txt,destarte
a_029.txt,encaminhasse
a_029.txt,pondo
a_029.txt,traga
a_029.txt,criminologia
a_029.txt,perpetracao
a_029.txt,seguranca
a_029.txt,preceitos
a_029.txt,indevidamente
a_029.txt,feira
a_029.txt,vontade
a_029.txt,conhecam
a_029.txt,despersonalizacao
a_029.txt,egide
a_029.txt,pedagogico
a_029.txt,movimentos
a_029.txt,esclarecer
a_029.txt,saque
a_029.txt,atualmente
a_029.txt,horda
a_029.txt,dispoe
a_029.txt,atribuir
a_029.txt,medida
a_029.txt,capas
a_029.txt,injuncao
a_029.txt,sofremos
a_029.txt,lv
a_029.txt,pinacoteca
a_029.txt,incompativel
a_029.txt,devidamente
a_029.txt,ultrapassa
a_029.txt,permeavam
a_029.txt,vandalizados
a_029.txt,idealizadores
a_029.txt,declaratoria
a_029.txt,designada
a_029.txt,levo
a_029.txt,particular
a_029.txt,dispositivos
a_029.txt,base
a_029.txt,atenuada
a_029.txt,largamente
a_029.txt,argentina
a_029.txt,zahar
a_029.txt,desestabilizar
a_029.txt,percebeu
a_029.txt,interpretacoes
a_029.txt,terrorismo
a_029.txt,instigador
a_029.txt,chegarem
a_029.txt,estimada
a_029.txt,textos
a_029.txt,liberdades
a_029.txt,peru
a_029.txt,conseguimos
a_029.txt,instrumento
a_029.txt,ddff
a_029.txt,leitura
a_029.txt,participantes
a_029.txt,hoc
a_029.txt,compreensao
a_029.txt,edificio
a_029.txt,apresentaria
a_029.txt,dolosa
a_029.txt,ordenou
a_029.txt,explosiva
a_029.txt,descrever
a_029.txt,cominada
a_029.txt,epigrafe
a_029.txt,exerce
a_029.txt,teor
a_029.txt,ambito
a_029.txt,caracterizaram
a_029.txt,consecucao
a_029.txt,senado
a_029.txt,poderio
a_029.txt,repiso
a_029.txt,palavra
a_029.txt,estenderam
a_029.txt,denotam
a_029.txt,acampadas
a_029.txt,particulares
a_029.txt,direta
a_029.txt,afastaram
a_029.txt,terriveis
a_029.txt,assistente
a_029.txt,corroborados
a_029.txt,volume
a_029.txt,escala
a_029.txt,franca
a_029.txt,sugestionabilidade
a_029.txt,dallagnol
a_029.txt,consumavam
a_029.txt,comparativamente
a_029.txt,ogal
a_029.txt,alerta
a_029.txt,nosso
a_029.txt,atinentes
a_029.txt,pertencentes
a_029.txt,interessados
a_029.txt,oficio
a_029.txt,mauricio
a_029.txt,verifico
a_029.txt,political
a_029.txt,destruida
a_029.txt,manejados
a_029.txt,propagam
a_029.txt,tombada
a_029.txt,armamentos
a_029.txt,viabilizou
a_029.txt,inves
a_029.txt,interpretando
a_029.txt,inestimaveis
a_029.txt,progresso
a_029.txt,supostas
a_029.txt,versao
a_029.txt,somatoria
a_029.txt,subindo
a_029.txt,sentado
a_029.txt,adotados
a_029.txt,velocidade
a_029.txt,forcoso
a_029.txt,lutam
a_029.txt,observada
a_029.txt,mandatos
a_029.txt,desempregado
a_029.txt,unindo
a_029.txt,deputado
a_029.txt,erick
a_029.txt,alcancando
a_029.txt,atear
a_029.txt,svolik
a_029.txt,dei
a_029.txt,anexos
a_029.txt,presos
a_029.txt,elucidacao
a_029.txt,subjetiva
a_029.txt,normativas
a_029.txt,preservar
a_029.txt,judicante
a_029.txt,jamais
a_029.txt,laudos
a_029.txt,licita
a_029.txt,disruptivos
a_029.txt,verdade
a_029.txt,acidentar
a_029.txt,secundarios
a_029.txt,porticos
a_029.txt,introduzido
a_029.txt,custo
a_029.txt,registros
a_029.txt,espacial
a_029.txt,ladrao
a_029.txt,destruiu
a_029.txt,hora
a_029.txt,peluso
a_029.txt,emocoes
a_029.txt,te
a_029.txt,negativas
a_029.txt,filipe
a_029.txt,preordenada
a_029.txt,ensinado
a_029.txt,faco
a_029.txt,rapido
a_029.txt,coletividade
a_029.txt,capachos
a_029.txt,fossem
a_029.txt,sectarismo
a_029.txt,figueiredo
a_029.txt,haver
a_029.txt,citar
a_029.txt,rio
a_029.txt,vinculado
a_029.txt,resolucao
a_029.txt,bombas
a_029.txt,compete
a_029.txt,curta
a_029.txt,fisicamente
a_029.txt,imputando
a_029.txt,acontece
a_029.txt,cometidas
a_029.txt,gradis
a_029.txt,resigna
a_029.txt,constranger
a_029.txt,banalizacao
a_029.txt,divisao
a_029.txt,compreendo
a_029.txt,vestibular
a_029.txt,relatados
a_029.txt,comunicacoes
a_029.txt,certamente
a_029.txt,oitiva
a_029.txt,incitadores
a_029.txt,reacoes
a_029.txt,programa
a_029.txt,visualmente
a_029.txt,estaduais
a_029.txt,importancia
a_029.txt,enfatica
a_029.txt,monumental
a_029.txt,historicamente
a_029.txt,culpa
a_029.txt,motoboys
a_029.txt,verbas
a_029.txt,medicamentos
a_029.txt,produziram
a_029.txt,demais
a_029.txt,triste
a_029.txt,lancou
a_029.txt,excitacao
a_029.txt,tropas
a_029.txt,atuam
a_029.txt,derrubaram
a_029.txt,mitigacao
a_029.txt,composicao
a_029.txt,ordem
a_029.txt,confrontou
a_029.txt,provocam
a_029.txt,convertido
a_029.txt,tenho
a_029.txt,imposta
a_029.txt,nikbar
a_029.txt,maquiavel
a_029.txt,pronunciar
a_029.txt,cdce
a_029.txt,produzidos
a_029.txt,abertura
a_029.txt,animus
a_029.txt,via
a_029.txt,fixando
a_029.txt,favoravel
a_029.txt,indicando
a_029.txt,gravissima
a_029.txt,pretende
a_029.txt,desrespeito
a_029.txt,justificativa
a_029.txt,reproduzido
a_029.txt,penais
a_029.txt,ilogico
a_029.txt,umidificar
a_029.txt,alegadas
a_029.txt,declinio
a_029.txt,gravou
a_029.txt,dinamica
a_029.txt,arremesso
a_029.txt,urbanismo
a_029.txt,quinze
a_029.txt,hery
a_029.txt,encaminhamento
a_029.txt,autodefesa
a_029.txt,tribunais
a_029.txt,emerge
a_029.txt,entendimento
a_029.txt,legalmente
a_029.txt,saudacao
a_029.txt,rezavam
a_029.txt,inclusive
a_029.txt,jornalista
a_029.txt,maj
a_029.txt,b
a_029.txt,comprovar
a_029.txt,infraconstitucional
a_029.txt,vocacao
a_029.txt,especializada
a_029.txt,cultivam
a_029.txt,res
a_029.txt,anos
a_029.txt,limitados
a_029.txt,conclusao
a_029.txt,minudenciar
a_029.txt,ir
a_029.txt,analisados
a_029.txt,premissas
a_029.txt,interpretacao
a_029.txt,pegaram
a_029.txt,lowenstein
a_029.txt,incitamento
a_029.txt,forcas
a_029.txt,barricada
a_029.txt,magistrada
a_029.txt,apenas
a_029.txt,passasse
a_029.txt,acionado
a_029.txt,nessa
a_029.txt,deitar
a_029.txt,submetidos
a_029.txt,emulacoes
a_029.txt,participando
a_029.txt,otoni
a_029.txt,sinalizava
a_029.txt,assentou
a_029.txt,repetiu
a_029.txt,incendiado
a_029.txt,cidadania
a_029.txt,limitando
a_029.txt,especificar
a_029.txt,ofendeu
a_029.txt,veiculadas
a_029.txt,sobe
a_029.txt,nunca
a_029.txt,desdobramento
a_029.txt,criminalizam
a_029.txt,reunidos
a_029.txt,petrobras
a_029.txt,inscricao
a_029.txt,cabimento
a_029.txt,merecer
a_029.txt,destruir
a_029.txt,adota
a_029.txt,papuda
a_029.txt,monitoracao
a_029.txt,coordenador
a_029.txt,amarelo
a_029.txt,fakhoury
a_029.txt,consignou
a_029.txt,conceitual
a_029.txt,pauta
a_029.txt,inumeros
a_029.txt,acrescimo
a_029.txt,tiene
a_029.txt,singularidade
a_029.txt,daquela
a_029.txt,lideranca
a_029.txt,ressalta
a_029.txt,propositura
a_029.txt,delinquencial
a_029.txt,admitindo
a_029.txt,prestadas
a_029.txt,carecem
a_029.txt,consoante
a_029.txt,fertil
a_029.txt,inegavelmente
a_029.txt,alude
a_029.txt,estrangeira
a_029.txt,responsaveis
a_029.txt,adotou
a_029.txt,hotel
a_029.txt,disciplina
a_029.txt,luzes
a_029.txt,conheco
a_029.txt,alias
a_029.txt,konrad
a_029.txt,intervenha
a_029.txt,calca
a_029.txt,jaburu
a_029.txt,comecou
a_029.txt,condutora
a_029.txt,poucas
a_029.txt,deputados
a_029.txt,acampamento
a_029.txt,subsidiariamente
a_029.txt,executive
a_029.txt,fatico
a_029.txt,constatado
a_029.txt,peco
a_029.txt,detalhando
a_029.txt,eros
a_029.txt,claro
a_029.txt,desci
a_029.txt,categoria
a_029.txt,tipificado
a_029.txt,iniciou
a_029.txt,enfrentar
a_029.txt,comissivas
a_029.txt,subsidiariedade
a_029.txt,perfeito
a_029.txt,movido
a_029.txt,ensejo
a_029.txt,ocorrem
a_029.txt,still
a_029.txt,toca
a_029.txt,minudente
a_029.txt,jornalistas
a_029.txt,ingresso
a_029.txt,complemento
a_029.txt,harmonicos
a_029.txt,alguns
a_029.txt,arroubos
a_029.txt,independente
a_029.txt,adentrar
a_029.txt,reforcando
a_029.txt,pretendia
a_029.txt,explicitas
a_029.txt,politica
a_029.txt,possibilitando
a_029.txt,tipificados
a_029.txt,incalculaveis
a_029.txt,presidir
a_029.txt,quarenta
a_029.txt,passageiros
a_029.txt,automatica
a_029.txt,reprovacao
a_029.txt,fomentam
a_029.txt,ruas
a_029.txt,sinalizaram
a_029.txt,influencias
a_029.txt,irromperam
a_029.txt,condenava
a_029.txt,aceitabilidade
a_029.txt,informamos
a_029.txt,telefonica
a_029.txt,arquitetonicas
a_029.txt,assinala
a_029.txt,junio
a_029.txt,impulsionada
a_029.txt,lutar
a_029.txt,atingido
a_029.txt,destinatario
a_029.txt,constitucional
a_029.txt,oliveira
a_029.txt,incumbentes
a_029.txt,armadas
a_029.txt,restando
a_029.txt,pensam
a_029.txt,comandada
a_029.txt,integral
a_029.txt,preencher
a_029.txt,objetivo
a_029.txt,moacir
a_029.txt,xx
a_029.txt,condenados
a_029.txt,digital
a_029.txt,afinidades
a_029.txt,patamar
a_029.txt,vantagem
a_029.txt,varias
a_029.txt,estabelecidas
a_029.txt,abranger
a_029.txt,territorios
a_029.txt,planejado
a_029.txt,conter
a_029.txt,durabilidade
a_029.txt,tive
a_029.txt,informacoes
a_029.txt,evidente
a_029.txt,anpp
a_029.txt,pertenciam
a_029.txt,furtados
a_029.txt,difusao
a_029.txt,macico
a_029.txt,caminha
a_029.txt,defendeu
a_029.txt,pano
a_029.txt,fachada
a_029.txt,integrados
a_029.txt,exato
a_029.txt,politico
a_029.txt,brasileiros
a_029.txt,apreciar
a_029.txt,amigo
a_029.txt,ofensivo
a_029.txt,argumentativa
a_029.txt,perda
a_029.txt,rasgadas
a_029.txt,existindo
a_029.txt,lira
a_029.txt,veiculacao
a_029.txt,acusada
a_029.txt,apresentasse
a_029.txt,di
a_029.txt,configurar
a_029.txt,marinha
a_029.txt,estampadas
a_029.txt,incorrer
a_029.txt,delegacia
a_029.txt,descontentamento
a_029.txt,integram
a_029.txt,didatico
a_029.txt,excelente
a_029.txt,autorizacao
a_029.txt,alusao
a_029.txt,conclusiva
a_029.txt,tipica
a_029.txt,barra
a_029.txt,informar
a_029.txt,tv
a_029.txt,idealizados
a_029.txt,entidade
a_029.txt,exonerado
a_029.txt,magnitude
a_029.txt,milan
a_029.txt,estimulados
a_029.txt,oferecimento
a_029.txt,tumulto
a_029.txt,prevento
a_029.txt,entoados
a_029.txt,especialmente
a_029.txt,medo
a_029.txt,bastando
a_029.txt,indicativos
a_029.txt,comprometerem
a_029.txt,matematica
a_029.txt,rodrigues
a_029.txt,cometerem
a_029.txt,estudo
a_029.txt,atacam
a_029.txt,delitivas
a_029.txt,pesado
a_029.txt,circulado
a_029.txt,encontrou
a_029.txt,ferreira
a_029.txt,teria
a_029.txt,intimidativa
a_029.txt,matos
a_029.txt,desencadeando
a_029.txt,trazidos
a_029.txt,renda
a_029.txt,fenomeno
a_029.txt,prof
a_029.txt,apelo
a_029.txt,nessas
a_029.txt,poderes
a_029.txt,enviadas
a_029.txt,contamina
a_029.txt,sabedoria
a_029.txt,paciente
a_029.txt,demonstracao
a_029.txt,balizas
a_029.txt,revistado
a_029.txt,aliados
a_029.txt,negou
a_029.txt,prestado
a_029.txt,amplitude
a_029.txt,irresponsabilidade
a_029.txt,duzentas
a_029.txt,brincamos
a_029.txt,devem
a_029.txt,sabe
a_029.txt,emborrachado
a_029.txt,colhidos
a_029.txt,bookseller
a_029.txt,plurissubjetivos
a_029.txt,analisa
a_029.txt,resultando
a_029.txt,juridica
a_029.txt,sopi
a_029.txt,winfried
a_029.txt,designara
a_029.txt,obtida
a_029.txt,fretou
a_029.txt,ubi
a_029.txt,espelho
a_029.txt,ligando
a_029.txt,prestar
a_029.txt,juncao
a_029.txt,agressao
a_029.txt,larissa
a_029.txt,inq
a_029.txt,legitima
a_029.txt,apregoada
a_029.txt,dirigiram
a_029.txt,levar
a_029.txt,contato
a_029.txt,moldes
a_029.txt,fotografo
a_029.txt,apresentem
a_029.txt,persecutorias
a_029.txt,deslocou
a_029.txt,latino
a_029.txt,derradeiro
a_029.txt,vans
a_029.txt,ponderando
a_029.txt,santiago
a_029.txt,pretendam
a_029.txt,julgado
a_029.txt,extranei
a_029.txt,reporto
a_029.txt,chao
a_029.txt,proximo
a_029.txt,tido
a_029.txt,fascistas
a_029.txt,demonstradas
a_029.txt,sentaram
a_029.txt,barros
a_029.txt,tutelado
a_029.txt,verificasse
a_029.txt,conviccao
a_029.txt,trancamento
a_029.txt,europa
a_029.txt,coautoria
a_029.txt,fernando
a_112.txt,aceito
a_112.txt,portaria
a_112.txt,thomson
a_112.txt,indicios
a_112.txt,alarmante
a_112.txt,postou
a_112.txt,capitais
a_112.txt,verificado
a_112.txt,repassados
a_112.txt,oferecer
a_112.txt,financiador
a_112.txt,secao
a_112.txt,destruiram
a_112.txt,conjunta
a_112.txt,criacao
a_112.txt,andre
a_112.txt,rhc
a_112.txt,sozinha
a_112.txt,schawabe
a_112.txt,aguarda
a_112.txt,peguei
a_112.txt,titulo
a_112.txt,marcos
a_112.txt,exigidos
a_112.txt,invadiu
a_112.txt,judicial
a_112.txt,acerca
a_112.txt,empresario
a_112.txt,presidenciais
a_112.txt,legado
a_112.txt,beaba
a_112.txt,m
a_112.txt,apoiando
a_112.txt,trabalhando
a_112.txt,ver
a_112.txt,ta
a_112.txt,interceptar
a_112.txt,aumenta
a_112.txt,liberal
a_112.txt,exposicao
a_112.txt,planos
a_112.txt,inconstitucionais
a_112.txt,manifestar
a_112.txt,processuais
a_112.txt,quer
a_112.txt,materiais
a_112.txt,precisara
a_112.txt,xix
a_112.txt,constituicao
a_112.txt,espuria
a_112.txt,povo
a_112.txt,intencao
a_112.txt,q
a_112.txt,fases
a_112.txt,funcao
a_112.txt,acrescentou
a_112.txt,ela
a_112.txt,luta
a_112.txt,importante
a_112.txt,pedidos
a_112.txt,tasseli
a_112.txt,fechar
a_112.txt,rompimento
a_112.txt,fora
a_112.txt,policial
a_112.txt,logo
a_112.txt,senhor
a_112.txt,movimentaram
a_112.txt,estiver
a_112.txt,coisas
a_112.txt,listagem
a_112.txt,justificar
a_112.txt,tenham
a_112.txt,camisas
a_112.txt,arbitrio
a_112.txt,some
a_112.txt,justica
a_112.txt,livro
a_112.txt,substituida
a_112.txt,subir
a_112.txt,atuacao
a_112.txt,fundamentada
a_112.txt,reduzem
a_112.txt,perpetuidade
a_112.txt,cnpj
a_112.txt,prova
a_112.txt,investigados
a_112.txt,ocorridos
a_112.txt,finalidade
a_112.txt,minuciosamente
a_112.txt,rol
a_112.txt,hein
a_112.txt,impacto
a_112.txt,cometer
a_112.txt,comentar
a_112.txt,sicredi
a_112.txt,eleitos
a_112.txt,corresponde
a_112.txt,adotadas
a_112.txt,numero
a_112.txt,sesso
a_112.txt,evidencie
a_112.txt,subsome
a_112.txt,carioca
a_112.txt,barbaridades
a_112.txt,incentivaram
a_112.txt,epresentacao
a_112.txt,adeira
a_112.txt,nascida
a_112.txt,rodovia
a_112.txt,nitidamente
a_112.txt,criticas
a_112.txt,visavam
a_112.txt,devido
a_112.txt,significativa
a_112.txt,unico
a_112.txt,cornelia
a_112.txt,algum
a_112.txt,dolosamente
a_112.txt,haverem
a_112.txt,respondeu
a_112.txt,transferiu
a_112.txt,compartilhas
a_112.txt,virtude
a_112.txt,configuram
a_112.txt,iphan
a_112.txt,aparece
a_112.txt,inicio
a_112.txt,postaram
a_112.txt,mil
a_112.txt,chamar
a_112.txt,reuniram
a_112.txt,exauriente
a_112.txt,ele
a_112.txt,satisfacao
a_112.txt,alemas
a_112.txt,desafios
a_112.txt,terroristas
a_112.txt,legislativo
a_112.txt,utos
a_112.txt,preparatorios
a_112.txt,orientar
a_112.txt,especial
a_112.txt,otacio
a_112.txt,extratos
a_112.txt,narrando
a_112.txt,pertencente
a_112.txt,deste
a_112.txt,apt
a_112.txt,prejuizo
a_112.txt,ocorria
a_112.txt,clausula
a_112.txt,nn
a_112.txt,determinada
a_112.txt,extrato
a_112.txt,braganca
a_112.txt,frequencia
a_112.txt,obrigatoriamente
a_112.txt,apresentados
a_112.txt,delacao
a_112.txt,feracin
a_112.txt,intervenientes
a_112.txt,funcionam
a_112.txt,ideias
a_112.txt,camaras
a_112.txt,aaii
a_112.txt,grande
a_112.txt,exercicio
a_112.txt,sejam
a_112.txt,terceiros
a_112.txt,vinte
a_112.txt,instrucao
a_112.txt,rei
a_112.txt,ap
a_112.txt,acha
a_112.txt,biblioteca
a_112.txt,conseguiu
a_112.txt,reparacao
a_112.txt,caracterizava
a_112.txt,financeiras
a_112.txt,par
a_112.txt,tda
a_112.txt,cep
a_112.txt,consagrou
a_112.txt,indevida
a_112.txt,dano
a_112.txt,ocultos
a_112.txt,comentado
a_112.txt,essencia
a_112.txt,regido
a_112.txt,constituido
a_112.txt,perfeitamente
a_112.txt,sentido
a_112.txt,enfim
a_112.txt,correa
a_112.txt,suficiencia
a_112.txt,prioridade
a_112.txt,delibacao
a_112.txt,nova
a_112.txt,notadamente
a_112.txt,roberto
a_112.txt,petreas
a_112.txt,edocs
a_112.txt,vaquinhas
a_112.txt,daniel
a_112.txt,bancassem
a_112.txt,emprego
a_112.txt,presencialmente
a_112.txt,oi
a_112.txt,participacao
a_112.txt,estiveram
a_112.txt,iss
a_112.txt,residente
a_112.txt,seuglin
a_112.txt,ajude
a_112.txt,atrapalhou
a_112.txt,dificultar
a_112.txt,viacao
a_112.txt,combate
a_112.txt,antidemocratica
a_112.txt,hoje
a_112.txt,min
a_112.txt,bozelli
a_112.txt,num
a_112.txt,rrapj
a_112.txt,manu
a_112.txt,iniciado
a_112.txt,mantinha
a_112.txt,driano
a_112.txt,todo
a_112.txt,junto
a_112.txt,acontecer
a_112.txt,omissivas
a_112.txt,viajararn
a_112.txt,legitimidade
a_112.txt,excecoes
a_112.txt,notificados
a_112.txt,conduzir
a_112.txt,superior
a_112.txt,totalizaram
a_112.txt,expressa
a_112.txt,ambos
a_112.txt,mitsuyo
a_112.txt,quebra
a_112.txt,membros
a_112.txt,arioca
a_112.txt,financiar
a_112.txt,transacao
a_112.txt,uniao
a_112.txt,interessante
a_112.txt,gerando
a_112.txt,desse
a_112.txt,verificou
a_112.txt,fechou
a_112.txt,coletanea
a_112.txt,houverem
a_112.txt,adolescente
a_112.txt,pode
a_112.txt,sonia
a_112.txt,retorno
a_112.txt,contribuir
a_112.txt,lhe
a_112.txt,imputou
a_112.txt,odolfo
a_112.txt,senados
a_112.txt,acio
a_112.txt,mande
a_112.txt,semana
a_112.txt,bruna
a_112.txt,criminoso
a_112.txt,presenca
a_112.txt,protesto
a_112.txt,despesa
a_112.txt,transferido
a_112.txt,sendo
a_112.txt,encontra
a_112.txt,estamos
a_112.txt,febre
a_112.txt,ajudando
a_112.txt,testemunha
a_112.txt,principios
a_112.txt,exige
a_112.txt,retirada
a_112.txt,ellen
a_112.txt,inepta
a_112.txt,resultado
a_112.txt,calcas
a_112.txt,valor
a_112.txt,publique
a_112.txt,propagacao
a_112.txt,causa
a_112.txt,mello
a_112.txt,ata
a_112.txt,pena
a_112.txt,alegacao
a_112.txt,atentatorios
a_112.txt,possiveis
a_112.txt,formal
a_112.txt,pro
a_112.txt,ingerencia
a_112.txt,beto
a_112.txt,ocorreu
a_112.txt,prol
a_112.txt,unidade
a_112.txt,dados
a_112.txt,narrou
a_112.txt,queremos
a_112.txt,feita
a_112.txt,tomamos
a_112.txt,alinhar
a_112.txt,impor
a_112.txt,impropria
a_112.txt,natureza
a_112.txt,realizados
a_112.txt,organizaram
a_112.txt,comeca
a_112.txt,luiz
a_112.txt,dumond
a_112.txt,descritos
a_112.txt,daqui
a_112.txt,cintia
a_112.txt,direitos
a_112.txt,hipotese
a_112.txt,revelou
a_112.txt,prosseguiram
a_112.txt,doou
a_112.txt,praticarem
a_112.txt,objetiva
a_112.txt,compreendido
a_112.txt,rebentar
a_112.txt,denominado
a_112.txt,dra
a_112.txt,resultaram
a_112.txt,estou
a_112.txt,acionadas
a_112.txt,olhes
a_112.txt,pleno
a_112.txt,atacando
a_112.txt,dialogo
a_112.txt,ederal
a_112.txt,antt
a_112.txt,queria
a_112.txt,intersubjetivo
a_112.txt,fica
a_112.txt,detentores
a_112.txt,indicou
a_112.txt,cleoso
a_112.txt,apresentar
a_112.txt,devida
a_112.txt,toffoli
a_112.txt,indole
a_112.txt,atencao
a_112.txt,neide
a_112.txt,consegui
a_112.txt,manifestantes
a_112.txt,dupla
a_112.txt,espaco
a_112.txt,concurso
a_112.txt,quarteis
a_112.txt,seria
a_112.txt,julgamento
a_112.txt,sair
a_112.txt,ampliaram
a_112.txt,trouxe
a_112.txt,milhares
a_112.txt,acusatorio
a_112.txt,limitacao
a_112.txt,iniciativa
a_112.txt,sugestao
a_112.txt,afetada
a_112.txt,bia
a_112.txt,original
a_112.txt,ocultar
a_112.txt,sei
a_112.txt,setenta
a_112.txt,referente
a_112.txt,viabiliza
a_112.txt,imputacoes
a_112.txt,normalmente
a_112.txt,encontrados
a_112.txt,oao
a_112.txt,organizar
a_112.txt,precisaria
a_112.txt,tacio
a_112.txt,viajariam
a_112.txt,mora
a_112.txt,nacional
a_112.txt,batendo
a_112.txt,agoniado
a_112.txt,al
a_112.txt,tao
a_112.txt,leite
a_112.txt,acampamentos
a_112.txt,necessario
a_112.txt,contribuindo
a_112.txt,voluntariedade
a_112.txt,dilacao
a_112.txt,reuniao
a_112.txt,coincide
a_112.txt,eleitorais
a_112.txt,todos
a_112.txt,inferno
a_112.txt,haja
a_112.txt,tiver
a_112.txt,observar
a_112.txt,aprimorando
a_112.txt,segundos
a_112.txt,podval
a_112.txt,legislacoes
a_112.txt,levantamento
a_112.txt,interlocutor
a_112.txt,verdadeira
a_112.txt,financiamento
a_112.txt,verificaram
a_112.txt,centenas
a_112.txt,artigo
a_112.txt,erafim
a_112.txt,detencao
a_112.txt,fixacao
a_112.txt,promovidos
a_112.txt,camara
a_112.txt,alexandre
a_112.txt,ref
a_112.txt,criminais
a_112.txt,antos
a_112.txt,dado
a_112.txt,objetividade
a_112.txt,acima
a_112.txt,parquet
a_112.txt,licenca
a_112.txt,condenatoria
a_112.txt,bonfim
a_112.txt,melhor
a_112.txt,terao
a_112.txt,tal
a_112.txt,realidade
a_112.txt,positivo
a_112.txt,apresentando
a_112.txt,psicologicos
a_112.txt,caixa
a_112.txt,normas
a_112.txt,juridicas
a_112.txt,maringa
a_112.txt,tracar
a_112.txt,ocorrida
a_112.txt,realizou
a_112.txt,ponto
a_112.txt,estes
a_112.txt,suma
a_112.txt,gordo
a_112.txt,frequentes
a_112.txt,titulariza
a_112.txt,demonstram
a_112.txt,atentados
a_112.txt,artistas
a_112.txt,teses
a_112.txt,sob
a_112.txt,promoveram
a_112.txt,instruem
a_112.txt,suprema
a_112.txt,atividade
a_112.txt,elementos
a_112.txt,negocio
a_112.txt,detalhadamente
a_112.txt,depredacao
a_112.txt,esmagados
a_112.txt,sigilo
a_112.txt,atribuicao
a_112.txt,linchamento
a_112.txt,viabilizando
a_112.txt,republicanas
a_112.txt,olavo
a_112.txt,cafe
a_112.txt,revela
a_112.txt,desesperado
a_112.txt,akahara
a_112.txt,associaram
a_112.txt,takahara
a_112.txt,carece
a_112.txt,mantido
a_112.txt,reconhecer
a_112.txt,participamos
a_112.txt,dizem
a_112.txt,tinha
a_112.txt,esta
a_112.txt,identificados
a_112.txt,praticados
a_112.txt,direcionados
a_112.txt,sentenca
a_112.txt,erreira
a_112.txt,regimental
a_112.txt,carazzai
a_112.txt,contratantes
a_112.txt,instrumentos
a_112.txt,demonstrativa
a_112.txt,preso
a_112.txt,criou
a_112.txt,concorreram
a_112.txt,diante
a_112.txt,confronto
a_112.txt,quebrar
a_112.txt,escopo
a_112.txt,juntamente
a_112.txt,saiu
a_112.txt,respeitados
a_112.txt,admitem
a_112.txt,especificados
a_112.txt,direita
a_112.txt,vilela
a_112.txt,secretaria
a_112.txt,pagadores
a_112.txt,alguma
a_112.txt,processual
a_112.txt,promoverem
a_112.txt,tramitam
a_112.txt,emitida
a_112.txt,saindo
a_112.txt,analisadas
a_112.txt,desta
a_112.txt,orgaos
a_112.txt,patrocinado
a_112.txt,transcritos
a_112.txt,adotado
a_112.txt,d
a_112.txt,banco
a_112.txt,proximos
a_112.txt,permaneceram
a_112.txt,administrador
a_112.txt,encaixa
a_112.txt,servidao
a_112.txt,maioria
a_112.txt,relevantes
a_112.txt,sempre
a_112.txt,mobilizar
a_112.txt,manifestada
a_112.txt,igualmente
a_112.txt,falaram
a_112.txt,autenticardocumento
a_112.txt,nesses
a_112.txt,tratam
a_112.txt,unidades
a_112.txt,moagem
a_112.txt,questionou
a_112.txt,proibicao
a_112.txt,wilmar
a_112.txt,antiga
a_112.txt,doassem
a_112.txt,planejamento
a_112.txt,belo
a_112.txt,cecilio
a_112.txt,curitiba
a_112.txt,identificadas
a_112.txt,destino
a_112.txt,dela
a_112.txt,elegado
a_112.txt,acordo
a_112.txt,transcricao
a_112.txt,constituicoes
a_112.txt,legais
a_112.txt,cf
a_112.txt,minoria
a_112.txt,maral
a_112.txt,americana
a_112.txt,respostas
a_112.txt,classificacao
a_112.txt,uso
a_112.txt,tombados
a_112.txt,mostra
a_112.txt,vou
a_112.txt,brasileiro
a_112.txt,novembro
a_112.txt,conduta
a_112.txt,senao
a_112.txt,encaminhando
a_112.txt,esteira
a_112.txt,legitimamente
a_112.txt,fone
a_112.txt,ww
a_112.txt,diferentemente
a_112.txt,constrular
a_112.txt,eles
a_112.txt,prerrogativa
a_112.txt,gatti
a_112.txt,previa
a_112.txt,medir
a_112.txt,pessoalmente
a_112.txt,semelhante
a_112.txt,sustentam
a_112.txt,unanimidade
a_112.txt,consegue
a_112.txt,interregno
a_112.txt,nenhuma
a_112.txt,consagrado
a_112.txt,capacidade
a_112.txt,estadios
a_112.txt,destruicao
a_112.txt,agilizar
a_112.txt,pegar
a_112.txt,exigir
a_112.txt,cooptacao
a_112.txt,individual
a_112.txt,sentar
a_112.txt,encaminhou
a_112.txt,ozelli
a_112.txt,fiel
a_112.txt,heloisa
a_112.txt,doadores
a_112.txt,imagem
a_112.txt,motivar
a_112.txt,conversamos
a_112.txt,construcao
a_112.txt,lugares
a_112.txt,parte
a_112.txt,ecilio
a_112.txt,amplificado
a_112.txt,fake_news
a_112.txt,envolvendo
a_112.txt,umi
a_112.txt,noite
a_112.txt,triana
a_112.txt,toma
a_112.txt,isso
a_112.txt,desconfiadas
a_112.txt,optar
a_112.txt,ce
a_112.txt,fazem
a_112.txt,aquilo
a_112.txt,estariam
a_112.txt,especifica
a_112.txt,oferecida
a_112.txt,deteriorar
a_112.txt,afasta
a_112.txt,servicos
a_112.txt,suspensao
a_112.txt,crime
a_112.txt,lvany
a_112.txt,consequencias
a_112.txt,deles
a_112.txt,arcio
a_112.txt,gestao
a_112.txt,plenitude
a_112.txt,ministros
a_112.txt,resposta
a_112.txt,citaram
a_112.txt,roubo
a_112.txt,vida
a_112.txt,julgada
a_112.txt,organizacao
a_112.txt,lisura
a_112.txt,desmontar
a_112.txt,atua
a_112.txt,gilberto
a_112.txt,deus
a_112.txt,determinavam
a_112.txt,denunciado
a_112.txt,eticos
a_112.txt,aplicativo
a_112.txt,enato
a_112.txt,constitui
a_112.txt,algumas
a_112.txt,estados
a_112.txt,realiza
a_112.txt,afirmou
a_112.txt,causados
a_112.txt,definidos
a_112.txt,manipulacao
a_112.txt,vai
a_112.txt,paulo
a_112.txt,nome
a_112.txt,continuaremos
a_112.txt,contribuicao
a_112.txt,ontem
a_112.txt,falsa
a_112.txt,concretas
a_112.txt,conseguirem
a_112.txt,geral
a_112.txt,cabe
a_112.txt,dirigirem
a_112.txt,publico
a_112.txt,motorizacao
a_112.txt,dotados
a_112.txt,geschaftsordnungen
a_112.txt,pelos
a_112.txt,deodoro
a_112.txt,ornelio
a_112.txt,obtidos
a_112.txt,beneficio
a_112.txt,participar
a_112.txt,referem
a_112.txt,alemao
a_112.txt,nossa
a_112.txt,tentou
a_112.txt,milicias_digitais
a_112.txt,decorre
a_112.txt,posicionar
a_112.txt,absoluto
a_112.txt,indigitados
a_112.txt,celebrado
a_112.txt,participaram
a_112.txt,militar
a_112.txt,demonstrem
a_112.txt,serviram
a_112.txt,institucionais
a_112.txt,lucia
a_112.txt,ajudar
a_112.txt,praticadas
a_112.txt,marca
a_112.txt,whatsapp
a_112.txt,imoral
a_112.txt,apresentou
a_112.txt,chamado
a_112.txt,recebida
a_112.txt,eleuterio
a_112.txt,graves
a_112.txt,esses
a_112.txt,viajar
a_112.txt,nesse
a_112.txt,pix
a_112.txt,foto
a_112.txt,evidenciou
a_112.txt,centro
a_112.txt,horas
a_112.txt,reconhecido
a_112.txt,executivo
a_112.txt,ocorriam
a_112.txt,dinheiro
a_112.txt,exclusividade
a_112.txt,brasileira
a_112.txt,violentas
a_112.txt,reuters
a_112.txt,inveridico
a_112.txt,aderiram
a_112.txt,postulantes
a_112.txt,previsoes
a_112.txt,referentes
a_112.txt,dominado
a_112.txt,individualizada
a_112.txt,cp
a_112.txt,registrou
a_112.txt,motorsistas
a_112.txt,queira
a_112.txt,tomo
a_112.txt,posso
a_112.txt,odval
a_112.txt,anticrime
a_112.txt,proporcionar
a_112.txt,ensinamentos
a_112.txt,antidemocraticas
a_112.txt,autor
a_112.txt,boa
a_112.txt,adrn
a_112.txt,vencido
a_112.txt,ponte
a_112.txt,local
a_112.txt,constitucionais
a_112.txt,golpistas
a_112.txt,podem
a_112.txt,financeira
a_112.txt,aie
a_112.txt,fadoni
a_112.txt,causas
a_112.txt,almeida
a_112.txt,puderam
a_112.txt,doando
a_112.txt,objetivos
a_112.txt,existira
a_112.txt,assim
a_112.txt,ultima
a_112.txt,seguida
a_112.txt,filipo
a_112.txt,impermeavel
a_112.txt,h
a_112.txt,ideia
a_112.txt,correr
a_112.txt,nascendo
a_112.txt,principal
a_112.txt,seriam
a_112.txt,disposto
a_112.txt,sabemos
a_112.txt,magna
a_112.txt,poder
a_112.txt,impedindo
a_112.txt,articulacao
a_112.txt,cognicao
a_112.txt,identificou
a_112.txt,inicie
a_112.txt,preferia
a_112.txt,considerava
a_112.txt,quase
a_112.txt,museu
a_112.txt,marcio
a_112.txt,interceder
a_112.txt,apontou
a_112.txt,liva
a_112.txt,justa
a_112.txt,querendo
a_112.txt,percorrer
a_112.txt,arregimentacao
a_112.txt,codigos
a_112.txt,inexistencia
a_112.txt,apesar
a_112.txt,ocorrer
a_112.txt,teori
a_112.txt,eletronicos
a_112.txt,investigada
a_112.txt,restringindo
a_112.txt,aecd
a_112.txt,material
a_112.txt,viabilizar
a_112.txt,desinibidoras
a_112.txt,materialidade
a_112.txt,arrecadando
a_112.txt,nr
a_112.txt,beatriz
a_112.txt,funcoes
a_112.txt,edson
a_112.txt,perturbando
a_112.txt,suporte
a_112.txt,hc
a_112.txt,dessa
a_112.txt,agr
a_112.txt,posterior
a_112.txt,fim
a_112.txt,fretado
a_112.txt,gerais
a_112.txt,policia
a_112.txt,subjetivamente
a_112.txt,eletronicas
a_112.txt,senador
a_112.txt,aberta
a_112.txt,apresentadas
a_112.txt,marco
a_112.txt,disposicao
a_112.txt,detalhada
a_112.txt,silva
a_112.txt,julgar
a_112.txt,injusta
a_112.txt,participacoes
a_112.txt,posicao
a_112.txt,quibus
a_112.txt,confianca
a_112.txt,bandeirantes
a_112.txt,alvim
a_112.txt,caracterizar
a_112.txt,outros
a_112.txt,fala
a_112.txt,orleans
a_112.txt,mao
a_112.txt,inicial
a_112.txt,investigadas
a_112.txt,utilizado
a_112.txt,abolir
a_112.txt,sigilos
a_112.txt,socio
a_112.txt,direcao
a_112.txt,viu
a_112.txt,publicar
a_112.txt,alberto
a_112.txt,financeiramente
a_112.txt,clarissa
a_112.txt,ementado
a_112.txt,ama
a_112.txt,recebeu
a_112.txt,indeferi
a_112.txt,cidade
a_112.txt,minas
a_112.txt,deveria
a_112.txt,efetivada
a_112.txt,silvia
a_112.txt,tanto
a_112.txt,lamentaveis
a_112.txt,financiando
a_112.txt,fonte
a_112.txt,sistema
a_112.txt,consubstanciada
a_112.txt,fundado
a_112.txt,deu
a_112.txt,verdadeiro
a_112.txt,acresca
a_112.txt,puder
a_112.txt,jus
a_112.txt,imparcialidade
a_112.txt,pedido
a_112.txt,tipicidade
a_112.txt,conversando
a_112.txt,fonso
a_112.txt,f
a_112.txt,expondo
a_112.txt,to
a_112.txt,atti
a_112.txt,tombado
a_112.txt,dessas
a_112.txt,ba
a_112.txt,perante
a_112.txt,movimento
a_112.txt,adoni
a_112.txt,filha
a_112.txt,cerca
a_112.txt,firmados
a_112.txt,continuar
a_112.txt,requeridos
a_112.txt,gracie
a_112.txt,intervencoes
a_112.txt,rn
a_112.txt,convocacao
a_112.txt,doze
a_112.txt,recolhimento
a_112.txt,exigido
a_112.txt,modus
a_112.txt,depos
a_112.txt,promovido
a_112.txt,conhecimentos
a_112.txt,integravam
a_112.txt,probatoria
a_112.txt,visando
a_112.txt,ordenamento
a_112.txt,arlos
a_112.txt,bases
a_112.txt,vandalismo
a_112.txt,arredacao
a_112.txt,garantir
a_112.txt,denunciados
a_112.txt,bojo
a_112.txt,idealizado
a_112.txt,pires
a_112.txt,antidemocratico
a_112.txt,firmino
a_112.txt,resultantes
a_112.txt,apurado
a_112.txt,precedentes
a_112.txt,encerramento
a_112.txt,podridao
a_112.txt,enviou
a_112.txt,fazendo
a_112.txt,mesmo
a_112.txt,arques
a_112.txt,indicam
a_112.txt,moral
a_112.txt,proposto
a_112.txt,parece
a_112.txt,indo
a_112.txt,essencialmente
a_112.txt,premiada
a_112.txt,tirania
a_112.txt,presidiar
a_112.txt,hagas
a_112.txt,bittencourt
a_112.txt,arregimentavam
a_112.txt,causando
a_112.txt,essa
a_112.txt,bastos
a_112.txt,virtual
a_112.txt,frete
a_112.txt,estiverem
a_112.txt,pa
a_112.txt,metade
a_112.txt,merito
a_112.txt,similar
a_112.txt,mandato
a_112.txt,casos
a_112.txt,i
a_112.txt,ll
a_112.txt,momentos
a_112.txt,autoritarismo
a_112.txt,esfera
a_112.txt,incentivadores
a_112.txt,danos
a_112.txt,crencas
a_112.txt,quadrilha
a_112.txt,santa
a_112.txt,partiu
a_112.txt,pet
a_112.txt,alteracoes
a_112.txt,maximo
a_112.txt,mediante
a_112.txt,politicas
a_112.txt,acorrendo
a_112.txt,ficar
a_112.txt,destruindo
a_112.txt,caracterizadores
a_112.txt,garantira
a_112.txt,mariana
a_112.txt,carava
a_112.txt,j
a_112.txt,presidencia
a_112.txt,alcancados
a_112.txt,papinha
a_112.txt,demonstrado
a_112.txt,apresentaram
a_112.txt,vez
a_112.txt,formados
a_112.txt,flavio
a_112.txt,novo
a_112.txt,saraiva
a_112.txt,organizado
a_112.txt,respeito
a_112.txt,fosse
a_112.txt,liberdade
a_112.txt,alcance
a_112.txt,inscrito
a_112.txt,pagina
a_112.txt,vicio
a_112.txt,respectiva
a_112.txt,comer
a_112.txt,culposo
a_112.txt,violentos
a_112.txt,aspectos
a_112.txt,protecao
a_112.txt,alheia
a_112.txt,bolsonaro
a_112.txt,ucia
a_112.txt,exemplificativo
a_112.txt,conversa
a_112.txt,perdemos
a_112.txt,bvr
a_112.txt,minatoainda
a_112.txt,percorrido
a_112.txt,sintese
a_112.txt,ocorreram
a_112.txt,comprovante
a_112.txt,janeiro
a_112.txt,contendo
a_112.txt,fato
a_112.txt,encontros
a_112.txt,emotion
a_112.txt,enviada
a_112.txt,kelly
a_112.txt,eleitoral
a_112.txt,erra
a_112.txt,previstas
a_112.txt,conta
a_112.txt,arrumou
a_112.txt,acusado
a_112.txt,caracteristica
a_112.txt,empresarios
a_112.txt,demanda
a_112.txt,fizemos
a_112.txt,garantia
a_112.txt,relatoria
a_112.txt,avancar
a_112.txt,abater
a_112.txt,chama
a_112.txt,falta
a_112.txt,contexto
a_112.txt,adequacao
a_112.txt,objeto
a_112.txt,realizar
a_112.txt,referindo
a_112.txt,seremos
a_112.txt,gomes
a_112.txt,historicos
a_112.txt,rg
a_112.txt,caracterizacao
a_112.txt,defesa
a_112.txt,sampaio
a_112.txt,preliminar
a_112.txt,possivelmente
a_112.txt,qualificado
a_112.txt,encaminhados
a_112.txt,pendendo
a_112.txt,estabelecidos
a_112.txt,t
a_112.txt,protege
a_112.txt,separacao
a_112.txt,arredondados
a_112.txt,indispensavel
a_112.txt,concretiza
a_112.txt,falei
a_112.txt,legitimando
a_112.txt,interpretada
a_112.txt,necessaria
a_112.txt,opinioes
a_112.txt,lidiane
a_112.txt,r
a_112.txt,sui
a_112.txt,diversos
a_112.txt,mensageiros
a_112.txt,afasto
a_112.txt,tiro
a_112.txt,consequente
a_112.txt,ltda
a_112.txt,menor
a_112.txt,consciente
a_112.txt,quomodo
a_112.txt,efetuados
a_112.txt,urbanisticas
a_112.txt,recebo
a_112.txt,trezentos
a_112.txt,vogal
a_112.txt,descritas
a_112.txt,devera
a_112.txt,redes_sociais
a_112.txt,zacharias
a_112.txt,ausentes
a_112.txt,l
a_112.txt,contribuicoes
a_112.txt,cezar
a_112.txt,vincula
a_112.txt,endereco
a_112.txt,merecendo
a_112.txt,liveira
a_112.txt,ternos
a_112.txt,acolhimento
a_112.txt,venezuela
a_112.txt,prazo
a_112.txt,militares
a_112.txt,servidores
a_112.txt,envolvimento
a_112.txt,olvidar
a_112.txt,faixa
a_112.txt,significativamente
a_112.txt,norte
a_112.txt,exemplos
a_112.txt,prerrogativas
a_112.txt,carro
a_112.txt,prestaram
a_112.txt,aquele
a_112.txt,investigacoes
a_112.txt,houver
a_112.txt,pensei
a_112.txt,obra
a_112.txt,intelectuais
a_112.txt,caravana
a_112.txt,transferencia
a_112.txt,realizado
a_112.txt,irem
a_112.txt,pedi
a_112.txt,olicia
a_112.txt,cidades
a_112.txt,defesas
a_112.txt,clausulas
a_112.txt,moraes
a_112.txt,fundamentais
a_112.txt,capitolio
a_112.txt,administradora
a_112.txt,neto
a_112.txt,historico
a_112.txt,nitido
a_112.txt,eletrotrafo
a_112.txt,deixou
a_112.txt,privado
a_112.txt,autenticacao
a_112.txt,concretizam
a_112.txt,hipoteses
a_112.txt,gustavo
a_112.txt,egiane
a_112.txt,conversas
a_112.txt,analisada
a_112.txt,ngelo
a_112.txt,egoistico
a_112.txt,inutilizar
a_112.txt,receber
a_112.txt,consideracao
a_112.txt,olivia
a_112.txt,juris
a_112.txt,passou
a_112.txt,instalacoes
a_112.txt,tentaram
a_112.txt,essas
a_112.txt,inteiro
a_112.txt,eatrice
a_112.txt,rs
a_112.txt,transparente
a_112.txt,roubados
a_112.txt,transacoes
a_112.txt,informacao
a_112.txt,registrados
a_112.txt,topazio
a_112.txt,financiadores
a_112.txt,pacificos
a_112.txt,depositos
a_112.txt,algo
a_112.txt,estabelecendo
a_112.txt,bem
a_112.txt,alinea
a_112.txt,estrutura
a_112.txt,antidemocraticos
a_112.txt,telefonico
a_112.txt,importantes
a_112.txt,renato
a_112.txt,interlocutora
a_112.txt,contrataram
a_112.txt,pedir
a_112.txt,provoca
a_112.txt,riscila
a_112.txt,dar
a_112.txt,acessorios
a_112.txt,aplicativos
a_112.txt,possui
a_112.txt,decidiu
a_112.txt,principio
a_112.txt,reunindo
a_112.txt,formuladas
a_112.txt,saudoso
a_112.txt,mandamento
a_112.txt,dirigida
a_112.txt,texto
a_112.txt,termos
a_112.txt,junho
a_112.txt,odrigo
a_112.txt,desempenhada
a_112.txt,multitudinario
a_112.txt,teima
a_112.txt,depositou
a_112.txt,praca
a_112.txt,estavam
a_112.txt,aguardar
a_112.txt,britto
a_112.txt,depositar
a_112.txt,trafico
a_112.txt,gama
a_112.txt,certeza
a_112.txt,determinaram
a_112.txt,associacao
a_112.txt,lado
a_112.txt,salvaguardar
a_112.txt,proclamadas
a_112.txt,sacar
a_112.txt,infirmam
a_112.txt,arquivo
a_112.txt,observadas
a_112.txt,injusto
a_112.txt,estar
a_112.txt,barreiras
a_112.txt,inciso
a_112.txt,provas
a_112.txt,aniquilar
a_112.txt,garante
a_112.txt,judiciario
a_112.txt,tomadas
a_112.txt,deixado
a_112.txt,portanto
a_112.txt,instigacao
a_112.txt,verificada
a_112.txt,trechos
a_112.txt,infracoes
a_112.txt,administrativo
a_112.txt,sabem
a_112.txt,passa
a_112.txt,proporcoes
a_112.txt,capaz
a_112.txt,conservadora
a_112.txt,atlas
a_112.txt,enhor
a_112.txt,executores
a_112.txt,acusatoria
a_112.txt,totalmente
a_112.txt,feito
a_112.txt,gilmar
a_112.txt,comparecimento
a_112.txt,pouquinho
a_112.txt,ulio
a_112.txt,aa
a_112.txt,laboratorio
a_112.txt,cometimento
a_112.txt,poderao
a_112.txt,caos
a_112.txt,creditos
a_112.txt,precisa
a_112.txt,quebraram
a_112.txt,mirabete
a_112.txt,acabar
a_112.txt,falou
a_112.txt,ar
a_112.txt,gente
a_112.txt,fundacao
a_112.txt,baseada
a_112.txt,ideais
a_112.txt,ot
a_112.txt,doacoes
a_112.txt,contrarias
a_112.txt,ida
a_112.txt,confirmaram
a_112.txt,expressivo
a_112.txt,icardo
a_112.txt,componentes
a_112.txt,imprensa
a_112.txt,ora
a_112.txt,dialogos
a_112.txt,omeiro
a_112.txt,toron
a_112.txt,continuo
a_112.txt,relativo
a_112.txt,empresa
a_112.txt,designios
a_112.txt,previas
a_112.txt,serao
a_112.txt,depredado
a_112.txt,utilizados
a_112.txt,jose
a_112.txt,originalmente
a_112.txt,partir
a_112.txt,bancario
a_112.txt,tendencia
a_112.txt,direcionado
a_112.txt,vagas
a_112.txt,dificil
a_112.txt,meio
a_112.txt,grave
a_112.txt,pedro
a_112.txt,urma
a_112.txt,estruturacao
a_112.txt,sandro
a_112.txt,paragrafo
a_112.txt,pacote
a_112.txt,democratico
a_112.txt,nada
a_112.txt,transferencias
a_112.txt,serios
a_112.txt,floriano
a_112.txt,sspp
a_112.txt,concordar
a_112.txt,mensagens
a_112.txt,bate
a_112.txt,desordem
a_112.txt,integrantes
a_112.txt,organizadores
a_112.txt,zilda
a_112.txt,mantinham
a_112.txt,omissao
a_112.txt,diferenca
a_112.txt,aguardando
a_112.txt,contravencoes
a_112.txt,grupo
a_112.txt,waiapi
a_112.txt,recentemente
a_112.txt,aderindo
a_112.txt,contem
a_112.txt,direcionada
a_112.txt,aulo
a_112.txt,mes
a_112.txt,procedimentos
a_112.txt,falo
a_112.txt,informe
a_112.txt,verificacao
a_112.txt,motivo
a_112.txt,lumen
a_112.txt,tese
a_112.txt,operandi
a_112.txt,camaria
a_112.txt,conhecimento
a_112.txt,principalmente
a_112.txt,battini
a_112.txt,runa
a_112.txt,controlar
a_112.txt,tipicas
a_112.txt,crimes
a_112.txt,agora
a_112.txt,cc
a_112.txt,operacao
a_112.txt,terminal
a_112.txt,mandei
a_112.txt,destinados
a_112.txt,malfadada
a_112.txt,representantes
a_112.txt,autoria
a_112.txt,adv
a_112.txt,governo
a_112.txt,insurgencia
a_112.txt,habeas
a_112.txt,finalmente
a_112.txt,viajaram
a_112.txt,criminosos
a_112.txt,ultimos
a_112.txt,proced
a_112.txt,passo
a_112.txt,rurais
a_112.txt,item
a_112.txt,eletrofato
a_112.txt,repente
a_112.txt,esse
a_112.txt,ocupado
a_112.txt,bitencourt
a_112.txt,estradas
a_112.txt,conexao
a_112.txt,fachin
a_112.txt,lutando
a_112.txt,apoio
a_112.txt,aquela
a_112.txt,nascido
a_112.txt,relativas
a_112.txt,organizou
a_112.txt,roupa
a_112.txt,corpus
a_112.txt,elas
a_112.txt,placas
a_112.txt,sentidos
a_112.txt,anteriores
a_112.txt,delinquente
a_112.txt,objetivas
a_112.txt,artistico
a_112.txt,cooperacao
a_112.txt,preenchimento
a_112.txt,massas
a_112.txt,esforco
a_112.txt,lider
a_112.txt,infracao
a_112.txt,excitacoes
a_112.txt,manifestacao
a_112.txt,investigam
a_112.txt,custear
a_112.txt,badaro
a_112.txt,palacio_do_planalto
a_112.txt,culposos
a_112.txt,kicis
a_112.txt,tarde
a_112.txt,juntados
a_112.txt,linchamentos
a_112.txt,sido
a_112.txt,obrigatoriedade
a_112.txt,relacionados
a_112.txt,beatrice
a_112.txt,extincao
a_112.txt,criminal
a_112.txt,citados
a_112.txt,praticou
a_112.txt,campo
a_112.txt,venha
a_112.txt,necessarios
a_112.txt,volta
a_112.txt,prosseguindo
a_112.txt,documento
a_112.txt,introducao
a_112.txt,ter
a_112.txt,integralmente
a_112.txt,relacao
a_112.txt,ministerio
a_112.txt,fabbrini
a_112.txt,marcelo
a_112.txt,discurso
a_112.txt,futebol
a_112.txt,modelar
a_112.txt,sedes
a_112.txt,oriundas
a_112.txt,rua
a_112.txt,bancar
a_112.txt,acao
a_112.txt,comeco
a_112.txt,bruxa
a_112.txt,eloisa
a_112.txt,olasco
a_112.txt,golpe
a_112.txt,violenta
a_112.txt,interesse
a_112.txt,pelo
a_112.txt,questao
a_112.txt,dali
a_112.txt,derecho
a_112.txt,este
a_112.txt,delegado
a_112.txt,aqui
a_112.txt,testemunhas
a_112.txt,investigacao
a_112.txt,rimeira
a_112.txt,pessoal
a_112.txt,vitima
a_112.txt,oncalves
a_112.txt,tomou
a_112.txt,idoneos
a_112.txt,condicoes
a_112.txt,acusador
a_112.txt,pega
a_112.txt,varios
a_112.txt,martins
a_112.txt,delito
a_112.txt,definitivo
a_112.txt,confirma
a_112.txt,inepcia
a_112.txt,permitiu
a_112.txt,eletricos
a_112.txt,enviado
a_112.txt,conhece
a_112.txt,confirmando
a_112.txt,agalhaes
a_112.txt,joao
a_112.txt,anodeth
a_112.txt,municipio
a_112.txt,adaptando
a_112.txt,contribuem
a_112.txt,ag
a_112.txt,alimentacao
a_112.txt,governar
a_112.txt,apurou
a_112.txt,iv
a_112.txt,podologa
a_112.txt,pedroso
a_112.txt,incompetentes
a_112.txt,citada
a_112.txt,utilizar
a_112.txt,encontradas
a_112.txt,etc
a_112.txt,nitida
a_112.txt,temos
a_112.txt,acusados
a_112.txt,pleito
a_112.txt,instalacao
a_112.txt,seguinte
a_112.txt,intensos
a_112.txt,manutencao
a_112.txt,impropriedade
a_112.txt,atendimento
a_112.txt,agentes
a_112.txt,reunir
a_112.txt,responsabilizacao
a_112.txt,tinham
a_112.txt,converte
a_112.txt,evitar
a_112.txt,representacao
a_112.txt,direito
a_112.txt,jurgem
a_112.txt,deve
a_112.txt,liderarem
a_112.txt,eatriz
a_112.txt,prima
a_112.txt,nem
a_112.txt,participante
a_112.txt,trinta
a_112.txt,foro
a_112.txt,incentivar
a_112.txt,codigo
a_112.txt,fomentada
a_112.txt,prosseguimento
a_112.txt,imputado
a_112.txt,intransponiveis
a_112.txt,avisou
a_112.txt,proibir
a_112.txt,nossos
a_112.txt,consagra
a_112.txt,depois
a_112.txt,ministerial
a_112.txt,crianca
a_112.txt,positivamente
a_112.txt,print
a_112.txt,antietica
a_112.txt,acham
a_112.txt,numa
a_112.txt,individualizados
a_112.txt,cara
a_112.txt,reveste
a_112.txt,sombrio
a_112.txt,aprovacao
a_112.txt,incorporados
a_112.txt,ana
a_112.txt,indicar
a_112.txt,levantando
a_112.txt,urna
a_112.txt,eett
a_112.txt,revelar
a_112.txt,fortes
a_112.txt,nilo
a_112.txt,discricionariedade
a_112.txt,naturalidade
a_112.txt,ssociacao
a_112.txt,pagamento
a_112.txt,historica
a_112.txt,publica
a_112.txt,denunciar
a_112.txt,esquemas
a_112.txt,concorrer
a_112.txt,aria
a_112.txt,correspondente
a_112.txt,vendo
a_112.txt,coletiva
a_112.txt,afastamento
a_112.txt,diretoria
a_112.txt,ano
a_112.txt,ruptura
a_112.txt,invasoes
a_112.txt,administracao
a_112.txt,recebimentos
a_112.txt,dizeres
a_112.txt,neste
a_112.txt,pratica
a_112.txt,patrocinadores
a_112.txt,extensao
a_112.txt,registro
a_112.txt,troca
a_112.txt,publicos
a_112.txt,recebimento
a_112.txt,tampouco
a_112.txt,viagem
a_112.txt,deturpado
a_112.txt,decorrencia
a_112.txt,tentando
a_112.txt,homicidio
a_112.txt,priscila
a_112.txt,fiscais
a_112.txt,internos
a_112.txt,aurelio
a_112.txt,juizos
a_112.txt,pessoas
a_112.txt,confidencial
a_112.txt,eventos
a_112.txt,qualificacao
a_112.txt,momento
a_112.txt,transportou
a_112.txt,mobilizacao
a_112.txt,foram
a_112.txt,palavras
a_112.txt,raujo
a_112.txt,reiteradamente
a_112.txt,chegando
a_112.txt,vao
a_112.txt,biden
a_112.txt,obrigado
a_112.txt,mantiveram
a_112.txt,duzentos
a_112.txt,acontecido
a_112.txt,aconteceu
a_112.txt,comprovadas
a_112.txt,fator
a_112.txt,detidos
a_112.txt,acordos
a_112.txt,narra
a_112.txt,origem
a_112.txt,permita
a_112.txt,contra
a_112.txt,aquelas
a_112.txt,atraves
a_112.txt,entrar
a_112.txt,venia
a_112.txt,aimundo
a_112.txt,peticao
a_112.txt,seguintes
a_112.txt,sumaria
a_112.txt,retomo
a_112.txt,criminosa
a_112.txt,agravada
a_112.txt,mantidos
a_112.txt,concorrendo
a_112.txt,emissao
a_112.txt,tendo
a_112.txt,levantarem
a_112.txt,agente
a_112.txt,embarcar
a_112.txt,mantendo
a_112.txt,epoca
a_112.txt,fiscalizacao
a_112.txt,toque
a_112.txt,apreensivel
a_112.txt,pros
a_112.txt,excluindo
a_112.txt,tranquila
a_112.txt,sorne
a_112.txt,constituindo
a_112.txt,defensiva
a_112.txt,aparelho
a_112.txt,aceitar
a_112.txt,ouviu
a_112.txt,possibilidade
a_112.txt,desesperados
a_112.txt,relevante
a_112.txt,afirma
a_112.txt,paridade
a_112.txt,joslin
a_112.txt,efetuou
a_112.txt,prematura
a_112.txt,buscou
a_112.txt,existencia
a_112.txt,ouvi
a_112.txt,chegar
a_112.txt,pessoa
a_112.txt,integrado
a_112.txt,manha
a_112.txt,diverso
a_112.txt,exercido
a_112.txt,conseguir
a_112.txt,diversas
a_112.txt,unica
a_112.txt,proprio
a_112.txt,assumir
a_112.txt,situacao
a_112.txt,eticao
a_112.txt,fase
a_112.txt,elias
a_112.txt,intensa
a_112.txt,referidos
a_112.txt,desmonta
a_112.txt,presente
a_112.txt,tondinelli
a_112.txt,incompetencia
a_112.txt,edoc
a_112.txt,positivista
a_112.txt,eletronico
a_112.txt,cotejaram
a_112.txt,fernanda
a_112.txt,carmen
a_112.txt,cabendo
a_112.txt,lanche
a_112.txt,autores
a_112.txt,bancaria
a_112.txt,comunhao
a_112.txt,pleiteando
a_112.txt,opcao
a_112.txt,ativa
a_112.txt,carta
a_112.txt,armazens
a_112.txt,eduardo
a_112.txt,definir
a_112.txt,ose
a_112.txt,prevencao
a_112.txt,chave
a_112.txt,analise
a_112.txt,perola
a_112.txt,solicitacao
a_112.txt,acoes
a_112.txt,primavera
a_112.txt,motivadamente
a_112.txt,mexer
a_112.txt,coisa
a_112.txt,regime
a_112.txt,jurisprudencia
a_112.txt,referido
a_112.txt,advogado
a_112.txt,legislador
a_112.txt,av
a_112.txt,recursos
a_112.txt,pelaquim
a_112.txt,geralmente
a_112.txt,quiser
a_112.txt,exerca
a_112.txt,coordenada
a_112.txt,tratado
a_112.txt,atos
a_112.txt,aperfeicoadas
a_112.txt,deixem
a_112.txt,divulgaram
a_112.txt,medidas
a_112.txt,serafim
a_112.txt,negociacao
a_112.txt,voltavam
a_112.txt,esfriar
a_112.txt,dada
a_112.txt,aprendendo
a_112.txt,novos
a_112.txt,ultimo
a_112.txt,tg
a_112.txt,ia
a_112.txt,atividades
a_112.txt,inscrita
a_112.txt,gratidao
a_112.txt,peca
a_112.txt,si
a_112.txt,zanin
a_112.txt,delitos
a_112.txt,extraprocessual
a_112.txt,querem
a_112.txt,tasso
a_112.txt,peticoes
a_112.txt,direto
a_112.txt,divergir
a_112.txt,acompanhando
a_112.txt,lberto
a_112.txt,rosalina
a_112.txt,captacao
a_112.txt,influir
a_112.txt,perseguicao
a_112.txt,sociedade
a_112.txt,c
a_112.txt,valores
a_112.txt,vidros
a_112.txt,mista
a_112.txt,girao
a_112.txt,doarem
a_112.txt,competente
a_112.txt,legitimo
a_112.txt,aparecido
a_112.txt,supostamente
a_112.txt,parana
a_112.txt,juntaram
a_112.txt,acho
a_112.txt,patrimonio
a_112.txt,lista
a_112.txt,fomos
a_112.txt,barroso
a_112.txt,identificar
a_112.txt,rj
a_112.txt,capital
a_112.txt,ouza
a_112.txt,araujo
a_112.txt,pequena
a_112.txt,concentracao
a_112.txt,estatal
a_112.txt,alem
a_112.txt,exercito
a_112.txt,agilizada
a_112.txt,funcionava
a_112.txt,interligados
a_112.txt,viram
a_112.txt,possibilitem
a_112.txt,incisos
a_112.txt,criada
a_112.txt,demandas
a_112.txt,empregou
a_112.txt,higidez
a_112.txt,julgados
a_112.txt,disso
a_112.txt,atentatorias
a_112.txt,imiscuir
a_112.txt,devendo
a_112.txt,provocar
a_112.txt,cadeiras
a_112.txt,ed
a_112.txt,plano
a_112.txt,sairia
a_112.txt,confirmou
a_112.txt,ortibus
a_112.txt,indicado
a_112.txt,doadorescandinha
a_112.txt,limite
a_112.txt,carvalho
a_112.txt,encontram
a_112.txt,interessadas
a_112.txt,formulou
a_112.txt,denominados
a_112.txt,atribuidas
a_112.txt,mantidas
a_112.txt,rejeicao
a_112.txt,podera
a_112.txt,terca
a_112.txt,projeto
a_112.txt,afonso
a_112.txt,sancoes
a_112.txt,livre
a_112.txt,begieli
a_112.txt,concessionaria
a_112.txt,penas
a_112.txt,nesta
a_112.txt,democraticas
a_112.txt,arregimentado
a_112.txt,inconformismo
a_112.txt,maldita
a_112.txt,comecaram
a_112.txt,sobrar
a_112.txt,raul
a_112.txt,p
a_112.txt,ocorrido
a_112.txt,viajou
a_112.txt,brito
a_112.txt,mendes
a_112.txt,seguir
a_112.txt,rel
a_112.txt,francisco
a_112.txt,custeio
a_112.txt,precisamos
a_112.txt,pr
a_112.txt,quatorze
a_112.txt,descreva
a_112.txt,stiffung
a_112.txt,legislativas
a_112.txt,apta
a_112.txt,garantias
a_112.txt,competencia
a_112.txt,obstante
a_112.txt,traduz
a_112.txt,orgao
a_112.txt,maleficio
a_112.txt,razao
a_112.txt,estreita
a_112.txt,diversa
a_112.txt,usar
a_112.txt,novamente
a_112.txt,produziu
a_112.txt,aponta
a_112.txt,observacao
a_112.txt,protegidos
a_112.txt,weimar
a_112.txt,individuo
a_112.txt,atras
a_112.txt,destinadas
a_112.txt,previsto
a_112.txt,pregando
a_112.txt,gerida
a_112.txt,fornecidos
a_112.txt,edeiros
a_112.txt,s
a_112.txt,wilson
a_112.txt,parando
a_112.txt,consideravel
a_112.txt,paginas
a_112.txt,romano
a_112.txt,mundo
a_112.txt,sudamerica
a_112.txt,conseguinte
a_112.txt,ferrenhamente
a_112.txt,acompanho
a_112.txt,g
a_112.txt,narradas
a_112.txt,lii
a_112.txt,observancia
a_112.txt,afirmarem
a_112.txt,conduzidas
a_112.txt,instagram
a_112.txt,marechal
a_112.txt,dai
a_112.txt,ninguem
a_112.txt,encher
a_112.txt,alterado
a_112.txt,aspecto
a_112.txt,proporcionalidade
a_112.txt,ampaio
a_112.txt,olha
a_112.txt,racionalizar
a_112.txt,cumpridos
a_112.txt,imputadas
a_112.txt,recebera
a_112.txt,audios
a_112.txt,preve
a_112.txt,ressalte
a_112.txt,apoiar
a_112.txt,somente
a_112.txt,fez
a_112.txt,candido
a_112.txt,estendeu
a_112.txt,tomaram
a_112.txt,fiscal
a_112.txt,estreito
a_112.txt,logica
a_112.txt,so
a_112.txt,leito
a_112.txt,introduzidas
a_112.txt,atenuadas
a_112.txt,agencia
a_112.txt,rev
a_112.txt,urgente
a_112.txt,caput
a_112.txt,responderao
a_112.txt,notas
a_112.txt,arrecadamos
a_112.txt,generis
a_112.txt,comelio
a_112.txt,inovacoes
a_112.txt,saida
a_112.txt,valorizar
a_112.txt,apuracao
a_112.txt,brasila
a_112.txt,produzidas
a_112.txt,tipificacao
a_112.txt,rastreio
a_112.txt,criminosas
a_112.txt,deja
a_112.txt,instaurado
a_112.txt,vinculada
a_112.txt,roupas
a_112.txt,desobediencia
a_112.txt,goncalves
a_112.txt,caminhoneiros
a_112.txt,superacao
a_112.txt,juiz
a_112.txt,anulam
a_112.txt,sera
a_112.txt,especifico
a_112.txt,imputacao
a_112.txt,havendo
a_112.txt,narrar
a_112.txt,contratada
a_112.txt,http
a_112.txt,ampl
a_112.txt,junior
a_112.txt,sobretudo
a_112.txt,depoimento
a_112.txt,agricultores
a_112.txt,divulgavam
a_112.txt,discutir
a_112.txt,figuraram
a_112.txt,deposito
a_112.txt,total
a_112.txt,transportado
a_112.txt,indicacao
a_112.txt,culpabilidade
a_112.txt,final
a_112.txt,adaptar
a_112.txt,civil
a_112.txt,gerou
a_112.txt,titular
a_112.txt,quid
a_112.txt,transportaram
a_112.txt,faraco
a_112.txt,eleicoes
a_112.txt,utilizada
a_112.txt,abrangente
a_112.txt,vigencia
a_112.txt,obs
a_112.txt,estando
a_112.txt,atuar
a_112.txt,golpista
a_112.txt,maneira
a_112.txt,regular
a_112.txt,quis
a_112.txt,lexandre
a_112.txt,inqs
a_112.txt,independentes
a_112.txt,deterioracao
a_112.txt,lideres
a_112.txt,aspas
a_112.txt,bota
a_112.txt,bom
a_112.txt,auxilio
a_112.txt,onibus
a_112.txt,contribuiram
a_112.txt,outras
a_112.txt,viagemduvidas
a_112.txt,multidao
a_112.txt,magalhaes
a_112.txt,resistencia
a_112.txt,republica
a_112.txt,conversaram
a_112.txt,proposta
a_112.txt,vinculos
a_112.txt,elator
a_112.txt,mobilizando
a_112.txt,tivas
a_112.txt,comecar
a_112.txt,majoritariamente
a_112.txt,constatada
a_112.txt,estado
a_112.txt,vi
a_112.txt,ito
a_112.txt,celular
a_112.txt,minato
a_112.txt,sou
a_112.txt,julgador
a_112.txt,parente
a_112.txt,especificamente
a_112.txt,praticaram
a_112.txt,sabendo
a_112.txt,ocorrencia
a_112.txt,imagens
a_112.txt,formula
a_112.txt,reforca
a_112.txt,analisar
a_112.txt,z
a_112.txt,manifestacoes
a_112.txt,identificado
a_112.txt,praticamente
a_112.txt,documentos
a_112.txt,orientacoes
a_112.txt,receberem
a_112.txt,ayres
a_112.txt,hj
a_112.txt,consideravelmente
a_112.txt,tratar
a_112.txt,meses
a_112.txt,qualquer
a_112.txt,traduzida
a_112.txt,loja
a_112.txt,cobrando
a_112.txt,senha
a_112.txt,xxvii
a_112.txt,gradativamente
a_112.txt,ocasiao
a_112.txt,rebenta
a_112.txt,denuncia
a_112.txt,inseridos
a_112.txt,contribuiu
a_112.txt,gerenciaram
a_112.txt,entraram
a_112.txt,correta
a_112.txt,suficiente
a_112.txt,confirmam
a_112.txt,adesao
a_112.txt,distincao
a_112.txt,proceder
a_112.txt,determinacao
a_112.txt,ja
a_112.txt,ameaca
a_112.txt,apurar
a_112.txt,revelaram
a_112.txt,prosperar
a_112.txt,tipo
a_112.txt,tempos
a_112.txt,subjetivo
a_112.txt,nota
a_112.txt,agilizando
a_112.txt,sc
a_112.txt,la
a_112.txt,instituicao
a_112.txt,indubitavelmente
a_112.txt,uba
a_112.txt,fernandes
a_112.txt,cabo
a_112.txt,dentre
a_112.txt,grupos
a_112.txt,eis
a_112.txt,legal
a_112.txt,desses
a_112.txt,elaedvaldo
a_112.txt,espacos
a_112.txt,voluntaria
a_112.txt,zavascki
a_112.txt,atuou
a_112.txt,regimentos
a_112.txt,rapj
a_112.txt,diario
a_112.txt,controle
a_112.txt,perder
a_112.txt,clara
a_112.txt,armada
a_112.txt,persecutorios
a_112.txt,expos
a_112.txt,possivel
a_112.txt,contraditorio
a_112.txt,fux
a_112.txt,frente
a_112.txt,bastante
a_112.txt,indicativas
a_112.txt,entregou
a_112.txt,felipe
a_112.txt,instituicoes
a_112.txt,empresas
a_112.txt,mattos
a_112.txt,acostumado
a_112.txt,saques
a_112.txt,objetos
a_112.txt,mascara
a_112.txt,decretou
a_112.txt,obriga
a_112.txt,dj
a_112.txt,praticando
a_112.txt,instituto
a_112.txt,diz
a_112.txt,ficaria
a_112.txt,contratos
a_112.txt,dama
a_112.txt,digitais
a_112.txt,lacerda
a_112.txt,potencial
a_112.txt,proteger
a_112.txt,ocorreriam
a_112.txt,originario
a_112.txt,transportes
a_112.txt,cunho
a_112.txt,revelarem
a_112.txt,envia
a_112.txt,territorial
a_112.txt,problemas
a_112.txt,pretender
a_112.txt,dignidade
a_112.txt,extraidas
a_112.txt,celso
a_112.txt,analises
a_112.txt,articuladores
a_112.txt,posicionamento
a_112.txt,criouse
a_112.txt,absoluta
a_112.txt,preciosa
a_112.txt,ampla
a_112.txt,dv
a_112.txt,efetuando
a_112.txt,dentro
a_112.txt,ireita
a_112.txt,apreendido
a_112.txt,redigidos
a_112.txt,essenciais
a_112.txt,formacao
a_112.txt,respectivas
a_112.txt,atual
a_112.txt,nocoes
a_112.txt,terrestres
a_112.txt,apontado
a_112.txt,presentes
a_112.txt,andro
a_112.txt,sabado
a_112.txt,compartilhado
a_112.txt,nomes
a_112.txt,ativantes
a_112.txt,passado
a_112.txt,compreensivel
a_112.txt,casa
a_112.txt,aparecer
a_112.txt,vamos
a_112.txt,praca_dos_tres_poderes
a_112.txt,condicional
a_112.txt,existente
a_112.txt,influencia
a_112.txt,aiva
a_112.txt,profundamente
a_112.txt,autarquia
a_112.txt,celularfone
a_112.txt,filho
a_112.txt,efetiva
a_112.txt,eminente
a_112.txt,zuba
a_112.txt,extrai
a_112.txt,inqueritos
a_112.txt,amalia
a_112.txt,configura
a_112.txt,significa
a_112.txt,estava
a_112.txt,condenacao
a_112.txt,acontecendo
a_112.txt,tipificada
a_112.txt,brasil
a_112.txt,caminhada
a_112.txt,postando
a_112.txt,criado
a_112.txt,rocopio
a_112.txt,imputa
a_112.txt,revelando
a_112.txt,procopense
a_112.txt,perguntar
a_112.txt,eite
a_112.txt,jogar
a_112.txt,ofereceu
a_112.txt,heraldo
a_112.txt,descobrir
a_112.txt,delas
a_112.txt,cpf
a_112.txt,ratificamos
a_112.txt,viajando
a_112.txt,indagou
a_112.txt,romeiro
a_112.txt,empreendida
a_112.txt,motivacao
a_112.txt,chegamos
a_112.txt,caravanas
a_112.txt,intensificacao
a_112.txt,anselmo
a_112.txt,transporte
a_112.txt,compartilhada
a_112.txt,provocaram
a_112.txt,doar
a_112.txt,face
a_112.txt,completamente
a_112.txt,objetivando
a_112.txt,gratuita
a_112.txt,preferem
a_112.txt,cpp
a_112.txt,audio
a_112.txt,nossas
a_112.txt,punibilidade
a_112.txt,ima
a_112.txt,todas
a_112.txt,tava
a_112.txt,forca
a_112.txt,fechando
a_112.txt,conquista
a_112.txt,preco
a_112.txt,forem
a_112.txt,quebrou
a_112.txt,encontrada
a_112.txt,kabinettsjustiz
a_112.txt,constituida
a_112.txt,trabalhar
a_112.txt,regiao
a_112.txt,deixam
a_112.txt,tema
a_112.txt,compartilhamento
a_112.txt,neutralizado
a_112.txt,associarem
a_112.txt,dando
a_112.txt,criminologia
a_112.txt,minimo
a_112.txt,seguranca
a_112.txt,juridico
a_112.txt,preceitos
a_112.txt,deslocamento
a_112.txt,feira
a_112.txt,cobrar
a_112.txt,papel
a_112.txt,conteudo
a_112.txt,conhecam
a_112.txt,evidenciado
a_112.txt,tomar
a_112.txt,aurilio
a_112.txt,bater
a_112.txt,comigo
a_112.txt,manifesto
a_112.txt,incendio
a_112.txt,amanha
a_112.txt,ilicita
a_112.txt,saque
a_112.txt,funcionamento
a_112.txt,doaria
a_112.txt,preciso
a_112.txt,pique
a_112.txt,medida
a_112.txt,adenauer
a_112.txt,lv
a_112.txt,pinacoteca
a_112.txt,devidamente
a_112.txt,nomerg
a_112.txt,proibi
a_112.txt,favor
a_112.txt,braz
a_112.txt,guiga
a_112.txt,vinculo
a_112.txt,tramite
a_112.txt,distrito
a_112.txt,inato
a_112.txt,particular
a_112.txt,base
a_112.txt,piloto
a_112.txt,dispositivos
a_112.txt,paula
a_112.txt,modo
a_112.txt,eghin
a_112.txt,multitudinarios
a_112.txt,circunstancias
a_112.txt,alfredo
a_112.txt,br
a_112.txt,terrorismo
a_112.txt,ibeiro
a_112.txt,eleito
a_112.txt,preparacao
a_112.txt,incorporadas
a_112.txt,contrato
a_112.txt,textos
a_112.txt,conseguimos
a_112.txt,provar
a_112.txt,instrumento
a_112.txt,envio
a_112.txt,corpo
a_112.txt,penal
a_112.txt,compreensao
a_112.txt,despesas
a_112.txt,natural
a_112.txt,papipinho
a_112.txt,explosiva
a_112.txt,descrever
a_112.txt,reqte
a_112.txt,estrago
a_112.txt,violencia
a_112.txt,exerce
a_112.txt,ee
a_112.txt,teor
a_112.txt,ambito
a_112.txt,dele
a_112.txt,confirmada
a_112.txt,trataram
a_112.txt,prescricoes
a_112.txt,cometido
a_112.txt,drogas
a_112.txt,senado
a_112.txt,chegarmos
a_112.txt,eqte
a_112.txt,reais
a_112.txt,arrecadacao
a_112.txt,vista
a_112.txt,requer
a_112.txt,direta
a_112.txt,oh
a_112.txt,tematica
a_112.txt,dias
a_112.txt,falava
a_112.txt,empurrando
a_112.txt,volume
a_112.txt,escala
a_112.txt,mulher
a_112.txt,critico
a_112.txt,lo
a_112.txt,motivos
a_112.txt,trata
a_112.txt,devo
a_112.txt,propor
a_112.txt,economia
a_112.txt,nosso
a_112.txt,norma
a_112.txt,tempo
a_112.txt,viabilidade
a_112.txt,publicas
a_112.txt,remetentes
a_112.txt,regiane
a_112.txt,oriundos
a_112.txt,mauricio
a_112.txt,compartilhamentos
a_112.txt,organizarem
a_112.txt,envolvidos
a_112.txt,v
a_112.txt,assegurar
a_112.txt,excecao
a_112.txt,manifestou
a_112.txt,ms
a_112.txt,mestre
a_112.txt,formulados
a_112.txt,adotada
a_112.txt,cidadaos
a_112.txt,voltaram
a_112.txt,tentativa
a_112.txt,coloca
a_112.txt,referida
a_112.txt,fisicas
a_112.txt,deputado
a_112.txt,estrategia
a_112.txt,vislumbra
a_112.txt,porem
a_112.txt,arruma
a_112.txt,outra
a_112.txt,obter
a_112.txt,preocupacao
a_112.txt,dei
a_112.txt,licao
a_112.txt,atuaram
a_112.txt,presos
a_112.txt,estruturando
a_112.txt,nao
a_112.txt,corte
a_112.txt,suficientes
a_112.txt,figurar
a_112.txt,realizacao
a_112.txt,for
a_112.txt,darem
a_112.txt,artigos
a_112.txt,verdade
a_112.txt,arrecadaram
a_112.txt,custo
a_112.txt,sociais
a_112.txt,gosta
a_112.txt,carater
a_112.txt,hora
a_112.txt,destruiu
a_112.txt,area
a_112.txt,eqdo
a_112.txt,te
a_112.txt,ficou
a_112.txt,filipe
a_112.txt,rodrigo
a_112.txt,provavelmente
a_112.txt,duvidas
a_112.txt,ensinado
a_112.txt,recado
a_112.txt,descricao
a_112.txt,movimentar
a_112.txt,relatorios
a_112.txt,antecipacao
a_112.txt,topicos
a_112.txt,sergio
a_112.txt,vimos
a_112.txt,trabalho
a_112.txt,facilidade
a_112.txt,fossem
a_112.txt,tratando
a_112.txt,reclusao
a_112.txt,discussao
a_112.txt,carla
a_112.txt,haver
a_112.txt,nadir
a_112.txt,tentar
a_112.txt,rio
a_112.txt,elementares
a_112.txt,destrui
a_112.txt,coronel
a_112.txt,recrutamento
a_112.txt,eto
a_112.txt,seja
a_112.txt,aderia
a_112.txt,intervencao
a_112.txt,privatividade
a_112.txt,reqdo
a_112.txt,convocatorio
a_112.txt,cansoni
a_112.txt,judiciarios
a_112.txt,razoaveis
a_112.txt,sai
a_112.txt,imputando
a_112.txt,freitas
a_112.txt,tipos
a_112.txt,cometidas
a_112.txt,paineis
a_112.txt,sp
a_112.txt,mesma
a_112.txt,bens
a_112.txt,cristiano
a_112.txt,abolicao
a_112.txt,alguem
a_112.txt,divisao
a_112.txt,teriam
a_112.txt,acredito
a_112.txt,in
a_112.txt,esperar
a_112.txt,transferir
a_112.txt,londrina
a_112.txt,incitadores
a_112.txt,programa
a_112.txt,votou
a_112.txt,estaduais
a_112.txt,pensamento
a_112.txt,dou
a_112.txt,efetuado
a_112.txt,passar
a_112.txt,regras
a_112.txt,podemos
a_112.txt,monumental
a_112.txt,xliv
a_112.txt,ligue
a_112.txt,historicamente
a_112.txt,agronegocio
a_112.txt,mencionados
a_112.txt,ah
a_112.txt,floro
a_112.txt,aqueles
a_112.txt,demais
a_112.txt,barato
a_112.txt,araco
a_112.txt,congresso_nacional
a_112.txt,recomendando
a_112.txt,seculo
a_112.txt,contratado
a_112.txt,direitacp
a_112.txt,vesperas
a_112.txt,composicao
a_112.txt,fortalecer
a_112.txt,ordem
a_112.txt,minha
a_112.txt,elaquim
a_112.txt,desenvolvendo
a_112.txt,merece
a_112.txt,k
a_112.txt,tenho
a_112.txt,elipe
a_112.txt,requisitos
a_112.txt,removendo
a_112.txt,cristo
a_112.txt,ria
a_112.txt,traumatica
a_112.txt,instauracao
a_112.txt,cnmmoso
a_112.txt,outro
a_112.txt,totalidade
a_112.txt,quanto
a_112.txt,coco
a_112.txt,ingressaram
a_112.txt,evento
a_112.txt,semelhanca
a_112.txt,congresso
a_112.txt,entender
a_112.txt,afinal
a_112.txt,pluralismo
a_112.txt,via
a_112.txt,mesmos
a_112.txt,edro
a_112.txt,probatorio
a_112.txt,indicando
a_112.txt,antonio
a_112.txt,gravissima
a_112.txt,chame
a_112.txt,fixada
a_112.txt,pretende
a_112.txt,desrespeito
a_112.txt,coerente
a_112.txt,justificativa
a_112.txt,chegou
a_112.txt,proibida
a_112.txt,deposicao
a_112.txt,penais
a_112.txt,eracin
a_112.txt,liderancas
a_112.txt,fazer
a_112.txt,dependendo
a_112.txt,propriedade
a_112.txt,caminho
a_112.txt,possibilidades
a_112.txt,teve
a_112.txt,beselimo
a_112.txt,afirmar
a_112.txt,descreve
a_112.txt,aprende
a_112.txt,quiserem
a_112.txt,narrativa
a_112.txt,previstos
a_112.txt,quinhentos
a_112.txt,imagina
a_112.txt,quinze
a_112.txt,judiciaria
a_112.txt,protegido
a_112.txt,comentou
a_112.txt,tribunais
a_112.txt,elieser
a_112.txt,entendimento
a_112.txt,jeito
a_112.txt,produtores
a_112.txt,departamentos
a_112.txt,legalmente
a_112.txt,detalhes
a_112.txt,processar
a_112.txt,inclusive
a_112.txt,presidida
a_112.txt,inicialmente
a_112.txt,preocupado
a_112.txt,lei
a_112.txt,juizo
a_112.txt,b
a_112.txt,comprovar
a_112.txt,postadas
a_112.txt,falar
a_112.txt,inflamavel
a_112.txt,ro
a_112.txt,anos
a_112.txt,novecentos
a_112.txt,impedir
a_112.txt,denunciada
a_112.txt,posse
a_112.txt,arts
a_112.txt,conclusao
a_112.txt,ir
a_112.txt,ficariam
a_112.txt,acontecimentos
a_112.txt,compartilhadas
a_112.txt,permite
a_112.txt,ilegalidade
a_112.txt,primarios
a_112.txt,contudo
a_112.txt,milhoes
a_112.txt,oberto
a_112.txt,conforme
a_112.txt,sutil
a_112.txt,forcas
a_112.txt,pensamentos
a_112.txt,apenas
a_112.txt,expressao
a_112.txt,legalidade
a_112.txt,real
a_112.txt,financeiro
a_112.txt,nessa
a_112.txt,amolda
a_112.txt,vanas
a_112.txt,jardim
a_112.txt,realizada
a_112.txt,otoni
a_112.txt,tesoureiro
a_112.txt,observe
a_112.txt,editora
a_112.txt,representa
a_112.txt,entrou
a_112.txt,movimentacao
a_112.txt,entretanto
a_112.txt,ocorridas
a_112.txt,inistro
a_112.txt,esar
a_112.txt,embora
a_112.txt,cientifica
a_112.txt,rapaz
a_112.txt,comunicavam
a_112.txt,orientacao
a_112.txt,tais
a_112.txt,denunciadas
a_112.txt,destruir
a_112.txt,periodo
a_112.txt,recepcionando
a_112.txt,pauta
a_112.txt,inumeros
a_112.txt,equipamentos
a_112.txt,ondinelli
a_112.txt,lideranca
a_112.txt,nega
a_112.txt,evidencias
a_112.txt,ali
a_112.txt,parecido
a_112.txt,pessoais
a_112.txt,propositura
a_112.txt,provimento
a_112.txt,curso
a_112.txt,nela
a_112.txt,nenhum
a_112.txt,mando
a_112.txt,cicarelli
a_112.txt,genericamente
a_112.txt,montante
a_112.txt,chega
a_112.txt,ergio
a_112.txt,figura
a_112.txt,amoldariam
a_112.txt,responsaveis
a_112.txt,possuem
a_112.txt,leoso
a_112.txt,solicitados
a_112.txt,elly
a_112.txt,esquema
a_112.txt,vem
a_112.txt,requerido
a_112.txt,desde
a_112.txt,maurilio
a_112.txt,previsao
a_112.txt,konrad
a_112.txt,estruturantes
a_112.txt,federais
a_112.txt,preliminares
a_112.txt,cotejo
a_112.txt,comecou
a_112.txt,isto
a_112.txt,dino
a_112.txt,pelas
a_112.txt,deputados
a_112.txt,acampamento
a_112.txt,incitacao
a_112.txt,voces
a_112.txt,posturas
a_112.txt,persecutor
a_112.txt,fatos
a_112.txt,pior
a_112.txt,peco
a_112.txt,garcia
a_112.txt,rindo
a_112.txt,claro
a_112.txt,estruturas
a_112.txt,investigado
a_112.txt,individualizacao
a_112.txt,reunidas
a_112.txt,transitiva
a_112.txt,cada
a_112.txt,origens
a_112.txt,comissivas
a_112.txt,abrir
a_112.txt,torrefacao
a_112.txt,mg
a_112.txt,aplicacao
a_112.txt,ocorre
a_112.txt,eventualmente
a_112.txt,harmonicos
a_112.txt,atos_antidemocraticos
a_112.txt,rufino
a_112.txt,guerra
a_112.txt,civis
a_112.txt,pagamentos
a_112.txt,alguns
a_112.txt,celindo
a_112.txt,modelando
a_112.txt,exposto
a_112.txt,colaborar
a_112.txt,grigoravicus
a_112.txt,propriedades
a_112.txt,anteriormente
a_112.txt,deixar
a_112.txt,politica
a_112.txt,imitacao
a_112.txt,persecucao
a_112.txt,negrao
a_112.txt,comprovantes
a_112.txt,bi
a_112.txt,quarenta
a_112.txt,asp
a_112.txt,sr
a_112.txt,veio
a_112.txt,multa
a_112.txt,passageiros
a_112.txt,empreendido
a_112.txt,colocar
a_112.txt,transformando
a_112.txt,reprovacao
a_112.txt,durante
a_112.txt,aniel
a_112.txt,republicanos
a_112.txt,cumpriria
a_112.txt,cumplice
a_112.txt,instancia
a_112.txt,contratacao
a_112.txt,determinou
a_112.txt,influencias
a_112.txt,ladeira
a_112.txt,confirmar
a_112.txt,esquerda
a_112.txt,entendeu
a_112.txt,peixoto
a_112.txt,rito
a_112.txt,conformar
a_112.txt,concedendo
a_112.txt,recebendo
a_112.txt,citado
a_112.txt,oportunidades
a_112.txt,arquitetonicas
a_112.txt,junio
a_112.txt,auxiliis
a_112.txt,ve
a_112.txt,n
a_112.txt,propaganda
a_112.txt,culminaram
a_112.txt,inviabilizar
a_112.txt,constitucional
a_112.txt,oliveira
a_112.txt,armadas
a_112.txt,inviabilidade
a_112.txt,restando
a_112.txt,emanuele
a_112.txt,aduziu
a_112.txt,cogitando
a_112.txt,phillipe
a_112.txt,preencher
a_112.txt,queles
a_112.txt,objetivo
a_112.txt,referencias
a_112.txt,pecas
a_112.txt,condenados
a_112.txt,recebi
a_112.txt,vila
a_112.txt,ok
a_112.txt,realmente
a_112.txt,puderem
a_112.txt,gatt
a_112.txt,propria
a_112.txt,indispensaveis
a_112.txt,narrado
a_112.txt,gentilmente
a_112.txt,confira
a_112.txt,bancarios
a_112.txt,lhes
a_112.txt,verifica
a_112.txt,tercio
a_112.txt,vantagem
a_112.txt,varias
a_112.txt,escolher
a_112.txt,fizeram
a_112.txt,lancar
a_112.txt,backup
a_112.txt,causar
a_112.txt,pais
a_112.txt,unidos
a_112.txt,batista
a_112.txt,montar
a_112.txt,recebido
a_112.txt,critica
a_112.txt,identificacao
a_112.txt,informacoes
a_112.txt,co
a_112.txt,evidente
a_112.txt,anpp
a_112.txt,padroes
a_112.txt,demonstrada
a_112.txt,impunidade
a_112.txt,predios
a_112.txt,atuando
a_112.txt,manual
a_112.txt,derivadas
a_112.txt,perpetrada
a_112.txt,morais
a_112.txt,zambelli
a_112.txt,paiva
a_112.txt,ernanda
a_112.txt,apoiadores
a_112.txt,semi
a_112.txt,antidemocraticafinalidade
a_112.txt,pets
a_112.txt,caracterizando
a_112.txt,sem
a_112.txt,mana
a_112.txt,indica
a_112.txt,lembra
a_112.txt,imputados
a_112.txt,voltou
a_112.txt,permitindo
a_112.txt,ittencourt
a_112.txt,leoncio
a_112.txt,istrito
a_112.txt,podcast
a_112.txt,proferidas
a_112.txt,falando
a_112.txt,mensagem
a_112.txt,dr
a_112.txt,institucional
a_112.txt,falam
a_112.txt,posteriormente
a_112.txt,consistia
a_112.txt,amaral
a_112.txt,diretamente
a_112.txt,contatos
a_112.txt,delegacia
a_112.txt,doacao
a_112.txt,agir
a_112.txt,instalar
a_112.txt,mitigada
a_112.txt,autorizacao
a_112.txt,inutilizacao
a_112.txt,independencia
a_112.txt,requerimento
a_112.txt,poderia
a_112.txt,apurada
a_112.txt,tipica
a_112.txt,consequentemente
a_112.txt,desnecessario
a_112.txt,tenta
a_112.txt,portal
a_112.txt,orlanda
a_112.txt,publicou
a_112.txt,oferecimento
a_112.txt,cima
a_112.txt,tumulto
a_112.txt,estao
a_112.txt,terra
a_112.txt,vu
a_112.txt,prestarem
a_112.txt,especialmente
a_112.txt,convidar
a_112.txt,afirmando
a_112.txt,reghin
a_112.txt,conversei
a_112.txt,pelada
a_112.txt,exatamente
a_112.txt,mesas
a_112.txt,turma
a_112.txt,tem
a_112.txt,cometerem
a_112.txt,estudo
a_112.txt,pensando
a_112.txt,articular
a_112.txt,anadeth
a_112.txt,delitivas
a_112.txt,exemplo
a_112.txt,ferreira
a_112.txt,teria
a_112.txt,opiniao
a_112.txt,titularidade
a_112.txt,oraes
a_112.txt,responsavel
a_112.txt,deixa
a_112.txt,bradesco
a_112.txt,dia
a_112.txt,simplesmente
a_112.txt,moveis
a_112.txt,fenomeno
a_112.txt,pau
a_112.txt,nessas
a_112.txt,poderes
a_112.txt,leonardo
a_112.txt,mandar
a_112.txt,depor
a_112.txt,nolasco
a_112.txt,pela
a_112.txt,ainda
a_112.txt,prestado
a_112.txt,ato
a_112.txt,forma
a_112.txt,sumi
a_112.txt,violento
a_112.txt,agravo
a_112.txt,absolvicao
a_112.txt,grandes
a_112.txt,lugar
a_112.txt,juizes
a_112.txt,acusacao
a_112.txt,gostariarnos
a_112.txt,ii
a_112.txt,cinquenta
a_112.txt,sabe
a_112.txt,participes
a_112.txt,articula
a_112.txt,ruim
a_112.txt,plurissubjetivos
a_112.txt,bastasse
a_112.txt,analisa
a_112.txt,juridica
a_112.txt,ajudem
a_112.txt,razoes
a_112.txt,consta
a_112.txt,maior
a_112.txt,ubi
a_112.txt,invertida
a_112.txt,prestar
a_112.txt,arrecadar
a_112.txt,marcar
a_112.txt,ocorrendo
a_112.txt,requereu
a_112.txt,legitima
a_112.txt,inq
a_112.txt,pedindo
a_112.txt,dirigiram
a_112.txt,levar
a_112.txt,facilitar
a_112.txt,contato
a_112.txt,autoridades
a_112.txt,luizinho
a_112.txt,invasao
a_112.txt,articulada
a_112.txt,vir
a_112.txt,substituido
a_112.txt,resp
a_112.txt,majorado
a_112.txt,patriotas
a_112.txt,santiago
a_112.txt,pretendam
a_112.txt,novas
a_112.txt,julgado
a_112.txt,inquerito
a_112.txt,ressalvas
a_112.txt,sim
a_112.txt,proximo
a_112.txt,certinho
a_112.txt,julio
a_112.txt,wilsinho
a_112.txt,rpj
a_112.txt,tereza
a_112.txt,duardo
a_112.txt,caso
a_112.txt,meios
a_112.txt,existe
a_112.txt,barros
a_112.txt,corno
a_112.txt,conviccao
a_112.txt,angelo
a_112.txt,oliva
a_112.txt,substancia
a_112.txt,urteil
a_112.txt,condutas
a_112.txt,fernando
a_118.txt,portaria
a_118.txt,indicios
a_118.txt,governanca
a_118.txt,detalhados
a_118.txt,vestida
a_118.txt,alarmante
a_118.txt,prerrogativanesta
a_118.txt,verificado
a_118.txt,secao
a_118.txt,conjunta
a_118.txt,criacao
a_118.txt,andre
a_118.txt,factivel
a_118.txt,preconiza
a_118.txt,incendios
a_118.txt,schawabe
a_118.txt,inconfundivel
a_118.txt,titulo
a_118.txt,inerentes
a_118.txt,exigidos
a_118.txt,invadiu
a_118.txt,judicial
a_118.txt,acerca
a_118.txt,marcos
a_118.txt,presidenciais
a_118.txt,embaraco
a_118.txt,destaquei
a_118.txt,legado
a_118.txt,rojoes
a_118.txt,m
a_118.txt,reclamada
a_118.txt,trabalhando
a_118.txt,ver
a_118.txt,exclama
a_118.txt,aumenta
a_118.txt,fisica
a_118.txt,liberal
a_118.txt,exposicao
a_118.txt,propos
a_118.txt,quaisquer
a_118.txt,planos
a_118.txt,razoavel
a_118.txt,chinesa
a_118.txt,sustentar
a_118.txt,maio
a_118.txt,inconstitucionais
a_118.txt,conhecida
a_118.txt,conjugacao
a_118.txt,cit
a_118.txt,praticas
a_118.txt,venho
a_118.txt,processuais
a_118.txt,tramitacao
a_118.txt,quer
a_118.txt,materiais
a_118.txt,precisara
a_118.txt,batalhao
a_118.txt,xix
a_118.txt,constituicao
a_118.txt,intencao
a_118.txt,povo
a_118.txt,improprias
a_118.txt,q
a_118.txt,funcao
a_118.txt,acrescentou
a_118.txt,haveria
a_118.txt,ela
a_118.txt,importante
a_118.txt,pedidos
a_118.txt,taser
a_118.txt,delituosos
a_118.txt,tutelados
a_118.txt,camiseta
a_118.txt,rompimento
a_118.txt,fora
a_118.txt,voz
a_118.txt,aluguel
a_118.txt,inclutech
a_118.txt,algemar
a_118.txt,negaram
a_118.txt,dignatarios
a_118.txt,policial
a_118.txt,logo
a_118.txt,senhor
a_118.txt,justificar
a_118.txt,obstrucao
a_118.txt,tenham
a_118.txt,domingo
a_118.txt,designacao
a_118.txt,arbitrio
a_118.txt,justica
a_118.txt,pontuando
a_118.txt,apontados
a_118.txt,cameras
a_118.txt,portava
a_118.txt,fundamentada
a_118.txt,atuacao
a_118.txt,reforcada
a_118.txt,caluniandi
a_118.txt,subir
a_118.txt,reduzem
a_118.txt,perpetuidade
a_118.txt,apurados
a_118.txt,estatais
a_118.txt,reside
a_118.txt,prova
a_118.txt,alojaram
a_118.txt,investigados
a_118.txt,ocorridos
a_118.txt,minuciosamente
a_118.txt,finalidade
a_118.txt,tomado
a_118.txt,rol
a_118.txt,ilmar
a_118.txt,cometer
a_118.txt,neles
a_118.txt,corresponde
a_118.txt,analiticamente
a_118.txt,numero
a_118.txt,adotadas
a_118.txt,evidencie
a_118.txt,subsome
a_118.txt,possa
a_118.txt,oberio
a_118.txt,virar
a_118.txt,incentivaram
a_118.txt,mencionando
a_118.txt,criticas
a_118.txt,nascida
a_118.txt,aduz
a_118.txt,visavam
a_118.txt,significativa
a_118.txt,devido
a_118.txt,estrangeiros
a_118.txt,insatisfeitos
a_118.txt,unico
a_118.txt,pedras
a_118.txt,desocupacao
a_118.txt,retomar
a_118.txt,torna
a_118.txt,algum
a_118.txt,haverem
a_118.txt,transferiu
a_118.txt,virtude
a_118.txt,configuram
a_118.txt,hristina
a_118.txt,iphan
a_118.txt,aparece
a_118.txt,metais
a_118.txt,inicio
a_118.txt,exame
a_118.txt,rr
a_118.txt,mil
a_118.txt,atinente
a_118.txt,referidas
a_118.txt,reuniram
a_118.txt,exauriente
a_118.txt,ele
a_118.txt,vale
a_118.txt,satisfacao
a_118.txt,alemas
a_118.txt,processado
a_118.txt,caluniosas
a_118.txt,reitere
a_118.txt,prontidao
a_118.txt,exito
a_118.txt,constitutivas
a_118.txt,subjetivas
a_118.txt,terroristas
a_118.txt,prestigia
a_118.txt,dobro
a_118.txt,preparatorios
a_118.txt,protejam
a_118.txt,membro
a_118.txt,orientar
a_118.txt,portas
a_118.txt,trocadas
a_118.txt,especial
a_118.txt,narrando
a_118.txt,proc
a_118.txt,setembro
a_118.txt,pertencente
a_118.txt,comportando
a_118.txt,descendo
a_118.txt,deste
a_118.txt,classes
a_118.txt,prejuizo
a_118.txt,ocorria
a_118.txt,instaurados
a_118.txt,determinada
a_118.txt,extrato
a_118.txt,braganca
a_118.txt,frequencia
a_118.txt,obrigatoriamente
a_118.txt,probabilidade
a_118.txt,apresentados
a_118.txt,intervenientes
a_118.txt,chefes
a_118.txt,ideias
a_118.txt,imbricacao
a_118.txt,camaras
a_118.txt,invocou
a_118.txt,grande
a_118.txt,elevadissima
a_118.txt,provido
a_118.txt,exercicio
a_118.txt,aderido
a_118.txt,atracao
a_118.txt,sejam
a_118.txt,terceiros
a_118.txt,artificio
a_118.txt,surpresa
a_118.txt,reire
a_118.txt,instrucao
a_118.txt,ap
a_118.txt,bloco
a_118.txt,biblioteca
a_118.txt,conseguiu
a_118.txt,reparacao
a_118.txt,financeiras
a_118.txt,macula
a_118.txt,cep
a_118.txt,escalada
a_118.txt,lesar
a_118.txt,urnas
a_118.txt,dith
a_118.txt,dano
a_118.txt,comentado
a_118.txt,global
a_118.txt,abrangeram
a_118.txt,essencia
a_118.txt,testemunham
a_118.txt,regido
a_118.txt,fogos
a_118.txt,constituido
a_118.txt,enfim
a_118.txt,sentido
a_118.txt,delibacao
a_118.txt,correa
a_118.txt,daqueles
a_118.txt,veiculos
a_118.txt,opressao
a_118.txt,roberto
a_118.txt,notadamente
a_118.txt,ilicitas
a_118.txt,petreas
a_118.txt,cpi
a_118.txt,insistentemente
a_118.txt,nova
a_118.txt,configurara
a_118.txt,dizer
a_118.txt,emprego
a_118.txt,tecnica
a_118.txt,avancaram
a_118.txt,participacao
a_118.txt,condutas
a_118.txt,choque
a_118.txt,frederico
a_118.txt,estiveram
a_118.txt,contraditarao
a_118.txt,residente
a_118.txt,gramado
a_118.txt,ocupante
a_118.txt,inocua
a_118.txt,atribuidos
a_118.txt,combate
a_118.txt,aptas
a_118.txt,antidemocratica
a_118.txt,hoje
a_118.txt,min
a_118.txt,inexistindo
a_118.txt,delicti
a_118.txt,confunde
a_118.txt,suspeitas
a_118.txt,todo
a_118.txt,omissivas
a_118.txt,excecoes
a_118.txt,legitimidade
a_118.txt,nestes
a_118.txt,tipico
a_118.txt,pretendido
a_118.txt,lula
a_118.txt,superior
a_118.txt,desejado
a_118.txt,conduzir
a_118.txt,prerrogativadeforo
a_118.txt,expressa
a_118.txt,ambos
a_118.txt,quebra
a_118.txt,membros
a_118.txt,financiar
a_118.txt,uniao
a_118.txt,gerando
a_118.txt,desse
a_118.txt,verificou
a_118.txt,minutos
a_118.txt,coletanea
a_118.txt,houverem
a_118.txt,adolescente
a_118.txt,red
a_118.txt,pode
a_118.txt,lhe
a_118.txt,imputou
a_118.txt,improprio
a_118.txt,arregimentar
a_118.txt,senados
a_118.txt,viavel
a_118.txt,resulta
a_118.txt,criminoso
a_118.txt,presenca
a_118.txt,protesto
a_118.txt,sendo
a_118.txt,encontra
a_118.txt,criterios
a_118.txt,estamos
a_118.txt,ampliacao
a_118.txt,invadido
a_118.txt,orientando
a_118.txt,ajudando
a_118.txt,testemunha
a_118.txt,principios
a_118.txt,exige
a_118.txt,cercear
a_118.txt,afiliados
a_118.txt,residentes
a_118.txt,retirada
a_118.txt,estilingues
a_118.txt,registrando
a_118.txt,ellen
a_118.txt,inepta
a_118.txt,resultado
a_118.txt,valor
a_118.txt,esquecido
a_118.txt,formar
a_118.txt,publique
a_118.txt,propagacao
a_118.txt,causa
a_118.txt,mello
a_118.txt,negociar
a_118.txt,quebrando
a_118.txt,ata
a_118.txt,pena
a_118.txt,fevereiro
a_118.txt,punitiva
a_118.txt,freire
a_118.txt,atentatorios
a_118.txt,subsuncao
a_118.txt,hermerson
a_118.txt,ausencia
a_118.txt,formal
a_118.txt,entendo
a_118.txt,indicio
a_118.txt,conduziram
a_118.txt,prol
a_118.txt,ocorreu
a_118.txt,empunhadas
a_118.txt,unidade
a_118.txt,assembleia
a_118.txt,dados
a_118.txt,alvos
a_118.txt,narrou
a_118.txt,feita
a_118.txt,dependem
a_118.txt,impor
a_118.txt,impropria
a_118.txt,responda
a_118.txt,inferencia
a_118.txt,natureza
a_118.txt,dolo
a_118.txt,realizados
a_118.txt,organizaram
a_118.txt,luiz
a_118.txt,descritos
a_118.txt,daqui
a_118.txt,missao
a_118.txt,bolas
a_118.txt,acionou
a_118.txt,hipotese
a_118.txt,direitos
a_118.txt,praticarem
a_118.txt,revelou
a_118.txt,distribuir
a_118.txt,objetiva
a_118.txt,incluindo
a_118.txt,elevada
a_118.txt,prosseguir
a_118.txt,compreendido
a_118.txt,dra
a_118.txt,resultaram
a_118.txt,vendedores
a_118.txt,pleno
a_118.txt,detector
a_118.txt,atacando
a_118.txt,dialogo
a_118.txt,maniqueisticamente
a_118.txt,cruz
a_118.txt,ederal
a_118.txt,intersubjetivo
a_118.txt,fica
a_118.txt,deslocando
a_118.txt,detentores
a_118.txt,aproxima
a_118.txt,indicou
a_118.txt,apresentar
a_118.txt,devida
a_118.txt,toffoli
a_118.txt,indole
a_118.txt,mobilizou
a_118.txt,manifestantes
a_118.txt,direcionaram
a_118.txt,dupla
a_118.txt,salao
a_118.txt,toda
a_118.txt,concurso
a_118.txt,quarteis
a_118.txt,seria
a_118.txt,julgamento
a_118.txt,sair
a_118.txt,conclama
a_118.txt,dividiram
a_118.txt,colheita
a_118.txt,limitacao
a_118.txt,acusatorio
a_118.txt,milhares
a_118.txt,trazido
a_118.txt,tirando
a_118.txt,sugestao
a_118.txt,afetada
a_118.txt,bia
a_118.txt,original
a_118.txt,ocultar
a_118.txt,policias
a_118.txt,expensas
a_118.txt,esclarece
a_118.txt,gravidade
a_118.txt,gude
a_118.txt,imputacoes
a_118.txt,normalmente
a_118.txt,periciais
a_118.txt,organizar
a_118.txt,concernente
a_118.txt,prestacao
a_118.txt,nacional
a_118.txt,aditamentos
a_118.txt,imparcial
a_118.txt,excluidos
a_118.txt,al
a_118.txt,tao
a_118.txt,leite
a_118.txt,acampamentos
a_118.txt,necessario
a_118.txt,bgp
a_118.txt,revestidas
a_118.txt,reuniao
a_118.txt,afastou
a_118.txt,estabilidade
a_118.txt,todos
a_118.txt,haja
a_118.txt,argumento
a_118.txt,observar
a_118.txt,lesiva
a_118.txt,re
a_118.txt,sistematica
a_118.txt,silvestre
a_118.txt,ouvidas
a_118.txt,aprimorando
a_118.txt,remessa
a_118.txt,segundos
a_118.txt,encontro
a_118.txt,levantamento
a_118.txt,cautelares
a_118.txt,prorrogacao
a_118.txt,incentivo
a_118.txt,prestadores
a_118.txt,unanime
a_118.txt,centrais
a_118.txt,verdadeira
a_118.txt,financiamento
a_118.txt,trate
a_118.txt,centenas
a_118.txt,dispersavam
a_118.txt,esteves
a_118.txt,concretizar
a_118.txt,midia
a_118.txt,artigo
a_118.txt,detencao
a_118.txt,realizadas
a_118.txt,fixacao
a_118.txt,camara
a_118.txt,processamento
a_118.txt,precisamente
a_118.txt,alexandre
a_118.txt,ref
a_118.txt,criminais
a_118.txt,objetividade
a_118.txt,alencar
a_118.txt,acima
a_118.txt,fundamental
a_118.txt,parquet
a_118.txt,diferencas
a_118.txt,condenatoria
a_118.txt,melhor
a_118.txt,terao
a_118.txt,tal
a_118.txt,entregadores
a_118.txt,acolhida
a_118.txt,realidade
a_118.txt,positivo
a_118.txt,apresentando
a_118.txt,psicologicos
a_118.txt,normas
a_118.txt,obstaculos
a_118.txt,tomasse
a_118.txt,realizou
a_118.txt,ponto
a_118.txt,estes
a_118.txt,exigindo
a_118.txt,suma
a_118.txt,agua
a_118.txt,advertencia
a_118.txt,atentados
a_118.txt,demonstram
a_118.txt,dpe
a_118.txt,sob
a_118.txt,rocurador
a_118.txt,promoveram
a_118.txt,instruem
a_118.txt,suprema
a_118.txt,atividade
a_118.txt,elementos
a_118.txt,determinei
a_118.txt,detalhadamente
a_118.txt,corporalis
a_118.txt,depredacao
a_118.txt,machado
a_118.txt,concluiu
a_118.txt,humanos
a_118.txt,conselho
a_118.txt,beyond
a_118.txt,sigilo
a_118.txt,atribuicao
a_118.txt,linchamento
a_118.txt,republicanas
a_118.txt,rezando
a_118.txt,vejamos
a_118.txt,extraida
a_118.txt,partes
a_118.txt,revela
a_118.txt,armado
a_118.txt,entidades
a_118.txt,indiciario
a_118.txt,captura
a_118.txt,alonso
a_118.txt,honorabilidade
a_118.txt,originarias
a_118.txt,patricia
a_118.txt,reconhecer
a_118.txt,encontrem
a_118.txt,tinha
a_118.txt,identificados
a_118.txt,esta
a_118.txt,praticados
a_118.txt,direcionados
a_118.txt,sentenca
a_118.txt,and
a_118.txt,bandido
a_118.txt,constatacao
a_118.txt,regimental
a_118.txt,imediatamente
a_118.txt,reduzir
a_118.txt,lucio
a_118.txt,disponibilizou
a_118.txt,preponderancia
a_118.txt,apistrano
a_118.txt,constrangimento
a_118.txt,demonstrativa
a_118.txt,instrumentos
a_118.txt,permitam
a_118.txt,causado
a_118.txt,setecentos
a_118.txt,diante
a_118.txt,juntamente
a_118.txt,escopo
a_118.txt,naqueles
a_118.txt,saiu
a_118.txt,confronto
a_118.txt,admitem
a_118.txt,abril
a_118.txt,predio
a_118.txt,longo
a_118.txt,negro
a_118.txt,enuncia
a_118.txt,secretaria
a_118.txt,aparato
a_118.txt,instancias
a_118.txt,alguma
a_118.txt,processual
a_118.txt,significado
a_118.txt,promoverem
a_118.txt,tramitam
a_118.txt,marquise
a_118.txt,desta
a_118.txt,orgaos
a_118.txt,distribuido
a_118.txt,sentados
a_118.txt,adotado
a_118.txt,d
a_118.txt,quatrocentos
a_118.txt,proximos
a_118.txt,permaneceram
a_118.txt,postular
a_118.txt,depredavam
a_118.txt,incitado
a_118.txt,maioria
a_118.txt,relevantes
a_118.txt,sempre
a_118.txt,abstrato
a_118.txt,estacionamento
a_118.txt,camuflados
a_118.txt,igualmente
a_118.txt,falaram
a_118.txt,autenticardocumento
a_118.txt,conflitos
a_118.txt,sede
a_118.txt,nesses
a_118.txt,unidades
a_118.txt,objetive
a_118.txt,proibicao
a_118.txt,curitiba
a_118.txt,destino
a_118.txt,dela
a_118.txt,acordo
a_118.txt,lopes
a_118.txt,educacao
a_118.txt,constituicoes
a_118.txt,legais
a_118.txt,criando
a_118.txt,cf
a_118.txt,minoria
a_118.txt,americana
a_118.txt,materiae
a_118.txt,respostas
a_118.txt,impossivel
a_118.txt,tornaram
a_118.txt,classificacao
a_118.txt,uso
a_118.txt,conjuracao
a_118.txt,tombados
a_118.txt,reiterar
a_118.txt,coimplicados
a_118.txt,mostra
a_118.txt,sustentado
a_118.txt,intuito
a_118.txt,brasileiro
a_118.txt,conduta
a_118.txt,tenues
a_118.txt,senao
a_118.txt,verificavel
a_118.txt,esteira
a_118.txt,novembro
a_118.txt,imediacoes
a_118.txt,legitimamente
a_118.txt,simbolico
a_118.txt,motivam
a_118.txt,ww
a_118.txt,diferentemente
a_118.txt,inviabilizada
a_118.txt,caetano
a_118.txt,autoridade
a_118.txt,eles
a_118.txt,duvida
a_118.txt,prerrogativa
a_118.txt,explicitar
a_118.txt,previa
a_118.txt,penalmente
a_118.txt,substitui
a_118.txt,ineficaz
a_118.txt,custodias
a_118.txt,agressivos
a_118.txt,pessoalmente
a_118.txt,antecedentes
a_118.txt,instauradas
a_118.txt,passivel
a_118.txt,semelhante
a_118.txt,lados
a_118.txt,roc
a_118.txt,participou
a_118.txt,imprescindivel
a_118.txt,constam
a_118.txt,interregno
a_118.txt,nenhuma
a_118.txt,consumada
a_118.txt,consagrado
a_118.txt,capacidade
a_118.txt,estadios
a_118.txt,vide
a_118.txt,destruicao
a_118.txt,voltando
a_118.txt,exigir
a_118.txt,mendonca
a_118.txt,rompidas
a_118.txt,individual
a_118.txt,sessenta
a_118.txt,denuncias
a_118.txt,camera
a_118.txt,indeterminada
a_118.txt,absolver
a_118.txt,correm
a_118.txt,suspensa
a_118.txt,constituem
a_118.txt,usado
a_118.txt,imagem
a_118.txt,motivar
a_118.txt,separado
a_118.txt,parte
a_118.txt,precipuamente
a_118.txt,amplificado
a_118.txt,fake_news
a_118.txt,envolvendo
a_118.txt,dependencias
a_118.txt,concreta
a_118.txt,toma
a_118.txt,isso
a_118.txt,recente
a_118.txt,transpor
a_118.txt,fotos
a_118.txt,naquele
a_118.txt,fazem
a_118.txt,letal
a_118.txt,especifica
a_118.txt,deteriorar
a_118.txt,servicos
a_118.txt,goias
a_118.txt,afasta
a_118.txt,oferecida
a_118.txt,suspensao
a_118.txt,crime
a_118.txt,chamadas
a_118.txt,boas
a_118.txt,consequencias
a_118.txt,diplomacao
a_118.txt,everton
a_118.txt,deles
a_118.txt,demonstrou
a_118.txt,sala
a_118.txt,comprovada
a_118.txt,rampa
a_118.txt,plenitude
a_118.txt,investiga
a_118.txt,ministros
a_118.txt,resposta
a_118.txt,devam
a_118.txt,roubo
a_118.txt,vida
a_118.txt,porta
a_118.txt,magistratura
a_118.txt,julgada
a_118.txt,organizacao
a_118.txt,justamente
a_118.txt,rosto
a_118.txt,popular
a_118.txt,reflexao
a_118.txt,ementas
a_118.txt,recorde
a_118.txt,atua
a_118.txt,gilberto
a_118.txt,colacionadas
a_118.txt,determinavam
a_118.txt,eticos
a_118.txt,criterio
a_118.txt,denunciado
a_118.txt,constitui
a_118.txt,algumas
a_118.txt,agravos
a_118.txt,estados
a_118.txt,pretendiam
a_118.txt,revelia
a_118.txt,afirmou
a_118.txt,abr
a_118.txt,causados
a_118.txt,definidos
a_118.txt,manipulacao
a_118.txt,informes
a_118.txt,vai
a_118.txt,nome
a_118.txt,paulo
a_118.txt,capitao
a_118.txt,contribuicao
a_118.txt,fins
a_118.txt,negociacoes
a_118.txt,geral
a_118.txt,praticada
a_118.txt,narcy
a_118.txt,dirigirem
a_118.txt,decretadas
a_118.txt,publico
a_118.txt,organismo
a_118.txt,fundamento
a_118.txt,geschaftsordnungen
a_118.txt,pelos
a_118.txt,privilegiado
a_118.txt,sinalizar
a_118.txt,participar
a_118.txt,referem
a_118.txt,iriam
a_118.txt,enrolada
a_118.txt,eliminacao
a_118.txt,alemao
a_118.txt,nossa
a_118.txt,injuriandi
a_118.txt,tentou
a_118.txt,lava
a_118.txt,constatadas
a_118.txt,perfeita
a_118.txt,milicias_digitais
a_118.txt,decorre
a_118.txt,ziegler
a_118.txt,funcionarios
a_118.txt,comuns
a_118.txt,absoluto
a_118.txt,indigitados
a_118.txt,operacionais
a_118.txt,morte
a_118.txt,serie
a_118.txt,excepcionalissima
a_118.txt,participaram
a_118.txt,militar
a_118.txt,demonstrem
a_118.txt,institucionais
a_118.txt,dose
a_118.txt,declarada
a_118.txt,conduzidos
a_118.txt,acuados
a_118.txt,materializacao
a_118.txt,castro
a_118.txt,lucia
a_118.txt,praticadas
a_118.txt,riscos
a_118.txt,procedimento
a_118.txt,zero
a_118.txt,farao
a_118.txt,whatsapp
a_118.txt,chamado
a_118.txt,apresentou
a_118.txt,determinado
a_118.txt,lesivo
a_118.txt,recebida
a_118.txt,graves
a_118.txt,esses
a_118.txt,armas
a_118.txt,ipl
a_118.txt,nesse
a_118.txt,emily
a_118.txt,regra
a_118.txt,gsi
a_118.txt,pix
a_118.txt,foto
a_118.txt,horas
a_118.txt,oriunda
a_118.txt,wallace
a_118.txt,apresentacao
a_118.txt,executivo
a_118.txt,relatora
a_118.txt,patrio
a_118.txt,brasileira
a_118.txt,certa
a_118.txt,violentas
a_118.txt,reuters
a_118.txt,admite
a_118.txt,postulantes
a_118.txt,cassetetes
a_118.txt,gravado
a_118.txt,assinalou
a_118.txt,individualizada
a_118.txt,determinados
a_118.txt,litigio
a_118.txt,extraidos
a_118.txt,cp
a_118.txt,investigativa
a_118.txt,federacao
a_118.txt,mudanca
a_118.txt,ensinamentos
a_118.txt,antidemocraticas
a_118.txt,informatica
a_118.txt,apresentei
a_118.txt,autor
a_118.txt,heleno
a_118.txt,vassoler
a_118.txt,inibitoria
a_118.txt,plataformas
a_118.txt,vencido
a_118.txt,invasores
a_118.txt,local
a_118.txt,mudar
a_118.txt,constitucionais
a_118.txt,golpistas
a_118.txt,podem
a_118.txt,financeira
a_118.txt,gayer
a_118.txt,vidracas
a_118.txt,existem
a_118.txt,causas
a_118.txt,absolutamente
a_118.txt,ement
a_118.txt,almeida
a_118.txt,parametros
a_118.txt,vigora
a_118.txt,carga
a_118.txt,existira
a_118.txt,objetivos
a_118.txt,raio
a_118.txt,assim
a_118.txt,seguida
a_118.txt,supoem
a_118.txt,h
a_118.txt,principal
a_118.txt,isoladamente
a_118.txt,disposto
a_118.txt,incluidas
a_118.txt,rcl
a_118.txt,poder
a_118.txt,impedindo
a_118.txt,cognicao
a_118.txt,articulacao
a_118.txt,identificou
a_118.txt,reus
a_118.txt,uan
a_118.txt,recuperados
a_118.txt,expor
a_118.txt,votos
a_118.txt,allan
a_118.txt,sustentados
a_118.txt,museu
a_118.txt,treze
a_118.txt,espelhamento
a_118.txt,desocupado
a_118.txt,delegacao
a_118.txt,apontou
a_118.txt,justa
a_118.txt,querendo
a_118.txt,ventos
a_118.txt,desempenhadas
a_118.txt,barracas
a_118.txt,codigos
a_118.txt,ocorrer
a_118.txt,inexistencia
a_118.txt,apesar
a_118.txt,teori
a_118.txt,executados
a_118.txt,investigada
a_118.txt,faz
a_118.txt,restringindo
a_118.txt,sequencia
a_118.txt,distinta
a_118.txt,material
a_118.txt,dirce
a_118.txt,cao
a_118.txt,viabilizar
a_118.txt,contragolpebrasil
a_118.txt,desinibidoras
a_118.txt,invadir
a_118.txt,chapelaria
a_118.txt,materialidade
a_118.txt,spark
a_118.txt,utilizando
a_118.txt,funcoes
a_118.txt,vedada
a_118.txt,vitimas
a_118.txt,edson
a_118.txt,perturbando
a_118.txt,desenvolvida
a_118.txt,requerimentos
a_118.txt,suporte
a_118.txt,hc
a_118.txt,dessa
a_118.txt,agr
a_118.txt,posterior
a_118.txt,consulta
a_118.txt,coautoria
a_118.txt,motins
a_118.txt,fim
a_118.txt,adentrasse
a_118.txt,decisoes
a_118.txt,gerais
a_118.txt,policia
a_118.txt,policiamento
a_118.txt,subjetivamente
a_118.txt,indevido
a_118.txt,eletronicas
a_118.txt,senador
a_118.txt,detalhada
a_118.txt,apartamento
a_118.txt,marco
a_118.txt,apresentadas
a_118.txt,disposicao
a_118.txt,garantidor
a_118.txt,remetidas
a_118.txt,silva
a_118.txt,deducao
a_118.txt,julgar
a_118.txt,fatidica
a_118.txt,tragedias
a_118.txt,destes
a_118.txt,posicao
a_118.txt,bone
a_118.txt,quibus
a_118.txt,confianca
a_118.txt,salientado
a_118.txt,culpado
a_118.txt,caracterizar
a_118.txt,outros
a_118.txt,acompanhou
a_118.txt,orleans
a_118.txt,mao
a_118.txt,inicial
a_118.txt,investigadas
a_118.txt,utilizado
a_118.txt,abolir
a_118.txt,desvencilharam
a_118.txt,standardsprobatorios
a_118.txt,viu
a_118.txt,aguiar
a_118.txt,gibrail
a_118.txt,considera
a_118.txt,alberto
a_118.txt,clarissa
a_118.txt,recebeu
a_118.txt,remetendo
a_118.txt,sedimentada
a_118.txt,responder
a_118.txt,deveria
a_118.txt,tantas
a_118.txt,proprietaria
a_118.txt,intimidatoria
a_118.txt,produto
a_118.txt,tanto
a_118.txt,silvia
a_118.txt,opondo
a_118.txt,precisam
a_118.txt,localizadas
a_118.txt,cargos
a_118.txt,lamentaveis
a_118.txt,instalado
a_118.txt,aposentados
a_118.txt,sistema
a_118.txt,aprofundamento
a_118.txt,dizlucaslima
a_118.txt,consubstanciada
a_118.txt,fundado
a_118.txt,deu
a_118.txt,verdadeiro
a_118.txt,ilegal
a_118.txt,acresca
a_118.txt,desenfreada
a_118.txt,jus
a_118.txt,alternativo
a_118.txt,havia
a_118.txt,imparcialidade
a_118.txt,pedido
a_118.txt,tipicidade
a_118.txt,f
a_118.txt,participado
a_118.txt,espelhos
a_118.txt,metralhadora
a_118.txt,acalmar
a_118.txt,praticado
a_118.txt,vencida
a_118.txt,tecnico
a_118.txt,preceituado
a_118.txt,tombado
a_118.txt,ba
a_118.txt,diligencias
a_118.txt,dessas
a_118.txt,permaneceu
a_118.txt,perante
a_118.txt,parcial
a_118.txt,gozem
a_118.txt,movimento
a_118.txt,filha
a_118.txt,cerca
a_118.txt,pimenta
a_118.txt,gracie
a_118.txt,firmados
a_118.txt,rn
a_118.txt,vencer
a_118.txt,intervencoes
a_118.txt,paus
a_118.txt,onze
a_118.txt,renegociacao
a_118.txt,convocacao
a_118.txt,ilva
a_118.txt,doze
a_118.txt,exigido
a_118.txt,pericias
a_118.txt,michely
a_118.txt,depos
a_118.txt,irredutiveis
a_118.txt,efetivamente
a_118.txt,conhecimentos
a_118.txt,probatoria
a_118.txt,visando
a_118.txt,processante
a_118.txt,ordenamento
a_118.txt,preliminarmente
a_118.txt,index
a_118.txt,bases
a_118.txt,recem
a_118.txt,depredando
a_118.txt,preservado
a_118.txt,vandalismo
a_118.txt,levada
a_118.txt,desprovida
a_118.txt,belmonte
a_118.txt,garantir
a_118.txt,denunciados
a_118.txt,bojo
a_118.txt,antidemocratico
a_118.txt,resultantes
a_118.txt,proposito
a_118.txt,leme
a_118.txt,incidencia
a_118.txt,comum
a_118.txt,idem
a_118.txt,precedentes
a_118.txt,celulares
a_118.txt,encerramento
a_118.txt,ataque
a_118.txt,serem
a_118.txt,fazendo
a_118.txt,deram
a_118.txt,geolocalizacao
a_118.txt,aproximadamente
a_118.txt,retiravam
a_118.txt,vejo
a_118.txt,afrontoso
a_118.txt,lyvio
a_118.txt,mesmo
a_118.txt,estrita
a_118.txt,moral
a_118.txt,vira
a_118.txt,terem
a_118.txt,parece
a_118.txt,recinto
a_118.txt,essencialmente
a_118.txt,tirania
a_118.txt,auto
a_118.txt,arvorar
a_118.txt,premiada
a_118.txt,bittencourt
a_118.txt,causando
a_118.txt,futura
a_118.txt,flagrante
a_118.txt,essa
a_118.txt,bastos
a_118.txt,financiadoras
a_118.txt,fontes
a_118.txt,virtual
a_118.txt,estiverem
a_118.txt,preferivel
a_118.txt,historia
a_118.txt,metade
a_118.txt,similar
a_118.txt,merito
a_118.txt,casos
a_118.txt,representativo
a_118.txt,acabou
a_118.txt,i
a_118.txt,momentos
a_118.txt,autoritarismo
a_118.txt,adjunto
a_118.txt,distinguir
a_118.txt,atribuicoes
a_118.txt,crencas
a_118.txt,danos
a_118.txt,quadrilha
a_118.txt,pet
a_118.txt,relativamente
a_118.txt,maximo
a_118.txt,inserido
a_118.txt,percebendo
a_118.txt,mediante
a_118.txt,inexiste
a_118.txt,gritavam
a_118.txt,politicas
a_118.txt,propondo
a_118.txt,atingimento
a_118.txt,ficar
a_118.txt,caracterizadores
a_118.txt,garantira
a_118.txt,destruindo
a_118.txt,epublica
a_118.txt,eficaz
a_118.txt,presidencia
a_118.txt,afericao
a_118.txt,quadros
a_118.txt,j
a_118.txt,advento
a_118.txt,dever
a_118.txt,patrioticos
a_118.txt,esplanada
a_118.txt,vez
a_118.txt,oculos
a_118.txt,flavio
a_118.txt,desparecer
a_118.txt,novo
a_118.txt,saraiva
a_118.txt,liberdade
a_118.txt,respeito
a_118.txt,formarem
a_118.txt,organizado
a_118.txt,alcance
a_118.txt,relevancia
a_118.txt,pagina
a_118.txt,pleiteia
a_118.txt,vicio
a_118.txt,elaboracao
a_118.txt,culposo
a_118.txt,violentos
a_118.txt,escudo
a_118.txt,protecao
a_118.txt,alheia
a_118.txt,aspectos
a_118.txt,bolsonaro
a_118.txt,silvana
a_118.txt,escudos
a_118.txt,sic
a_118.txt,conheca
a_118.txt,planejados
a_118.txt,lindolfo
a_118.txt,generalizado
a_118.txt,debate
a_118.txt,conjuntamente
a_118.txt,providos
a_118.txt,certo
a_118.txt,bvr
a_118.txt,neo
a_118.txt,facultada
a_118.txt,sintese
a_118.txt,estrangeiro
a_118.txt,ocorreram
a_118.txt,depoente
a_118.txt,janeiro
a_118.txt,consciencia
a_118.txt,fato
a_118.txt,encontros
a_118.txt,imovel
a_118.txt,crivo
a_118.txt,monetizacao
a_118.txt,eleitoral
a_118.txt,previstas
a_118.txt,reasonable
a_118.txt,conta
a_118.txt,acusado
a_118.txt,caracteristica
a_118.txt,aecio
a_118.txt,demanda
a_118.txt,cantar
a_118.txt,garantia
a_118.txt,ferro
a_118.txt,perspectiva
a_118.txt,baderna
a_118.txt,iniciaram
a_118.txt,populacao
a_118.txt,falta
a_118.txt,contexto
a_118.txt,caracteristicas
a_118.txt,vieira
a_118.txt,adequacao
a_118.txt,decor
a_118.txt,levante
a_118.txt,objeto
a_118.txt,atuado
a_118.txt,mulheres
a_118.txt,realizar
a_118.txt,denunciacoes
a_118.txt,diplomatica
a_118.txt,gomes
a_118.txt,historicos
a_118.txt,competentes
a_118.txt,corrido
a_118.txt,colegas
a_118.txt,surgimento
a_118.txt,caracterizacao
a_118.txt,defesa
a_118.txt,jurisdicao
a_118.txt,preliminar
a_118.txt,primeiros
a_118.txt,ativo
a_118.txt,qualificado
a_118.txt,suposto
a_118.txt,estabelecidos
a_118.txt,t
a_118.txt,oportunidade
a_118.txt,protege
a_118.txt,insuficientes
a_118.txt,depredacoes
a_118.txt,coinvestigados
a_118.txt,separacao
a_118.txt,chegaram
a_118.txt,indispensavel
a_118.txt,opinio
a_118.txt,interpretada
a_118.txt,necessaria
a_118.txt,opinioes
a_118.txt,frieza
a_118.txt,r
a_118.txt,sui
a_118.txt,internacional
a_118.txt,diversos
a_118.txt,restringido
a_118.txt,apresentado
a_118.txt,ciencia
a_118.txt,consequente
a_118.txt,narrados
a_118.txt,extradicao
a_118.txt,ltda
a_118.txt,menor
a_118.txt,consciente
a_118.txt,velloso
a_118.txt,invadindo
a_118.txt,pressas
a_118.txt,tropa
a_118.txt,quomodo
a_118.txt,urbanisticas
a_118.txt,recebo
a_118.txt,alto
a_118.txt,punitivo
a_118.txt,busca
a_118.txt,acusadas
a_118.txt,depredaram
a_118.txt,franco
a_118.txt,intento
a_118.txt,vogal
a_118.txt,descritas
a_118.txt,devera
a_118.txt,julgadas
a_118.txt,redes_sociais
a_118.txt,centavos
a_118.txt,inteligencia
a_118.txt,l
a_118.txt,areas
a_118.txt,inexistentes
a_118.txt,julgamentos
a_118.txt,configurada
a_118.txt,explica
a_118.txt,cezar
a_118.txt,proclamacao
a_118.txt,vincula
a_118.txt,merecendo
a_118.txt,deputada
a_118.txt,excepcionalmente
a_118.txt,interior
a_118.txt,considerado
a_118.txt,consistir
a_118.txt,avaliacoes
a_118.txt,consignando
a_118.txt,prazo
a_118.txt,militares
a_118.txt,servidores
a_118.txt,olvidar
a_118.txt,denominada
a_118.txt,envolvimento
a_118.txt,significativamente
a_118.txt,exemplos
a_118.txt,prerrogativas
a_118.txt,entorno
a_118.txt,prestaram
a_118.txt,aquele
a_118.txt,ssp
a_118.txt,investigacoes
a_118.txt,houver
a_118.txt,viana
a_118.txt,obra
a_118.txt,conduziu
a_118.txt,intelectuais
a_118.txt,ressalva
a_118.txt,caravana
a_118.txt,aticando
a_118.txt,adotar
a_118.txt,indeterminados
a_118.txt,public
a_118.txt,determina
a_118.txt,realizado
a_118.txt,arquivado
a_118.txt,dispersas
a_118.txt,defesas
a_118.txt,clausulas
a_118.txt,moraes
a_118.txt,entrarem
a_118.txt,fundamentais
a_118.txt,ressaltou
a_118.txt,cezarbitencourt
a_118.txt,concorrido
a_118.txt,historico
a_118.txt,nitido
a_118.txt,reproduziu
a_118.txt,deixou
a_118.txt,privado
a_118.txt,autenticacao
a_118.txt,acrescenta
a_118.txt,regimentais
a_118.txt,doutrina
a_118.txt,concretizam
a_118.txt,gustavo
a_118.txt,hipoteses
a_118.txt,seguramente
a_118.txt,permanente
a_118.txt,valoracao
a_118.txt,retorica
a_118.txt,gerson
a_118.txt,constituiu
a_118.txt,analisada
a_118.txt,aproximar
a_118.txt,egoistico
a_118.txt,inutilizar
a_118.txt,admissibilidade
a_118.txt,arrolados
a_118.txt,kk
a_118.txt,receber
a_118.txt,juris
a_118.txt,passou
a_118.txt,modificacao
a_118.txt,instalacoes
a_118.txt,tentaram
a_118.txt,essas
a_118.txt,sprays
a_118.txt,inteiro
a_118.txt,acesso
a_118.txt,conjunto
a_118.txt,edital
a_118.txt,transacoes
a_118.txt,informacao
a_118.txt,registrados
a_118.txt,paises
a_118.txt,matheus
a_118.txt,financiadores
a_118.txt,estabelecendo
a_118.txt,bem
a_118.txt,estrutura
a_118.txt,alinea
a_118.txt,antidemocraticos
a_118.txt,daquele
a_118.txt,renato
a_118.txt,comandantes
a_118.txt,merecem
a_118.txt,consiste
a_118.txt,apf
a_118.txt,pautadas
a_118.txt,dar
a_118.txt,agrupamento
a_118.txt,possui
a_118.txt,convencer
a_118.txt,avancou
a_118.txt,decidiu
a_118.txt,principio
a_118.txt,formuladas
a_118.txt,prerrogativade
a_118.txt,saudoso
a_118.txt,mandamento
a_118.txt,acompanharam
a_118.txt,dirigida
a_118.txt,texto
a_118.txt,termos
a_118.txt,reitero
a_118.txt,junho
a_118.txt,originariamente
a_118.txt,multitudinario
a_118.txt,praca
a_118.txt,estavam
a_118.txt,britto
a_118.txt,ublico
a_118.txt,testemunhais
a_118.txt,fundamentos
a_118.txt,determinaram
a_118.txt,associacao
a_118.txt,proclamadas
a_118.txt,salvaguardar
a_118.txt,lado
a_118.txt,certeza
a_118.txt,suposta
a_118.txt,andamento
a_118.txt,trajeto
a_118.txt,governados
a_118.txt,proprios
a_118.txt,arquivo
a_118.txt,observadas
a_118.txt,injusto
a_118.txt,confere
a_118.txt,estar
a_118.txt,barreiras
a_118.txt,inciso
a_118.txt,provas
a_118.txt,aniquilar
a_118.txt,catarse
a_118.txt,judiciario
a_118.txt,descritivamente
a_118.txt,continuidade
a_118.txt,tomadas
a_118.txt,portanto
a_118.txt,instigacao
a_118.txt,verificada
a_118.txt,mencionadas
a_118.txt,infracoes
a_118.txt,suprimido
a_118.txt,servindo
a_118.txt,advogada
a_118.txt,administrativo
a_118.txt,invadiram
a_118.txt,aglomeracoes
a_118.txt,respondera
a_118.txt,proporcoes
a_118.txt,fraudulentas
a_118.txt,capaz
a_118.txt,atlas
a_118.txt,executores
a_118.txt,cabera
a_118.txt,acusatoria
a_118.txt,gilmar
a_118.txt,feito
a_118.txt,interviesse
a_118.txt,comparecimento
a_118.txt,suspeitos
a_118.txt,erros
a_118.txt,procurado
a_118.txt,cometimento
a_118.txt,poderao
a_118.txt,compunham
a_118.txt,emmanuel
a_118.txt,mirabete
a_118.txt,precisa
a_118.txt,acabar
a_118.txt,signatario
a_118.txt,verifique
a_118.txt,lido
a_118.txt,quebraram
a_118.txt,fundacao
a_118.txt,gente
a_118.txt,rezar
a_118.txt,baseada
a_118.txt,doacoes
a_118.txt,contrarias
a_118.txt,expressivo
a_118.txt,ederson
a_118.txt,solicitada
a_118.txt,passiveis
a_118.txt,componentes
a_118.txt,censura
a_118.txt,imprensa
a_118.txt,provocou
a_118.txt,ora
a_118.txt,igual
a_118.txt,mantivessem
a_118.txt,lavratura
a_118.txt,dialogos
a_118.txt,restringir
a_118.txt,continuo
a_118.txt,relativo
a_118.txt,revisor
a_118.txt,empresa
a_118.txt,designios
a_118.txt,depredado
a_118.txt,detrimento
a_118.txt,utilizados
a_118.txt,preservacao
a_118.txt,detinha
a_118.txt,empreitada
a_118.txt,jose
a_118.txt,abertas
a_118.txt,prado
a_118.txt,originalmente
a_118.txt,partir
a_118.txt,vandalizavam
a_118.txt,bancario
a_118.txt,tendencia
a_118.txt,isbn
a_118.txt,detidas
a_118.txt,condicao
a_118.txt,fazia
a_118.txt,departamento
a_118.txt,reiterada
a_118.txt,acessaram
a_118.txt,mera
a_118.txt,meio
a_118.txt,deparou
a_118.txt,grave
a_118.txt,https
a_118.txt,oferecido
a_118.txt,oitocentos
a_118.txt,esgotaram
a_118.txt,raquel
a_118.txt,gp
a_118.txt,paragrafo
a_118.txt,democratico
a_118.txt,figuram
a_118.txt,transferencias
a_118.txt,concreto
a_118.txt,nada
a_118.txt,serios
a_118.txt,incluir
a_118.txt,ressalvado
a_118.txt,detentoras
a_118.txt,mensagens
a_118.txt,romper
a_118.txt,enquanto
a_118.txt,filmar
a_118.txt,provenientes
a_118.txt,divulg
a_118.txt,parlamentares
a_118.txt,judicialmente
a_118.txt,financeiros
a_118.txt,integrantes
a_118.txt,arte
a_118.txt,queima
a_118.txt,alargando
a_118.txt,piso
a_118.txt,diferentes
a_118.txt,composta
a_118.txt,temor
a_118.txt,colaciono
a_118.txt,omissao
a_118.txt,diferenca
a_118.txt,grupo
a_118.txt,sustenta
a_118.txt,waiapi
a_118.txt,concertem
a_118.txt,tenente
a_118.txt,composto
a_118.txt,contem
a_118.txt,coacusados
a_118.txt,direcionada
a_118.txt,minando
a_118.txt,vislumbro
a_118.txt,procedimentos
a_118.txt,arquivamento
a_118.txt,cardoso
a_118.txt,motivo
a_118.txt,fogo
a_118.txt,verificacao
a_118.txt,informe
a_118.txt,lumen
a_118.txt,terreo
a_118.txt,advir
a_118.txt,tese
a_118.txt,luis
a_118.txt,principalmente
a_118.txt,conhecimento
a_118.txt,motivacoes
a_118.txt,ilicito
a_118.txt,identificada
a_118.txt,nucleos
a_118.txt,indireta
a_118.txt,anja
a_118.txt,controlar
a_118.txt,aludido
a_118.txt,crimes
a_118.txt,agora
a_118.txt,turba
a_118.txt,consolidada
a_118.txt,operacao
a_118.txt,procederam
a_118.txt,estejam
a_118.txt,seguindo
a_118.txt,violado
a_118.txt,malfadada
a_118.txt,mario
a_118.txt,representantes
a_118.txt,autoria
a_118.txt,adv
a_118.txt,governo
a_118.txt,respectivos
a_118.txt,mencionado
a_118.txt,insurgencia
a_118.txt,observado
a_118.txt,habeas
a_118.txt,eliminar
a_118.txt,falsas
a_118.txt,causal
a_118.txt,ob
a_118.txt,criminosos
a_118.txt,munido
a_118.txt,ultimos
a_118.txt,sintoma
a_118.txt,aferivel
a_118.txt,proced
a_118.txt,consumacao
a_118.txt,ocupado
a_118.txt,passo
a_118.txt,rurais
a_118.txt,luciano
a_118.txt,esse
a_118.txt,bitencourt
a_118.txt,venias
a_118.txt,conexao
a_118.txt,fachin
a_118.txt,preventivas
a_118.txt,encontrado
a_118.txt,apoio
a_118.txt,otavio
a_118.txt,aquela
a_118.txt,relativas
a_118.txt,acolhe
a_118.txt,corpus
a_118.txt,elas
a_118.txt,anteriores
a_118.txt,delinquente
a_118.txt,realce
a_118.txt,objetivas
a_118.txt,artistico
a_118.txt,cooperacao
a_118.txt,analisou
a_118.txt,preenchimento
a_118.txt,massas
a_118.txt,investidos
a_118.txt,indicadas
a_118.txt,ante
a_118.txt,infracao
a_118.txt,conceito
a_118.txt,excitacoes
a_118.txt,manifestacao
a_118.txt,investigam
a_118.txt,solicitou
a_118.txt,standard
a_118.txt,palacio_do_planalto
a_118.txt,antunes
a_118.txt,badaro
a_118.txt,recusar
a_118.txt,grades
a_118.txt,gilvan
a_118.txt,contidos
a_118.txt,maos
a_118.txt,kicis
a_118.txt,rc
a_118.txt,importando
a_118.txt,tarde
a_118.txt,linchamentos
a_118.txt,sido
a_118.txt,qo
a_118.txt,ineficacia
a_118.txt,obrigatoriedade
a_118.txt,relacionados
a_118.txt,diferencia
a_118.txt,extincao
a_118.txt,pp
a_118.txt,zulene
a_118.txt,criminal
a_118.txt,citados
a_118.txt,praticou
a_118.txt,venha
a_118.txt,necessarios
a_118.txt,artefatos
a_118.txt,volta
a_118.txt,diferenciacao
a_118.txt,prosseguindo
a_118.txt,documento
a_118.txt,introducao
a_118.txt,bairro
a_118.txt,ter
a_118.txt,xavier
a_118.txt,integralmente
a_118.txt,ilegais
a_118.txt,relacao
a_118.txt,ministerio
a_118.txt,fabbrini
a_118.txt,discurso
a_118.txt,marcelo
a_118.txt,orienta
a_118.txt,futebol
a_118.txt,operacional
a_118.txt,sedes
a_118.txt,metal
a_118.txt,oriundas
a_118.txt,formulacao
a_118.txt,acao
a_118.txt,comeco
a_118.txt,constatar
a_118.txt,golpe
a_118.txt,violenta
a_118.txt,pelo
a_118.txt,fardados
a_118.txt,questao
a_118.txt,racionalidade
a_118.txt,autuados
a_118.txt,derecho
a_118.txt,este
a_118.txt,setor
a_118.txt,aqui
a_118.txt,execucao
a_118.txt,promover
a_118.txt,testemunhas
a_118.txt,investigacao
a_118.txt,comportamentos
a_118.txt,pessoal
a_118.txt,apertada
a_118.txt,vitima
a_118.txt,limitar
a_118.txt,inapto
a_118.txt,idoneos
a_118.txt,condicoes
a_118.txt,arremessados
a_118.txt,dotada
a_118.txt,inocente
a_118.txt,delito
a_118.txt,martins
a_118.txt,definitivo
a_118.txt,varios
a_118.txt,bandeira
a_118.txt,empregados
a_118.txt,quartel
a_118.txt,lucas
a_118.txt,tamanha
a_118.txt,inepcia
a_118.txt,permitiu
a_118.txt,clear
a_118.txt,integridade
a_118.txt,informou
a_118.txt,coinvestigado
a_118.txt,estabelecido
a_118.txt,conceitos
a_118.txt,desejassem
a_118.txt,atingem
a_118.txt,radio
a_118.txt,cargo
a_118.txt,confeccao
a_118.txt,apresenta
a_118.txt,registrado
a_118.txt,exterior
a_118.txt,invocados
a_118.txt,joao
a_118.txt,divulgacao
a_118.txt,contribuem
a_118.txt,adita
a_118.txt,municipio
a_118.txt,parlamento
a_118.txt,avancando
a_118.txt,ingressou
a_118.txt,encontrar
a_118.txt,vezes
a_118.txt,mudam
a_118.txt,governar
a_118.txt,conclamacao
a_118.txt,romperam
a_118.txt,delituosa
a_118.txt,parlamentar
a_118.txt,iv
a_118.txt,greco
a_118.txt,incompetentes
a_118.txt,sorte
a_118.txt,tristes
a_118.txt,etc
a_118.txt,fragoso
a_118.txt,nitida
a_118.txt,acusados
a_118.txt,pleito
a_118.txt,ecletico
a_118.txt,instalacao
a_118.txt,seguinte
a_118.txt,manutencao
a_118.txt,impropriedade
a_118.txt,reforcos
a_118.txt,executivos
a_118.txt,agentes
a_118.txt,reunir
a_118.txt,subsistente
a_118.txt,responsabilizacao
a_118.txt,converte
a_118.txt,tinham
a_118.txt,comandante
a_118.txt,vigente
a_118.txt,fundamentacao
a_118.txt,direito
a_118.txt,newton
a_118.txt,deve
a_118.txt,jurgem
a_118.txt,liderarem
a_118.txt,imputar
a_118.txt,apontar
a_118.txt,transportar
a_118.txt,desprovido
a_118.txt,visualizou
a_118.txt,participante
a_118.txt,nem
a_118.txt,sabido
a_118.txt,ameacar
a_118.txt,foro
a_118.txt,politicos
a_118.txt,alves
a_118.txt,codigo
a_118.txt,principais
a_118.txt,prosseguimento
a_118.txt,oferecidas
a_118.txt,heterogeneo
a_118.txt,imputado
a_118.txt,cometidos
a_118.txt,concerne
a_118.txt,intransponiveis
a_118.txt,consagra
a_118.txt,proibir
a_118.txt,depois
a_118.txt,dispositivo
a_118.txt,crianca
a_118.txt,perigo
a_118.txt,presumir
a_118.txt,numa
a_118.txt,individualizados
a_118.txt,reveste
a_118.txt,raymundo
a_118.txt,maxilar
a_118.txt,ana
a_118.txt,democraticos
a_118.txt,indicar
a_118.txt,regionais
a_118.txt,relato
a_118.txt,comento
a_118.txt,revelar
a_118.txt,tomada
a_118.txt,nilo
a_118.txt,naturalidade
a_118.txt,instrumental
a_118.txt,fernando
a_118.txt,dezessete
a_118.txt,demonstrados
a_118.txt,voltados
a_118.txt,historica
a_118.txt,ativos
a_118.txt,publica
a_118.txt,revogacao
a_118.txt,esquemas
a_118.txt,concorrer
a_118.txt,concorreu
a_118.txt,associou
a_118.txt,pequenos
a_118.txt,correspondente
a_118.txt,coletiva
a_118.txt,amorim
a_118.txt,afastamento
a_118.txt,ano
a_118.txt,ruptura
a_118.txt,invasoes
a_118.txt,continencia
a_118.txt,administracao
a_118.txt,recebimentos
a_118.txt,tivesse
a_118.txt,neste
a_118.txt,pratica
a_118.txt,extensao
a_118.txt,registro
a_118.txt,publicos
a_118.txt,debrucando
a_118.txt,recebimento
a_118.txt,tampouco
a_118.txt,viagem
a_118.txt,decorrencia
a_118.txt,homicidio
a_118.txt,eventuais
a_118.txt,relativa
a_118.txt,fiscais
a_118.txt,internos
a_118.txt,aurelio
a_118.txt,contas
a_118.txt,pessoas
a_118.txt,juizos
a_118.txt,eventos
a_118.txt,qualificacao
a_118.txt,momento
a_118.txt,agravante
a_118.txt,atraida
a_118.txt,justificaria
a_118.txt,identifiquei
a_118.txt,foram
a_118.txt,palavras
a_118.txt,comissao
a_118.txt,reiteradamente
a_118.txt,supressao
a_118.txt,imponha
a_118.txt,chegando
a_118.txt,conhecido
a_118.txt,necessidade
a_118.txt,cabiveis
a_118.txt,diferem
a_118.txt,armazenado
a_118.txt,obrigado
a_118.txt,acontecido
a_118.txt,pb
a_118.txt,mantiveram
a_118.txt,general
a_118.txt,tutela
a_118.txt,fator
a_118.txt,detidos
a_118.txt,definicao
a_118.txt,acordos
a_118.txt,procedesse
a_118.txt,delimitada
a_118.txt,declaracao
a_118.txt,narra
a_118.txt,compreendeu
a_118.txt,permita
a_118.txt,origem
a_118.txt,ingressado
a_118.txt,ostensivo
a_118.txt,contra
a_118.txt,aquelas
a_118.txt,entrar
a_118.txt,atraves
a_118.txt,superada
a_118.txt,tentados
a_118.txt,consolidar
a_118.txt,venia
a_118.txt,familiares
a_118.txt,peticao
a_118.txt,mandado
a_118.txt,video
a_118.txt,seguintes
a_118.txt,grillo
a_118.txt,sumaria
a_118.txt,criminosa
a_118.txt,pensionista
a_118.txt,agravada
a_118.txt,galvao
a_118.txt,concorrendo
a_118.txt,constitucionalidade
a_118.txt,emissao
a_118.txt,tendo
a_118.txt,anulando
a_118.txt,agente
a_118.txt,sra
a_118.txt,mantendo
a_118.txt,epoca
a_118.txt,fiscalizacao
a_118.txt,guarneciam
a_118.txt,consumar
a_118.txt,protegia
a_118.txt,pudesse
a_118.txt,excluindo
a_118.txt,monitoramento
a_118.txt,aparelho
a_118.txt,abstrata
a_118.txt,possibilidade
a_118.txt,extintores
a_118.txt,paridade
a_118.txt,afirma
a_118.txt,relevante
a_118.txt,encarregado
a_118.txt,grifei
a_118.txt,efetuou
a_118.txt,cupula
a_118.txt,representatividade
a_118.txt,jato
a_118.txt,existencia
a_118.txt,transformar
a_118.txt,reconheceu
a_118.txt,pessoa
a_118.txt,integrado
a_118.txt,estarao
a_118.txt,diverso
a_118.txt,barricadas
a_118.txt,chegado
a_118.txt,diversas
a_118.txt,conseguir
a_118.txt,almejado
a_118.txt,unica
a_118.txt,praticavam
a_118.txt,custodiadas
a_118.txt,relatou
a_118.txt,condenatorio
a_118.txt,proprio
a_118.txt,assumir
a_118.txt,apuradas
a_118.txt,objetivar
a_118.txt,individuos
a_118.txt,situacao
a_118.txt,empregado
a_118.txt,fase
a_118.txt,conhecidas
a_118.txt,encontravam
a_118.txt,disse
a_118.txt,possuir
a_118.txt,casas
a_118.txt,referidos
a_118.txt,apto
a_118.txt,cenario
a_118.txt,presente
a_118.txt,incompetencia
a_118.txt,edoc
a_118.txt,praticar
a_118.txt,positivista
a_118.txt,carmen
a_118.txt,essencial
a_118.txt,fernanda
a_118.txt,elevado
a_118.txt,meus
a_118.txt,cabendo
a_118.txt,bandana
a_118.txt,autores
a_118.txt,bancaria
a_118.txt,pleiteando
a_118.txt,melo
a_118.txt,ativa
a_118.txt,armazens
a_118.txt,eduardo
a_118.txt,depoimentos
a_118.txt,vol
a_118.txt,estritamente
a_118.txt,prevencao
a_118.txt,chefe
a_118.txt,chave
a_118.txt,analise
a_118.txt,acoes
a_118.txt,santana
a_118.txt,denise
a_118.txt,exploradas
a_118.txt,fixas
a_118.txt,regime
a_118.txt,coisa
a_118.txt,revolucao
a_118.txt,atuais
a_118.txt,destaco
a_118.txt,postura
a_118.txt,pareceram
a_118.txt,jurisprudencia
a_118.txt,consistente
a_118.txt,correus
a_118.txt,referido
a_118.txt,desmembramentoem
a_118.txt,veneno
a_118.txt,identifico
a_118.txt,impede
a_118.txt,legislador
a_118.txt,recursos
a_118.txt,prisoes
a_118.txt,tratado
a_118.txt,desmembramento
a_118.txt,atos
a_118.txt,aperfeicoadas
a_118.txt,nucleo
a_118.txt,reforcou
a_118.txt,difundidos
a_118.txt,manipuladas
a_118.txt,medidas
a_118.txt,coberto
a_118.txt,grau
a_118.txt,nvest
a_118.txt,negociacao
a_118.txt,voltavam
a_118.txt,branco
a_118.txt,convencimento
a_118.txt,dada
a_118.txt,novos
a_118.txt,restritivamente
a_118.txt,ultimo
a_118.txt,criados
a_118.txt,originais
a_118.txt,noticiadas
a_118.txt,atividades
a_118.txt,inscrita
a_118.txt,edith
a_118.txt,atrativa
a_118.txt,peca
a_118.txt,reviravam
a_118.txt,si
a_118.txt,postulando
a_118.txt,zanin
a_118.txt,delitos
a_118.txt,custeando
a_118.txt,atingindo
a_118.txt,minima
a_118.txt,proprias
a_118.txt,desvio
a_118.txt,subclasses
a_118.txt,peticoes
a_118.txt,direto
a_118.txt,dezembro
a_118.txt,situada
a_118.txt,acompanhando
a_118.txt,efeito
a_118.txt,ilegitimidade
a_118.txt,divergir
a_118.txt,captacao
a_118.txt,influir
a_118.txt,perseguicao
a_118.txt,ameacas
a_118.txt,sociedade
a_118.txt,c
a_118.txt,valores
a_118.txt,vidros
a_118.txt,mista
a_118.txt,materialmente
a_118.txt,detem
a_118.txt,girao
a_118.txt,comerciais
a_118.txt,acaba
a_118.txt,competente
a_118.txt,aparecido
a_118.txt,jurisdicional
a_118.txt,supostamente
a_118.txt,deveriam
a_118.txt,patrimonio
a_118.txt,candidato
a_118.txt,entrada
a_118.txt,cel
a_118.txt,obstar
a_118.txt,lista
a_118.txt,atribuido
a_118.txt,barroso
a_118.txt,massa
a_118.txt,rj
a_118.txt,capital
a_118.txt,deliberacao
a_118.txt,julho
a_118.txt,utilizacao
a_118.txt,investigar
a_118.txt,interpretadas
a_118.txt,imobilizados
a_118.txt,concentracao
a_118.txt,estatal
a_118.txt,alem
a_118.txt,discorrendo
a_118.txt,concretizacao
a_118.txt,exercito
a_118.txt,condutor
a_118.txt,cercadas
a_118.txt,interligados
a_118.txt,possibilitem
a_118.txt,incisos
a_118.txt,reclamacao
a_118.txt,empregou
a_118.txt,revogado
a_118.txt,higidez
a_118.txt,ouvido
a_118.txt,alcancar
a_118.txt,julgados
a_118.txt,recordar
a_118.txt,disso
a_118.txt,sequer
a_118.txt,atentatorias
a_118.txt,bonavides
a_118.txt,devendo
a_118.txt,dissertando
a_118.txt,articulados
a_118.txt,provocar
a_118.txt,adoto
a_118.txt,instrui
a_118.txt,hammerschmidt
a_118.txt,cadeiras
a_118.txt,ed
a_118.txt,reportagem
a_118.txt,mencao
a_118.txt,plano
a_118.txt,dita
a_118.txt,exercerao
a_118.txt,confirmou
a_118.txt,exigia
a_118.txt,diretas
a_118.txt,indicado
a_118.txt,inexistir
a_118.txt,encontram
a_118.txt,carvalho
a_118.txt,munidos
a_118.txt,formulou
a_118.txt,denominados
a_118.txt,atribuidas
a_118.txt,rejeicao
a_118.txt,mantidas
a_118.txt,projeto
a_118.txt,podera
a_118.txt,terca
a_118.txt,afonso
a_118.txt,presidencial
a_118.txt,livre
a_118.txt,originaria
a_118.txt,concessionaria
a_118.txt,penas
a_118.txt,tecnicas
a_118.txt,atualidade
a_118.txt,nesta
a_118.txt,democraticas
a_118.txt,similaridade
a_118.txt,prerrogativafuncional
a_118.txt,relacionadas
a_118.txt,formalizado
a_118.txt,arregimentado
a_118.txt,comecaram
a_118.txt,delituosas
a_118.txt,p
a_118.txt,ocorrido
a_118.txt,pretensoes
a_118.txt,mendes
a_118.txt,renovando
a_118.txt,providencias
a_118.txt,seguir
a_118.txt,rel
a_118.txt,gestos
a_118.txt,francisco
a_118.txt,remetidos
a_118.txt,pr
a_118.txt,descreva
a_118.txt,stiffung
a_118.txt,legislativas
a_118.txt,garantias
a_118.txt,apta
a_118.txt,competencia
a_118.txt,caseiras
a_118.txt,acampados
a_118.txt,modelos
a_118.txt,obstante
a_118.txt,traduz
a_118.txt,orgao
a_118.txt,aparecem
a_118.txt,usurpar
a_118.txt,maleficio
a_118.txt,independentemente
a_118.txt,circunstanciais
a_118.txt,razao
a_118.txt,estreita
a_118.txt,mencionada
a_118.txt,diversa
a_118.txt,aparelhos
a_118.txt,sabidamente
a_118.txt,novamente
a_118.txt,produziu
a_118.txt,comando
a_118.txt,loco
a_118.txt,aponta
a_118.txt,fundada
a_118.txt,interlocutores
a_118.txt,protegidos
a_118.txt,tiveram
a_118.txt,weimar
a_118.txt,igualdade
a_118.txt,individuo
a_118.txt,associadas
a_118.txt,aptidao
a_118.txt,grifos
a_118.txt,suficientemente
a_118.txt,previsto
a_118.txt,ouvidos
a_118.txt,pregando
a_118.txt,ocasioes
a_118.txt,diretor
a_118.txt,situacoes
a_118.txt,edeiros
a_118.txt,capistrano
a_118.txt,s
a_118.txt,fechamento
a_118.txt,infrator
a_118.txt,consideravel
a_118.txt,paginas
a_118.txt,precisaram
a_118.txt,imbricadas
a_118.txt,sudamerica
a_118.txt,conseguinte
a_118.txt,grito
a_118.txt,acompanho
a_118.txt,g
a_118.txt,lii
a_118.txt,narradas
a_118.txt,observancia
a_118.txt,conduzidas
a_118.txt,instagram
a_118.txt,tocante
a_118.txt,enxame
a_118.txt,ninguem
a_118.txt,dai
a_118.txt,variados
a_118.txt,olha
a_118.txt,jupira
a_118.txt,constituir
a_118.txt,imputadas
a_118.txt,preve
a_118.txt,ressalte
a_118.txt,apoiar
a_118.txt,funcionais
a_118.txt,somente
a_118.txt,potencialidade
a_118.txt,fez
a_118.txt,proprietario
a_118.txt,prestados
a_118.txt,estendeu
a_118.txt,insuficiencia
a_118.txt,revogada
a_118.txt,tracando
a_118.txt,logica
a_118.txt,cingiu
a_118.txt,funcionario
a_118.txt,rt
a_118.txt,so
a_118.txt,desencadear
a_118.txt,vanderly
a_118.txt,bloqueio
a_118.txt,respectivamente
a_118.txt,introduzidas
a_118.txt,atenuadas
a_118.txt,amplamente
a_118.txt,rev
a_118.txt,devidas
a_118.txt,investigativo
a_118.txt,distintas
a_118.txt,vis
a_118.txt,contencao
a_118.txt,inconstitucionalidade
a_118.txt,caput
a_118.txt,responderao
a_118.txt,noticias
a_118.txt,tentado
a_118.txt,generis
a_118.txt,expediente
a_118.txt,populista
a_118.txt,autorizada
a_118.txt,saida
a_118.txt,captar
a_118.txt,variaveis
a_118.txt,apuracao
a_118.txt,produzidas
a_118.txt,bis
a_118.txt,tipificacao
a_118.txt,acionamento
a_118.txt,parcialmente
a_118.txt,criminosas
a_118.txt,enal
a_118.txt,instaurado
a_118.txt,vinculada
a_118.txt,descrita
a_118.txt,preservando
a_118.txt,embrionario
a_118.txt,goncalves
a_118.txt,analisando
a_118.txt,juiz
a_118.txt,rodovias
a_118.txt,litis
a_118.txt,anulam
a_118.txt,sera
a_118.txt,ressalvadas
a_118.txt,especifico
a_118.txt,imputacao
a_118.txt,subitaneidade
a_118.txt,instigadores
a_118.txt,canal
a_118.txt,identidade
a_118.txt,desfavor
a_118.txt,narrar
a_118.txt,havendo
a_118.txt,campina
a_118.txt,http
a_118.txt,ampl
a_118.txt,interromper
a_118.txt,junior
a_118.txt,rescisoria
a_118.txt,infratores
a_118.txt,sobretudo
a_118.txt,depoimento
a_118.txt,afirmaram
a_118.txt,agricultores
a_118.txt,alineas
a_118.txt,pacifica
a_118.txt,total
a_118.txt,transportado
a_118.txt,forense
a_118.txt,expedientes
a_118.txt,indicacao
a_118.txt,culpabilidade
a_118.txt,final
a_118.txt,civil
a_118.txt,aditada
a_118.txt,insurreicoes
a_118.txt,titular
a_118.txt,quid
a_118.txt,desorganizados
a_118.txt,visto
a_118.txt,crowdfunding
a_118.txt,agressiva
a_118.txt,eleicoes
a_118.txt,cassimiro
a_118.txt,abrangente
a_118.txt,utilizada
a_118.txt,estando
a_118.txt,atuar
a_118.txt,linhas
a_118.txt,auge
a_118.txt,luan
a_118.txt,diffamandi
a_118.txt,maneira
a_118.txt,quis
a_118.txt,regular
a_118.txt,capitulo
a_118.txt,lexandre
a_118.txt,inqs
a_118.txt,independentes
a_118.txt,incerto
a_118.txt,deterioracao
a_118.txt,indistintamente
a_118.txt,lideres
a_118.txt,computadores
a_118.txt,vidro
a_118.txt,revelaria
a_118.txt,disponivel
a_118.txt,auxilio
a_118.txt,onibus
a_118.txt,contribuiram
a_118.txt,outras
a_118.txt,multidao
a_118.txt,resistencia
a_118.txt,republica
a_118.txt,vinculos
a_118.txt,proposta
a_118.txt,elator
a_118.txt,versa
a_118.txt,majoritariamente
a_118.txt,gira
a_118.txt,estado
a_118.txt,auxiliar
a_118.txt,sentencas
a_118.txt,universal
a_118.txt,fundos
a_118.txt,celular
a_118.txt,paes
a_118.txt,leciona
a_118.txt,julgador
a_118.txt,especificamente
a_118.txt,praticaram
a_118.txt,colaboracao
a_118.txt,ocorrencia
a_118.txt,imagens
a_118.txt,relativos
a_118.txt,soberania
a_118.txt,analisar
a_118.txt,manifestacoes
a_118.txt,vinculadas
a_118.txt,identificado
a_118.txt,cisao
a_118.txt,documentos
a_118.txt,tecnologia
a_118.txt,ayres
a_118.txt,natale
a_118.txt,consideravelmente
a_118.txt,favorecer
a_118.txt,divulgada
a_118.txt,submeter
a_118.txt,desenvolveram
a_118.txt,iguais
a_118.txt,soubhia
a_118.txt,decisorios
a_118.txt,qualquer
a_118.txt,traduzida
a_118.txt,xxvii
a_118.txt,meses
a_118.txt,senha
a_118.txt,afdc
a_118.txt,gradativamente
a_118.txt,ocasiao
a_118.txt,denuncia
a_118.txt,inseridos
a_118.txt,contribuiu
a_118.txt,acusacoes
a_118.txt,book
a_118.txt,suficiente
a_118.txt,importa
a_118.txt,reprimindo
a_118.txt,adesao
a_118.txt,distincao
a_118.txt,proponderance
a_118.txt,proceder
a_118.txt,determinacao
a_118.txt,aeronautica
a_118.txt,ja
a_118.txt,producao
a_118.txt,tipificara
a_118.txt,considerando
a_118.txt,policiais
a_118.txt,ameaca
a_118.txt,apurar
a_118.txt,jurisprudencial
a_118.txt,tipo
a_118.txt,publicamente
a_118.txt,tempos
a_118.txt,subjetivo
a_118.txt,nota
a_118.txt,sc
a_118.txt,inviolabilidade
a_118.txt,registraram
a_118.txt,abalar
a_118.txt,la
a_118.txt,instituicao
a_118.txt,atentam
a_118.txt,procurando
a_118.txt,fernandes
a_118.txt,cabo
a_118.txt,dentre
a_118.txt,grupos
a_118.txt,eis
a_118.txt,legal
a_118.txt,desses
a_118.txt,zavascki
a_118.txt,espacos
a_118.txt,voluntaria
a_118.txt,corrupcao
a_118.txt,escuros
a_118.txt,realcei
a_118.txt,revolucionaria
a_118.txt,chegada
a_118.txt,futuro
a_118.txt,decorrentes
a_118.txt,oeste
a_118.txt,papiloscopicos
a_118.txt,rogerio
a_118.txt,regimentos
a_118.txt,diario
a_118.txt,controle
a_118.txt,clara
a_118.txt,armada
a_118.txt,persecutorios
a_118.txt,expos
a_118.txt,possivel
a_118.txt,risco
a_118.txt,contraditorio
a_118.txt,desmembramentodeve
a_118.txt,elementar
a_118.txt,circunstancia
a_118.txt,fux
a_118.txt,frente
a_118.txt,conexos
a_118.txt,bastante
a_118.txt,pontuei
a_118.txt,evitando
a_118.txt,felipe
a_118.txt,instituicoes
a_118.txt,nulidade
a_118.txt,cpmi
a_118.txt,saques
a_118.txt,objetos
a_118.txt,observam
a_118.txt,supervisao
a_118.txt,dj
a_118.txt,presuncao
a_118.txt,cristina
a_118.txt,estruturados
a_118.txt,penso
a_118.txt,praticando
a_118.txt,interligacao
a_118.txt,instituto
a_118.txt,coacao
a_118.txt,diz
a_118.txt,contratos
a_118.txt,formas
a_118.txt,pontos
a_118.txt,potencial
a_118.txt,originario
a_118.txt,agrupamentos
a_118.txt,estabelecimentos
a_118.txt,soma
a_118.txt,trecho
a_118.txt,php
a_118.txt,apareceu
a_118.txt,vedar
a_118.txt,inumeras
a_118.txt,territorial
a_118.txt,problemas
a_118.txt,prisao
a_118.txt,major
a_118.txt,prevista
a_118.txt,dignidade
a_118.txt,celso
a_118.txt,sigilosos
a_118.txt,moreira
a_118.txt,posicionamento
a_118.txt,insuflar
a_118.txt,esteve
a_118.txt,publicacoes
a_118.txt,anuncios
a_118.txt,absoluta
a_118.txt,preciosa
a_118.txt,ampla
a_118.txt,dv
a_118.txt,dentro
a_118.txt,apreendido
a_118.txt,redigidos
a_118.txt,pmdb
a_118.txt,essenciais
a_118.txt,estadual
a_118.txt,respectivas
a_118.txt,atual
a_118.txt,nocoes
a_118.txt,deparar
a_118.txt,regulamentadora
a_118.txt,apontado
a_118.txt,especie
a_118.txt,presentes
a_118.txt,pcdf
a_118.txt,premeditacao
a_118.txt,crescente
a_118.txt,destituicao
a_118.txt,oposto
a_118.txt,nomes
a_118.txt,ativantes
a_118.txt,coordenacao
a_118.txt,dirigido
a_118.txt,compreensivel
a_118.txt,casa
a_118.txt,contrario
a_118.txt,vamos
a_118.txt,praca_dos_tres_poderes
a_118.txt,vermelha
a_118.txt,naquela
a_118.txt,inestimavel
a_118.txt,existente
a_118.txt,influencia
a_118.txt,atentado
a_118.txt,permissa
a_118.txt,encontrava
a_118.txt,atingiu
a_118.txt,profundamente
a_118.txt,autarquia
a_118.txt,edificios
a_118.txt,processos
a_118.txt,saio
a_118.txt,ajuda
a_118.txt,efetiva
a_118.txt,eminente
a_118.txt,caracterizada
a_118.txt,inqueritos
a_118.txt,configura
a_118.txt,extrai
a_118.txt,ilicitos
a_118.txt,significa
a_118.txt,estava
a_118.txt,condenacao
a_118.txt,tipificada
a_118.txt,brasil
a_118.txt,caminhada
a_118.txt,previamente
a_118.txt,telefones
a_118.txt,imputa
a_118.txt,laudo
a_118.txt,ofereceu
a_118.txt,ambulantes
a_118.txt,rosa
a_118.txt,descobrir
a_118.txt,delas
a_118.txt,cpf
a_118.txt,haviam
a_118.txt,conseguiram
a_118.txt,motivacao
a_118.txt,caravanas
a_118.txt,anselmo
a_118.txt,utilizadas
a_118.txt,transporte
a_118.txt,paraiba
a_118.txt,liame
a_118.txt,opunham
a_118.txt,provocaram
a_118.txt,face
a_118.txt,aprofundados
a_118.txt,completamente
a_118.txt,objetivando
a_118.txt,estavel
a_118.txt,atingir
a_118.txt,cpp
a_118.txt,tomando
a_118.txt,guarda
a_118.txt,articulado
a_118.txt,travados
a_118.txt,punibilidade
a_118.txt,ferimento
a_118.txt,ademais
a_118.txt,lamentavel
a_118.txt,condutores
a_118.txt,todas
a_118.txt,oficial
a_118.txt,competencias
a_118.txt,luz
a_118.txt,veemencia
a_118.txt,forca
a_118.txt,bloqueios
a_118.txt,conquista
a_118.txt,quebrou
a_118.txt,declarou
a_118.txt,distinto
a_118.txt,kabinettsjustiz
a_118.txt,posicionando
a_118.txt,juntou
a_118.txt,trabalhar
a_118.txt,aditamento
a_118.txt,veiculada
a_118.txt,ministerios
a_118.txt,tema
a_118.txt,jurua
a_118.txt,associarem
a_118.txt,minudentes
a_118.txt,dando
a_118.txt,criminologia
a_118.txt,verbo
a_118.txt,minimo
a_118.txt,seguranca
a_118.txt,preceitos
a_118.txt,juridico
a_118.txt,deslocamento
a_118.txt,vontade
a_118.txt,evidenciado
a_118.txt,conteudo
a_118.txt,conhecam
a_118.txt,diploma
a_118.txt,excepcional
a_118.txt,tomar
a_118.txt,egide
a_118.txt,certificou
a_118.txt,x
a_118.txt,sujeita
a_118.txt,movimentos
a_118.txt,comigo
a_118.txt,vieram
a_118.txt,incendio
a_118.txt,saque
a_118.txt,lixeiras
a_118.txt,constituidos
a_118.txt,preciso
a_118.txt,separadamente
a_118.txt,dispoe
a_118.txt,atribuir
a_118.txt,medida
a_118.txt,injuncao
a_118.txt,ensejar
a_118.txt,adenauer
a_118.txt,legislacao
a_118.txt,lv
a_118.txt,pinacoteca
a_118.txt,majorada
a_118.txt,envolvidas
a_118.txt,favor
a_118.txt,guiga
a_118.txt,declaratoria
a_118.txt,insinuar
a_118.txt,roberio
a_118.txt,vinculo
a_118.txt,dominus
a_118.txt,tramite
a_118.txt,distrito
a_118.txt,feitos
a_118.txt,particular
a_118.txt,dispositivos
a_118.txt,piloto
a_118.txt,paula
a_118.txt,base
a_118.txt,direciona
a_118.txt,modo
a_118.txt,lmeida
a_118.txt,detalhado
a_118.txt,intimidacao
a_118.txt,simbolicas
a_118.txt,atiraram
a_118.txt,ambiente
a_118.txt,criminalidade
a_118.txt,multitudinarios
a_118.txt,circunstancias
a_118.txt,interpretacoes
a_118.txt,br
a_118.txt,capazes
a_118.txt,eleito
a_118.txt,terrorismo
a_118.txt,regularmente
a_118.txt,agregacao
a_118.txt,retratos
a_118.txt,incorporadas
a_118.txt,textos
a_118.txt,liberdades
a_118.txt,tunel
a_118.txt,envio
a_118.txt,instrumento
a_118.txt,operar
a_118.txt,leitura
a_118.txt,corpo
a_118.txt,participantes
a_118.txt,enganam
a_118.txt,penal
a_118.txt,especificas
a_118.txt,estagio
a_118.txt,assessora
a_118.txt,compreensao
a_118.txt,aderiu
a_118.txt,proferindo
a_118.txt,edificio
a_118.txt,natural
a_118.txt,recebidas
a_118.txt,apresentada
a_118.txt,seguido
a_118.txt,explosiva
a_118.txt,descrever
a_118.txt,estrago
a_118.txt,violencia
a_118.txt,tramitem
a_118.txt,desmembrou
a_118.txt,exerce
a_118.txt,ee
a_118.txt,teor
a_118.txt,ambito
a_118.txt,dele
a_118.txt,consolidado
a_118.txt,urbano
a_118.txt,caracterizaram
a_118.txt,prescricoes
a_118.txt,cometido
a_118.txt,colegiado
a_118.txt,legislativos
a_118.txt,consecucao
a_118.txt,senado
a_118.txt,ex
a_118.txt,reais
a_118.txt,elo
a_118.txt,vista
a_118.txt,governantes
a_118.txt,requer
a_118.txt,subsecao
a_118.txt,direta
a_118.txt,assistente
a_118.txt,dias
a_118.txt,volume
a_118.txt,escala
a_118.txt,franca
a_118.txt,evidenciam
a_118.txt,critico
a_118.txt,quantos
a_118.txt,visa
a_118.txt,hierarquicamente
a_118.txt,lo
a_118.txt,permanece
a_118.txt,cumprimento
a_118.txt,motivos
a_118.txt,trata
a_118.txt,fusao
a_118.txt,permanencia
a_118.txt,ilustram
a_118.txt,economia
a_118.txt,marcha
a_118.txt,cuidando
a_118.txt,nosso
a_118.txt,unida
a_118.txt,norma
a_118.txt,atinentes
a_118.txt,baseadas
a_118.txt,tempo
a_118.txt,viabilidade
a_118.txt,publicas
a_118.txt,interessados
a_118.txt,rejeitar
a_118.txt,oficio
a_118.txt,desceram
a_118.txt,rememorar
a_118.txt,minimos
a_118.txt,mauricio
a_118.txt,partidos
a_118.txt,oriundos
a_118.txt,concretamente
a_118.txt,inidoneo
a_118.txt,proferido
a_118.txt,verifico
a_118.txt,traco
a_118.txt,organizarem
a_118.txt,envolvidos
a_118.txt,inicia
a_118.txt,v
a_118.txt,assegurar
a_118.txt,sentenciado
a_118.txt,encerradas
a_118.txt,coator
a_118.txt,excecao
a_118.txt,manifestou
a_118.txt,avanco
a_118.txt,impossibilitar
a_118.txt,linha
a_118.txt,promovendo
a_118.txt,mestre
a_118.txt,inves
a_118.txt,interpretando
a_118.txt,acampar
a_118.txt,calculo
a_118.txt,aps
a_118.txt,adotada
a_118.txt,sentado
a_118.txt,adotados
a_118.txt,cidadaos
a_118.txt,premissa
a_118.txt,velocidade
a_118.txt,forcoso
a_118.txt,lutam
a_118.txt,equiparada
a_118.txt,incita
a_118.txt,detentor
a_118.txt,edcarlos
a_118.txt,caio
a_118.txt,tentativa
a_118.txt,referida
a_118.txt,fisicas
a_118.txt,deputado
a_118.txt,vislumbra
a_118.txt,unindo
a_118.txt,erick
a_118.txt,porem
a_118.txt,impedido
a_118.txt,obter
a_118.txt,outra
a_118.txt,extraiu
a_118.txt,licao
a_118.txt,atuaram
a_118.txt,presos
a_118.txt,correspondesse
a_118.txt,nao
a_118.txt,subjetiva
a_118.txt,elucidacao
a_118.txt,corte
a_118.txt,normativas
a_118.txt,suficientes
a_118.txt,for
a_118.txt,realizacao
a_118.txt,preservar
a_118.txt,jamais
a_118.txt,artigos
a_118.txt,farma
a_118.txt,laudos
a_118.txt,logrou
a_118.txt,concebidos
a_118.txt,verdade
a_118.txt,exercer
a_118.txt,impedidos
a_118.txt,porticos
a_118.txt,introduzido
a_118.txt,associativo
a_118.txt,recesso
a_118.txt,registros
a_118.txt,sociais
a_118.txt,excelencia
a_118.txt,carater
a_118.txt,assistimos
a_118.txt,ladrao
a_118.txt,desferido
a_118.txt,area
a_118.txt,filipe
a_118.txt,episodio
a_118.txt,provavelmente
a_118.txt,duvidas
a_118.txt,compartilhou
a_118.txt,ensinado
a_118.txt,descricao
a_118.txt,palacio
a_118.txt,fixou
a_118.txt,relatorios
a_118.txt,suspeicao
a_118.txt,facilidade
a_118.txt,reclusao
a_118.txt,sergio
a_118.txt,discussao
a_118.txt,tratando
a_118.txt,fossem
a_118.txt,carla
a_118.txt,haver
a_118.txt,invest
a_118.txt,tentar
a_118.txt,vinculado
a_118.txt,elementares
a_118.txt,rio
a_118.txt,destrui
a_118.txt,coronel
a_118.txt,cumpre
a_118.txt,sujeito
a_118.txt,cuidam
a_118.txt,tratadas
a_118.txt,seja
a_118.txt,eram
a_118.txt,intervencao
a_118.txt,bombas
a_118.txt,compete
a_118.txt,verdes
a_118.txt,envolva
a_118.txt,emenda
a_118.txt,organizada
a_118.txt,sairiam
a_118.txt,garantindo
a_118.txt,judiciarios
a_118.txt,razoaveis
a_118.txt,imputando
a_118.txt,freitas
a_118.txt,tipos
a_118.txt,cometidas
a_118.txt,paineis
a_118.txt,sujeitos
a_118.txt,sp
a_118.txt,exibindo
a_118.txt,satisfaz
a_118.txt,mesma
a_118.txt,weber
a_118.txt,bens
a_118.txt,cristiano
a_118.txt,abolicao
a_118.txt,alguem
a_118.txt,teriam
a_118.txt,cansativa
a_118.txt,comunicacoes
a_118.txt,in
a_118.txt,incitadores
a_118.txt,mantem
a_118.txt,programa
a_118.txt,corporal
a_118.txt,licoes
a_118.txt,idosos
a_118.txt,estaduais
a_118.txt,pensamento
a_118.txt,importancia
a_118.txt,enfatica
a_118.txt,abertos
a_118.txt,criadas
a_118.txt,esteja
a_118.txt,regras
a_118.txt,monumental
a_118.txt,apoderar
a_118.txt,xliv
a_118.txt,historicamente
a_118.txt,motoboys
a_118.txt,andrade
a_118.txt,mencionados
a_118.txt,verbas
a_118.txt,placa
a_118.txt,aqueles
a_118.txt,demais
a_118.txt,usurpacao
a_118.txt,doacordao
a_118.txt,condenar
a_118.txt,abordou
a_118.txt,magisterio
a_118.txt,armados
a_118.txt,seculo
a_118.txt,congresso_nacional
a_118.txt,investida
a_118.txt,standards
a_118.txt,recuando
a_118.txt,tropas
a_118.txt,extorsao
a_118.txt,aporte
a_118.txt,composicao
a_118.txt,sustentada
a_118.txt,ordem
a_118.txt,intensidade
a_118.txt,minha
a_118.txt,rd
a_118.txt,difuso
a_118.txt,merece
a_118.txt,simulando
a_118.txt,tenho
a_118.txt,democracia
a_118.txt,ddee
a_118.txt,requisitos
a_118.txt,declaracoes
a_118.txt,traumatica
a_118.txt,instauracao
a_118.txt,willian
a_118.txt,outro
a_118.txt,totalidade
a_118.txt,pronunciar
a_118.txt,indissolubilidade
a_118.txt,vara
a_118.txt,telefone
a_118.txt,tratados
a_118.txt,insuflamento
a_118.txt,apontando
a_118.txt,quanto
a_118.txt,produzidos
a_118.txt,ingressaram
a_118.txt,sairam
a_118.txt,permaneceriam
a_118.txt,evento
a_118.txt,recursais
a_118.txt,pluralismo
a_118.txt,congresso
a_118.txt,condao
a_118.txt,talho
a_118.txt,animus
a_118.txt,via
a_118.txt,esclareceu
a_118.txt,mesmos
a_118.txt,infere
a_118.txt,probatorio
a_118.txt,indicando
a_118.txt,antonio
a_118.txt,gravissima
a_118.txt,refere
a_118.txt,fixada
a_118.txt,sintetizados
a_118.txt,desrespeito
a_118.txt,coerente
a_118.txt,chegou
a_118.txt,contou
a_118.txt,proibida
a_118.txt,deposicao
a_118.txt,vivo
a_118.txt,penais
a_118.txt,fiquei
a_118.txt,pequenas
a_118.txt,fazer
a_118.txt,ilogico
a_118.txt,apreensao
a_118.txt,propriedade
a_118.txt,declinio
a_118.txt,possibilidades
a_118.txt,teve
a_118.txt,afirmar
a_118.txt,derrubar
a_118.txt,dinamica
a_118.txt,descreve
a_118.txt,salientar
a_118.txt,importado
a_118.txt,narrativa
a_118.txt,previstos
a_118.txt,quinhentos
a_118.txt,quinze
a_118.txt,investido
a_118.txt,judiciaria
a_118.txt,protegido
a_118.txt,sul
a_118.txt,excepcionalidade
a_118.txt,tribunais
a_118.txt,elieser
a_118.txt,formalizados
a_118.txt,entendimento
a_118.txt,legalmente
a_118.txt,departamentos
a_118.txt,referencia
a_118.txt,pontuou
a_118.txt,produtores
a_118.txt,processar
a_118.txt,inclusive
a_118.txt,bradavam
a_118.txt,inicialmente
a_118.txt,preocupado
a_118.txt,lei
a_118.txt,jornalista
a_118.txt,juizo
a_118.txt,maj
a_118.txt,b
a_118.txt,afastados
a_118.txt,comprovar
a_118.txt,infraconstitucional
a_118.txt,falar
a_118.txt,inflamavel
a_118.txt,tange
a_118.txt,especializada
a_118.txt,entra
a_118.txt,res
a_118.txt,loci
a_118.txt,ro
a_118.txt,anos
a_118.txt,limitados
a_118.txt,lemes
a_118.txt,conclusivo
a_118.txt,novecentos
a_118.txt,impedir
a_118.txt,denunciada
a_118.txt,arts
a_118.txt,posse
a_118.txt,conclusao
a_118.txt,compartilhadas
a_118.txt,coordenados
a_118.txt,permite
a_118.txt,primarios
a_118.txt,ilegalidade
a_118.txt,contudo
a_118.txt,produzir
a_118.txt,milhoes
a_118.txt,interpretacao
a_118.txt,conforme
a_118.txt,abandonar
a_118.txt,pretensao
a_118.txt,enfrentamento
a_118.txt,acusatorias
a_118.txt,sutil
a_118.txt,forcas
a_118.txt,pensamentos
a_118.txt,apenas
a_118.txt,expressao
a_118.txt,legalidade
a_118.txt,acionado
a_118.txt,real
a_118.txt,posicionava
a_118.txt,nessa
a_118.txt,amolda
a_118.txt,criar
a_118.txt,submetidos
a_118.txt,entradas
a_118.txt,associado
a_118.txt,participando
a_118.txt,realizada
a_118.txt,exclusao
a_118.txt,otoni
a_118.txt,observe
a_118.txt,editora
a_118.txt,aparente
a_118.txt,representa
a_118.txt,determinar
a_118.txt,assentou
a_118.txt,alcanca
a_118.txt,genetica
a_118.txt,avenida
a_118.txt,entretanto
a_118.txt,movimentacao
a_118.txt,regressar
a_118.txt,nunca
a_118.txt,financiou
a_118.txt,ocorridas
a_118.txt,embora
a_118.txt,petrobras
a_118.txt,cientifica
a_118.txt,doubt
a_118.txt,desmembramentode
a_118.txt,tais
a_118.txt,orientacao
a_118.txt,trabalhos
a_118.txt,denunciadas
a_118.txt,destruir
a_118.txt,consentanea
a_118.txt,periodo
a_118.txt,coordenador
a_118.txt,lotado
a_118.txt,fakhoury
a_118.txt,concretude
a_118.txt,inumeros
a_118.txt,consolidou
a_118.txt,pecar
a_118.txt,daquela
a_118.txt,examinar
a_118.txt,equipamentos
a_118.txt,lideranca
a_118.txt,institutos
a_118.txt,evidencias
a_118.txt,ali
a_118.txt,animos
a_118.txt,nega
a_118.txt,ressalta
a_118.txt,receio
a_118.txt,pessoais
a_118.txt,utor
a_118.txt,curso
a_118.txt,admitindo
a_118.txt,provimento
a_118.txt,nela
a_118.txt,nenhum
a_118.txt,manifesta
a_118.txt,churrascaria
a_118.txt,excessos
a_118.txt,consoante
a_118.txt,genericamente
a_118.txt,chega
a_118.txt,amoldariam
a_118.txt,figura
a_118.txt,inexistente
a_118.txt,embrionaria
a_118.txt,estrangeira
a_118.txt,responsaveis
a_118.txt,possuem
a_118.txt,internamente
a_118.txt,prossigo
a_118.txt,adotou
a_118.txt,locais
a_118.txt,encontraram
a_118.txt,vem
a_118.txt,produzida
a_118.txt,desde
a_118.txt,regramento
a_118.txt,conheco
a_118.txt,previsao
a_118.txt,alias
a_118.txt,calca
a_118.txt,konrad
a_118.txt,estruturantes
a_118.txt,federais
a_118.txt,preliminares
a_118.txt,uniforme
a_118.txt,isto
a_118.txt,dino
a_118.txt,completo
a_118.txt,metralhar
a_118.txt,pelas
a_118.txt,deputados
a_118.txt,acampamento
a_118.txt,incitacao
a_118.txt,voces
a_118.txt,posturas
a_118.txt,persecutor
a_118.txt,fatos
a_118.txt,inquisitorial
a_118.txt,linda
a_118.txt,seiscentos
a_118.txt,determinadas
a_118.txt,peco
a_118.txt,garcia
a_118.txt,descoordenado
a_118.txt,estruturas
a_118.txt,utilizaram
a_118.txt,investigado
a_118.txt,ipj
a_118.txt,recuaram
a_118.txt,tipificado
a_118.txt,iniciou
a_118.txt,individualizacao
a_118.txt,reunidas
a_118.txt,transitiva
a_118.txt,compleicao
a_118.txt,enfrentar
a_118.txt,cada
a_118.txt,cabia
a_118.txt,mostravam
a_118.txt,comissivas
a_118.txt,entanto
a_118.txt,evidence
a_118.txt,argumentando
a_118.txt,mg
a_118.txt,jornalistas
a_118.txt,aplicacao
a_118.txt,ocorre
a_118.txt,ratione
a_118.txt,registrada
a_118.txt,eventualmente
a_118.txt,revelam
a_118.txt,consigno
a_118.txt,harmonicos
a_118.txt,inimigo
a_118.txt,atos_antidemocraticos
a_118.txt,guerra
a_118.txt,civis
a_118.txt,alguns
a_118.txt,ecebimento
a_118.txt,exposto
a_118.txt,claudio
a_118.txt,independente
a_118.txt,propriedades
a_118.txt,viviane
a_118.txt,imitacao
a_118.txt,anteriormente
a_118.txt,politica
a_118.txt,consequencia
a_118.txt,encartados
a_118.txt,verbis
a_118.txt,equivale
a_118.txt,acompanham
a_118.txt,central
a_118.txt,revisao
a_118.txt,persecucao
a_118.txt,tipificados
a_118.txt,quarenta
a_118.txt,asp
a_118.txt,veio
a_118.txt,multa
a_118.txt,passageiros
a_118.txt,elemento
a_118.txt,colocar
a_118.txt,depreende
a_118.txt,arma
a_118.txt,desmembramentodos
a_118.txt,republicanos
a_118.txt,sinalizaram
a_118.txt,integracao
a_118.txt,oitenta
a_118.txt,cumplice
a_118.txt,eventual
a_118.txt,compoem
a_118.txt,instancia
a_118.txt,determinou
a_118.txt,especificaram
a_118.txt,influencias
a_118.txt,estrito
a_118.txt,vazamento
a_118.txt,divulgou
a_118.txt,peixoto
a_118.txt,operado
a_118.txt,raro
a_118.txt,conformar
a_118.txt,agosto
a_118.txt,recebendo
a_118.txt,citado
a_118.txt,telefonica
a_118.txt,arquitetonicas
a_118.txt,junio
a_118.txt,auxiliis
a_118.txt,ve
a_118.txt,n
a_118.txt,delitiva
a_118.txt,culminaram
a_118.txt,deflagrada
a_118.txt,inviabilizar
a_118.txt,destinatario
a_118.txt,constitucional
a_118.txt,oliveira
a_118.txt,armadas
a_118.txt,alojadas
a_118.txt,restando
a_118.txt,superiores
a_118.txt,pensam
a_118.txt,atacar
a_118.txt,esth
a_118.txt,comandada
a_118.txt,phillipe
a_118.txt,preencher
a_118.txt,objetivo
a_118.txt,integrar
a_118.txt,substancialmente
a_118.txt,indiretamente
a_118.txt,azul
a_118.txt,xx
a_118.txt,relacionado
a_118.txt,pecas
a_118.txt,extraem
a_118.txt,catorze
a_118.txt,conducao
a_118.txt,realmente
a_118.txt,afastar
a_118.txt,probatorios
a_118.txt,idonea
a_118.txt,putsch
a_118.txt,propria
a_118.txt,indispensaveis
a_118.txt,afinidades
a_118.txt,andar
a_118.txt,querer
a_118.txt,narrado
a_118.txt,lhes
a_118.txt,bancarios
a_118.txt,vantagem
a_118.txt,verifica
a_118.txt,tercio
a_118.txt,varias
a_118.txt,heterogeneos
a_118.txt,normativo
a_118.txt,estabelecidas
a_118.txt,pressionar
a_118.txt,causar
a_118.txt,pais
a_118.txt,mormente
a_118.txt,batista
a_118.txt,prolatado
a_118.txt,conter
a_118.txt,recebido
a_118.txt,retroalimentando
a_118.txt,critica
a_118.txt,obras
a_118.txt,durabilidade
a_118.txt,enfatizar
a_118.txt,sistematicamente
a_118.txt,ofendido
a_118.txt,identificacao
a_118.txt,informacoes
a_118.txt,verificados
a_118.txt,territorio
a_118.txt,detentora
a_118.txt,porprerrogativade
a_118.txt,evidente
a_118.txt,encaminhassem
a_118.txt,incorre
a_118.txt,variadas
a_118.txt,convencao
a_118.txt,residual
a_118.txt,padroes
a_118.txt,impunidade
a_118.txt,filmagem
a_118.txt,jordy
a_118.txt,predios
a_118.txt,atuando
a_118.txt,computando
a_118.txt,notificacao
a_118.txt,derivadas
a_118.txt,manual
a_118.txt,siqueira
a_118.txt,perpetrada
a_118.txt,probatorias
a_118.txt,morais
a_118.txt,pelotao
a_118.txt,furtados
a_118.txt,sobreprerrogativade
a_118.txt,zambelli
a_118.txt,paiva
a_118.txt,vandalizava
a_118.txt,politico
a_118.txt,brasileiros
a_118.txt,apreciar
a_118.txt,identificavel
a_118.txt,incitar
a_118.txt,pets
a_118.txt,iniciais
a_118.txt,caracterizando
a_118.txt,sem
a_118.txt,indica
a_118.txt,acusada
a_118.txt,permitir
a_118.txt,homens
a_118.txt,imputados
a_118.txt,extensa
a_118.txt,voltou
a_118.txt,permitindo
a_118.txt,motorista
a_118.txt,atratora
a_118.txt,istrito
a_118.txt,inisterio
a_118.txt,autonomia
a_118.txt,configurar
a_118.txt,proferidas
a_118.txt,animosidade
a_118.txt,marinha
a_118.txt,mensagem
a_118.txt,reconhecimento
a_118.txt,estimou
a_118.txt,institucional
a_118.txt,posteriormente
a_118.txt,donas
a_118.txt,desempenham
a_118.txt,diretamente
a_118.txt,amaral
a_118.txt,delegacia
a_118.txt,repudiada
a_118.txt,doacao
a_118.txt,agir
a_118.txt,integram
a_118.txt,responsabilidade
a_118.txt,autorizacao
a_118.txt,cautela
a_118.txt,inutilizacao
a_118.txt,independencia
a_118.txt,apurada
a_118.txt,poderia
a_118.txt,conclusiva
a_118.txt,tipica
a_118.txt,barra
a_118.txt,consequentemente
a_118.txt,desnecessario
a_118.txt,ajoelharam
a_118.txt,portal
a_118.txt,promocao
a_118.txt,reconhecida
a_118.txt,magnitude
a_118.txt,oferecimento
a_118.txt,cima
a_118.txt,jogo
a_118.txt,tumulto
a_118.txt,prevento
a_118.txt,distintos
a_118.txt,sustento
a_118.txt,estao
a_118.txt,considero
a_118.txt,convincing
a_118.txt,especialmente
a_118.txt,audiencias
a_118.txt,medo
a_118.txt,afirmando
a_118.txt,fomentado
a_118.txt,escalao
a_118.txt,mesas
a_118.txt,cacos
a_118.txt,descoordenados
a_118.txt,turma
a_118.txt,rodrigues
a_118.txt,tem
a_118.txt,cometerem
a_118.txt,realizava
a_118.txt,exemplo
a_118.txt,notificada
a_118.txt,encontrou
a_118.txt,confundido
a_118.txt,deprejuizo
a_118.txt,raios
a_118.txt,teria
a_118.txt,intimidativa
a_118.txt,fundo
a_118.txt,destacando
a_118.txt,oraes
a_118.txt,responsavel
a_118.txt,deixa
a_118.txt,individualmente
a_118.txt,dia
a_118.txt,reveladoras
a_118.txt,simplesmente
a_118.txt,difere
a_118.txt,respeitosas
a_118.txt,moveis
a_118.txt,supostos
a_118.txt,fenomeno
a_118.txt,exames
a_118.txt,nessas
a_118.txt,poderes
a_118.txt,leonardo
a_118.txt,depor
a_118.txt,ativamente
a_118.txt,paciente
a_118.txt,pela
a_118.txt,demonstracao
a_118.txt,atento
a_118.txt,ainda
a_118.txt,legislativa
a_118.txt,frentes
a_118.txt,invadissem
a_118.txt,ostensivamente
a_118.txt,convincente
a_118.txt,primario
a_118.txt,manifestavam
a_118.txt,prestado
a_118.txt,partido
a_118.txt,cris
a_118.txt,ato
a_118.txt,forma
a_118.txt,eminentemente
a_118.txt,subdesenvolvidos
a_118.txt,violento
a_118.txt,agravo
a_118.txt,estreitamente
a_118.txt,escritos
a_118.txt,anuencia
a_118.txt,absolvicao
a_118.txt,dodge
a_118.txt,grandes
a_118.txt,fonseca
a_118.txt,lugar
a_118.txt,estabelecimento
a_118.txt,devem
a_118.txt,nacionais
a_118.txt,hino
a_118.txt,juizes
a_118.txt,feitas
a_118.txt,longa
a_118.txt,acusacao
a_118.txt,ii
a_118.txt,cinquenta
a_118.txt,blusa
a_118.txt,sabe
a_118.txt,participes
a_118.txt,repasses
a_118.txt,colhidos
a_118.txt,arrepiante
a_118.txt,atrair
a_118.txt,plurissubjetivos
a_118.txt,ofertou
a_118.txt,bastasse
a_118.txt,analisa
a_118.txt,juridica
a_118.txt,razoes
a_118.txt,pmdf
a_118.txt,esmiucar
a_118.txt,consta
a_118.txt,maior
a_118.txt,ubi
a_118.txt,perguntas
a_118.txt,negativa
a_118.txt,espelho
a_118.txt,cuida
a_118.txt,prestar
a_118.txt,papiloscopico
a_118.txt,arrecadar
a_118.txt,juncao
a_118.txt,ocorrendo
a_118.txt,agressao
a_118.txt,requereu
a_118.txt,legitima
a_118.txt,inq
a_118.txt,desdobramentos
a_118.txt,dirigiram
a_118.txt,cautelar
a_118.txt,ott
a_118.txt,levar
a_118.txt,organizados
a_118.txt,aumentada
a_118.txt,facilitar
a_118.txt,seculos
a_118.txt,antecedente
a_118.txt,autoridades
a_118.txt,partidarios
a_118.txt,dito
a_118.txt,fotografo
a_118.txt,protagonistas
a_118.txt,apresentem
a_118.txt,invasao
a_118.txt,cogitar
a_118.txt,deslocou
a_118.txt,limpou
a_118.txt,atuava
a_118.txt,vir
a_118.txt,resp
a_118.txt,majorado
a_118.txt,exercem
a_118.txt,danificados
a_118.txt,santiago
a_118.txt,pretendam
a_118.txt,julgado
a_118.txt,inquerito
a_118.txt,perfil
a_118.txt,fluidas
a_118.txt,ressalvas
a_118.txt,apreciada
a_118.txt,chao
a_118.txt,sim
a_118.txt,julio
a_118.txt,costume
a_118.txt,simples
a_118.txt,tido
a_118.txt,expressando
a_118.txt,demonstradas
a_118.txt,lesao
a_118.txt,instituira
a_118.txt,caso
a_118.txt,porquanto
a_118.txt,meios
a_118.txt,sentaram
a_118.txt,barros
a_118.txt,tutelado
a_118.txt,verificasse
a_118.txt,estourou
a_118.txt,demonstrar
a_118.txt,conviccao
a_118.txt,trancamento
a_118.txt,primordial
a_118.txt,ordinarias
a_118.txt,substancia
a_118.txt,urteil
a_118.txt,prefeituras
a_118.txt,pe
a_118.txt,mortos
a_118.txt,havera
a_018.txt,portaria
a_018.txt,thomson
a_018.txt,inviabiliza
a_018.txt,tarifas
a_018.txt,indicios
a_018.txt,alarmante
a_018.txt,esbocar
a_018.txt,oferecer
a_018.txt,calcada
a_018.txt,secao
a_018.txt,ganhou
a_018.txt,conjunta
a_018.txt,criacao
a_018.txt,andre
a_018.txt,preconiza
a_018.txt,duarte
a_018.txt,incendios
a_018.txt,lastreada
a_018.txt,rhc
a_018.txt,schawabe
a_018.txt,inconfundivel
a_018.txt,warley
a_018.txt,marcos
a_018.txt,exigidos
a_018.txt,judicial
a_018.txt,acerca
a_018.txt,destaquei
a_018.txt,embaraco
a_018.txt,sinval
a_018.txt,legado
a_018.txt,m
a_018.txt,reclamada
a_018.txt,ver
a_018.txt,quaisquer
a_018.txt,fisica
a_018.txt,liberal
a_018.txt,exposicao
a_018.txt,propos
a_018.txt,razoavel
a_018.txt,planos
a_018.txt,resumidos
a_018.txt,chinesa
a_018.txt,desideratos
a_018.txt,maio
a_018.txt,inconstitucionais
a_018.txt,conhecida
a_018.txt,cometeram
a_018.txt,melhores
a_018.txt,caneta
a_018.txt,cit
a_018.txt,praticas
a_018.txt,tramitacao
a_018.txt,processuais
a_018.txt,salienta
a_018.txt,quer
a_018.txt,materiais
a_018.txt,precisara
a_018.txt,xix
a_018.txt,constituicao
a_018.txt,postulado
a_018.txt,povo
a_018.txt,sidinei
a_018.txt,q
a_018.txt,decidir
a_018.txt,tracado
a_018.txt,funcao
a_018.txt,haveria
a_018.txt,ela
a_018.txt,importante
a_018.txt,maiores
a_018.txt,pedidos
a_018.txt,delituosos
a_018.txt,capirchio
a_018.txt,excerto
a_018.txt,rompimento
a_018.txt,fora
a_018.txt,aluguel
a_018.txt,inclutech
a_018.txt,responsabilizando
a_018.txt,negaram
a_018.txt,policial
a_018.txt,logo
a_018.txt,gasparim
a_018.txt,izabel
a_018.txt,assentada
a_018.txt,justificar
a_018.txt,senhor
a_018.txt,obstrucao
a_018.txt,tenham
a_018.txt,estiver
a_018.txt,coisas
a_018.txt,domingo
a_018.txt,designacao
a_018.txt,qualifica
a_018.txt,arbitrio
a_018.txt,some
a_018.txt,deslocar
a_018.txt,justica
a_018.txt,reprovar
a_018.txt,apontada
a_018.txt,livro
a_018.txt,apontados
a_018.txt,estabelecer
a_018.txt,substituida
a_018.txt,fundamentada
a_018.txt,atuacao
a_018.txt,caluniandi
a_018.txt,delegar
a_018.txt,reduzem
a_018.txt,perpetuidade
a_018.txt,apurados
a_018.txt,reside
a_018.txt,alteracao
a_018.txt,admitir
a_018.txt,prova
a_018.txt,investigados
a_018.txt,ocorridos
a_018.txt,finalidade
a_018.txt,minuciosamente
a_018.txt,nelci
a_018.txt,tomado
a_018.txt,rol
a_018.txt,concluir
a_018.txt,abreu
a_018.txt,ilmar
a_018.txt,cometer
a_018.txt,neles
a_018.txt,consigne
a_018.txt,eleitos
a_018.txt,corresponde
a_018.txt,analiticamente
a_018.txt,numero
a_018.txt,intencionadas
a_018.txt,evidencie
a_018.txt,macedo
a_018.txt,incentivaram
a_018.txt,criticas
a_018.txt,devido
a_018.txt,significativa
a_018.txt,estrangeiros
a_018.txt,uingentesimo
a_018.txt,unico
a_018.txt,franksmar
a_018.txt,realizaram
a_018.txt,desocupacao
a_018.txt,precedente
a_018.txt,algum
a_018.txt,haverem
a_018.txt,virtude
a_018.txt,respondeu
a_018.txt,inicio
a_018.txt,exame
a_018.txt,rr
a_018.txt,atinente
a_018.txt,referidas
a_018.txt,exauriente
a_018.txt,ele
a_018.txt,caluniosas
a_018.txt,processado
a_018.txt,alemas
a_018.txt,vale
a_018.txt,constitutivas
a_018.txt,reitere
a_018.txt,tornado
a_018.txt,elucidados
a_018.txt,subjetivas
a_018.txt,terroristas
a_018.txt,legislativo
a_018.txt,prestigia
a_018.txt,preparatorios
a_018.txt,orientar
a_018.txt,portas
a_018.txt,especial
a_018.txt,proc
a_018.txt,narrando
a_018.txt,mobilizado
a_018.txt,punicao
a_018.txt,setembro
a_018.txt,pertencente
a_018.txt,comportando
a_018.txt,deste
a_018.txt,perfeitamente
a_018.txt,religiao
a_018.txt,classes
a_018.txt,prejuizo
a_018.txt,ocorria
a_018.txt,clausula
a_018.txt,instaurados
a_018.txt,veja
a_018.txt,determinada
a_018.txt,extrato
a_018.txt,braganca
a_018.txt,frequencia
a_018.txt,obrigatoriamente
a_018.txt,juntar
a_018.txt,apresentados
a_018.txt,delacao
a_018.txt,reservando
a_018.txt,intervenientes
a_018.txt,chefes
a_018.txt,perigos
a_018.txt,ideias
a_018.txt,determinando
a_018.txt,imbricacao
a_018.txt,camaras
a_018.txt,marizete
a_018.txt,grande
a_018.txt,evandro
a_018.txt,exercicio
a_018.txt,provido
a_018.txt,problema
a_018.txt,aderido
a_018.txt,sejam
a_018.txt,atracao
a_018.txt,shaine
a_018.txt,stephen
a_018.txt,vinte
a_018.txt,instrucao
a_018.txt,ap
a_018.txt,bloco
a_018.txt,par
a_018.txt,reconhecendo
a_018.txt,cep
a_018.txt,lesar
a_018.txt,ray
a_018.txt,consagrou
a_018.txt,dano
a_018.txt,comentado
a_018.txt,jairo
a_018.txt,naturalmente
a_018.txt,essencia
a_018.txt,regido
a_018.txt,constituido
a_018.txt,enfim
a_018.txt,sentido
a_018.txt,delibacao
a_018.txt,correa
a_018.txt,suficiencia
a_018.txt,veiculos
a_018.txt,daqueles
a_018.txt,nova
a_018.txt,notadamente
a_018.txt,roberto
a_018.txt,petreas
a_018.txt,cpi
a_018.txt,johnny
a_018.txt,daniel
a_018.txt,configurara
a_018.txt,dizer
a_018.txt,emprego
a_018.txt,contraditarao
a_018.txt,afronta
a_018.txt,participacao
a_018.txt,impoe
a_018.txt,tecnica
a_018.txt,estiveram
a_018.txt,desmobilizarem
a_018.txt,residente
a_018.txt,ocupante
a_018.txt,buscando
a_018.txt,atribuidos
a_018.txt,malan
a_018.txt,aptas
a_018.txt,acordam
a_018.txt,antidemocratica
a_018.txt,hoje
a_018.txt,min
a_018.txt,constitutivos
a_018.txt,iniciado
a_018.txt,confunde
a_018.txt,sobreira
a_018.txt,todo
a_018.txt,omissivas
a_018.txt,excecoes
a_018.txt,legitimidade
a_018.txt,nestes
a_018.txt,localizada
a_018.txt,pretendido
a_018.txt,aprovaram
a_018.txt,cerqueira
a_018.txt,notificados
a_018.txt,lula
a_018.txt,superior
a_018.txt,delgado
a_018.txt,expressa
a_018.txt,ambos
a_018.txt,acampou
a_018.txt,depredadores
a_018.txt,quebra
a_018.txt,membros
a_018.txt,amolde
a_018.txt,financiar
a_018.txt,transacao
a_018.txt,uniao
a_018.txt,define
a_018.txt,gerando
a_018.txt,desse
a_018.txt,verificou
a_018.txt,coletanea
a_018.txt,transigir
a_018.txt,houverem
a_018.txt,red
a_018.txt,pode
a_018.txt,lhe
a_018.txt,possibilitaria
a_018.txt,imputou
a_018.txt,arregimentar
a_018.txt,senados
a_018.txt,provenham
a_018.txt,relacionada
a_018.txt,viavel
a_018.txt,pedrosa
a_018.txt,criminoso
a_018.txt,presenca
a_018.txt,protesto
a_018.txt,sendo
a_018.txt,encontra
a_018.txt,criterios
a_018.txt,estamos
a_018.txt,ampliacao
a_018.txt,manoel
a_018.txt,orientando
a_018.txt,principios
a_018.txt,alegue
a_018.txt,exige
a_018.txt,afiliados
a_018.txt,residentes
a_018.txt,incompativeis
a_018.txt,romilson
a_018.txt,ellen
a_018.txt,inepta
a_018.txt,resultado
a_018.txt,valor
a_018.txt,esquecido
a_018.txt,argumentos
a_018.txt,propagacao
a_018.txt,causa
a_018.txt,mello
a_018.txt,ata
a_018.txt,pena
a_018.txt,plenamente
a_018.txt,ostensivas
a_018.txt,negar
a_018.txt,alegacao
a_018.txt,atentatorios
a_018.txt,fevereiro
a_018.txt,subsuncao
a_018.txt,sabrina
a_018.txt,ausencia
a_018.txt,formal
a_018.txt,entendo
a_018.txt,catao
a_018.txt,indicio
a_018.txt,verificar
a_018.txt,constante
a_018.txt,ocorreu
a_018.txt,humeno
a_018.txt,unidade
a_018.txt,alvos
a_018.txt,dados
a_018.txt,criancas
a_018.txt,feita
a_018.txt,candidatura
a_018.txt,impor
a_018.txt,responda
a_018.txt,salvador
a_018.txt,natureza
a_018.txt,dolo
a_018.txt,realizados
a_018.txt,complementadas
a_018.txt,organizaram
a_018.txt,perseguido
a_018.txt,luiz
a_018.txt,descritos
a_018.txt,missao
a_018.txt,hipotese
a_018.txt,direitos
a_018.txt,praticarem
a_018.txt,objetiva
a_018.txt,prosseguir
a_018.txt,compreendido
a_018.txt,surgirem
a_018.txt,alongasse
a_018.txt,edlene
a_018.txt,resultaram
a_018.txt,pleno
a_018.txt,armond
a_018.txt,conjuncao
a_018.txt,partilhando
a_018.txt,ederal
a_018.txt,cruz
a_018.txt,desenvolvidas
a_018.txt,intersubjetivo
a_018.txt,fica
a_018.txt,deslocando
a_018.txt,detentores
a_018.txt,apresentar
a_018.txt,devida
a_018.txt,toffoli
a_018.txt,formalizacao
a_018.txt,indole
a_018.txt,atencao
a_018.txt,eder
a_018.txt,manifestantes
a_018.txt,direcionaram
a_018.txt,dupla
a_018.txt,toda
a_018.txt,qualificados
a_018.txt,espaco
a_018.txt,concurso
a_018.txt,quarteis
a_018.txt,seria
a_018.txt,rejeitada
a_018.txt,julgamento
a_018.txt,democraticamente
a_018.txt,sair
a_018.txt,ampliaram
a_018.txt,dividiram
a_018.txt,trouxe
a_018.txt,milhares
a_018.txt,acusatorio
a_018.txt,limitacao
a_018.txt,iniciativa
a_018.txt,pakuszewski
a_018.txt,assemelha
a_018.txt,desiderato
a_018.txt,article
a_018.txt,sugestao
a_018.txt,afetada
a_018.txt,iglesias
a_018.txt,bia
a_018.txt,original
a_018.txt,ocultar
a_018.txt,gravidade
a_018.txt,otica
a_018.txt,nobre
a_018.txt,formularios
a_018.txt,imputacoes
a_018.txt,edimilson
a_018.txt,periciais
a_018.txt,normalmente
a_018.txt,pertences
a_018.txt,concernente
a_018.txt,jonastaniel
a_018.txt,maier
a_018.txt,cor
a_018.txt,kleiton
a_018.txt,prestacao
a_018.txt,nacional
a_018.txt,imparcial
a_018.txt,impossibilidade
a_018.txt,al
a_018.txt,kist
a_018.txt,tao
a_018.txt,dilacao
a_018.txt,acampamentos
a_018.txt,necessario
a_018.txt,voluntariedade
a_018.txt,reinaldo
a_018.txt,revestidas
a_018.txt,reuniao
a_018.txt,desmobilizar
a_018.txt,constituinte
a_018.txt,afastou
a_018.txt,estabilidade
a_018.txt,bispo
a_018.txt,todos
a_018.txt,haja
a_018.txt,argumento
a_018.txt,observar
a_018.txt,regressarem
a_018.txt,configuracao
a_018.txt,requerer
a_018.txt,aprimorando
a_018.txt,remessa
a_018.txt,segundos
a_018.txt,encontro
a_018.txt,juntos
a_018.txt,legislacoes
a_018.txt,valdeir
a_018.txt,cautelares
a_018.txt,prorrogacao
a_018.txt,incentivo
a_018.txt,informatizado
a_018.txt,unanime
a_018.txt,miranda
a_018.txt,verdadeira
a_018.txt,constar
a_018.txt,financiamento
a_018.txt,paixoes
a_018.txt,etnia
a_018.txt,trate
a_018.txt,centenas
a_018.txt,explicacoes
a_018.txt,esteves
a_018.txt,obedeceram
a_018.txt,artigo
a_018.txt,detencao
a_018.txt,realizadas
a_018.txt,despeito
a_018.txt,fixacao
a_018.txt,processamento
a_018.txt,camara
a_018.txt,clodoaldo
a_018.txt,alexandre
a_018.txt,ref
a_018.txt,criminais
a_018.txt,objetividade
a_018.txt,dado
a_018.txt,parquet
a_018.txt,acima
a_018.txt,fundamental
a_018.txt,condenatoria
a_018.txt,complexidade
a_018.txt,social
a_018.txt,terao
a_018.txt,melhor
a_018.txt,tal
a_018.txt,realidade
a_018.txt,positivo
a_018.txt,apresentando
a_018.txt,psicologicos
a_018.txt,normas
a_018.txt,obstaculos
a_018.txt,fazenda
a_018.txt,ponto
a_018.txt,estes
a_018.txt,senhora
a_018.txt,suma
a_018.txt,seriedade
a_018.txt,titulariza
a_018.txt,demonstram
a_018.txt,teses
a_018.txt,sob
a_018.txt,rocurador
a_018.txt,promoveram
a_018.txt,instruem
a_018.txt,suprema
a_018.txt,atividade
a_018.txt,elementos
a_018.txt,detalhadamente
a_018.txt,negocio
a_018.txt,bahia
a_018.txt,depredacao
a_018.txt,machado
a_018.txt,concluiu
a_018.txt,humanos
a_018.txt,conselho
a_018.txt,configure
a_018.txt,configurado
a_018.txt,exigida
a_018.txt,sigilo
a_018.txt,atribuicao
a_018.txt,partilhado
a_018.txt,intencoes
a_018.txt,linchamento
a_018.txt,republicanas
a_018.txt,vejamos
a_018.txt,partes
a_018.txt,revela
a_018.txt,zocal
a_018.txt,entidades
a_018.txt,rachel
a_018.txt,perenidade
a_018.txt,bezerra
a_018.txt,honorabilidade
a_018.txt,contida
a_018.txt,associaram
a_018.txt,originarias
a_018.txt,patricia
a_018.txt,carece
a_018.txt,encarado
a_018.txt,vitorino
a_018.txt,reconhecer
a_018.txt,exigencias
a_018.txt,esta
a_018.txt,praticados
a_018.txt,identificados
a_018.txt,direcionados
a_018.txt,sentenca
a_018.txt,minimas
a_018.txt,constatacao
a_018.txt,regimental
a_018.txt,reduzir
a_018.txt,imediatamente
a_018.txt,conformidade
a_018.txt,instrumentos
a_018.txt,demonstrativa
a_018.txt,preso
a_018.txt,permitam
a_018.txt,diante
a_018.txt,juntamente
a_018.txt,renata
a_018.txt,escopo
a_018.txt,graziela
a_018.txt,respeitados
a_018.txt,declarado
a_018.txt,admitem
a_018.txt,abril
a_018.txt,orgs
a_018.txt,longo
a_018.txt,enuncia
a_018.txt,ronaldo
a_018.txt,joel
a_018.txt,secretaria
a_018.txt,instancias
a_018.txt,alguma
a_018.txt,processual
a_018.txt,rezilda
a_018.txt,promoverem
a_018.txt,tramitam
a_018.txt,lourenco
a_018.txt,analisadas
a_018.txt,desta
a_018.txt,orgaos
a_018.txt,distribuido
a_018.txt,demonstre
a_018.txt,panorama
a_018.txt,adotado
a_018.txt,d
a_018.txt,encaixa
a_018.txt,permaneceram
a_018.txt,administrador
a_018.txt,incitado
a_018.txt,maioria
a_018.txt,introito
a_018.txt,relevantes
a_018.txt,sempre
a_018.txt,abstrato
a_018.txt,professor
a_018.txt,torres
a_018.txt,igualmente
a_018.txt,jefferson
a_018.txt,autenticardocumento
a_018.txt,conflitos
a_018.txt,envida
a_018.txt,examinada
a_018.txt,sede
a_018.txt,nesses
a_018.txt,unidades
a_018.txt,objetive
a_018.txt,proibicao
a_018.txt,leal
a_018.txt,excertos
a_018.txt,antiga
a_018.txt,curitiba
a_018.txt,eliete
a_018.txt,dela
a_018.txt,acordo
a_018.txt,reivindicarem
a_018.txt,lopes
a_018.txt,educacao
a_018.txt,constituicoes
a_018.txt,legais
a_018.txt,cf
a_018.txt,vislumbrando
a_018.txt,americana
a_018.txt,violacao
a_018.txt,materiae
a_018.txt,respostas
a_018.txt,helena
a_018.txt,classificacao
a_018.txt,coimplicados
a_018.txt,uso
a_018.txt,reiterar
a_018.txt,mostra
a_018.txt,mazzega
a_018.txt,implicar
a_018.txt,temerarias
a_018.txt,sustentado
a_018.txt,intuito
a_018.txt,brasileiro
a_018.txt,conduta
a_018.txt,verificavel
a_018.txt,senao
a_018.txt,tiago
a_018.txt,esteira
a_018.txt,imediacoes
a_018.txt,legitimamente
a_018.txt,ww
a_018.txt,diferentemente
a_018.txt,inviabilizada
a_018.txt,individualize
a_018.txt,autoridade
a_018.txt,caetano
a_018.txt,eles
a_018.txt,prerrogativa
a_018.txt,previa
a_018.txt,pimentel
a_018.txt,sirlei
a_018.txt,canto
a_018.txt,antecedentes
a_018.txt,pessoalmente
a_018.txt,cavalini
a_018.txt,instauradas
a_018.txt,lados
a_018.txt,semelhante
a_018.txt,tailandia
a_018.txt,nascimento
a_018.txt,modificar
a_018.txt,roc
a_018.txt,participou
a_018.txt,imprescindivel
a_018.txt,constam
a_018.txt,interregno
a_018.txt,nenhuma
a_018.txt,incitando
a_018.txt,engendrada
a_018.txt,consagrado
a_018.txt,capacidade
a_018.txt,estadios
a_018.txt,consumada
a_018.txt,ensejou
a_018.txt,aditar
a_018.txt,remota
a_018.txt,carregamento
a_018.txt,destruicao
a_018.txt,vide
a_018.txt,refeicoes
a_018.txt,voltando
a_018.txt,sobradinho
a_018.txt,exigir
a_018.txt,consideradas
a_018.txt,observados
a_018.txt,mendonca
a_018.txt,ivan
a_018.txt,individual
a_018.txt,denuncias
a_018.txt,anterior
a_018.txt,indeterminada
a_018.txt,magno
a_018.txt,correm
a_018.txt,suspensa
a_018.txt,constituem
a_018.txt,separado
a_018.txt,motivar
a_018.txt,construcao
a_018.txt,lugares
a_018.txt,parte
a_018.txt,precipuamente
a_018.txt,amplificado
a_018.txt,fake_news
a_018.txt,envolvendo
a_018.txt,dependencias
a_018.txt,concreta
a_018.txt,trazida
a_018.txt,noite
a_018.txt,isso
a_018.txt,recente
a_018.txt,carregando
a_018.txt,optar
a_018.txt,fotos
a_018.txt,outrossim
a_018.txt,naquele
a_018.txt,alega
a_018.txt,pasquini
a_018.txt,especifica
a_018.txt,trazer
a_018.txt,estariam
a_018.txt,oferecida
a_018.txt,recomendariam
a_018.txt,afasta
a_018.txt,servicos
a_018.txt,suspensao
a_018.txt,crime
a_018.txt,envergadura
a_018.txt,consequencias
a_018.txt,diplomacao
a_018.txt,deles
a_018.txt,sala
a_018.txt,demonstrou
a_018.txt,implantar
a_018.txt,plenitude
a_018.txt,ministros
a_018.txt,investiga
a_018.txt,resposta
a_018.txt,bemfica
a_018.txt,devam
a_018.txt,roubo
a_018.txt,vida
a_018.txt,magistratura
a_018.txt,lisura
a_018.txt,organizacao
a_018.txt,subprocurador
a_018.txt,popular
a_018.txt,meras
a_018.txt,ementas
a_018.txt,xenofobia
a_018.txt,recorde
a_018.txt,atua
a_018.txt,crer
a_018.txt,gilberto
a_018.txt,colacionadas
a_018.txt,demetrio
a_018.txt,deus
a_018.txt,determinavam
a_018.txt,denunciado
a_018.txt,eticos
a_018.txt,criterio
a_018.txt,constitui
a_018.txt,abr
a_018.txt,possa
a_018.txt,estados
a_018.txt,realiza
a_018.txt,revelia
a_018.txt,agravos
a_018.txt,rosana
a_018.txt,definidos
a_018.txt,complementares
a_018.txt,manipulacao
a_018.txt,afirmou
a_018.txt,paulo
a_018.txt,pgr
a_018.txt,nome
a_018.txt,contribuicao
a_018.txt,fins
a_018.txt,concretas
a_018.txt,negociacoes
a_018.txt,geral
a_018.txt,cabe
a_018.txt,dirigirem
a_018.txt,diligencia
a_018.txt,maia
a_018.txt,decretadas
a_018.txt,publico
a_018.txt,vistos
a_018.txt,fundamento
a_018.txt,organismo
a_018.txt,geschaftsordnungen
a_018.txt,desenvolvimento
a_018.txt,pelos
a_018.txt,privilegiado
a_018.txt,sinalizar
a_018.txt,wellington
a_018.txt,beneficio
a_018.txt,compreender
a_018.txt,referem
a_018.txt,bnds
a_018.txt,participar
a_018.txt,alemao
a_018.txt,nossa
a_018.txt,inferior
a_018.txt,injuriandi
a_018.txt,romildo
a_018.txt,lava
a_018.txt,tentou
a_018.txt,perfeita
a_018.txt,formais
a_018.txt,milicias_digitais
a_018.txt,decorre
a_018.txt,restara
a_018.txt,comuns
a_018.txt,absoluto
a_018.txt,indigitados
a_018.txt,operacionais
a_018.txt,excepcionalissima
a_018.txt,serie
a_018.txt,participaram
a_018.txt,militar
a_018.txt,demonstrem
a_018.txt,institucionais
a_018.txt,castro
a_018.txt,declarada
a_018.txt,conduzidos
a_018.txt,amauri
a_018.txt,materializacao
a_018.txt,psicologica
a_018.txt,vanderlei
a_018.txt,lucia
a_018.txt,ivanildo
a_018.txt,praticadas
a_018.txt,procedimento
a_018.txt,farao
a_018.txt,poderiam
a_018.txt,molina
a_018.txt,chamado
a_018.txt,determinado
a_018.txt,rosineia
a_018.txt,apresentou
a_018.txt,delimitar
a_018.txt,lesivo
a_018.txt,recebida
a_018.txt,implicito
a_018.txt,graves
a_018.txt,esses
a_018.txt,serenamente
a_018.txt,nesse
a_018.txt,regra
a_018.txt,despenalizadora
a_018.txt,fiz
a_018.txt,prevenir
a_018.txt,centro
a_018.txt,horas
a_018.txt,wanderlei
a_018.txt,reconhecido
a_018.txt,ditames
a_018.txt,apresentacao
a_018.txt,executivo
a_018.txt,relatora
a_018.txt,patrio
a_018.txt,exclusividade
a_018.txt,brasileira
a_018.txt,certa
a_018.txt,violentas
a_018.txt,reuters
a_018.txt,seguridad
a_018.txt,pediam
a_018.txt,admite
a_018.txt,aderiram
a_018.txt,ostensividade
a_018.txt,postulantes
a_018.txt,maxima
a_018.txt,previsoes
a_018.txt,referentes
a_018.txt,individualizada
a_018.txt,formada
a_018.txt,determinados
a_018.txt,fragilidade
a_018.txt,extraidos
a_018.txt,cp
a_018.txt,litigio
a_018.txt,tecerem
a_018.txt,alterou
a_018.txt,explicitou
a_018.txt,aderirem
a_018.txt,anticrime
a_018.txt,veemente
a_018.txt,ensinamentos
a_018.txt,mudanca
a_018.txt,autor
a_018.txt,plataformas
a_018.txt,invasores
a_018.txt,vencido
a_018.txt,local
a_018.txt,constitucionais
a_018.txt,golpistas
a_018.txt,podem
a_018.txt,financeira
a_018.txt,causas
a_018.txt,absolutamente
a_018.txt,faff
a_018.txt,almeida
a_018.txt,ement
a_018.txt,danificou
a_018.txt,vigora
a_018.txt,fantoches
a_018.txt,objetivos
a_018.txt,existira
a_018.txt,assim
a_018.txt,sinalizacao
a_018.txt,seguida
a_018.txt,desejos
a_018.txt,colombo
a_018.txt,abstratos
a_018.txt,adequada
a_018.txt,harmonizavam
a_018.txt,h
a_018.txt,principal
a_018.txt,isoladamente
a_018.txt,correr
a_018.txt,seriam
a_018.txt,disposto
a_018.txt,incluidas
a_018.txt,magna
a_018.txt,rcl
a_018.txt,poder
a_018.txt,cognicao
a_018.txt,articulacao
a_018.txt,reus
a_018.txt,inicie
a_018.txt,expor
a_018.txt,allan
a_018.txt,palma
a_018.txt,faziam
a_018.txt,votos
a_018.txt,unido
a_018.txt,delegacao
a_018.txt,sucinta
a_018.txt,marcio
a_018.txt,apontou
a_018.txt,justa
a_018.txt,interesses
a_018.txt,desempenhadas
a_018.txt,inexistencia
a_018.txt,codigos
a_018.txt,apesar
a_018.txt,ocorrer
a_018.txt,teori
a_018.txt,defenderem
a_018.txt,eletronicos
a_018.txt,investigada
a_018.txt,faz
a_018.txt,restringindo
a_018.txt,sequencia
a_018.txt,distinta
a_018.txt,material
a_018.txt,ilacao
a_018.txt,senhores
a_018.txt,temporal
a_018.txt,excelso
a_018.txt,viabilizar
a_018.txt,ostensiva
a_018.txt,desinibidoras
a_018.txt,mpsp
a_018.txt,curiosos
a_018.txt,materialidade
a_018.txt,extintivas
a_018.txt,willer
a_018.txt,beatriz
a_018.txt,funcoes
a_018.txt,vitimas
a_018.txt,vedada
a_018.txt,reeleito
a_018.txt,edson
a_018.txt,perturbando
a_018.txt,incontroverso
a_018.txt,suporte
a_018.txt,hc
a_018.txt,dessa
a_018.txt,agr
a_018.txt,posterior
a_018.txt,rebeca
a_018.txt,incurso
a_018.txt,coautoria
a_018.txt,fim
a_018.txt,decisoes
a_018.txt,prorrogada
a_018.txt,gerais
a_018.txt,policia
a_018.txt,oferece
a_018.txt,gaviraghi
a_018.txt,indevido
a_018.txt,expostos
a_018.txt,senador
a_018.txt,aberta
a_018.txt,detalhada
a_018.txt,marco
a_018.txt,disposicao
a_018.txt,apresentadas
a_018.txt,remetidas
a_018.txt,romilde
a_018.txt,silva
a_018.txt,julgar
a_018.txt,participacoes
a_018.txt,destes
a_018.txt,quibus
a_018.txt,confianca
a_018.txt,salientado
a_018.txt,instalada
a_018.txt,descrevem
a_018.txt,caracterizar
a_018.txt,outros
a_018.txt,acompanhou
a_018.txt,orleans
a_018.txt,ineptas
a_018.txt,inicial
a_018.txt,investigadas
a_018.txt,possam
a_018.txt,socio
a_018.txt,seibert
a_018.txt,alberto
a_018.txt,gabriela
a_018.txt,clarissa
a_018.txt,ementado
a_018.txt,registre
a_018.txt,vitoria
a_018.txt,recebeu
a_018.txt,remetendo
a_018.txt,rilva
a_018.txt,cidade
a_018.txt,sedimentada
a_018.txt,responder
a_018.txt,teixeira
a_018.txt,minas
a_018.txt,proprietaria
a_018.txt,provavel
a_018.txt,rede_social
a_018.txt,tanto
a_018.txt,silvia
a_018.txt,operador
a_018.txt,tratou
a_018.txt,cargos
a_018.txt,lamentaveis
a_018.txt,estendida
a_018.txt,discricionario
a_018.txt,teatro
a_018.txt,fornecesse
a_018.txt,sistema
a_018.txt,consubstanciada
a_018.txt,tcu
a_018.txt,fundado
a_018.txt,deu
a_018.txt,verdadeiro
a_018.txt,oferta
a_018.txt,roza
a_018.txt,jus
a_018.txt,havia
a_018.txt,distanciaram
a_018.txt,imparcialidade
a_018.txt,pedido
a_018.txt,marine
a_018.txt,mesmas
a_018.txt,tipicidade
a_018.txt,santo
a_018.txt,f
a_018.txt,participado
a_018.txt,expondo
a_018.txt,damasceno
a_018.txt,praticado
a_018.txt,hassemer
a_018.txt,vencida
a_018.txt,reboucas
a_018.txt,tecnico
a_018.txt,ba
a_018.txt,diligencias
a_018.txt,dessas
a_018.txt,reprovabilidade
a_018.txt,permaneceu
a_018.txt,perante
a_018.txt,gozem
a_018.txt,movimento
a_018.txt,gracie
a_018.txt,firmados
a_018.txt,rn
a_018.txt,continuar
a_018.txt,intervencoes
a_018.txt,buenos
a_018.txt,renegociacao
a_018.txt,convocacao
a_018.txt,ilva
a_018.txt,desatendimento
a_018.txt,recolhimento
a_018.txt,exigido
a_018.txt,efetivamente
a_018.txt,probatoria
a_018.txt,visando
a_018.txt,ordenamento
a_018.txt,preliminarmente
a_018.txt,processante
a_018.txt,index
a_018.txt,soriano
a_018.txt,sintya
a_018.txt,bases
a_018.txt,dolosos
a_018.txt,vandalismo
a_018.txt,desprovida
a_018.txt,belmonte
a_018.txt,converteu
a_018.txt,garantir
a_018.txt,protratz
a_018.txt,denunciados
a_018.txt,bojo
a_018.txt,resultantes
a_018.txt,proposito
a_018.txt,leme
a_018.txt,comum
a_018.txt,reunirem
a_018.txt,hammes
a_018.txt,idem
a_018.txt,precedentes
a_018.txt,convidadas
a_018.txt,materia
a_018.txt,encerramento
a_018.txt,fazendo
a_018.txt,totalizado
a_018.txt,deram
a_018.txt,geolocalizacao
a_018.txt,del
a_018.txt,afrontoso
a_018.txt,necessitando
a_018.txt,emilio
a_018.txt,mesmo
a_018.txt,estrita
a_018.txt,indicam
a_018.txt,rudinei
a_018.txt,proposto
a_018.txt,parece
a_018.txt,essencialmente
a_018.txt,premiada
a_018.txt,tirania
a_018.txt,arvorar
a_018.txt,bittencourt
a_018.txt,pude
a_018.txt,causando
a_018.txt,futura
a_018.txt,flagrante
a_018.txt,essa
a_018.txt,bastos
a_018.txt,virtual
a_018.txt,estiverem
a_018.txt,metade
a_018.txt,merito
a_018.txt,casos
a_018.txt,mandato
a_018.txt,acabou
a_018.txt,i
a_018.txt,tivessem
a_018.txt,momentos
a_018.txt,recai
a_018.txt,autoritarismo
a_018.txt,esfera
a_018.txt,sidneia
a_018.txt,atribuicoes
a_018.txt,vencedor
a_018.txt,crencas
a_018.txt,danos
a_018.txt,quadrilha
a_018.txt,santa
a_018.txt,pet
a_018.txt,relativamente
a_018.txt,culminando
a_018.txt,alteracoes
a_018.txt,maximo
a_018.txt,mediante
a_018.txt,politicas
a_018.txt,itavo
a_018.txt,borin
a_018.txt,caracterizadores
a_018.txt,garantira
a_018.txt,crimen
a_018.txt,epublica
a_018.txt,presidencia
a_018.txt,afericao
a_018.txt,j
a_018.txt,dispensado
a_018.txt,demonstrado
a_018.txt,marcia
a_018.txt,dever
a_018.txt,ulisses
a_018.txt,apresentaram
a_018.txt,esplanada
a_018.txt,folha
a_018.txt,vez
a_018.txt,flavio
a_018.txt,alcancada
a_018.txt,novo
a_018.txt,adenilson
a_018.txt,saraiva
a_018.txt,liberdade
a_018.txt,respeito
a_018.txt,fosse
a_018.txt,alcance
a_018.txt,pagina
a_018.txt,pleiteia
a_018.txt,vicio
a_018.txt,respectiva
a_018.txt,elaboracao
a_018.txt,violentos
a_018.txt,aspectos
a_018.txt,protecao
a_018.txt,representaria
a_018.txt,bolsonaro
a_018.txt,sucumbe
a_018.txt,silvana
a_018.txt,conheca
a_018.txt,decorreu
a_018.txt,conjuntamente
a_018.txt,providos
a_018.txt,certo
a_018.txt,pretorio
a_018.txt,bvr
a_018.txt,extraordinaria
a_018.txt,facultada
a_018.txt,sintese
a_018.txt,inferir
a_018.txt,coelho
a_018.txt,estrangeiro
a_018.txt,santarem
a_018.txt,ocorreram
a_018.txt,geraria
a_018.txt,moveu
a_018.txt,janeiro
a_018.txt,consciencia
a_018.txt,fato
a_018.txt,pandemia
a_018.txt,interrogatorio
a_018.txt,weligton
a_018.txt,imovel
a_018.txt,monetizacao
a_018.txt,cristalina
a_018.txt,kelly
a_018.txt,eleitoral
a_018.txt,previstas
a_018.txt,salientou
a_018.txt,talita
a_018.txt,conta
a_018.txt,acusado
a_018.txt,caracteristica
a_018.txt,jornalisticas
a_018.txt,demanda
a_018.txt,garantia
a_018.txt,relatoria
a_018.txt,ferro
a_018.txt,perspectiva
a_018.txt,serena
a_018.txt,populacao
a_018.txt,falta
a_018.txt,contexto
a_018.txt,vieira
a_018.txt,inacio
a_018.txt,adequacao
a_018.txt,diplomatica
a_018.txt,objeto
a_018.txt,atuado
a_018.txt,realizar
a_018.txt,denunciacoes
a_018.txt,gomes
a_018.txt,competentes
a_018.txt,surgimento
a_018.txt,caracterizacao
a_018.txt,defesa
a_018.txt,jurisdicao
a_018.txt,preliminar
a_018.txt,primeiros
a_018.txt,difamacao
a_018.txt,sampaio
a_018.txt,candeia
a_018.txt,qualificado
a_018.txt,suposto
a_018.txt,comprovacao
a_018.txt,estabelecidos
a_018.txt,luvizuto
a_018.txt,t
a_018.txt,protege
a_018.txt,insuficientes
a_018.txt,depredacoes
a_018.txt,oportunidade
a_018.txt,coinvestigados
a_018.txt,separacao
a_018.txt,indispensavel
a_018.txt,concretiza
a_018.txt,vanderson
a_018.txt,chegaram
a_018.txt,arbitrario
a_018.txt,sideir
a_018.txt,bavini
a_018.txt,interpretada
a_018.txt,necessaria
a_018.txt,opinioes
a_018.txt,r
a_018.txt,sui
a_018.txt,internacional
a_018.txt,diversos
a_018.txt,turno
a_018.txt,julia
a_018.txt,impassivel
a_018.txt,afasto
a_018.txt,apresentado
a_018.txt,mp
a_018.txt,edmilson
a_018.txt,patrick
a_018.txt,consequente
a_018.txt,narrados
a_018.txt,extradicao
a_018.txt,ltda
a_018.txt,menor
a_018.txt,invadindo
a_018.txt,velloso
a_018.txt,quomodo
a_018.txt,recebo
a_018.txt,valdir
a_018.txt,elena
a_018.txt,vargas
a_018.txt,busca
a_018.txt,acusadas
a_018.txt,franco
a_018.txt,vogal
a_018.txt,descritas
a_018.txt,devera
a_018.txt,narram
a_018.txt,julgadas
a_018.txt,redes_sociais
a_018.txt,ristf
a_018.txt,zacharias
a_018.txt,ausentes
a_018.txt,l
a_018.txt,honra
a_018.txt,julgamentos
a_018.txt,configurada
a_018.txt,cezar
a_018.txt,vincula
a_018.txt,massoterapia
a_018.txt,houvesse
a_018.txt,merecendo
a_018.txt,deputada
a_018.txt,considerada
a_018.txt,excepcionalmente
a_018.txt,veranes
a_018.txt,considerado
a_018.txt,superado
a_018.txt,acolhimento
a_018.txt,prazo
a_018.txt,nquerito
a_018.txt,militares
a_018.txt,servidores
a_018.txt,olvidar
a_018.txt,denominada
a_018.txt,arthur
a_018.txt,envolvimento
a_018.txt,significativamente
a_018.txt,exemplos
a_018.txt,erthal
a_018.txt,uniu
a_018.txt,prestaram
a_018.txt,aquele
a_018.txt,investigacoes
a_018.txt,azevedo
a_018.txt,zahaila
a_018.txt,houver
a_018.txt,viana
a_018.txt,obra
a_018.txt,funcional
a_018.txt,intelectuais
a_018.txt,ressalva
a_018.txt,indeterminados
a_018.txt,adotar
a_018.txt,fragmento
a_018.txt,public
a_018.txt,determina
a_018.txt,tsuyoshi
a_018.txt,realizado
a_018.txt,arquivado
a_018.txt,meira
a_018.txt,dispersas
a_018.txt,cidades
a_018.txt,defesas
a_018.txt,pendente
a_018.txt,clausulas
a_018.txt,moraes
a_018.txt,fundamentais
a_018.txt,jediel
a_018.txt,cezarbitencourt
a_018.txt,neto
a_018.txt,passando
a_018.txt,nogueira
a_018.txt,deixou
a_018.txt,privado
a_018.txt,observo
a_018.txt,autenticacao
a_018.txt,regimentais
a_018.txt,doutrina
a_018.txt,concretizam
a_018.txt,gustavo
a_018.txt,hipoteses
a_018.txt,gerson
a_018.txt,permanente
a_018.txt,seguramente
a_018.txt,wesdra
a_018.txt,analisada
a_018.txt,canuto
a_018.txt,nitidos
a_018.txt,ameacando
a_018.txt,admissibilidade
a_018.txt,receber
a_018.txt,querelados
a_018.txt,consideracao
a_018.txt,narracao
a_018.txt,comprovaveis
a_018.txt,juris
a_018.txt,passou
a_018.txt,modificacao
a_018.txt,aloizio
a_018.txt,instalacoes
a_018.txt,essas
a_018.txt,inteiro
a_018.txt,acesso
a_018.txt,sinaliza
a_018.txt,conjunto
a_018.txt,ordens
a_018.txt,anibal
a_018.txt,transacoes
a_018.txt,informacao
a_018.txt,financiadores
a_018.txt,estabelecendo
a_018.txt,lau
a_018.txt,colhe
a_018.txt,bem
a_018.txt,estrutura
a_018.txt,alinea
a_018.txt,antidemocraticos
a_018.txt,daquele
a_018.txt,algo
a_018.txt,importantes
a_018.txt,mateus
a_018.txt,renato
a_018.txt,comandantes
a_018.txt,midias
a_018.txt,faria
a_018.txt,merecem
a_018.txt,consiste
a_018.txt,breve
a_018.txt,pautadas
a_018.txt,dar
a_018.txt,remanesce
a_018.txt,convencer
a_018.txt,possui
a_018.txt,avancou
a_018.txt,decidiu
a_018.txt,indisponiveis
a_018.txt,adotando
a_018.txt,principio
a_018.txt,formuladas
a_018.txt,concedida
a_018.txt,rejeitavam
a_018.txt,discordando
a_018.txt,saudoso
a_018.txt,mandamento
a_018.txt,dirigida
a_018.txt,texto
a_018.txt,termos
a_018.txt,junho
a_018.txt,originariamente
a_018.txt,multitudinario
a_018.txt,praca
a_018.txt,estavam
a_018.txt,britto
a_018.txt,ublico
a_018.txt,gritos
a_018.txt,asseverar
a_018.txt,trafico
a_018.txt,certeza
a_018.txt,fundamentos
a_018.txt,suposta
a_018.txt,associacao
a_018.txt,proclamadas
a_018.txt,salvaguardar
a_018.txt,lado
a_018.txt,determinaram
a_018.txt,andamento
a_018.txt,arros
a_018.txt,proprios
a_018.txt,publicizados
a_018.txt,observadas
a_018.txt,quingentesimo
a_018.txt,injusto
a_018.txt,confere
a_018.txt,guimaraes
a_018.txt,estar
a_018.txt,barreiras
a_018.txt,inciso
a_018.txt,provas
a_018.txt,aniquilar
a_018.txt,garante
a_018.txt,judiciario
a_018.txt,descritivamente
a_018.txt,soares
a_018.txt,continuidade
a_018.txt,tomadas
a_018.txt,deixado
a_018.txt,portanto
a_018.txt,instigacao
a_018.txt,infracoes
a_018.txt,abaixo
a_018.txt,relevo
a_018.txt,semanas
a_018.txt,advogada
a_018.txt,sebastiao
a_018.txt,administrativo
a_018.txt,integrante
a_018.txt,aglomeracoes
a_018.txt,proporcoes
a_018.txt,fraudulentas
a_018.txt,jesildo
a_018.txt,atlas
a_018.txt,enhor
a_018.txt,executores
a_018.txt,cabera
a_018.txt,acusatoria
a_018.txt,gilmar
a_018.txt,feito
a_018.txt,nullum
a_018.txt,eliane
a_018.txt,suspeitos
a_018.txt,cometimento
a_018.txt,poderao
a_018.txt,colacionando
a_018.txt,precisa
a_018.txt,mirabete
a_018.txt,signatario
a_018.txt,acabar
a_018.txt,verifique
a_018.txt,baseada
a_018.txt,doacoes
a_018.txt,contrarias
a_018.txt,expressivo
a_018.txt,josevaldo
a_018.txt,ederson
a_018.txt,solicitada
a_018.txt,passiveis
a_018.txt,componentes
a_018.txt,censura
a_018.txt,imprensa
a_018.txt,igual
a_018.txt,ora
a_018.txt,discriminacao
a_018.txt,dialogos
a_018.txt,toron
a_018.txt,acampada
a_018.txt,relativo
a_018.txt,affonso
a_018.txt,dezenas
a_018.txt,empresa
a_018.txt,designios
a_018.txt,tantos
a_018.txt,investigatoria
a_018.txt,depredado
a_018.txt,detrimento
a_018.txt,preservacao
a_018.txt,detinha
a_018.txt,jose
a_018.txt,dissolucao
a_018.txt,prado
a_018.txt,originalmente
a_018.txt,partir
a_018.txt,tendencia
a_018.txt,detidas
a_018.txt,condicao
a_018.txt,reiterada
a_018.txt,mera
a_018.txt,meio
a_018.txt,grave
a_018.txt,pedro
a_018.txt,https
a_018.txt,oferecido
a_018.txt,homogeneidade
a_018.txt,raquel
a_018.txt,gp
a_018.txt,marisa
a_018.txt,paragrafo
a_018.txt,pacote
a_018.txt,democratico
a_018.txt,figuram
a_018.txt,concreto
a_018.txt,nada
a_018.txt,serios
a_018.txt,ocasionar
a_018.txt,ressalvado
a_018.txt,detentoras
a_018.txt,mensagens
a_018.txt,enquanto
a_018.txt,laudino
a_018.txt,divulg
a_018.txt,parlamentares
a_018.txt,judicialmente
a_018.txt,integrantes
a_018.txt,queima
a_018.txt,alargando
a_018.txt,diferentes
a_018.txt,composta
a_018.txt,zilda
a_018.txt,mantinham
a_018.txt,atipicidade
a_018.txt,omissao
a_018.txt,contravencoes
a_018.txt,grupo
a_018.txt,sustenta
a_018.txt,sidnei
a_018.txt,waiapi
a_018.txt,concertem
a_018.txt,recentemente
a_018.txt,composto
a_018.txt,aderindo
a_018.txt,contem
a_018.txt,coacusados
a_018.txt,direcionada
a_018.txt,mes
a_018.txt,vislumbro
a_018.txt,procedimentos
a_018.txt,arquivamento
a_018.txt,cardoso
a_018.txt,opuseram
a_018.txt,verificacao
a_018.txt,motivo
a_018.txt,vigilante
a_018.txt,lumen
a_018.txt,winfred
a_018.txt,advir
a_018.txt,tese
a_018.txt,luis
a_018.txt,principalmente
a_018.txt,conhecimento
a_018.txt,acrescento
a_018.txt,ilicito
a_018.txt,jesus
a_018.txt,nucleos
a_018.txt,indireta
a_018.txt,milton
a_018.txt,identificada
a_018.txt,org
a_018.txt,sandra
a_018.txt,controlar
a_018.txt,tipicas
a_018.txt,aludido
a_018.txt,crimes
a_018.txt,agora
a_018.txt,turba
a_018.txt,assegura
a_018.txt,rosario
a_018.txt,operacao
a_018.txt,rosilei
a_018.txt,consolidada
a_018.txt,estejam
a_018.txt,seguindo
a_018.txt,violado
a_018.txt,malfadada
a_018.txt,autoria
a_018.txt,adv
a_018.txt,governo
a_018.txt,respectivos
a_018.txt,elucidaram
a_018.txt,tematico
a_018.txt,mencionado
a_018.txt,observado
a_018.txt,insurgencia
a_018.txt,habeas
a_018.txt,finalmente
a_018.txt,falsas
a_018.txt,douglas
a_018.txt,queixa
a_018.txt,preencheria
a_018.txt,criminosos
a_018.txt,ob
a_018.txt,certidao
a_018.txt,ultimos
a_018.txt,restritiva
a_018.txt,aferivel
a_018.txt,proced
a_018.txt,ocupado
a_018.txt,passo
a_018.txt,esse
a_018.txt,renan
a_018.txt,bitencourt
a_018.txt,venias
a_018.txt,unir
a_018.txt,conexao
a_018.txt,fachin
a_018.txt,gisele
a_018.txt,otavio
a_018.txt,aquela
a_018.txt,nascido
a_018.txt,relativas
a_018.txt,notificado
a_018.txt,acolhe
a_018.txt,corpus
a_018.txt,elas
a_018.txt,thatielly
a_018.txt,anteriores
a_018.txt,delinquente
a_018.txt,realce
a_018.txt,objetivas
a_018.txt,janete
a_018.txt,artistico
a_018.txt,criticamente
a_018.txt,cooperacao
a_018.txt,preenchimento
a_018.txt,massas
a_018.txt,investidos
a_018.txt,indicadas
a_018.txt,saiba
a_018.txt,ante
a_018.txt,partem
a_018.txt,infracao
a_018.txt,excitacoes
a_018.txt,manifestacao
a_018.txt,investigam
a_018.txt,badaro
a_018.txt,solicitou
a_018.txt,palacio_do_planalto
a_018.txt,vinicius
a_018.txt,culposos
a_018.txt,katia
a_018.txt,continuou
a_018.txt,kicis
a_018.txt,tarde
a_018.txt,linchamentos
a_018.txt,sido
a_018.txt,qo
a_018.txt,obrigatoriedade
a_018.txt,relacionados
a_018.txt,extincao
a_018.txt,pp
a_018.txt,zulene
a_018.txt,criminal
a_018.txt,citados
a_018.txt,atenderam
a_018.txt,posicoes
a_018.txt,noticia
a_018.txt,praticou
a_018.txt,facil
a_018.txt,campo
a_018.txt,onilda
a_018.txt,necessarios
a_018.txt,volta
a_018.txt,prosseguindo
a_018.txt,introducao
a_018.txt,ter
a_018.txt,assegurado
a_018.txt,robertina
a_018.txt,xavier
a_018.txt,integralmente
a_018.txt,relacao
a_018.txt,ministerio
a_018.txt,fabbrini
a_018.txt,discurso
a_018.txt,marcelo
a_018.txt,orienta
a_018.txt,futebol
a_018.txt,depende
a_018.txt,sedes
a_018.txt,oriundas
a_018.txt,rua
a_018.txt,formulacao
a_018.txt,acao
a_018.txt,golpe
a_018.txt,violenta
a_018.txt,priori
a_018.txt,pelo
a_018.txt,questao
a_018.txt,racionalidade
a_018.txt,derecho
a_018.txt,este
a_018.txt,setor
a_018.txt,aqui
a_018.txt,execucao
a_018.txt,promover
a_018.txt,testemunhas
a_018.txt,investigacao
a_018.txt,lincoln
a_018.txt,diversidade
a_018.txt,vitima
a_018.txt,terminou
a_018.txt,idoneos
a_018.txt,condicoes
a_018.txt,acusador
a_018.txt,dotada
a_018.txt,envidando
a_018.txt,quartel
a_018.txt,martins
a_018.txt,delito
a_018.txt,definitivo
a_018.txt,figuras
a_018.txt,bandeira
a_018.txt,mato
a_018.txt,varios
a_018.txt,questoes
a_018.txt,lucas
a_018.txt,tamanha
a_018.txt,inepcia
a_018.txt,permitiu
a_018.txt,insuflava
a_018.txt,integridade
a_018.txt,coinvestigado
a_018.txt,registrem
a_018.txt,cargo
a_018.txt,estabelecido
a_018.txt,atingem
a_018.txt,confeccao
a_018.txt,vanderleia
a_018.txt,exterior
a_018.txt,joao
a_018.txt,divulgacao
a_018.txt,contribuem
a_018.txt,adaptando
a_018.txt,gildemar
a_018.txt,consideracoes
a_018.txt,barbosa
a_018.txt,vezes
a_018.txt,organizassem
a_018.txt,apurou
a_018.txt,delituosa
a_018.txt,parlamentar
a_018.txt,nele
a_018.txt,iv
a_018.txt,paz
a_018.txt,coautores
a_018.txt,incompetentes
a_018.txt,sorte
a_018.txt,braga
a_018.txt,olvida
a_018.txt,citada
a_018.txt,tadeu
a_018.txt,regasse
a_018.txt,xvi
a_018.txt,perduraram
a_018.txt,etc
a_018.txt,nitida
a_018.txt,temos
a_018.txt,acusados
a_018.txt,destacar
a_018.txt,pleito
a_018.txt,vossa
a_018.txt,investigarem
a_018.txt,instalacao
a_018.txt,seguinte
a_018.txt,manutencao
a_018.txt,impropriedade
a_018.txt,visao
a_018.txt,atendimento
a_018.txt,gor
a_018.txt,agentes
a_018.txt,reunir
a_018.txt,proxima
a_018.txt,responsabilizacao
a_018.txt,tinham
a_018.txt,converte
a_018.txt,evitar
a_018.txt,vigente
a_018.txt,comandante
a_018.txt,direito
a_018.txt,jurgem
a_018.txt,deve
a_018.txt,liderarem
a_018.txt,apontar
a_018.txt,igor
a_018.txt,imputar
a_018.txt,desprovido
a_018.txt,influenciar
a_018.txt,nem
a_018.txt,participante
a_018.txt,sabido
a_018.txt,cecilia
a_018.txt,foro
a_018.txt,flavia
a_018.txt,inadmissiveis
a_018.txt,oportuno
a_018.txt,politicos
a_018.txt,alves
a_018.txt,codigo
a_018.txt,encontrarem
a_018.txt,prosseguimento
a_018.txt,oferecidas
a_018.txt,imputado
a_018.txt,cometidos
a_018.txt,concerne
a_018.txt,intransponiveis
a_018.txt,consagra
a_018.txt,proibir
a_018.txt,reunioes
a_018.txt,depois
a_018.txt,ministerial
a_018.txt,perigo
a_018.txt,distribuida
a_018.txt,presumir
a_018.txt,reveste
a_018.txt,individualizados
a_018.txt,rafael
a_018.txt,crispin
a_018.txt,pese
a_018.txt,aprovacao
a_018.txt,incorporados
a_018.txt,tania
a_018.txt,democraticos
a_018.txt,indicar
a_018.txt,ventilados
a_018.txt,regionais
a_018.txt,mariza
a_018.txt,comento
a_018.txt,revelar
a_018.txt,tomada
a_018.txt,discricionariedade
a_018.txt,nilo
a_018.txt,probabilidades
a_018.txt,naturalidade
a_018.txt,instrumental
a_018.txt,walisson
a_018.txt,demonstrados
a_018.txt,elaine
a_018.txt,academia
a_018.txt,individuais
a_018.txt,historica
a_018.txt,alegou
a_018.txt,publica
a_018.txt,denunciar
a_018.txt,esquemas
a_018.txt,meloze
a_018.txt,tenorio
a_018.txt,gralak
a_018.txt,associou
a_018.txt,inegavel
a_018.txt,servico
a_018.txt,ditatoriais
a_018.txt,apreciacao
a_018.txt,coletiva
a_018.txt,amorim
a_018.txt,afastamento
a_018.txt,existir
a_018.txt,ano
a_018.txt,ruptura
a_018.txt,tamires
a_018.txt,invasoes
a_018.txt,continencia
a_018.txt,administracao
a_018.txt,recebimentos
a_018.txt,tivesse
a_018.txt,neste
a_018.txt,pratica
a_018.txt,diego
a_018.txt,presas
a_018.txt,extensao
a_018.txt,generalizacoes
a_018.txt,publicos
a_018.txt,recebimento
a_018.txt,tampouco
a_018.txt,decorrencia
a_018.txt,homicidio
a_018.txt,eventuais
a_018.txt,relativa
a_018.txt,filmagens
a_018.txt,fraude
a_018.txt,internos
a_018.txt,aurelio
a_018.txt,juizos
a_018.txt,pessoas
a_018.txt,contas
a_018.txt,eventos
a_018.txt,qualificacao
a_018.txt,trago
a_018.txt,momento
a_018.txt,agravante
a_018.txt,minimamente
a_018.txt,ofertadas
a_018.txt,identifiquei
a_018.txt,foram
a_018.txt,palavras
a_018.txt,comissao
a_018.txt,conhecido
a_018.txt,reiteradamente
a_018.txt,necessidade
a_018.txt,cabiveis
a_018.txt,responsabilizar
a_018.txt,vao
a_018.txt,ditadura
a_018.txt,general
a_018.txt,obrigado
a_018.txt,acontecido
a_018.txt,duzentos
a_018.txt,comprovadas
a_018.txt,tutela
a_018.txt,fator
a_018.txt,detidos
a_018.txt,definicao
a_018.txt,fixadas
a_018.txt,acordos
a_018.txt,servidor
a_018.txt,sobrinho
a_018.txt,quadro
a_018.txt,procedesse
a_018.txt,narra
a_018.txt,permita
a_018.txt,origem
a_018.txt,transicao
a_018.txt,familias
a_018.txt,contra
a_018.txt,aquelas
a_018.txt,atraves
a_018.txt,superada
a_018.txt,tentados
a_018.txt,consolidar
a_018.txt,venia
a_018.txt,familiares
a_018.txt,peticao
a_018.txt,mandado
a_018.txt,seguintes
a_018.txt,reis
a_018.txt,sumaria
a_018.txt,criminosa
a_018.txt,agravada
a_018.txt,revista_esmp
a_018.txt,galvao
a_018.txt,torrens
a_018.txt,protestos
a_018.txt,constitucionalidade
a_018.txt,emissao
a_018.txt,sirley
a_018.txt,tendo
a_018.txt,outubro
a_018.txt,agente
a_018.txt,aguilar
a_018.txt,mantendo
a_018.txt,fiscalizacao
a_018.txt,ffeeddeerraall
a_018.txt,pe
a_018.txt,derivada
a_018.txt,pudesse
a_018.txt,excluindo
a_018.txt,apontem
a_018.txt,constituindo
a_018.txt,defensiva
a_018.txt,possibilidade
a_018.txt,abstrata
a_018.txt,terma
a_018.txt,paridade
a_018.txt,afirma
a_018.txt,relevante
a_018.txt,grifei
a_018.txt,incursos
a_018.txt,representatividade
a_018.txt,jato
a_018.txt,fatica
a_018.txt,existencia
a_018.txt,transformar
a_018.txt,lagasse
a_018.txt,reconheceu
a_018.txt,cota
a_018.txt,chamou
a_018.txt,pessoa
a_018.txt,integrado
a_018.txt,estarao
a_018.txt,manha
a_018.txt,diverso
a_018.txt,montado
a_018.txt,silvane
a_018.txt,conseguir
a_018.txt,diversas
a_018.txt,unica
a_018.txt,peticionar
a_018.txt,proprio
a_018.txt,assumir
a_018.txt,apuradas
a_018.txt,objetivar
a_018.txt,lemos
a_018.txt,individuos
a_018.txt,levou
a_018.txt,situacao
a_018.txt,fase
a_018.txt,responsabilizados
a_018.txt,jorge
a_018.txt,uniformidade
a_018.txt,encontravam
a_018.txt,disse
a_018.txt,possuir
a_018.txt,casas
a_018.txt,adentraram
a_018.txt,referidos
a_018.txt,incompetencia
a_018.txt,presente
a_018.txt,edoc
a_018.txt,praticar
a_018.txt,positivista
a_018.txt,fernanda
a_018.txt,eletronico
a_018.txt,carmen
a_018.txt,descricoes
a_018.txt,meus
a_018.txt,cabendo
a_018.txt,essencial
a_018.txt,protestava
a_018.txt,autores
a_018.txt,bancaria
a_018.txt,oitivas
a_018.txt,pleiteando
a_018.txt,melo
a_018.txt,carta
a_018.txt,opcao
a_018.txt,ativa
a_018.txt,susi
a_018.txt,armazens
a_018.txt,eduardo
a_018.txt,depoimentos
a_018.txt,vol
a_018.txt,esfuma
a_018.txt,estritamente
a_018.txt,pontuam
a_018.txt,motivadas
a_018.txt,juntas
a_018.txt,prevencao
a_018.txt,chefe
a_018.txt,analise
a_018.txt,acoes
a_018.txt,santana
a_018.txt,motivadamente
a_018.txt,regime
a_018.txt,atuais
a_018.txt,destaco
a_018.txt,jurisprudencia
a_018.txt,correus
a_018.txt,referido
a_018.txt,saberia
a_018.txt,identifico
a_018.txt,impede
a_018.txt,legislador
a_018.txt,recursos
a_018.txt,un
a_018.txt,telmario
a_018.txt,prisoes
a_018.txt,izaldo
a_018.txt,exerca
a_018.txt,tratado
a_018.txt,faixas
a_018.txt,desmembramento
a_018.txt,atos
a_018.txt,aperfeicoadas
a_018.txt,presumindo
a_018.txt,nucleo
a_018.txt,difundidos
a_018.txt,etuagesimo
a_018.txt,medidas
a_018.txt,grau
a_018.txt,nvest
a_018.txt,questionando
a_018.txt,faze
a_018.txt,onel
a_018.txt,subissem
a_018.txt,novos
a_018.txt,espera
a_018.txt,restritivamente
a_018.txt,ultimo
a_018.txt,regina
a_018.txt,noticiadas
a_018.txt,atividades
a_018.txt,disseram
a_018.txt,peca
a_018.txt,si
a_018.txt,delitos
a_018.txt,extraprocessual
a_018.txt,minima
a_018.txt,proprias
a_018.txt,desvio
a_018.txt,reu
a_018.txt,considerar
a_018.txt,peticoes
a_018.txt,dezembro
a_018.txt,insatisfacao
a_018.txt,direto
a_018.txt,situada
a_018.txt,efeito
a_018.txt,divergir
a_018.txt,captacao
a_018.txt,influir
a_018.txt,perseguicao
a_018.txt,ameacas
a_018.txt,lourdes
a_018.txt,necessariamente
a_018.txt,sociedade
a_018.txt,c
a_018.txt,valores
a_018.txt,datada
a_018.txt,detem
a_018.txt,consonancia
a_018.txt,girao
a_018.txt,instaurar
a_018.txt,desvinculados
a_018.txt,acaba
a_018.txt,circunstancialmente
a_018.txt,competente
a_018.txt,botelho
a_018.txt,legitimo
a_018.txt,aparecido
a_018.txt,jurisdicional
a_018.txt,supostamente
a_018.txt,deveriam
a_018.txt,exordiais
a_018.txt,candidato
a_018.txt,patrimonio
a_018.txt,atribuido
a_018.txt,barroso
a_018.txt,farias
a_018.txt,massa
a_018.txt,identificar
a_018.txt,rj
a_018.txt,capital
a_018.txt,araujo
a_018.txt,deliberacao
a_018.txt,julho
a_018.txt,investigar
a_018.txt,interpretadas
a_018.txt,concentracao
a_018.txt,estatal
a_018.txt,alem
a_018.txt,exercito
a_018.txt,condutor
a_018.txt,cercadas
a_018.txt,funcionava
a_018.txt,interligados
a_018.txt,possibilitem
a_018.txt,incisos
a_018.txt,reclamacao
a_018.txt,ustavo
a_018.txt,empregou
a_018.txt,rodismar
a_018.txt,imanente
a_018.txt,higidez
a_018.txt,julgados
a_018.txt,ouvido
a_018.txt,revogado
a_018.txt,aptos
a_018.txt,disso
a_018.txt,sequer
a_018.txt,generica
a_018.txt,atentatorias
a_018.txt,imiscuir
a_018.txt,devendo
a_018.txt,raca
a_018.txt,ze
a_018.txt,adoto
a_018.txt,informadas
a_018.txt,elastica
a_018.txt,finalizado
a_018.txt,ed
a_018.txt,trouxeram
a_018.txt,cadd
a_018.txt,mencao
a_018.txt,plano
a_018.txt,predisposicao
a_018.txt,dita
a_018.txt,preconceito
a_018.txt,exercerao
a_018.txt,confirmou
a_018.txt,laguna
a_018.txt,diretas
a_018.txt,inexistir
a_018.txt,encontram
a_018.txt,carvalho
a_018.txt,preussler
a_018.txt,denominados
a_018.txt,atribuidas
a_018.txt,rejeicao
a_018.txt,podera
a_018.txt,terca
a_018.txt,favoravelmente
a_018.txt,livre
a_018.txt,originaria
a_018.txt,rigor
a_018.txt,vinda
a_018.txt,penas
a_018.txt,nesta
a_018.txt,democraticas
a_018.txt,relacionadas
a_018.txt,formalizado
a_018.txt,esteio
a_018.txt,objecao
a_018.txt,aureliano
a_018.txt,delituosas
a_018.txt,p
a_018.txt,ocorrido
a_018.txt,reafirmo
a_018.txt,pretensoes
a_018.txt,mendes
a_018.txt,renovando
a_018.txt,brito
a_018.txt,seguir
a_018.txt,rel
a_018.txt,francisco
a_018.txt,remetidos
a_018.txt,pr
a_018.txt,descreva
a_018.txt,consumados
a_018.txt,stiffung
a_018.txt,apta
a_018.txt,acampados
a_018.txt,competencia
a_018.txt,garantias
a_018.txt,legislativas
a_018.txt,diplomatique
a_018.txt,obstante
a_018.txt,traduz
a_018.txt,orgao
a_018.txt,usurpar
a_018.txt,aparecem
a_018.txt,maleficio
a_018.txt,independentemente
a_018.txt,shara
a_018.txt,correia
a_018.txt,razao
a_018.txt,aparelhos
a_018.txt,estreita
a_018.txt,diversa
a_018.txt,vander
a_018.txt,tratava
a_018.txt,ferraz
a_018.txt,fragmentos
a_018.txt,produziu
a_018.txt,novamente
a_018.txt,comando
a_018.txt,aponta
a_018.txt,estabeleceu
a_018.txt,fundada
a_018.txt,materias
a_018.txt,sleeping
a_018.txt,tiveram
a_018.txt,weimar
a_018.txt,igualdade
a_018.txt,individuo
a_018.txt,associadas
a_018.txt,aptidao
a_018.txt,grifos
a_018.txt,suficientemente
a_018.txt,escritas
a_018.txt,previsto
a_018.txt,ouvidos
a_018.txt,pregando
a_018.txt,advogados
a_018.txt,croudfunding
a_018.txt,constando
a_018.txt,formou
a_018.txt,crescimento
a_018.txt,desconhece
a_018.txt,transcrevo
a_018.txt,s
a_018.txt,capistrano
a_018.txt,izaquiel
a_018.txt,escoltados
a_018.txt,erika
a_018.txt,consideravel
a_018.txt,paginas
a_018.txt,estabeleca
a_018.txt,imbricadas
a_018.txt,autonomo
a_018.txt,sudamerica
a_018.txt,conseguinte
a_018.txt,g
a_018.txt,lii
a_018.txt,afirmarem
a_018.txt,observancia
a_018.txt,feitosa
a_018.txt,conduzidas
a_018.txt,narradas
a_018.txt,negocial
a_018.txt,tocante
a_018.txt,segura
a_018.txt,alegadamente
a_018.txt,ninguem
a_018.txt,alterado
a_018.txt,aspecto
a_018.txt,cuidado
a_018.txt,dai
a_018.txt,proporcionalidade
a_018.txt,racionalizar
a_018.txt,constituir
a_018.txt,imputadas
a_018.txt,habitual
a_018.txt,estivesse
a_018.txt,krahn
a_018.txt,preve
a_018.txt,ressalte
a_018.txt,residiria
a_018.txt,protestavam
a_018.txt,somente
a_018.txt,fez
a_018.txt,silene
a_018.txt,prestados
a_018.txt,estendeu
a_018.txt,tomaram
a_018.txt,cotas
a_018.txt,logica
a_018.txt,funcionario
a_018.txt,rt
a_018.txt,arvalho
a_018.txt,so
a_018.txt,atentar
a_018.txt,introduzidas
a_018.txt,atenuadas
a_018.txt,amplamente
a_018.txt,rev
a_018.txt,devidas
a_018.txt,investigativo
a_018.txt,victor
a_018.txt,transcorreu
a_018.txt,tidos
a_018.txt,opta
a_018.txt,inconstitucionalidade
a_018.txt,caput
a_018.txt,responderao
a_018.txt,noticias
a_018.txt,extensas
a_018.txt,generis
a_018.txt,iraci
a_018.txt,inovacoes
a_018.txt,autorizada
a_018.txt,tramitavam
a_018.txt,cometa
a_018.txt,apuracao
a_018.txt,repudio
a_018.txt,produzidas
a_018.txt,bis
a_018.txt,tipificacao
a_018.txt,lauro
a_018.txt,distribuidos
a_018.txt,fuga
a_018.txt,parcialmente
a_018.txt,criminosas
a_018.txt,instaurado
a_018.txt,embrionario
a_018.txt,vinculada
a_018.txt,preservando
a_018.txt,goncalves
a_018.txt,guardadas
a_018.txt,juiz
a_018.txt,esforcos
a_018.txt,sera
a_018.txt,anulam
a_018.txt,especifico
a_018.txt,ressalvadas
a_018.txt,imputacao
a_018.txt,ajuizamento
a_018.txt,havendo
a_018.txt,canal
a_018.txt,narrar
a_018.txt,desfavor
a_018.txt,ramos
a_018.txt,discutidos
a_018.txt,http
a_018.txt,ampl
a_018.txt,junior
a_018.txt,rescisoria
a_018.txt,pretensamente
a_018.txt,facilmente
a_018.txt,mal
a_018.txt,sobretudo
a_018.txt,depoimento
a_018.txt,menta
a_018.txt,alineas
a_018.txt,pacifica
a_018.txt,discutir
a_018.txt,ressai
a_018.txt,coletivos
a_018.txt,rildo
a_018.txt,total
a_018.txt,intermedio
a_018.txt,notar
a_018.txt,todavia
a_018.txt,pressupoe
a_018.txt,indicacao
a_018.txt,culpabilidade
a_018.txt,final
a_018.txt,simone
a_018.txt,gerou
a_018.txt,titular
a_018.txt,quid
a_018.txt,visto
a_018.txt,constitucionalmente
a_018.txt,crowdfunding
a_018.txt,remeter
a_018.txt,eleicoes
a_018.txt,abrangente
a_018.txt,vigencia
a_018.txt,estando
a_018.txt,atuar
a_018.txt,el
a_018.txt,diffamandi
a_018.txt,crescer
a_018.txt,maneira
a_018.txt,complexidades
a_018.txt,quis
a_018.txt,regular
a_018.txt,capitulo
a_018.txt,circuito
a_018.txt,lexandre
a_018.txt,inqs
a_018.txt,independentes
a_018.txt,comportamento
a_018.txt,indistintamente
a_018.txt,lideres
a_018.txt,revelaria
a_018.txt,formalmente
a_018.txt,disponivel
a_018.txt,bom
a_018.txt,auxilio
a_018.txt,onibus
a_018.txt,outras
a_018.txt,multidao
a_018.txt,magalhaes
a_018.txt,resistencia
a_018.txt,republica
a_018.txt,proposta
a_018.txt,vinculos
a_018.txt,elator
a_018.txt,silveira
a_018.txt,comecar
a_018.txt,somam
a_018.txt,constatada
a_018.txt,expressamente
a_018.txt,lewandowski
a_018.txt,silveli
a_018.txt,abarcando
a_018.txt,estado
a_018.txt,universal
a_018.txt,celular
a_018.txt,paes
a_018.txt,julgador
a_018.txt,especificamente
a_018.txt,praticaram
a_018.txt,colaboracao
a_018.txt,ocorrencia
a_018.txt,imagens
a_018.txt,relativos
a_018.txt,analisar
a_018.txt,manifestacoes
a_018.txt,praticamente
a_018.txt,identificado
a_018.txt,cisao
a_018.txt,documentos
a_018.txt,tecnologia
a_018.txt,juspodivm
a_018.txt,romeu
a_018.txt,ayres
a_018.txt,consideravelmente
a_018.txt,redutor
a_018.txt,submeter
a_018.txt,tratar
a_018.txt,iguais
a_018.txt,pretensos
a_018.txt,meses
a_018.txt,qualquer
a_018.txt,traduzida
a_018.txt,xxvii
a_018.txt,senha
a_018.txt,agressoes
a_018.txt,ocasiao
a_018.txt,denuncia
a_018.txt,inseridos
a_018.txt,acusacoes
a_018.txt,derivados
a_018.txt,punidos
a_018.txt,entraram
a_018.txt,vinha
a_018.txt,suficiente
a_018.txt,teodoro
a_018.txt,importa
a_018.txt,pegassem
a_018.txt,rosangela
a_018.txt,distincao
a_018.txt,proceder
a_018.txt,determinacao
a_018.txt,aeronautica
a_018.txt,ja
a_018.txt,producao
a_018.txt,sediado
a_018.txt,tipificara
a_018.txt,fidelis
a_018.txt,policiais
a_018.txt,considerando
a_018.txt,ameaca
a_018.txt,rosemar
a_018.txt,apurar
a_018.txt,animosidades
a_018.txt,necessita
a_018.txt,jurisprudencial
a_018.txt,prosperar
a_018.txt,tipo
a_018.txt,publicamente
a_018.txt,tempos
a_018.txt,subjetivo
a_018.txt,nota
a_018.txt,desmobilizacao
a_018.txt,rigorosa
a_018.txt,sc
a_018.txt,inviolabilidade
a_018.txt,la
a_018.txt,instituicao
a_018.txt,indubitavelmente
a_018.txt,atentam
a_018.txt,valter
a_018.txt,fernandes
a_018.txt,evidencia
a_018.txt,cessado
a_018.txt,cabo
a_018.txt,dentre
a_018.txt,bellato
a_018.txt,estevao
a_018.txt,grupos
a_018.txt,eis
a_018.txt,legal
a_018.txt,salvo
a_018.txt,desses
a_018.txt,confessado
a_018.txt,zavascki
a_018.txt,espacos
a_018.txt,corrupcao
a_018.txt,atuou
a_018.txt,reuniu
a_018.txt,chegada
a_018.txt,futuro
a_018.txt,yan
a_018.txt,rogerio
a_018.txt,ruan
a_018.txt,amplo
a_018.txt,regimentos
a_018.txt,dyego
a_018.txt,cordoba
a_018.txt,diario
a_018.txt,juliana
a_018.txt,controle
a_018.txt,coibidos
a_018.txt,clara
a_018.txt,armada
a_018.txt,persecutorios
a_018.txt,expos
a_018.txt,fadada
a_018.txt,possivel
a_018.txt,risco
a_018.txt,contraditorio
a_018.txt,calunia
a_018.txt,elementar
a_018.txt,medico
a_018.txt,circunstancia
a_018.txt,fux
a_018.txt,frente
a_018.txt,conexos
a_018.txt,posicionou
a_018.txt,felipe
a_018.txt,wenderson
a_018.txt,instituicoes
a_018.txt,continuara
a_018.txt,pulzatto
a_018.txt,pregue
a_018.txt,cpmi
a_018.txt,saques
a_018.txt,objetos
a_018.txt,supervisao
a_018.txt,obriga
a_018.txt,dj
a_018.txt,percuciente
a_018.txt,presuncao
a_018.txt,emanada
a_018.txt,cristina
a_018.txt,penso
a_018.txt,praticando
a_018.txt,instituto
a_018.txt,ficaria
a_018.txt,formas
a_018.txt,pontos
a_018.txt,limitam
a_018.txt,potencial
a_018.txt,lacerda
a_018.txt,montada
a_018.txt,subsuntiva
a_018.txt,originario
a_018.txt,revelarem
a_018.txt,trecho
a_018.txt,incumbencia
a_018.txt,php
a_018.txt,suponha
a_018.txt,dirigir
a_018.txt,brandao
a_018.txt,vedar
a_018.txt,inumeras
a_018.txt,territorial
a_018.txt,problemas
a_018.txt,prisao
a_018.txt,compreendida
a_018.txt,pretender
a_018.txt,dignidade
a_018.txt,celso
a_018.txt,restringem
a_018.txt,sigilosos
a_018.txt,cito
a_018.txt,posicionamento
a_018.txt,robson
a_018.txt,insuflar
a_018.txt,moreira
a_018.txt,publicacoes
a_018.txt,envoltas
a_018.txt,absoluta
a_018.txt,referendo
a_018.txt,preciosa
a_018.txt,ampla
a_018.txt,dv
a_018.txt,dentro
a_018.txt,robustecendo
a_018.txt,apreendido
a_018.txt,redigidos
a_018.txt,pmdb
a_018.txt,essenciais
a_018.txt,formacao
a_018.txt,estadual
a_018.txt,respectivas
a_018.txt,atual
a_018.txt,firmada
a_018.txt,nocoes
a_018.txt,deparar
a_018.txt,saude
a_018.txt,conclusoes
a_018.txt,subversao
a_018.txt,fabio
a_018.txt,apontado
a_018.txt,regulamentadora
a_018.txt,especie
a_018.txt,presentes
a_018.txt,alegacoes
a_018.txt,nomes
a_018.txt,ativantes
a_018.txt,passado
a_018.txt,onus
a_018.txt,aumentam
a_018.txt,compreensivel
a_018.txt,contrario
a_018.txt,condicional
a_018.txt,praca_dos_tres_poderes
a_018.txt,influencia
a_018.txt,rjesmpsp
a_018.txt,efetivas
a_018.txt,permissa
a_018.txt,encontrava
a_018.txt,profundamente
a_018.txt,roney
a_018.txt,edificios
a_018.txt,filho
a_018.txt,processos
a_018.txt,efetiva
a_018.txt,eminente
a_018.txt,vinculacao
a_018.txt,extrai
a_018.txt,inqueritos
a_018.txt,configura
a_018.txt,ilicitos
a_018.txt,situado
a_018.txt,mote
a_018.txt,marchas
a_018.txt,estava
a_018.txt,condenacao
a_018.txt,caracterizada
a_018.txt,tipificada
a_018.txt,divulgadas
a_018.txt,brasil
a_018.txt,altino
a_018.txt,previamente
a_018.txt,imputa
a_018.txt,hobold
a_018.txt,conjectura
a_018.txt,acolhido
a_018.txt,ofereceu
a_018.txt,ilacoes
a_018.txt,motivada
a_018.txt,causacao
a_018.txt,rosa
a_018.txt,descobrir
a_018.txt,delas
a_018.txt,cpf
a_018.txt,comparando
a_018.txt,lastro
a_018.txt,haviam
a_018.txt,mundialmente
a_018.txt,motivacao
a_018.txt,anselmo
a_018.txt,autoriza
a_018.txt,transporte
a_018.txt,liame
a_018.txt,provocaram
a_018.txt,face
a_018.txt,corroborar
a_018.txt,savio
a_018.txt,completamente
a_018.txt,objetivando
a_018.txt,estavel
a_018.txt,recusa
a_018.txt,cpp
a_018.txt,permitem
a_018.txt,jofre
a_018.txt,guarda
a_018.txt,travados
a_018.txt,punibilidade
a_018.txt,insucesso
a_018.txt,ademais
a_018.txt,todas
a_018.txt,luz
a_018.txt,ruotulo
a_018.txt,forca
a_018.txt,aprecie
a_018.txt,conquista
a_018.txt,rebatendo
a_018.txt,simal
a_018.txt,delituoso
a_018.txt,pendentes
a_018.txt,distinto
a_018.txt,kabinettsjustiz
a_018.txt,mostrar
a_018.txt,unicamente
a_018.txt,ofensivas
a_018.txt,ministerios
a_018.txt,tema
a_018.txt,calistro
a_018.txt,associarem
a_018.txt,insuficiente
a_018.txt,jesiel
a_018.txt,dando
a_018.txt,criminologia
a_018.txt,minimo
a_018.txt,utiliza
a_018.txt,seguranca
a_018.txt,juridico
a_018.txt,preceitos
a_018.txt,deslocamento
a_018.txt,feira
a_018.txt,citou
a_018.txt,vontade
a_018.txt,evidenciado
a_018.txt,conteudo
a_018.txt,conhecam
a_018.txt,excepcional
a_018.txt,alvarez
a_018.txt,x
a_018.txt,sujeita
a_018.txt,setuagesimo
a_018.txt,incendio
a_018.txt,saque
a_018.txt,ilicita
a_018.txt,constituidos
a_018.txt,preciso
a_018.txt,separadamente
a_018.txt,horda
a_018.txt,dispoe
a_018.txt,atribuir
a_018.txt,medida
a_018.txt,injuncao
a_018.txt,ensejar
a_018.txt,adenauer
a_018.txt,legislacao
a_018.txt,atribuida
a_018.txt,lv
a_018.txt,incompativel
a_018.txt,devidamente
a_018.txt,envolvidas
a_018.txt,proibi
a_018.txt,guiga
a_018.txt,declaratoria
a_018.txt,insinuar
a_018.txt,marinalva
a_018.txt,vinculo
a_018.txt,tramite
a_018.txt,distrito
a_018.txt,feitos
a_018.txt,particular
a_018.txt,dispositivos
a_018.txt,base
a_018.txt,paula
a_018.txt,direciona
a_018.txt,modo
a_018.txt,ambiente
a_018.txt,walace
a_018.txt,multitudinarios
a_018.txt,circunstancias
a_018.txt,br
a_018.txt,capazes
a_018.txt,regula
a_018.txt,agregacao
a_018.txt,eleito
a_018.txt,terrorismo
a_018.txt,regularmente
a_018.txt,sorteio
a_018.txt,especificidade
a_018.txt,diferenciando
a_018.txt,incorporadas
a_018.txt,textos
a_018.txt,indiscutivel
a_018.txt,instrumento
a_018.txt,envio
a_018.txt,leitura
a_018.txt,participantes
a_018.txt,corpo
a_018.txt,especificas
a_018.txt,penal
a_018.txt,estagio
a_018.txt,assessora
a_018.txt,aplica
a_018.txt,hoc
a_018.txt,compreensao
a_018.txt,aderiu
a_018.txt,natural
a_018.txt,recebidas
a_018.txt,apresentada
a_018.txt,seguido
a_018.txt,descrever
a_018.txt,violencia
a_018.txt,tramitem
a_018.txt,desmembrou
a_018.txt,exerce
a_018.txt,teor
a_018.txt,ambito
a_018.txt,judicio
a_018.txt,soltura
a_018.txt,consolidado
a_018.txt,urbano
a_018.txt,cometido
a_018.txt,prescricoes
a_018.txt,drogas
a_018.txt,colegiado
a_018.txt,servidora
a_018.txt,senado
a_018.txt,repiso
a_018.txt,vista
a_018.txt,acampadas
a_018.txt,requer
a_018.txt,subsecao
a_018.txt,direta
a_018.txt,dias
a_018.txt,volume
a_018.txt,franca
a_018.txt,augusto
a_018.txt,critico
a_018.txt,simar
a_018.txt,visa
a_018.txt,hierarquicamente
a_018.txt,cumprimento
a_018.txt,lo
a_018.txt,permanece
a_018.txt,motivos
a_018.txt,trata
a_018.txt,permanencia
a_018.txt,propor
a_018.txt,ilustram
a_018.txt,cuidando
a_018.txt,nosso
a_018.txt,norma
a_018.txt,atinentes
a_018.txt,tempo
a_018.txt,viabilidade
a_018.txt,publicas
a_018.txt,aceitavel
a_018.txt,rejeitar
a_018.txt,interessados
a_018.txt,oficio
a_018.txt,rememorar
a_018.txt,minimos
a_018.txt,mauricio
a_018.txt,proferido
a_018.txt,partidos
a_018.txt,oriundos
a_018.txt,concretamente
a_018.txt,borges
a_018.txt,verifico
a_018.txt,organizarem
a_018.txt,v
a_018.txt,vencidos
a_018.txt,assegurar
a_018.txt,sentenciado
a_018.txt,qualificacoes
a_018.txt,pai
a_018.txt,edilaine
a_018.txt,coator
a_018.txt,excecao
a_018.txt,ilustrar
a_018.txt,ms
a_018.txt,linha
a_018.txt,inadmissibilidade
a_018.txt,mestre
a_018.txt,tranquilidade
a_018.txt,interpretando
a_018.txt,espirito
a_018.txt,versao
a_018.txt,formulados
a_018.txt,thaise
a_018.txt,somatoria
a_018.txt,adotada
a_018.txt,adotados
a_018.txt,cidadaos
a_018.txt,premissa
a_018.txt,aparecida
a_018.txt,autorizam
a_018.txt,forcoso
a_018.txt,equiparada
a_018.txt,incita
a_018.txt,observada
a_018.txt,detentor
a_018.txt,profissao
a_018.txt,tentativa
a_018.txt,referida
a_018.txt,distancia
a_018.txt,deputado
a_018.txt,vislumbra
a_018.txt,estrategia
a_018.txt,wallas
a_018.txt,erick
a_018.txt,adequadamente
a_018.txt,denota
a_018.txt,alcancando
a_018.txt,porem
a_018.txt,outra
a_018.txt,seara
a_018.txt,licao
a_018.txt,privacidade
a_018.txt,obrigacao
a_018.txt,presos
a_018.txt,nao
a_018.txt,elucidacao
a_018.txt,subjetiva
a_018.txt,corte
a_018.txt,normativas
a_018.txt,ciente
a_018.txt,suficientes
a_018.txt,preservar
a_018.txt,realizacao
a_018.txt,for
a_018.txt,artigos
a_018.txt,laudos
a_018.txt,logrou
a_018.txt,licita
a_018.txt,requisitado
a_018.txt,verdade
a_018.txt,exercer
a_018.txt,ressaltar
a_018.txt,impedidos
a_018.txt,sociais
a_018.txt,excelencia
a_018.txt,carater
a_018.txt,cassiano
a_018.txt,hora
a_018.txt,area
a_018.txt,filipe
a_018.txt,cordova
a_018.txt,rodrigo
a_018.txt,duvidas
a_018.txt,ensinado
a_018.txt,megafones
a_018.txt,descricao
a_018.txt,fixou
a_018.txt,ofensiva
a_018.txt,efetivo
a_018.txt,vilma
a_018.txt,rupolo
a_018.txt,facilidade
a_018.txt,reclusao
a_018.txt,sergio
a_018.txt,trabalho
a_018.txt,campos
a_018.txt,discussao
a_018.txt,tratando
a_018.txt,fossem
a_018.txt,carla
a_018.txt,haver
a_018.txt,convocando
a_018.txt,invest
a_018.txt,tentar
a_018.txt,rio
a_018.txt,elementares
a_018.txt,destrui
a_018.txt,vinculado
a_018.txt,coronel
a_018.txt,cumpre
a_018.txt,sujeito
a_018.txt,tratadas
a_018.txt,seja
a_018.txt,pinheiro
a_018.txt,eram
a_018.txt,intervencao
a_018.txt,permitido
a_018.txt,constato
a_018.txt,privatividade
a_018.txt,compete
a_018.txt,envolva
a_018.txt,querelante
a_018.txt,emenda
a_018.txt,organizada
a_018.txt,garantindo
a_018.txt,passos
a_018.txt,reconheciam
a_018.txt,judiciarios
a_018.txt,razoaveis
a_018.txt,imputando
a_018.txt,freitas
a_018.txt,tipos
a_018.txt,cometidas
a_018.txt,sujeitos
a_018.txt,municipais
a_018.txt,sp
a_018.txt,messias
a_018.txt,desconsiderar
a_018.txt,weber
a_018.txt,mesma
a_018.txt,bens
a_018.txt,deflagracao
a_018.txt,abolicao
a_018.txt,alguem
a_018.txt,ligada
a_018.txt,relatados
a_018.txt,teriam
a_018.txt,comunicacoes
a_018.txt,in
a_018.txt,contornos
a_018.txt,incitadores
a_018.txt,rigorosamente
a_018.txt,programa
a_018.txt,estaduais
a_018.txt,pensamento
a_018.txt,abertos
a_018.txt,proclamou
a_018.txt,esteja
a_018.txt,regras
a_018.txt,xliv
a_018.txt,historicamente
a_018.txt,culpa
a_018.txt,mencionados
a_018.txt,verbas
a_018.txt,aqueles
a_018.txt,demais
a_018.txt,comprova
a_018.txt,usurpacao
a_018.txt,flagrancia
a_018.txt,doacordao
a_018.txt,magisterio
a_018.txt,trovao
a_018.txt,seculo
a_018.txt,congresso_nacional
a_018.txt,investida
a_018.txt,desincumbiram
a_018.txt,vesperas
a_018.txt,composicao
a_018.txt,sustentada
a_018.txt,ordem
a_018.txt,minha
a_018.txt,edenilson
a_018.txt,punivel
a_018.txt,tomitao
a_018.txt,rd
a_018.txt,merece
a_018.txt,k
a_018.txt,tenho
a_018.txt,ddee
a_018.txt,democracia
a_018.txt,requisitos
a_018.txt,bope
a_018.txt,sidiney
a_018.txt,traumatica
a_018.txt,instauracao
a_018.txt,willian
a_018.txt,rocha
a_018.txt,outro
a_018.txt,totalidade
a_018.txt,telefone
a_018.txt,indissolubilidade
a_018.txt,vara
a_018.txt,tratados
a_018.txt,ausente
a_018.txt,insuflamento
a_018.txt,quanto
a_018.txt,ingressaram
a_018.txt,lembrado
a_018.txt,vilson
a_018.txt,evento
a_018.txt,silvio
a_018.txt,recursais
a_018.txt,pluralismo
a_018.txt,entender
a_018.txt,condao
a_018.txt,anuido
a_018.txt,semelhanca
a_018.txt,acamparam
a_018.txt,animus
a_018.txt,via
a_018.txt,mesmos
a_018.txt,declaradamente
a_018.txt,infere
a_018.txt,velha
a_018.txt,probatorio
a_018.txt,antonio
a_018.txt,delineadas
a_018.txt,gravissima
a_018.txt,cabivel
a_018.txt,refere
a_018.txt,fixada
a_018.txt,pretende
a_018.txt,dallabona
a_018.txt,sintetizados
a_018.txt,desrespeito
a_018.txt,coerente
a_018.txt,chegou
a_018.txt,transcrito
a_018.txt,proibida
a_018.txt,deposicao
a_018.txt,penais
a_018.txt,adriana
a_018.txt,fiquei
a_018.txt,obice
a_018.txt,dependendo
a_018.txt,anoto
a_018.txt,evangelista
a_018.txt,sancionados
a_018.txt,propriedade
a_018.txt,agiam
a_018.txt,declinio
a_018.txt,giants
a_018.txt,possibilidades
a_018.txt,teve
a_018.txt,afirmar
a_018.txt,derrubar
a_018.txt,dinamica
a_018.txt,descreve
a_018.txt,marcelandia
a_018.txt,generais
a_018.txt,salientar
a_018.txt,narrativa
a_018.txt,previstos
a_018.txt,tonel
a_018.txt,investido
a_018.txt,ameacado
a_018.txt,judiciaria
a_018.txt,protegido
a_018.txt,excepcionalidade
a_018.txt,sul
a_018.txt,tribunais
a_018.txt,elieser
a_018.txt,formalizados
a_018.txt,pre
a_018.txt,entendimento
a_018.txt,legalmente
a_018.txt,departamentos
a_018.txt,referencia
a_018.txt,apresentarem
a_018.txt,detalhes
a_018.txt,tatiane
a_018.txt,definida
a_018.txt,processar
a_018.txt,inclusive
a_018.txt,inicialmente
a_018.txt,preocupado
a_018.txt,roseli
a_018.txt,lei
a_018.txt,jornalista
a_018.txt,juizo
a_018.txt,arine
a_018.txt,b
a_018.txt,comprovar
a_018.txt,amancio
a_018.txt,infraconstitucional
a_018.txt,falar
a_018.txt,inflamavel
a_018.txt,tange
a_018.txt,nq
a_018.txt,permitiram
a_018.txt,res
a_018.txt,polyana
a_018.txt,loci
a_018.txt,ro
a_018.txt,anos
a_018.txt,limitados
a_018.txt,impedir
a_018.txt,posse
a_018.txt,arts
a_018.txt,conclusao
a_018.txt,denunciada
a_018.txt,permite
a_018.txt,ilegalidade
a_018.txt,primarios
a_018.txt,abruptamente
a_018.txt,contudo
a_018.txt,produzir
a_018.txt,premissas
a_018.txt,interpretacao
a_018.txt,conforme
a_018.txt,vislumbrar
a_018.txt,acusatorias
a_018.txt,fugir
a_018.txt,sutil
a_018.txt,forcas
a_018.txt,pensamentos
a_018.txt,apenas
a_018.txt,expressao
a_018.txt,fatima
a_018.txt,legalidade
a_018.txt,restar
a_018.txt,real
a_018.txt,nessa
a_018.txt,excepcionais
a_018.txt,amolda
a_018.txt,criar
a_018.txt,submetidos
a_018.txt,fundados
a_018.txt,lirio
a_018.txt,igreja
a_018.txt,associado
a_018.txt,livremente
a_018.txt,feriado
a_018.txt,exclusao
a_018.txt,realizada
a_018.txt,otoni
a_018.txt,observe
a_018.txt,editora
a_018.txt,apontaram
a_018.txt,representa
a_018.txt,determinar
a_018.txt,assentou
a_018.txt,estarem
a_018.txt,explicito
a_018.txt,alcanca
a_018.txt,entretanto
a_018.txt,ocorridas
a_018.txt,financiou
a_018.txt,inistro
a_018.txt,pobreza
a_018.txt,embora
a_018.txt,petrobras
a_018.txt,baiense
a_018.txt,revogar
a_018.txt,tais
a_018.txt,orientacao
a_018.txt,silvano
a_018.txt,denunciadas
a_018.txt,trabalhos
a_018.txt,consentanea
a_018.txt,assinalo
a_018.txt,proprietarios
a_018.txt,concretude
a_018.txt,fakhoury
a_018.txt,consignou
a_018.txt,recepcionando
a_018.txt,individualizaram
a_018.txt,inumeros
a_018.txt,consolidou
a_018.txt,pecar
a_018.txt,tiene
a_018.txt,nega
a_018.txt,examinar
a_018.txt,daquela
a_018.txt,institutos
a_018.txt,ali
a_018.txt,localizado
a_018.txt,sine
a_018.txt,pessoais
a_018.txt,utor
a_018.txt,propositura
a_018.txt,provimento
a_018.txt,curso
a_018.txt,admitindo
a_018.txt,nela
a_018.txt,nenhum
a_018.txt,manifesta
a_018.txt,excessos
a_018.txt,consoante
a_018.txt,genericamente
a_018.txt,chega
a_018.txt,amoldariam
a_018.txt,figura
a_018.txt,embrionaria
a_018.txt,estrangeira
a_018.txt,responsaveis
a_018.txt,possuem
a_018.txt,prossigo
a_018.txt,locais
a_018.txt,joseilton
a_018.txt,elly
a_018.txt,vem
a_018.txt,produzida
a_018.txt,desde
a_018.txt,regramento
a_018.txt,tornando
a_018.txt,previsao
a_018.txt,frangueli
a_018.txt,konrad
a_018.txt,estruturantes
a_018.txt,federais
a_018.txt,preliminares
a_018.txt,vanessa
a_018.txt,conceicao
a_018.txt,uniforme
a_018.txt,isto
a_018.txt,pelas
a_018.txt,deputados
a_018.txt,acampamento
a_018.txt,incitacao
a_018.txt,sena
a_018.txt,preenchidos
a_018.txt,persecutor
a_018.txt,fatos
a_018.txt,inquisitorial
a_018.txt,andrea
a_018.txt,saliento
a_018.txt,rech
a_018.txt,fatico
a_018.txt,determinadas
a_018.txt,constatado
a_018.txt,peco
a_018.txt,garcia
a_018.txt,superintendencia
a_018.txt,thereza
a_018.txt,claro
a_018.txt,investigado
a_018.txt,existiram
a_018.txt,individualizacao
a_018.txt,reunidas
a_018.txt,transitiva
a_018.txt,conhecidos
a_018.txt,cada
a_018.txt,cabia
a_018.txt,comissivas
a_018.txt,movido
a_018.txt,autorizando
a_018.txt,entanto
a_018.txt,interrogatorios
a_018.txt,mg
a_018.txt,aplicacao
a_018.txt,zavaschi
a_018.txt,ocorre
a_018.txt,ratione
a_018.txt,eventualmente
a_018.txt,revelam
a_018.txt,consigno
a_018.txt,deducta
a_018.txt,harmonicos
a_018.txt,atos_antidemocraticos
a_018.txt,instalou
a_018.txt,civis
a_018.txt,alguns
a_018.txt,acampado
a_018.txt,continua
a_018.txt,extraio
a_018.txt,ecebimento
a_018.txt,exposto
a_018.txt,independente
a_018.txt,propriedades
a_018.txt,viviane
a_018.txt,imitacao
a_018.txt,deixar
a_018.txt,politica
a_018.txt,anteriormente
a_018.txt,consequencia
a_018.txt,acompanham
a_018.txt,revisao
a_018.txt,central
a_018.txt,persecucao
a_018.txt,tipificados
a_018.txt,entrassem
a_018.txt,asp
a_018.txt,multa
a_018.txt,snichelotto
a_018.txt,ilustrativos
a_018.txt,friso
a_018.txt,transformando
a_018.txt,reprovacao
a_018.txt,elemento
a_018.txt,intimacao
a_018.txt,uliano
a_018.txt,depreende
a_018.txt,indefinido
a_018.txt,sairem
a_018.txt,durante
a_018.txt,republicanos
a_018.txt,cumpriria
a_018.txt,citacoes
a_018.txt,ruas
a_018.txt,travassos
a_018.txt,integracao
a_018.txt,eventual
a_018.txt,retrata
a_018.txt,veda
a_018.txt,cumplice
a_018.txt,apontava
a_018.txt,instancia
a_018.txt,determinou
a_018.txt,influencias
a_018.txt,estrito
a_018.txt,vazamento
a_018.txt,peixoto
a_018.txt,concedendo
a_018.txt,agosto
a_018.txt,recebendo
a_018.txt,citado
a_018.txt,telefonica
a_018.txt,junio
a_018.txt,auxiliis
a_018.txt,ve
a_018.txt,jair
a_018.txt,n
a_018.txt,ruth
a_018.txt,pautas
a_018.txt,culminaram
a_018.txt,deflagrada
a_018.txt,regis
a_018.txt,inviabilizar
a_018.txt,destinatario
a_018.txt,constitucional
a_018.txt,exata
a_018.txt,oliveira
a_018.txt,diarista
a_018.txt,armadas
a_018.txt,inviabilidade
a_018.txt,restando
a_018.txt,locomocao
a_018.txt,superiores
a_018.txt,pensam
a_018.txt,tumultuou
a_018.txt,phillipe
a_018.txt,preencher
a_018.txt,desejavam
a_018.txt,objetivo
a_018.txt,integrar
a_018.txt,pacifico
a_018.txt,guisa
a_018.txt,jornal
a_018.txt,indiretamente
a_018.txt,romario
a_018.txt,relacionado
a_018.txt,pecas
a_018.txt,vila
a_018.txt,digital
a_018.txt,realmente
a_018.txt,afastar
a_018.txt,probatorios
a_018.txt,estipuladas
a_018.txt,propria
a_018.txt,semprini
a_018.txt,indispensaveis
a_018.txt,celebracao
a_018.txt,narrado
a_018.txt,lhes
a_018.txt,confira
a_018.txt,rainha
a_018.txt,tercio
a_018.txt,vantagem
a_018.txt,verifica
a_018.txt,varias
a_018.txt,dogma
a_018.txt,saulo
a_018.txt,normativo
a_018.txt,estabelecidas
a_018.txt,exigencia
a_018.txt,minatti
a_018.txt,sustentou
a_018.txt,causar
a_018.txt,pais
a_018.txt,unidos
a_018.txt,batista
a_018.txt,justifica
a_018.txt,prolatado
a_018.txt,conter
a_018.txt,critica
a_018.txt,enfatizar
a_018.txt,convem
a_018.txt,protagonizados
a_018.txt,rogenner
a_018.txt,tive
a_018.txt,detentora
a_018.txt,informacoes
a_018.txt,co
a_018.txt,eliana
a_018.txt,caro
a_018.txt,identificacao
a_018.txt,silvaneth
a_018.txt,evidente
a_018.txt,territorio
a_018.txt,incorre
a_018.txt,anpp
a_018.txt,convencao
a_018.txt,residual
a_018.txt,padroes
a_018.txt,friggi
a_018.txt,impunidade
a_018.txt,demonstrada
a_018.txt,izaias
a_018.txt,predios
a_018.txt,podendo
a_018.txt,atuando
a_018.txt,gabriel
a_018.txt,derivadas
a_018.txt,manual
a_018.txt,siqueira
a_018.txt,perpetrada
a_018.txt,classificado
a_018.txt,morais
a_018.txt,probatorias
a_018.txt,pano
a_018.txt,zambelli
a_018.txt,moura
a_018.txt,desejo
a_018.txt,politico
a_018.txt,brasileiros
a_018.txt,incitar
a_018.txt,pets
a_018.txt,iniciais
a_018.txt,caracterizando
a_018.txt,sem
a_018.txt,indica
a_018.txt,extensa
a_018.txt,permitir
a_018.txt,imputados
a_018.txt,permitindo
a_018.txt,potencialmente
a_018.txt,mt
a_018.txt,configurar
a_018.txt,istrito
a_018.txt,inisterio
a_018.txt,autonomia
a_018.txt,animosidade
a_018.txt,vicente
a_018.txt,marinha
a_018.txt,reconhecimento
a_018.txt,armazenados
a_018.txt,posteriormente
a_018.txt,pestana
a_018.txt,diretamente
a_018.txt,amaral
a_018.txt,delegacia
a_018.txt,repudiada
a_018.txt,doacao
a_018.txt,integram
a_018.txt,eugenio
a_018.txt,edemilson
a_018.txt,responsabilidade
a_018.txt,mitigada
a_018.txt,autorizacao
a_018.txt,zapponi
a_018.txt,independencia
a_018.txt,requerimento
a_018.txt,apurada
a_018.txt,conclusiva
a_018.txt,tipica
a_018.txt,levantadas
a_018.txt,consequentemente
a_018.txt,desnecessario
a_018.txt,walter
a_018.txt,portal
a_018.txt,senadores
a_018.txt,entidade
a_018.txt,reconhecida
a_018.txt,promocao
a_018.txt,magnitude
a_018.txt,veloso
a_018.txt,lins
a_018.txt,oferecimento
a_018.txt,view
a_018.txt,tumulto
a_018.txt,prevento
a_018.txt,ofertar
a_018.txt,queiroz
a_018.txt,distintos
a_018.txt,estao
a_018.txt,fraga
a_018.txt,especialmente
a_018.txt,audiencias
a_018.txt,valadao
a_018.txt,exatamente
a_018.txt,mesas
a_018.txt,bastando
a_018.txt,turma
a_018.txt,rodrigues
a_018.txt,tem
a_018.txt,cometerem
a_018.txt,extremamente
a_018.txt,maikon
a_018.txt,delitivas
a_018.txt,exemplo
a_018.txt,ferreira
a_018.txt,fundo
a_018.txt,teria
a_018.txt,consubstancia
a_018.txt,bessa
a_018.txt,matos
a_018.txt,titularidade
a_018.txt,destacando
a_018.txt,oraes
a_018.txt,simplesmente
a_018.txt,deixa
a_018.txt,individualmente
a_018.txt,dia
a_018.txt,aires
a_018.txt,trazidos
a_018.txt,renda
a_018.txt,respeitosas
a_018.txt,fenomeno
a_018.txt,contrariar
a_018.txt,sueli
a_018.txt,nessas
a_018.txt,poderes
a_018.txt,leonardo
a_018.txt,consignei
a_018.txt,depor
a_018.txt,paciente
a_018.txt,pontuar
a_018.txt,pela
a_018.txt,demonstracao
a_018.txt,grego
a_018.txt,ainda
a_018.txt,extracao
a_018.txt,joseneth
a_018.txt,finais
a_018.txt,sousa
a_018.txt,primario
a_018.txt,manifestavam
a_018.txt,negou
a_018.txt,partido
a_018.txt,amplitude
a_018.txt,ato
a_018.txt,forma
a_018.txt,duzentas
a_018.txt,josimara
a_018.txt,agravo
a_018.txt,violento
a_018.txt,baldiati
a_018.txt,absolvicao
a_018.txt,grandes
a_018.txt,fonseca
a_018.txt,lugar
a_018.txt,go
a_018.txt,estabelecimento
a_018.txt,devem
a_018.txt,nacionais
a_018.txt,juizes
a_018.txt,acusacao
a_018.txt,sagrando
a_018.txt,ii
a_018.txt,cinquenta
a_018.txt,aparentemente
a_018.txt,ademir
a_018.txt,participes
a_018.txt,repasses
a_018.txt,colhidos
a_018.txt,atrair
a_018.txt,plurissubjetivos
a_018.txt,ofertou
a_018.txt,bastasse
a_018.txt,analisa
a_018.txt,juridica
a_018.txt,ttrriibbuunnaall
a_018.txt,estavelmente
a_018.txt,razoes
a_018.txt,valida
a_018.txt,maior
a_018.txt,consubstanciador
a_018.txt,consta
a_018.txt,ubi
a_018.txt,apuracoes
a_018.txt,negativa
a_018.txt,hierarquicas
a_018.txt,cuida
a_018.txt,dellalibera
a_018.txt,perguntas
a_018.txt,ad
a_018.txt,ocorrendo
a_018.txt,requereu
a_018.txt,legitima
a_018.txt,inq
a_018.txt,ssuupprreemmoo
a_018.txt,dispunham
a_018.txt,pedindo
a_018.txt,dirigiram
a_018.txt,cautelar
a_018.txt,levar
a_018.txt,justificou
a_018.txt,facilitar
a_018.txt,seculos
a_018.txt,inapta
a_018.txt,antecedente
a_018.txt,autoridades
a_018.txt,partidarios
a_018.txt,dito
a_018.txt,invasao
a_018.txt,cogitar
a_018.txt,firmado
a_018.txt,resp
a_018.txt,majorado
a_018.txt,santiago
a_018.txt,pretendam
a_018.txt,novas
a_018.txt,julgado
a_018.txt,levados
a_018.txt,inquerito
a_018.txt,identico
a_018.txt,reporto
a_018.txt,perfil
a_018.txt,fluidas
a_018.txt,jussara
a_018.txt,sim
a_018.txt,liguem
a_018.txt,julio
a_018.txt,limitadas
a_018.txt,simples
a_018.txt,tido
a_018.txt,replicado
a_018.txt,demonstradas
a_018.txt,lesao
a_018.txt,instituira
a_018.txt,caso
a_018.txt,porquanto
a_018.txt,relevar
a_018.txt,meios
a_018.txt,valente
a_018.txt,barros
a_018.txt,demonstrar
a_018.txt,conviccao
a_018.txt,trancamento
a_018.txt,ordinarias
a_018.txt,substancia
a_018.txt,urteil
a_018.txt,condutas
a_018.txt,havera
a_120.txt,portaria
a_120.txt,indicios
a_120.txt,alarmante
a_120.txt,verificado
a_120.txt,esende
a_120.txt,secao
a_120.txt,conjunta
a_120.txt,criacao
a_120.txt,andre
a_120.txt,incendios
a_120.txt,schawabe
a_120.txt,peguei
a_120.txt,aguarda
a_120.txt,exigidos
a_120.txt,invadiu
a_120.txt,judicial
a_120.txt,acerca
a_120.txt,presidenciais
a_120.txt,legado
a_120.txt,m
a_120.txt,aumenta
a_120.txt,liberal
a_120.txt,exposicao
a_120.txt,causalidade
a_120.txt,planos
a_120.txt,promoviam
a_120.txt,inconstitucionais
a_120.txt,materiais
a_120.txt,precisara
a_120.txt,xix
a_120.txt,constituicao
a_120.txt,intencao
a_120.txt,povo
a_120.txt,funcao
a_120.txt,ela
a_120.txt,importante
a_120.txt,rompimento
a_120.txt,fora
a_120.txt,plataforma
a_120.txt,policial
a_120.txt,logo
a_120.txt,senhor
a_120.txt,tenham
a_120.txt,arbitrio
a_120.txt,justica
a_120.txt,reduzem
a_120.txt,perpetuidade
a_120.txt,prova
a_120.txt,investigados
a_120.txt,ocorridos
a_120.txt,minuciosamente
a_120.txt,finalidade
a_120.txt,rol
a_120.txt,cometer
a_120.txt,corresponde
a_120.txt,numero
a_120.txt,evidencie
a_120.txt,subsome
a_120.txt,incentivaram
a_120.txt,mencionando
a_120.txt,epresentacao
a_120.txt,criticas
a_120.txt,nascida
a_120.txt,devido
a_120.txt,significativa
a_120.txt,unico
a_120.txt,resende
a_120.txt,haverem
a_120.txt,virtude
a_120.txt,configuram
a_120.txt,iphan
a_120.txt,inicio
a_120.txt,exame
a_120.txt,mil
a_120.txt,exauriente
a_120.txt,ele
a_120.txt,alemas
a_120.txt,terroristas
a_120.txt,utos
a_120.txt,barreira
a_120.txt,direcionadas
a_120.txt,preparatorios
a_120.txt,orientar
a_120.txt,portas
a_120.txt,trocadas
a_120.txt,narrando
a_120.txt,deste
a_120.txt,prejuizo
a_120.txt,ocorria
a_120.txt,determinada
a_120.txt,extrato
a_120.txt,braganca
a_120.txt,frequencia
a_120.txt,obrigatoriamente
a_120.txt,intervenientes
a_120.txt,ideias
a_120.txt,juntada
a_120.txt,camaras
a_120.txt,grande
a_120.txt,exercicio
a_120.txt,sejam
a_120.txt,instrucao
a_120.txt,ap
a_120.txt,qg
a_120.txt,biblioteca
a_120.txt,reparacao
a_120.txt,cep
a_120.txt,escalada
a_120.txt,paciencia
a_120.txt,urnas
a_120.txt,dano
a_120.txt,global
a_120.txt,abrangeram
a_120.txt,essencia
a_120.txt,fogos
a_120.txt,regido
a_120.txt,constituido
a_120.txt,perfeitamente
a_120.txt,sentido
a_120.txt,delibacao
a_120.txt,correa
a_120.txt,veiculos
a_120.txt,roberto
a_120.txt,notadamente
a_120.txt,petreas
a_120.txt,emprego
a_120.txt,oi
a_120.txt,participacao
a_120.txt,condutas
a_120.txt,residente
a_120.txt,ditec
a_120.txt,hoje
a_120.txt,min
a_120.txt,todo
a_120.txt,junto
a_120.txt,omissivas
a_120.txt,legitimidade
a_120.txt,localizada
a_120.txt,superior
a_120.txt,desejado
a_120.txt,expressa
a_120.txt,ambos
a_120.txt,quebra
a_120.txt,membros
a_120.txt,uniao
a_120.txt,palestras
a_120.txt,gerando
a_120.txt,desse
a_120.txt,verificou
a_120.txt,coletanea
a_120.txt,houverem
a_120.txt,adolescente
a_120.txt,pode
a_120.txt,lhe
a_120.txt,imputou
a_120.txt,arregimentar
a_120.txt,senados
a_120.txt,criminoso
a_120.txt,presenca
a_120.txt,protesto
a_120.txt,sendo
a_120.txt,encontra
a_120.txt,estamos
a_120.txt,invadido
a_120.txt,principios
a_120.txt,exige
a_120.txt,gas
a_120.txt,ellen
a_120.txt,inepta
a_120.txt,resultado
a_120.txt,valor
a_120.txt,publique
a_120.txt,propagacao
a_120.txt,causa
a_120.txt,mello
a_120.txt,ata
a_120.txt,pena
a_120.txt,atentatorios
a_120.txt,ausencia
a_120.txt,formal
a_120.txt,ocorreu
a_120.txt,unidade
a_120.txt,perimetro
a_120.txt,dados
a_120.txt,morfologica
a_120.txt,impor
a_120.txt,pretendida
a_120.txt,impropria
a_120.txt,natureza
a_120.txt,dolo
a_120.txt,realizados
a_120.txt,organizaram
a_120.txt,previo
a_120.txt,luiz
a_120.txt,descritos
a_120.txt,cintia
a_120.txt,hipotese
a_120.txt,direitos
a_120.txt,praticarem
a_120.txt,compreendido
a_120.txt,denominado
a_120.txt,resultaram
a_120.txt,estou
a_120.txt,pleno
a_120.txt,ederal
a_120.txt,atitude
a_120.txt,intersubjetivo
a_120.txt,fica
a_120.txt,detentores
a_120.txt,indicou
a_120.txt,apresentar
a_120.txt,devida
a_120.txt,toffoli
a_120.txt,indole
a_120.txt,manifestantes
a_120.txt,direcionaram
a_120.txt,toda
a_120.txt,dupla
a_120.txt,concurso
a_120.txt,rejeitada
a_120.txt,julgamento
a_120.txt,dividiram
a_120.txt,milhares
a_120.txt,haviamos
a_120.txt,limitacao
a_120.txt,acusatorio
a_120.txt,tirando
a_120.txt,sugestao
a_120.txt,afetada
a_120.txt,bia
a_120.txt,original
a_120.txt,ocultar
a_120.txt,aboligao
a_120.txt,sei
a_120.txt,imputacoes
a_120.txt,normalmente
a_120.txt,organizar
a_120.txt,nacional
a_120.txt,excluidos
a_120.txt,al
a_120.txt,assustada
a_120.txt,tao
a_120.txt,acampamentos
a_120.txt,necessario
a_120.txt,afastou
a_120.txt,estabilidade
a_120.txt,todos
a_120.txt,haja
a_120.txt,observar
a_120.txt,re
a_120.txt,aprimorando
a_120.txt,segundos
a_120.txt,incentivo
a_120.txt,centenas
a_120.txt,amigos
a_120.txt,concretizar
a_120.txt,artigo
a_120.txt,detencao
a_120.txt,fixacao
a_120.txt,camara
a_120.txt,alexandre
a_120.txt,ref
a_120.txt,criminais
a_120.txt,objetividade
a_120.txt,acima
a_120.txt,condenatoria
a_120.txt,terao
a_120.txt,tal
a_120.txt,psicologicos
a_120.txt,normas
a_120.txt,realizou
a_120.txt,ponto
a_120.txt,estes
a_120.txt,suma
a_120.txt,atentados
a_120.txt,teses
a_120.txt,sob
a_120.txt,promoveram
a_120.txt,instruem
a_120.txt,suprema
a_120.txt,atividade
a_120.txt,elementos
a_120.txt,detalhadamente
a_120.txt,depredacao
a_120.txt,atribuicao
a_120.txt,linchamento
a_120.txt,republicanas
a_120.txt,revela
a_120.txt,tirar
a_120.txt,reconhecer
a_120.txt,tinha
a_120.txt,esta
a_120.txt,praticados
a_120.txt,identificados
a_120.txt,direcionados
a_120.txt,sentenca
a_120.txt,rimoaldo
a_120.txt,demonstrativa
a_120.txt,instrumentos
a_120.txt,causado
a_120.txt,setecentos
a_120.txt,anular
a_120.txt,diante
a_120.txt,juntamente
a_120.txt,admitem
a_120.txt,secretaria
a_120.txt,alguma
a_120.txt,processual
a_120.txt,promoverem
a_120.txt,tramitam
a_120.txt,marquise
a_120.txt,desta
a_120.txt,orgaos
a_120.txt,sentados
a_120.txt,adotado
a_120.txt,d
a_120.txt,quatrocentos
a_120.txt,maioria
a_120.txt,coragem
a_120.txt,igualmente
a_120.txt,autenticardocumento
a_120.txt,sede
a_120.txt,nesses
a_120.txt,unidades
a_120.txt,proibicao
a_120.txt,destino
a_120.txt,dela
a_120.txt,elegado
a_120.txt,acordo
a_120.txt,constituicoes
a_120.txt,legais
a_120.txt,cf
a_120.txt,classificacao
a_120.txt,tombados
a_120.txt,mostra
a_120.txt,vou
a_120.txt,brasileiro
a_120.txt,conduta
a_120.txt,esteira
a_120.txt,legitimamente
a_120.txt,ww
a_120.txt,diferentemente
a_120.txt,apelido
a_120.txt,autoridade
a_120.txt,eles
a_120.txt,duvida
a_120.txt,prerrogativa
a_120.txt,unanimidade
a_120.txt,participou
a_120.txt,interregno
a_120.txt,consagrado
a_120.txt,encaminhadas
a_120.txt,capacidade
a_120.txt,estadios
a_120.txt,destruicao
a_120.txt,exigir
a_120.txt,mendonca
a_120.txt,vigor
a_120.txt,individual
a_120.txt,sessenta
a_120.txt,tinhamos
a_120.txt,motivar
a_120.txt,parte
a_120.txt,amplificado
a_120.txt,fake_news
a_120.txt,envolvendo
a_120.txt,conquanto
a_120.txt,ficaram
a_120.txt,noite
a_120.txt,isso
a_120.txt,provando
a_120.txt,especifica
a_120.txt,deteriorar
a_120.txt,oferecida
a_120.txt,servicos
a_120.txt,afasta
a_120.txt,crime
a_120.txt,acaso
a_120.txt,consequencias
a_120.txt,diplomacao
a_120.txt,comprovada
a_120.txt,rampa
a_120.txt,plenitude
a_120.txt,ministros
a_120.txt,roubo
a_120.txt,vida
a_120.txt,julgada
a_120.txt,organizacao
a_120.txt,atua
a_120.txt,determinavam
a_120.txt,denunciado
a_120.txt,eticos
a_120.txt,constitui
a_120.txt,algumas
a_120.txt,afirmou
a_120.txt,causados
a_120.txt,definidos
a_120.txt,manipulacao
a_120.txt,vai
a_120.txt,paulo
a_120.txt,contribuicao
a_120.txt,ontem
a_120.txt,fins
a_120.txt,geral
a_120.txt,dirigirem
a_120.txt,publico
a_120.txt,fundamento
a_120.txt,dotados
a_120.txt,geschaftsordnungen
a_120.txt,pelos
a_120.txt,referem
a_120.txt,ol
a_120.txt,alemao
a_120.txt,tentou
a_120.txt,milicias_digitais
a_120.txt,decorre
a_120.txt,ut
a_120.txt,absoluto
a_120.txt,indigitados
a_120.txt,demonstrem
a_120.txt,institucionais
a_120.txt,lucia
a_120.txt,praticadas
a_120.txt,procedimento
a_120.txt,whatsapp
a_120.txt,determinado
a_120.txt,apresentou
a_120.txt,chamado
a_120.txt,recebida
a_120.txt,graves
a_120.txt,esses
a_120.txt,armas
a_120.txt,nesse
a_120.txt,fiz
a_120.txt,regra
a_120.txt,foto
a_120.txt,brasileira
a_120.txt,certa
a_120.txt,violentas
a_120.txt,admite
a_120.txt,postulantes
a_120.txt,individualizada
a_120.txt,cp
a_120.txt,ensinamentos
a_120.txt,antidemocraticas
a_120.txt,autor
a_120.txt,boa
a_120.txt,vencido
a_120.txt,local
a_120.txt,constitucionais
a_120.txt,golpistas
a_120.txt,podem
a_120.txt,financeira
a_120.txt,causas
a_120.txt,almeida
a_120.txt,existira
a_120.txt,assim
a_120.txt,seguida
a_120.txt,brandmuller
a_120.txt,principal
a_120.txt,poder
a_120.txt,impedindo
a_120.txt,cognicao
a_120.txt,condenada
a_120.txt,museu
a_120.txt,treze
a_120.txt,unido
a_120.txt,justa
a_120.txt,codigos
a_120.txt,inexistencia
a_120.txt,apesar
a_120.txt,ocorrer
a_120.txt,teori
a_120.txt,investigada
a_120.txt,restringindo
a_120.txt,material
a_120.txt,desinibidoras
a_120.txt,baixo
a_120.txt,invadir
a_120.txt,materialidade
a_120.txt,edson
a_120.txt,perturbando
a_120.txt,suporte
a_120.txt,hc
a_120.txt,dessa
a_120.txt,posterior
a_120.txt,usuaria
a_120.txt,fim
a_120.txt,gerais
a_120.txt,policia
a_120.txt,subjetivamente
a_120.txt,eletronicas
a_120.txt,senador
a_120.txt,apresentadas
a_120.txt,marco
a_120.txt,detalhada
a_120.txt,silva
a_120.txt,julgar
a_120.txt,posicao
a_120.txt,quibus
a_120.txt,confianca
a_120.txt,outros
a_120.txt,orleans
a_120.txt,inicial
a_120.txt,investigadas
a_120.txt,abolir
a_120.txt,borracha
a_120.txt,esperanca
a_120.txt,vitoria
a_120.txt,recebeu
a_120.txt,deveria
a_120.txt,produto
a_120.txt,tanto
a_120.txt,silvia
a_120.txt,lamentaveis
a_120.txt,sistema
a_120.txt,consubstanciada
a_120.txt,fundado
a_120.txt,deu
a_120.txt,jus
a_120.txt,alternativo
a_120.txt,imparcialidade
a_120.txt,pedido
a_120.txt,tipicidade
a_120.txt,f
a_120.txt,participado
a_120.txt,metralhadora
a_120.txt,levei
a_120.txt,tombado
a_120.txt,ba
a_120.txt,fui
a_120.txt,permaneceu
a_120.txt,esbraveja
a_120.txt,perante
a_120.txt,movimento
a_120.txt,filha
a_120.txt,pol
a_120.txt,gracie
a_120.txt,rn
a_120.txt,intervencoes
a_120.txt,onze
a_120.txt,convocacao
a_120.txt,doze
a_120.txt,exigido
a_120.txt,ordenamento
a_120.txt,visando
a_120.txt,probatoria
a_120.txt,bases
a_120.txt,godoy
a_120.txt,depredando
a_120.txt,vandalismo
a_120.txt,garantir
a_120.txt,denunciados
a_120.txt,antidemocratico
a_120.txt,resultantes
a_120.txt,proposito
a_120.txt,precedentes
a_120.txt,encerramento
a_120.txt,fazendo
a_120.txt,geolocalizacao
a_120.txt,aproximadamente
a_120.txt,vejo
a_120.txt,mesmo
a_120.txt,essencialmente
a_120.txt,tirania
a_120.txt,bittencourt
a_120.txt,pude
a_120.txt,causando
a_120.txt,essa
a_120.txt,bastos
a_120.txt,virtual
a_120.txt,metade
a_120.txt,merito
a_120.txt,similar
a_120.txt,acabou
a_120.txt,i
a_120.txt,momentos
a_120.txt,autoritarismo
a_120.txt,crencas
a_120.txt,danos
a_120.txt,quadrilha
a_120.txt,pericial
a_120.txt,pet
a_120.txt,maximo
a_120.txt,mediante
a_120.txt,caracterizadores
a_120.txt,garantira
a_120.txt,pf
a_120.txt,presidencia
a_120.txt,fulano
a_120.txt,paola
a_120.txt,gases
a_120.txt,esplanada
a_120.txt,vez
a_120.txt,flavio
a_120.txt,novo
a_120.txt,saraiva
a_120.txt,liberdade
a_120.txt,respeito
a_120.txt,alcance
a_120.txt,pagina
a_120.txt,vicio
a_120.txt,culposo
a_120.txt,violentos
a_120.txt,protecao
a_120.txt,alheia
a_120.txt,bolsonaro
a_120.txt,olho
a_120.txt,bvr
a_120.txt,sintese
a_120.txt,ocorreram
a_120.txt,planaltina
a_120.txt,janeiro
a_120.txt,fato
a_120.txt,encontros
a_120.txt,rnold
a_120.txt,crivo
a_120.txt,enviada
a_120.txt,eleitoral
a_120.txt,previstas
a_120.txt,acusado
a_120.txt,caracteristica
a_120.txt,cantar
a_120.txt,garantia
a_120.txt,combinado
a_120.txt,avancar
a_120.txt,media
a_120.txt,iniciaram
a_120.txt,populacao
a_120.txt,falta
a_120.txt,contexto
a_120.txt,guerrilhando
a_120.txt,levante
a_120.txt,objeto
a_120.txt,historicos
a_120.txt,surgimento
a_120.txt,caracterizacao
a_120.txt,defesa
a_120.txt,preliminar
a_120.txt,primeiros
a_120.txt,qualificado
a_120.txt,estabelecidos
a_120.txt,t
a_120.txt,oportunidade
a_120.txt,protege
a_120.txt,separacao
a_120.txt,chegaram
a_120.txt,indispensavel
a_120.txt,interpretada
a_120.txt,necessaria
a_120.txt,opinioes
a_120.txt,r
a_120.txt,sui
a_120.txt,diversos
a_120.txt,tiro
a_120.txt,consequente
a_120.txt,invadindo
a_120.txt,consciente
a_120.txt,menor
a_120.txt,antenor
a_120.txt,quomodo
a_120.txt,urbanisticas
a_120.txt,recebo
a_120.txt,fotografias
a_120.txt,danoso
a_120.txt,vogal
a_120.txt,devera
a_120.txt,redes_sociais
a_120.txt,centavos
a_120.txt,l
a_120.txt,cezar
a_120.txt,proclamacao
a_120.txt,vincula
a_120.txt,merecendo
a_120.txt,avaliacoes
a_120.txt,militares
a_120.txt,servidores
a_120.txt,olvidar
a_120.txt,significativamente
a_120.txt,exemplos
a_120.txt,prerrogativas
a_120.txt,prestaram
a_120.txt,aquele
a_120.txt,investigacoes
a_120.txt,houver
a_120.txt,obra
a_120.txt,intelectuais
a_120.txt,aticando
a_120.txt,olicia
a_120.txt,clausulas
a_120.txt,moraes
a_120.txt,ressaltou
a_120.txt,fundamentais
a_120.txt,confessou
a_120.txt,historico
a_120.txt,privado
a_120.txt,autenticacao
a_120.txt,concretizam
a_120.txt,hipoteses
a_120.txt,selfies
a_120.txt,analisada
a_120.txt,egoistico
a_120.txt,inutilizar
a_120.txt,kk
a_120.txt,juris
a_120.txt,instalacoes
a_120.txt,essas
a_120.txt,inteiro
a_120.txt,informacao
a_120.txt,monte
a_120.txt,financiadores
a_120.txt,integrou
a_120.txt,infiltrados
a_120.txt,bem
a_120.txt,perna
a_120.txt,antidemocraticos
a_120.txt,ficam
a_120.txt,renato
a_120.txt,avancou
a_120.txt,decidiu
a_120.txt,principio
a_120.txt,formuladas
a_120.txt,saudoso
a_120.txt,mandamento
a_120.txt,dirigida
a_120.txt,texto
a_120.txt,termos
a_120.txt,multitudinario
a_120.txt,praca
a_120.txt,estavam
a_120.txt,britto
a_120.txt,suposta
a_120.txt,associacao
a_120.txt,proclamadas
a_120.txt,salvaguardar
a_120.txt,lado
a_120.txt,determinaram
a_120.txt,trajes
a_120.txt,arquivo
a_120.txt,observadas
a_120.txt,injusto
a_120.txt,barreiras
a_120.txt,inciso
a_120.txt,provas
a_120.txt,aniquilar
a_120.txt,judiciario
a_120.txt,tomadas
a_120.txt,portanto
a_120.txt,instigacao
a_120.txt,infracoes
a_120.txt,administrativo
a_120.txt,invadiram
a_120.txt,proporcoes
a_120.txt,atlas
a_120.txt,executores
a_120.txt,acusatoria
a_120.txt,gilmar
a_120.txt,feito
a_120.txt,facial
a_120.txt,cometimento
a_120.txt,poderao
a_120.txt,precisa
a_120.txt,mirabete
a_120.txt,acabar
a_120.txt,fundacao
a_120.txt,gente
a_120.txt,baseada
a_120.txt,contrarias
a_120.txt,expressivo
a_120.txt,escutam
a_120.txt,componentes
a_120.txt,imprensa
a_120.txt,provocou
a_120.txt,ora
a_120.txt,continuo
a_120.txt,relativo
a_120.txt,empresa
a_120.txt,designios
a_120.txt,depredado
a_120.txt,registrar
a_120.txt,originalmente
a_120.txt,partir
a_120.txt,tendencia
a_120.txt,condicao
a_120.txt,fazia
a_120.txt,reiterada
a_120.txt,meio
a_120.txt,grave
a_120.txt,urma
a_120.txt,oitocentos
a_120.txt,esgotaram
a_120.txt,paragrafo
a_120.txt,democratico
a_120.txt,nada
a_120.txt,serios
a_120.txt,selfie
a_120.txt,mensagens
a_120.txt,integrantes
a_120.txt,arte
a_120.txt,engajado
a_120.txt,queima
a_120.txt,diferentes
a_120.txt,enviados
a_120.txt,omissao
a_120.txt,grupo
a_120.txt,waiapi
a_120.txt,contem
a_120.txt,direcionada
a_120.txt,separar
a_120.txt,procedimentos
a_120.txt,melhorar
a_120.txt,motivo
a_120.txt,lumen
a_120.txt,tese
a_120.txt,conhecimento
a_120.txt,principalmente
a_120.txt,identificada
a_120.txt,constavam
a_120.txt,controlar
a_120.txt,tipicas
a_120.txt,crimes
a_120.txt,agora
a_120.txt,malfadada
a_120.txt,autoria
a_120.txt,adv
a_120.txt,governo
a_120.txt,insurgencia
a_120.txt,incontroversa
a_120.txt,criminosos
a_120.txt,munido
a_120.txt,ultimos
a_120.txt,proced
a_120.txt,passo
a_120.txt,ocupado
a_120.txt,esse
a_120.txt,bitencourt
a_120.txt,proximidades
a_120.txt,conexao
a_120.txt,fachin
a_120.txt,apoio
a_120.txt,descreveu
a_120.txt,relativas
a_120.txt,elas
a_120.txt,alegando
a_120.txt,anteriores
a_120.txt,delinquente
a_120.txt,objetivas
a_120.txt,artistico
a_120.txt,cantando
a_120.txt,cooperacao
a_120.txt,preenchimento
a_120.txt,massas
a_120.txt,infracao
a_120.txt,excitacoes
a_120.txt,manifestacao
a_120.txt,investigam
a_120.txt,palacio_do_planalto
a_120.txt,aut
a_120.txt,kicis
a_120.txt,tarde
a_120.txt,linchamentos
a_120.txt,sido
a_120.txt,obrigatoriedade
a_120.txt,extincao
a_120.txt,criminal
a_120.txt,noticia
a_120.txt,praticou
a_120.txt,infiltrado
a_120.txt,necessarios
a_120.txt,artefatos
a_120.txt,introducao
a_120.txt,ter
a_120.txt,integralmente
a_120.txt,relacao
a_120.txt,ministerio
a_120.txt,informa
a_120.txt,fabbrini
a_120.txt,discurso
a_120.txt,futebol
a_120.txt,sedes
a_120.txt,acao
a_120.txt,comeco
a_120.txt,golpe
a_120.txt,violenta
a_120.txt,lacrimogenio
a_120.txt,pelo
a_120.txt,derecho
a_120.txt,este
a_120.txt,contraria
a_120.txt,delegado
a_120.txt,aqui
a_120.txt,testemunhas
a_120.txt,investigacao
a_120.txt,rimeira
a_120.txt,comportamentos
a_120.txt,pessoal
a_120.txt,vitima
a_120.txt,idoneos
a_120.txt,absolvida
a_120.txt,condicoes
a_120.txt,delito
a_120.txt,quartel
a_120.txt,martins
a_120.txt,definitivo
a_120.txt,bandeira
a_120.txt,confirma
a_120.txt,inepcia
a_120.txt,permitiu
a_120.txt,informou
a_120.txt,enviado
a_120.txt,registrado
a_120.txt,joao
a_120.txt,contribuem
a_120.txt,municipio
a_120.txt,iv
a_120.txt,incompetentes
a_120.txt,etc
a_120.txt,nitida
a_120.txt,acusados
a_120.txt,pleito
a_120.txt,covardes
a_120.txt,instalacao
a_120.txt,seguinte
a_120.txt,agentes
a_120.txt,responsabilizacao
a_120.txt,vigente
a_120.txt,converte
a_120.txt,representacao
a_120.txt,direito
a_120.txt,jurgem
a_120.txt,deve
a_120.txt,liderarem
a_120.txt,nem
a_120.txt,participante
a_120.txt,kanap
a_120.txt,foro
a_120.txt,codigo
a_120.txt,prosseguimento
a_120.txt,imputado
a_120.txt,saber
a_120.txt,inversao
a_120.txt,intransponiveis
a_120.txt,consagra
a_120.txt,proibir
a_120.txt,crianca
a_120.txt,reveste
a_120.txt,individualizados
a_120.txt,indicar
a_120.txt,levantando
a_120.txt,eett
a_120.txt,revelar
a_120.txt,tomada
a_120.txt,nilo
a_120.txt,modulo
a_120.txt,naturalidade
a_120.txt,dezessete
a_120.txt,historica
a_120.txt,publica
a_120.txt,grimoaldo
a_120.txt,concorreu
a_120.txt,associou
a_120.txt,correspondente
a_120.txt,coletiva
a_120.txt,afastamento
a_120.txt,ano
a_120.txt,ruptura
a_120.txt,invasoes
a_120.txt,administracao
a_120.txt,neste
a_120.txt,pratica
a_120.txt,extensao
a_120.txt,registro
a_120.txt,publicos
a_120.txt,recebimento
a_120.txt,tampouco
a_120.txt,homicidio
a_120.txt,internos
a_120.txt,aurelio
a_120.txt,juizos
a_120.txt,pessoas
a_120.txt,eventos
a_120.txt,qualificacao
a_120.txt,momento
a_120.txt,foram
a_120.txt,palavras
a_120.txt,comissao
a_120.txt,reiteradamente
a_120.txt,general
a_120.txt,acontecido
a_120.txt,fator
a_120.txt,narra
a_120.txt,origem
a_120.txt,permita
a_120.txt,contra
a_120.txt,aquelas
a_120.txt,entrar
a_120.txt,atraves
a_120.txt,venia
a_120.txt,consolidar
a_120.txt,peticao
a_120.txt,video
a_120.txt,seguintes
a_120.txt,sumaria
a_120.txt,criminosa
a_120.txt,agravada
a_120.txt,protestos
a_120.txt,emissao
a_120.txt,tendo
a_120.txt,xingar
a_120.txt,agente
a_120.txt,sra
a_120.txt,correspondencia
a_120.txt,fiscalizacao
a_120.txt,liminarmente
a_120.txt,pudesse
a_120.txt,aparelho
a_120.txt,paridade
a_120.txt,afirma
a_120.txt,edite
a_120.txt,representatividade
a_120.txt,existencia
a_120.txt,chegar
a_120.txt,pessoa
a_120.txt,integrado
a_120.txt,diverso
a_120.txt,conseguir
a_120.txt,diversas
a_120.txt,praticavam
a_120.txt,relatou
a_120.txt,assumir
a_120.txt,individuos
a_120.txt,situacao
a_120.txt,eticao
a_120.txt,fase
a_120.txt,encontravam
a_120.txt,casas
a_120.txt,manifestando
a_120.txt,referidos
a_120.txt,incompetencia
a_120.txt,presente
a_120.txt,edoc
a_120.txt,positivista
a_120.txt,fernanda
a_120.txt,carmen
a_120.txt,autores
a_120.txt,pleiteando
a_120.txt,ativa
a_120.txt,armazens
a_120.txt,eduardo
a_120.txt,analise
a_120.txt,acoes
a_120.txt,tiros
a_120.txt,regime
a_120.txt,coisa
a_120.txt,postura
a_120.txt,jurisprudencia
a_120.txt,legislador
a_120.txt,tratado
a_120.txt,atos
a_120.txt,aperfeicoadas
a_120.txt,difundidos
a_120.txt,medidas
a_120.txt,voltavam
a_120.txt,novos
a_120.txt,ia
a_120.txt,inscrita
a_120.txt,peca
a_120.txt,si
a_120.txt,zanin
a_120.txt,delitos
a_120.txt,atingindo
a_120.txt,reu
a_120.txt,direto
a_120.txt,insatisfacao
a_120.txt,divergir
a_120.txt,influir
a_120.txt,perseguicao
a_120.txt,sociedade
a_120.txt,c
a_120.txt,valores
a_120.txt,vidros
a_120.txt,mista
a_120.txt,girao
a_120.txt,competente
a_120.txt,anonima
a_120.txt,supostamente
a_120.txt,deveriam
a_120.txt,acho
a_120.txt,patrimonio
a_120.txt,candidato
a_120.txt,fomos
a_120.txt,rj
a_120.txt,julho
a_120.txt,itoria
a_120.txt,concentracao
a_120.txt,estatal
a_120.txt,alem
a_120.txt,exercito
a_120.txt,interligados
a_120.txt,possibilitem
a_120.txt,incisos
a_120.txt,empregou
a_120.txt,acabei
a_120.txt,higidez
a_120.txt,disso
a_120.txt,atentatorias
a_120.txt,devendo
a_120.txt,articulados
a_120.txt,cadeiras
a_120.txt,ed
a_120.txt,plano
a_120.txt,confirmou
a_120.txt,ca
a_120.txt,encontram
a_120.txt,formulou
a_120.txt,denominados
a_120.txt,atribuidas
a_120.txt,rejeicao
a_120.txt,projeto
a_120.txt,podera
a_120.txt,sancoes
a_120.txt,livre
a_120.txt,concessionaria
a_120.txt,penas
a_120.txt,nesta
a_120.txt,democraticas
a_120.txt,delituosas
a_120.txt,p
a_120.txt,executora
a_120.txt,providencias
a_120.txt,mendes
a_120.txt,confusao
a_120.txt,seguir
a_120.txt,rel
a_120.txt,descreva
a_120.txt,stiffung
a_120.txt,apta
a_120.txt,garantias
a_120.txt,competencia
a_120.txt,traduz
a_120.txt,orgao
a_120.txt,maleficio
a_120.txt,razao
a_120.txt,estreita
a_120.txt,diversa
a_120.txt,produziu
a_120.txt,aponta
a_120.txt,interlocutores
a_120.txt,protegidos
a_120.txt,weimar
a_120.txt,individuo
a_120.txt,previsto
a_120.txt,pregando
a_120.txt,ocasioes
a_120.txt,s
a_120.txt,fechamento
a_120.txt,consideravel
a_120.txt,paginas
a_120.txt,mundo
a_120.txt,sudamerica
a_120.txt,conseguinte
a_120.txt,acompanho
a_120.txt,g
a_120.txt,lii
a_120.txt,observancia
a_120.txt,conduzidas
a_120.txt,ninguem
a_120.txt,somos
a_120.txt,cumpridos
a_120.txt,imputadas
a_120.txt,audios
a_120.txt,preve
a_120.txt,ressalte
a_120.txt,funcionais
a_120.txt,somente
a_120.txt,estendeu
a_120.txt,so
a_120.txt,introduzidas
a_120.txt,atenuadas
a_120.txt,rev
a_120.txt,caput
a_120.txt,responderao
a_120.txt,generis
a_120.txt,autorizada
a_120.txt,sucedido
a_120.txt,apuracao
a_120.txt,produzidas
a_120.txt,ficavam
a_120.txt,tipificacao
a_120.txt,parcialmente
a_120.txt,criminosas
a_120.txt,instaurado
a_120.txt,vinculada
a_120.txt,goncalves
a_120.txt,juiz
a_120.txt,rodovias
a_120.txt,anulam
a_120.txt,sera
a_120.txt,especifico
a_120.txt,imputacao
a_120.txt,narrar
a_120.txt,http
a_120.txt,ampl
a_120.txt,junior
a_120.txt,destituir
a_120.txt,sobretudo
a_120.txt,total
a_120.txt,todavia
a_120.txt,culpabilidade
a_120.txt,final
a_120.txt,titular
a_120.txt,quid
a_120.txt,visto
a_120.txt,eleicoes
a_120.txt,abrangente
a_120.txt,estando
a_120.txt,atuar
a_120.txt,auge
a_120.txt,maneira
a_120.txt,quis
a_120.txt,lexandre
a_120.txt,inqs
a_120.txt,independentes
a_120.txt,deterioracao
a_120.txt,lideres
a_120.txt,auxilio
a_120.txt,onibus
a_120.txt,outras
a_120.txt,multidao
a_120.txt,republica
a_120.txt,vinculos
a_120.txt,elator
a_120.txt,majoritariamente
a_120.txt,estado
a_120.txt,vi
a_120.txt,celular
a_120.txt,subscritor
a_120.txt,julgador
a_120.txt,especificamente
a_120.txt,praticaram
a_120.txt,ocorrencia
a_120.txt,imagens
a_120.txt,analisar
a_120.txt,manifestacoes
a_120.txt,ceder
a_120.txt,ayres
a_120.txt,consideravelmente
a_120.txt,tratar
a_120.txt,meses
a_120.txt,qualquer
a_120.txt,traduzida
a_120.txt,xxvii
a_120.txt,senha
a_120.txt,ocasiao
a_120.txt,denuncia
a_120.txt,inseridos
a_120.txt,contribuiu
a_120.txt,suficiente
a_120.txt,adesao
a_120.txt,distincao
a_120.txt,determinacao
a_120.txt,ja
a_120.txt,policiais
a_120.txt,ameaca
a_120.txt,apurar
a_120.txt,tipo
a_120.txt,patriota
a_120.txt,endonca
a_120.txt,tempos
a_120.txt,nota
a_120.txt,subjetivo
a_120.txt,sc
a_120.txt,registraram
a_120.txt,abalar
a_120.txt,la
a_120.txt,fernandes
a_120.txt,cabo
a_120.txt,dentre
a_120.txt,grupos
a_120.txt,eis
a_120.txt,legal
a_120.txt,gado
a_120.txt,desses
a_120.txt,zavascki
a_120.txt,espacos
a_120.txt,voluntaria
a_120.txt,chegada
a_120.txt,passiva
a_120.txt,regimentos
a_120.txt,diario
a_120.txt,descer
a_120.txt,clara
a_120.txt,armada
a_120.txt,persecutorios
a_120.txt,expos
a_120.txt,possivel
a_120.txt,contraditorio
a_120.txt,fux
a_120.txt,frente
a_120.txt,logos
a_120.txt,instituicoes
a_120.txt,nulidade
a_120.txt,saques
a_120.txt,objetos
a_120.txt,dj
a_120.txt,praticando
a_120.txt,instituto
a_120.txt,diz
a_120.txt,originario
a_120.txt,cunho
a_120.txt,territorial
a_120.txt,problemas
a_120.txt,dignidade
a_120.txt,celso
a_120.txt,posicionamento
a_120.txt,insuflar
a_120.txt,esteve
a_120.txt,publicacoes
a_120.txt,anuncios
a_120.txt,absoluta
a_120.txt,preciosa
a_120.txt,ampla
a_120.txt,dv
a_120.txt,dentro
a_120.txt,apreendido
a_120.txt,redigidos
a_120.txt,essenciais
a_120.txt,respectivas
a_120.txt,atual
a_120.txt,nocoes
a_120.txt,apontado
a_120.txt,presentes
a_120.txt,ativantes
a_120.txt,compreensivel
a_120.txt,casa
a_120.txt,vamos
a_120.txt,praca_dos_tres_poderes
a_120.txt,naquela
a_120.txt,inestimavel
a_120.txt,influencia
a_120.txt,atingiu
a_120.txt,profundamente
a_120.txt,autarquia
a_120.txt,edificios
a_120.txt,eminente
a_120.txt,ocupou
a_120.txt,configura
a_120.txt,inqueritos
a_120.txt,estava
a_120.txt,tipificada
a_120.txt,brasil
a_120.txt,previamente
a_120.txt,imputa
a_120.txt,laudo
a_120.txt,ofereceu
a_120.txt,motivada
a_120.txt,descobrir
a_120.txt,delas
a_120.txt,cpf
a_120.txt,chegamos
a_120.txt,caravanas
a_120.txt,anselmo
a_120.txt,utilizava
a_120.txt,provocaram
a_120.txt,face
a_120.txt,completamente
a_120.txt,objetivando
a_120.txt,vestindo
a_120.txt,cpp
a_120.txt,audio
a_120.txt,articulado
a_120.txt,punibilidade
a_120.txt,todas
a_120.txt,forca
a_120.txt,conquista
a_120.txt,quebrou
a_120.txt,kabinettsjustiz
a_120.txt,tema
a_120.txt,associarem
a_120.txt,dando
a_120.txt,criminologia
a_120.txt,minimo
a_120.txt,juridico
a_120.txt,seguranca
a_120.txt,preceitos
a_120.txt,deslocamento
a_120.txt,figurava
a_120.txt,tendose
a_120.txt,evidenciado
a_120.txt,conteudo
a_120.txt,videos
a_120.txt,conhecam
a_120.txt,tomar
a_120.txt,supracitada
a_120.txt,incendio
a_120.txt,saque
a_120.txt,separadamente
a_120.txt,ouvida
a_120.txt,medida
a_120.txt,adenauer
a_120.txt,legislacao
a_120.txt,lv
a_120.txt,pinacoteca
a_120.txt,favor
a_120.txt,guiga
a_120.txt,vinculo
a_120.txt,tramite
a_120.txt,distrito
a_120.txt,particular
a_120.txt,base
a_120.txt,dispositivos
a_120.txt,piloto
a_120.txt,paula
a_120.txt,multitudinarios
a_120.txt,circunstancias
a_120.txt,br
a_120.txt,eleito
a_120.txt,ibeiro
a_120.txt,terrorismo
a_120.txt,incorporadas
a_120.txt,textos
a_120.txt,corpo
a_120.txt,penal
a_120.txt,compreensao
a_120.txt,aderiu
a_120.txt,natural
a_120.txt,explosiva
a_120.txt,descrever
a_120.txt,reqte
a_120.txt,estrago
a_120.txt,violencia
a_120.txt,participaao
a_120.txt,exerce
a_120.txt,teor
a_120.txt,ambito
a_120.txt,confirmada
a_120.txt,prescricoes
a_120.txt,cometido
a_120.txt,senado
a_120.txt,eqte
a_120.txt,reais
a_120.txt,vista
a_120.txt,requer
a_120.txt,dias
a_120.txt,volume
a_120.txt,escala
a_120.txt,critico
a_120.txt,lo
a_120.txt,motivos
a_120.txt,trata
a_120.txt,permanencia
a_120.txt,economia
a_120.txt,marcha
a_120.txt,unida
a_120.txt,nosso
a_120.txt,norma
a_120.txt,tempo
a_120.txt,viabilidade
a_120.txt,publicas
a_120.txt,mauricio
a_120.txt,organizarem
a_120.txt,inicia
a_120.txt,v
a_120.txt,assegurar
a_120.txt,excecao
a_120.txt,mestre
a_120.txt,versao
a_120.txt,sentado
a_120.txt,cidadaos
a_120.txt,tentativa
a_120.txt,fisicas
a_120.txt,vislumbra
a_120.txt,porem
a_120.txt,outra
a_120.txt,licao
a_120.txt,correspondesse
a_120.txt,nao
a_120.txt,corte
a_120.txt,suficientes
a_120.txt,for
a_120.txt,realizacao
a_120.txt,artigos
a_120.txt,concebidos
a_120.txt,sociais
a_120.txt,carater
a_120.txt,destruiu
a_120.txt,hora
a_120.txt,area
a_120.txt,eqdo
a_120.txt,ficou
a_120.txt,filipe
a_120.txt,duvidas
a_120.txt,ensinado
a_120.txt,descricao
a_120.txt,facilidade
a_120.txt,reclusao
a_120.txt,discussao
a_120.txt,tratando
a_120.txt,carla
a_120.txt,tentar
a_120.txt,rio
a_120.txt,elementares
a_120.txt,destrui
a_120.txt,coronel
a_120.txt,seja
a_120.txt,bombas
a_120.txt,reqdo
a_120.txt,organizada
a_120.txt,judiciarios
a_120.txt,razoaveis
a_120.txt,sai
a_120.txt,imputando
a_120.txt,freitas
a_120.txt,tipos
a_120.txt,cometidas
a_120.txt,paineis
a_120.txt,sp
a_120.txt,bens
a_120.txt,cristiano
a_120.txt,abolicao
a_120.txt,in
a_120.txt,incitadores
a_120.txt,programa
a_120.txt,estaduais
a_120.txt,pensamento
a_120.txt,vim
a_120.txt,notou
a_120.txt,regras
a_120.txt,monumental
a_120.txt,xliv
a_120.txt,historicamente
a_120.txt,mencionados
a_120.txt,ah
a_120.txt,aqueles
a_120.txt,demais
a_120.txt,individualizou
a_120.txt,congresso_nacional
a_120.txt,investida
a_120.txt,seculo
a_120.txt,permanecer
a_120.txt,militantes
a_120.txt,composicao
a_120.txt,ordem
a_120.txt,minha
a_120.txt,tenho
a_120.txt,democracia
a_120.txt,requisitos
a_120.txt,ditas
a_120.txt,administradoras
a_120.txt,traumatica
a_120.txt,instauracao
a_120.txt,outro
a_120.txt,totalidade
a_120.txt,quanto
a_120.txt,ingressaram
a_120.txt,pluralismo
a_120.txt,congresso
a_120.txt,mesmos
a_120.txt,probatorio
a_120.txt,antonio
a_120.txt,delineadas
a_120.txt,gravissima
a_120.txt,desrespeito
a_120.txt,coerente
a_120.txt,chegou
a_120.txt,proibida
a_120.txt,deposicao
a_120.txt,vivo
a_120.txt,penais
a_120.txt,fiquei
a_120.txt,fazer
a_120.txt,propriedade
a_120.txt,guerreiro
a_120.txt,teve
a_120.txt,afirmar
a_120.txt,descreve
a_120.txt,narrativa
a_120.txt,previstos
a_120.txt,quinhentos
a_120.txt,judiciaria
a_120.txt,protegido
a_120.txt,tribunais
a_120.txt,elieser
a_120.txt,entendimento
a_120.txt,legalmente
a_120.txt,departamentos
a_120.txt,referencia
a_120.txt,processar
a_120.txt,inclusive
a_120.txt,inicialmente
a_120.txt,preocupado
a_120.txt,lei
a_120.txt,juizo
a_120.txt,b
a_120.txt,comprovar
a_120.txt,inflamavel
a_120.txt,entra
a_120.txt,ro
a_120.txt,anos
a_120.txt,impedir
a_120.txt,denunciada
a_120.txt,posse
a_120.txt,arts
a_120.txt,conclusao
a_120.txt,compartilhadas
a_120.txt,coordenados
a_120.txt,permite
a_120.txt,primarios
a_120.txt,contudo
a_120.txt,milhoes
a_120.txt,oberto
a_120.txt,conforme
a_120.txt,pretensao
a_120.txt,sutil
a_120.txt,pensamentos
a_120.txt,apenas
a_120.txt,expressao
a_120.txt,real
a_120.txt,nessa
a_120.txt,amolda
a_120.txt,baleado
a_120.txt,participando
a_120.txt,realizada
a_120.txt,otoni
a_120.txt,observe
a_120.txt,editora
a_120.txt,representa
a_120.txt,entrou
a_120.txt,ocorridas
a_120.txt,embora
a_120.txt,cientifica
a_120.txt,tais
a_120.txt,denunciadas
a_120.txt,destruir
a_120.txt,periodo
a_120.txt,inumeros
a_120.txt,defensivas
a_120.txt,ali
a_120.txt,pessoais
a_120.txt,curso
a_120.txt,manifesta
a_120.txt,nenhum
a_120.txt,aguentei
a_120.txt,nela
a_120.txt,consoante
a_120.txt,participava
a_120.txt,genericamente
a_120.txt,amoldariam
a_120.txt,responsaveis
a_120.txt,ladeirinha
a_120.txt,possuem
a_120.txt,desde
a_120.txt,ntenor
a_120.txt,previsao
a_120.txt,konrad
a_120.txt,estruturantes
a_120.txt,federais
a_120.txt,preliminares
a_120.txt,isto
a_120.txt,dino
a_120.txt,metralhar
a_120.txt,pelas
a_120.txt,deputados
a_120.txt,acampamento
a_120.txt,incitacao
a_120.txt,voces
a_120.txt,persecutor
a_120.txt,fatos
a_120.txt,seiscentos
a_120.txt,peco
a_120.txt,estruturas
a_120.txt,claro
a_120.txt,ipj
a_120.txt,iniciou
a_120.txt,individualizacao
a_120.txt,reunidas
a_120.txt,transitiva
a_120.txt,cada
a_120.txt,mostravam
a_120.txt,comissivas
a_120.txt,mg
a_120.txt,jornalistas
a_120.txt,aplicacao
a_120.txt,ocorre
a_120.txt,eventualmente
a_120.txt,harmonicos
a_120.txt,atos_antidemocraticos
a_120.txt,civis
a_120.txt,alguns
a_120.txt,exposto
a_120.txt,adentrar
a_120.txt,propriedades
a_120.txt,imitacao
a_120.txt,politica
a_120.txt,asp
a_120.txt,multa
a_120.txt,chamados
a_120.txt,republicanos
a_120.txt,oitenta
a_120.txt,cumplice
a_120.txt,instancia
a_120.txt,determinou
a_120.txt,influencias
a_120.txt,mim
a_120.txt,esquerda
a_120.txt,peixoto
a_120.txt,conformar
a_120.txt,arquitetonicas
a_120.txt,junio
a_120.txt,auxiliis
a_120.txt,n
a_120.txt,culminaram
a_120.txt,deflagrada
a_120.txt,inviabilizar
a_120.txt,constitucional
a_120.txt,oliveira
a_120.txt,armadas
a_120.txt,restando
a_120.txt,phillipe
a_120.txt,submetidas
a_120.txt,objetivo
a_120.txt,argumentacao
a_120.txt,pecas
a_120.txt,demonstra
a_120.txt,propria
a_120.txt,indispensaveis
a_120.txt,narrado
a_120.txt,lhes
a_120.txt,estrada
a_120.txt,vantagem
a_120.txt,verifica
a_120.txt,varias
a_120.txt,pais
a_120.txt,batista
a_120.txt,critica
a_120.txt,retroalimentando
a_120.txt,obras
a_120.txt,identificacao
a_120.txt,co
a_120.txt,evidente
a_120.txt,padroes
a_120.txt,demonstrada
a_120.txt,impunidade
a_120.txt,filmagem
a_120.txt,predios
a_120.txt,atuando
a_120.txt,derivadas
a_120.txt,manual
a_120.txt,perpetrada
a_120.txt,morais
a_120.txt,zambelli
a_120.txt,pets
a_120.txt,caracterizando
a_120.txt,sem
a_120.txt,acusada
a_120.txt,imputados
a_120.txt,voltou
a_120.txt,permitindo
a_120.txt,istrito
a_120.txt,proferidas
a_120.txt,mensagem
a_120.txt,posteriormente
a_120.txt,diretamente
a_120.txt,descontentamento
a_120.txt,amaral
a_120.txt,delegacia
a_120.txt,inutilizacao
a_120.txt,independencia
a_120.txt,requerimento
a_120.txt,apurada
a_120.txt,tipica
a_120.txt,consequentemente
a_120.txt,desnecessario
a_120.txt,portal
a_120.txt,invadidos
a_120.txt,indignada
a_120.txt,cima
a_120.txt,tumulto
a_120.txt,balancar
a_120.txt,estao
a_120.txt,especialmente
a_120.txt,mesas
a_120.txt,turma
a_120.txt,tem
a_120.txt,cometerem
a_120.txt,exemplo
a_120.txt,notificada
a_120.txt,teria
a_120.txt,oraes
a_120.txt,dia
a_120.txt,moveis
a_120.txt,supostos
a_120.txt,fenomeno
a_120.txt,nessas
a_120.txt,poderes
a_120.txt,leonardo
a_120.txt,mandar
a_120.txt,depor
a_120.txt,ativamente
a_120.txt,pela
a_120.txt,extracao
a_120.txt,ainda
a_120.txt,manifestavam
a_120.txt,ato
a_120.txt,comparecido
a_120.txt,forma
a_120.txt,violento
a_120.txt,absolvicao
a_120.txt,grandes
a_120.txt,lugar
a_120.txt,hino
a_120.txt,juizes
a_120.txt,acusacao
a_120.txt,ii
a_120.txt,cinquenta
a_120.txt,tras
a_120.txt,participes
a_120.txt,colhidos
a_120.txt,plurissubjetivos
a_120.txt,bastasse
a_120.txt,nexo
a_120.txt,resultando
a_120.txt,conseguido
a_120.txt,analisa
a_120.txt,razoes
a_120.txt,maior
a_120.txt,ubi
a_120.txt,ocorrendo
a_120.txt,requereu
a_120.txt,legitima
a_120.txt,inq
a_120.txt,dirigiram
a_120.txt,organizados
a_120.txt,facilitar
a_120.txt,autoridades
a_120.txt,invasao
a_120.txt,resp
a_120.txt,majorado
a_120.txt,patriotas
a_120.txt,santiago
a_120.txt,pretendam
a_120.txt,julgado
a_120.txt,inquerito
a_120.txt,alusivos
a_120.txt,ressalvas
a_120.txt,sim
a_120.txt,julio
a_120.txt,caso
a_120.txt,meios
a_120.txt,existe
a_120.txt,bala
a_120.txt,barros
a_120.txt,frequentou
a_120.txt,conviccao
a_120.txt,substancia
a_120.txt,urteil
a_120.txt,pe
a_041.txt,portaria
a_041.txt,secao
a_041.txt,destruiram
a_041.txt,ganhou
a_041.txt,confrontos
a_041.txt,estabelecida
a_041.txt,precluiu
a_041.txt,rhc
a_041.txt,incendios
a_041.txt,inconfundivel
a_041.txt,dosimetria
a_041.txt,inerentes
a_041.txt,uniram
a_041.txt,ver
a_041.txt,ta
a_041.txt,fisica
a_041.txt,sucedida
a_041.txt,pm
a_041.txt,chinesa
a_041.txt,som
a_041.txt,inconstitucionais
a_041.txt,manifestar
a_041.txt,conjugacao
a_041.txt,tramitacao
a_041.txt,capitanio
a_041.txt,salienta
a_041.txt,batalhao
a_041.txt,intencao
a_041.txt,q
a_041.txt,tracado
a_041.txt,pedidos
a_041.txt,taser
a_041.txt,aluguel
a_041.txt,inclutech
a_041.txt,precisar
a_041.txt,seguiram
a_041.txt,subir
a_041.txt,prova
a_041.txt,tomado
a_041.txt,rol
a_041.txt,forte
a_041.txt,cometer
a_041.txt,indiquem
a_041.txt,devido
a_041.txt,ferras
a_041.txt,unico
a_041.txt,torna
a_041.txt,algum
a_041.txt,reiterados
a_041.txt,pertenceriam
a_041.txt,exame
a_041.txt,mil
a_041.txt,referidas
a_041.txt,vale
a_041.txt,constitutivas
a_041.txt,exito
a_041.txt,preparados
a_041.txt,prestigia
a_041.txt,dobro
a_041.txt,preparatorios
a_041.txt,portando
a_041.txt,desfavoravel
a_041.txt,rigidos
a_041.txt,ocorria
a_041.txt,mobilizasse
a_041.txt,veja
a_041.txt,nn
a_041.txt,totalizo
a_041.txt,extrato
a_041.txt,reservando
a_041.txt,qgex
a_041.txt,chefes
a_041.txt,camaras
a_041.txt,utilizou
a_041.txt,grande
a_041.txt,provido
a_041.txt,exercicio
a_041.txt,sejam
a_041.txt,atracao
a_041.txt,terceiros
a_041.txt,jovens
a_041.txt,chegavam
a_041.txt,bons
a_041.txt,contornaram
a_041.txt,lesar
a_041.txt,proibido
a_041.txt,indevida
a_041.txt,naturalmente
a_041.txt,perfeitamente
a_041.txt,notadamente
a_041.txt,ilicitas
a_041.txt,cpi
a_041.txt,edocs
a_041.txt,imaginara
a_041.txt,internacionais
a_041.txt,dper
a_041.txt,residente
a_041.txt,interrogado
a_041.txt,buscando
a_041.txt,declarados
a_041.txt,atribuidos
a_041.txt,antidemocratica
a_041.txt,designei
a_041.txt,niemeyer
a_041.txt,coqueteis
a_041.txt,excecoes
a_041.txt,pretendido
a_041.txt,idade
a_041.txt,consolidacao
a_041.txt,alterem
a_041.txt,riqueza
a_041.txt,financiar
a_041.txt,uniao
a_041.txt,comprovados
a_041.txt,lhe
a_041.txt,provenham
a_041.txt,semana
a_041.txt,visivel
a_041.txt,criminoso
a_041.txt,cursos
a_041.txt,manobra
a_041.txt,testemunha
a_041.txt,retirada
a_041.txt,incompativeis
a_041.txt,gas
a_041.txt,exaltados
a_041.txt,registrando
a_041.txt,respondendo
a_041.txt,concretize
a_041.txt,cerceamento
a_041.txt,mello
a_041.txt,quebrando
a_041.txt,plenamente
a_041.txt,tramitaram
a_041.txt,subsuncao
a_041.txt,erro
a_041.txt,externado
a_041.txt,complexo
a_041.txt,assembleia
a_041.txt,oposicao
a_041.txt,criancas
a_041.txt,narrou
a_041.txt,feita
a_041.txt,tomamos
a_041.txt,dependem
a_041.txt,impropria
a_041.txt,malaree
a_041.txt,acionou
a_041.txt,direitos
a_041.txt,reiteram
a_041.txt,reducao
a_041.txt,maniqueisticamente
a_041.txt,frisar
a_041.txt,indole
a_041.txt,gato
a_041.txt,direcionaram
a_041.txt,trazido
a_041.txt,acusatorio
a_041.txt,tirando
a_041.txt,quantificacao
a_041.txt,article
a_041.txt,original
a_041.txt,esclarece
a_041.txt,otica
a_041.txt,imputacoes
a_041.txt,normalmente
a_041.txt,encontrados
a_041.txt,imobiliarios
a_041.txt,concernente
a_041.txt,fosforos
a_041.txt,fenomenos
a_041.txt,mora
a_041.txt,prestacao
a_041.txt,manda
a_041.txt,al
a_041.txt,acampamentos
a_041.txt,contribuindo
a_041.txt,todos
a_041.txt,re
a_041.txt,sistematica
a_041.txt,cem
a_041.txt,encontro
a_041.txt,centrais
a_041.txt,acompanhar
a_041.txt,cumprida
a_041.txt,plenarias
a_041.txt,dispersavam
a_041.txt,esteves
a_041.txt,realizadas
a_041.txt,dado
a_041.txt,acima
a_041.txt,terao
a_041.txt,realidade
a_041.txt,caixa
a_041.txt,parque
a_041.txt,aplicada
a_041.txt,suma
a_041.txt,destrutivo
a_041.txt,decidido
a_041.txt,exaure
a_041.txt,malferimento
a_041.txt,corporalis
a_041.txt,configure
a_041.txt,linchamento
a_041.txt,republicanas
a_041.txt,armado
a_041.txt,revela
a_041.txt,solidaria
a_041.txt,entidades
a_041.txt,perenidade
a_041.txt,encarado
a_041.txt,incriminadores
a_041.txt,identificados
a_041.txt,praticados
a_041.txt,testemunhal
a_041.txt,condena
a_041.txt,regimental
a_041.txt,correspondencias
a_041.txt,constrangimento
a_041.txt,aliou
a_041.txt,iam
a_041.txt,demonstrativa
a_041.txt,criou
a_041.txt,concorreram
a_041.txt,quebrar
a_041.txt,secretaria
a_041.txt,reconheco
a_041.txt,processual
a_041.txt,analisadas
a_041.txt,panorama
a_041.txt,puniveis
a_041.txt,maioria
a_041.txt,relevantes
a_041.txt,sempre
a_041.txt,tratam
a_041.txt,antiga
a_041.txt,bustos
a_041.txt,educacao
a_041.txt,materiae
a_041.txt,respostas
a_041.txt,reciproca
a_041.txt,acharam
a_041.txt,tornaram
a_041.txt,uso
a_041.txt,vou
a_041.txt,brasileiro
a_041.txt,esteira
a_041.txt,motivam
a_041.txt,ww
a_041.txt,inviabilizada
a_041.txt,duvida
a_041.txt,ineficaz
a_041.txt,constam
a_041.txt,engendrada
a_041.txt,ensejou
a_041.txt,aditar
a_041.txt,destruicao
a_041.txt,homem
a_041.txt,exigir
a_041.txt,consideradas
a_041.txt,individual
a_041.txt,denuncias
a_041.txt,indeterminada
a_041.txt,absolver
a_041.txt,correm
a_041.txt,suspensa
a_041.txt,usado
a_041.txt,motivar
a_041.txt,fake_news
a_041.txt,envolvendo
a_041.txt,concreta
a_041.txt,toma
a_041.txt,servicos
a_041.txt,afasta
a_041.txt,verificadas
a_041.txt,crime
a_041.txt,boas
a_041.txt,culminar
a_041.txt,dimensao
a_041.txt,elles
a_041.txt,diplomacao
a_041.txt,demonstrou
a_041.txt,reunido
a_041.txt,resposta
a_041.txt,devam
a_041.txt,roubo
a_041.txt,justamente
a_041.txt,subprocurador
a_041.txt,denunciado
a_041.txt,estados
a_041.txt,afirmou
a_041.txt,vai
a_041.txt,nome
a_041.txt,contribuicao
a_041.txt,ig
a_041.txt,cabe
a_041.txt,diligencia
a_041.txt,analiso
a_041.txt,vistos
a_041.txt,incidem
a_041.txt,fundamento
a_041.txt,desenvolvimento
a_041.txt,amor
a_041.txt,iriam
a_041.txt,referem
a_041.txt,reciproco
a_041.txt,nossa
a_041.txt,formais
a_041.txt,decorre
a_041.txt,serie
a_041.txt,examino
a_041.txt,tarefas
a_041.txt,questionamento
a_041.txt,levaram
a_041.txt,odiosos
a_041.txt,fiz
a_041.txt,regra
a_041.txt,wallace
a_041.txt,reconhecido
a_041.txt,ditames
a_041.txt,executivo
a_041.txt,relatora
a_041.txt,reuters
a_041.txt,admite
a_041.txt,maxima
a_041.txt,representacoes
a_041.txt,assinalou
a_041.txt,ferocidade
a_041.txt,dominado
a_041.txt,determinados
a_041.txt,incriminado
a_041.txt,usuario
a_041.txt,apresentei
a_041.txt,autor
a_041.txt,plataformas
a_041.txt,deteriorado
a_041.txt,golpistas
a_041.txt,gravissimos
a_041.txt,causas
a_041.txt,cela
a_041.txt,puderam
a_041.txt,prevaleceu
a_041.txt,existira
a_041.txt,desejos
a_041.txt,abstratos
a_041.txt,proferiam
a_041.txt,disposto
a_041.txt,incluidas
a_041.txt,identificou
a_041.txt,arrancada
a_041.txt,allan
a_041.txt,abusiva
a_041.txt,lembrar
a_041.txt,arregimentacao
a_041.txt,colocando
a_041.txt,restringindo
a_041.txt,aberto
a_041.txt,desinibidoras
a_041.txt,tombamento
a_041.txt,materialidade
a_041.txt,penitenciario
a_041.txt,reeleito
a_041.txt,vedada
a_041.txt,supoe
a_041.txt,agr
a_041.txt,eleicao
a_041.txt,policia
a_041.txt,demonstrativas
a_041.txt,aberta
a_041.txt,detalhada
a_041.txt,silva
a_041.txt,abordados
a_041.txt,confianca
a_041.txt,ideologica
a_041.txt,transcricoes
a_041.txt,direcao
a_041.txt,parametro
a_041.txt,esperanca
a_041.txt,ementado
a_041.txt,recebeu
a_041.txt,cheios
a_041.txt,remetendo
a_041.txt,deveria
a_041.txt,efetivada
a_041.txt,silvia
a_041.txt,prenderam
a_041.txt,levanta
a_041.txt,sistema
a_041.txt,fundado
a_041.txt,inspiradores
a_041.txt,verdadeiro
a_041.txt,ilegal
a_041.txt,alternativo
a_041.txt,havia
a_041.txt,instrutoria
a_041.txt,gudes
a_041.txt,mesmas
a_041.txt,tipicidade
a_041.txt,espontaneamente
a_041.txt,hassemer
a_041.txt,diligencias
a_041.txt,reprovabilidade
a_041.txt,movimento
a_041.txt,pimenta
a_041.txt,vencer
a_041.txt,buenos
a_041.txt,organizadas
a_041.txt,efetivamente
a_041.txt,depredando
a_041.txt,vandalismo
a_041.txt,influenciadora
a_041.txt,pires
a_041.txt,comum
a_041.txt,venham
a_041.txt,arredores
a_041.txt,fazendo
a_041.txt,deram
a_041.txt,geolocalizacao
a_041.txt,afrontoso
a_041.txt,atiradores
a_041.txt,molotov
a_041.txt,moral
a_041.txt,tse
a_041.txt,flagrante
a_041.txt,pa
a_041.txt,intimidador
a_041.txt,i
a_041.txt,demonstrando
a_041.txt,relativamente
a_041.txt,percebendo
a_041.txt,epublica
a_041.txt,afericao
a_041.txt,alcancados
a_041.txt,advento
a_041.txt,demonstrado
a_041.txt,adversas
a_041.txt,certas
a_041.txt,prevalece
a_041.txt,penda
a_041.txt,preto
a_041.txt,violentos
a_041.txt,le
a_041.txt,decorrer
a_041.txt,conheca
a_041.txt,conjuntamente
a_041.txt,certo
a_041.txt,federativa
a_041.txt,mostrado
a_041.txt,bvr
a_041.txt,extraordinaria
a_041.txt,acentuada
a_041.txt,fixar
a_041.txt,destruidos
a_041.txt,aventadas
a_041.txt,entende
a_041.txt,estrangeiro
a_041.txt,fato
a_041.txt,sepael
a_041.txt,imensa
a_041.txt,crivo
a_041.txt,lite
a_041.txt,cdd
a_041.txt,quebradas
a_041.txt,caracteristica
a_041.txt,cantar
a_041.txt,repisar
a_041.txt,media
a_041.txt,contexto
a_041.txt,condeno
a_041.txt,atuado
a_041.txt,ultimosegundo
a_041.txt,historicos
a_041.txt,gomes
a_041.txt,apreciado
a_041.txt,qualificado
a_041.txt,estabelecidos
a_041.txt,depredacoes
a_041.txt,desbordaram
a_041.txt,coinvestigados
a_041.txt,interpretada
a_041.txt,frieza
a_041.txt,r
a_041.txt,internacional
a_041.txt,turno
a_041.txt,narrados
a_041.txt,invadindo
a_041.txt,urbanisticas
a_041.txt,vargas
a_041.txt,depredaram
a_041.txt,franco
a_041.txt,resistiram
a_041.txt,inteligencia
a_041.txt,ristf
a_041.txt,perguntou
a_041.txt,considerada
a_041.txt,interior
a_041.txt,considerado
a_041.txt,excludente
a_041.txt,conquistada
a_041.txt,militares
a_041.txt,servidores
a_041.txt,gabinetes
a_041.txt,significativamente
a_041.txt,exemplos
a_041.txt,redor
a_041.txt,absorcao
a_041.txt,investigacoes
a_041.txt,submete
a_041.txt,intelectuais
a_041.txt,determina
a_041.txt,arquivado
a_041.txt,dispersas
a_041.txt,pendente
a_041.txt,capitolio
a_041.txt,cezarbitencourt
a_041.txt,concorrido
a_041.txt,historico
a_041.txt,assentar
a_041.txt,ressaltando
a_041.txt,esconde
a_041.txt,seguramente
a_041.txt,gustavo
a_041.txt,retorica
a_041.txt,aproximar
a_041.txt,receber
a_041.txt,consideracao
a_041.txt,juris
a_041.txt,anibal
a_041.txt,valoradas
a_041.txt,paises
a_041.txt,executaram
a_041.txt,anexo
a_041.txt,precisava
a_041.txt,algo
a_041.txt,colhe
a_041.txt,cumulacao
a_041.txt,camufladas
a_041.txt,renato
a_041.txt,dar
a_041.txt,decidiu
a_041.txt,concedida
a_041.txt,formuladas
a_041.txt,evidenciada
a_041.txt,termos
a_041.txt,reitero
a_041.txt,certeza
a_041.txt,episodios
a_041.txt,lado
a_041.txt,proprios
a_041.txt,favoraveis
a_041.txt,observadas
a_041.txt,injusto
a_041.txt,percebe
a_041.txt,continuidade
a_041.txt,tomadas
a_041.txt,instigacao
a_041.txt,mente
a_041.txt,falado
a_041.txt,animalidade
a_041.txt,integrante
a_041.txt,aglomeracoes
a_041.txt,fraudulentas
a_041.txt,executores
a_041.txt,nullum
a_041.txt,observamos
a_041.txt,qualidade
a_041.txt,poderao
a_041.txt,irregularidade
a_041.txt,ordeira
a_041.txt,quebraram
a_041.txt,falou
a_041.txt,declarante
a_041.txt,pune
a_041.txt,indenizacao
a_041.txt,censura
a_041.txt,imprensa
a_041.txt,restringir
a_041.txt,agrupando
a_041.txt,registrar
a_041.txt,isbn
a_041.txt,departamento
a_041.txt,palco
a_041.txt,estruturacao
a_041.txt,registra
a_041.txt,rondonia
a_041.txt,homogeneidade
a_041.txt,paragrafo
a_041.txt,figuram
a_041.txt,nada
a_041.txt,incluir
a_041.txt,mensagens
a_041.txt,enquanto
a_041.txt,arte
a_041.txt,agregado
a_041.txt,liberar
a_041.txt,piso
a_041.txt,percentual
a_041.txt,grupo
a_041.txt,utilizavam
a_041.txt,contem
a_041.txt,mes
a_041.txt,opuseram
a_041.txt,nucleos
a_041.txt,indireta
a_041.txt,quebrado
a_041.txt,filma
a_041.txt,governo
a_041.txt,mencionado
a_041.txt,incontroversas
a_041.txt,causal
a_041.txt,diversificado
a_041.txt,ob
a_041.txt,certidao
a_041.txt,ultimos
a_041.txt,agia
a_041.txt,correspondem
a_041.txt,proced
a_041.txt,passo
a_041.txt,item
a_041.txt,impedimento
a_041.txt,apoio
a_041.txt,otavio
a_041.txt,vetores
a_041.txt,aquela
a_041.txt,relativas
a_041.txt,acolhe
a_041.txt,alegando
a_041.txt,anteriores
a_041.txt,adiantei
a_041.txt,realce
a_041.txt,objetivas
a_041.txt,embebido
a_041.txt,tornam
a_041.txt,ante
a_041.txt,conceito
a_041.txt,manifestacao
a_041.txt,standard
a_041.txt,palacio_do_planalto
a_041.txt,tarde
a_041.txt,identica
a_041.txt,imputavel
a_041.txt,sido
a_041.txt,dotado
a_041.txt,pp
a_041.txt,criminal
a_041.txt,praticou
a_041.txt,apanhado
a_041.txt,prosseguindo
a_041.txt,indenizar
a_041.txt,tomava
a_041.txt,ministerio
a_041.txt,orienta
a_041.txt,marcelo
a_041.txt,sedes
a_041.txt,solucao
a_041.txt,disparo
a_041.txt,alegada
a_041.txt,racionalidade
a_041.txt,derecho
a_041.txt,josiel
a_041.txt,investigacao
a_041.txt,pessoal
a_041.txt,vitima
a_041.txt,varios
a_041.txt,definitivo
a_041.txt,dedica
a_041.txt,confirma
a_041.txt,seguiu
a_041.txt,permitiu
a_041.txt,integridade
a_041.txt,estabelecido
a_041.txt,gerar
a_041.txt,registrado
a_041.txt,exterior
a_041.txt,joao
a_041.txt,ingressou
a_041.txt,divulgacao
a_041.txt,municipio
a_041.txt,consideracoes
a_041.txt,delituosa
a_041.txt,deslinde
a_041.txt,incompetentes
a_041.txt,sorte
a_041.txt,desbordou
a_041.txt,consuncao
a_041.txt,tirariam
a_041.txt,compartilhados
a_041.txt,destacar
a_041.txt,acusados
a_041.txt,20230108_160756
a_041.txt,trafego
a_041.txt,impropriedade
a_041.txt,reforcos
a_041.txt,reunir
a_041.txt,proxima
a_041.txt,subsistente
a_041.txt,fundamentacao
a_041.txt,vejam
a_041.txt,jurgem
a_041.txt,deve
a_041.txt,imputar
a_041.txt,palacios
a_041.txt,aplicar
a_041.txt,participante
a_041.txt,montaram
a_041.txt,preparatoria
a_041.txt,intransponiveis
a_041.txt,consagra
a_041.txt,dispositivo
a_041.txt,delineados
a_041.txt,numa
a_041.txt,comento
a_041.txt,tomada
a_041.txt,magistrado
a_041.txt,reporta
a_041.txt,alegou
a_041.txt,aeroporto
a_041.txt,concorrer
a_041.txt,convertida
a_041.txt,correspondente
a_041.txt,custas
a_041.txt,apreciacao
a_041.txt,coletiva
a_041.txt,ruptura
a_041.txt,cifras
a_041.txt,continencia
a_041.txt,falso
a_041.txt,dizeres
a_041.txt,neste
a_041.txt,publicos
a_041.txt,tampouco
a_041.txt,recebimento
a_041.txt,decorrencia
a_041.txt,relativa
a_041.txt,tentando
a_041.txt,fraude
a_041.txt,preventiva
a_041.txt,eventos
a_041.txt,momento
a_041.txt,minimamente
a_041.txt,comissao
a_041.txt,operacionalizacao
a_041.txt,disponibilizada
a_041.txt,conhecido
a_041.txt,necessidade
a_041.txt,comprovadas
a_041.txt,frascos
a_041.txt,tentados
a_041.txt,reclamando
a_041.txt,venia
a_041.txt,familiares
a_041.txt,video
a_041.txt,recaia
a_041.txt,sumaria
a_041.txt,criminosa
a_041.txt,agravada
a_041.txt,revista_esmp
a_041.txt,juizado
a_041.txt,sceleris
a_041.txt,fiscalizacao
a_041.txt,ffeeddeerraall
a_041.txt,constituindo
a_041.txt,cheio
a_041.txt,encarregado
a_041.txt,conteudos
a_041.txt,jato
a_041.txt,chegar
a_041.txt,pessoa
a_041.txt,exercido
a_041.txt,manifestamente
a_041.txt,assumir
a_041.txt,objetivar
a_041.txt,individuos
a_041.txt,situacao
a_041.txt,empregado
a_041.txt,conhecidas
a_041.txt,sentir
a_041.txt,positivista
a_041.txt,lanche
a_041.txt,comunhao
a_041.txt,indiscriminadamente
a_041.txt,esfuma
a_041.txt,estritamente
a_041.txt,exploradas
a_041.txt,avessos
a_041.txt,barulho
a_041.txt,gravacoes
a_041.txt,autorizaram
a_041.txt,regime
a_041.txt,coisa
a_041.txt,pertinente
a_041.txt,destaco
a_041.txt,consistente
a_041.txt,referido
a_041.txt,veneno
a_041.txt,plastico
a_041.txt,denotavam
a_041.txt,atos
a_041.txt,engendrado
a_041.txt,tracos
a_041.txt,medidas
a_041.txt,fulcro
a_041.txt,dada
a_041.txt,desprezo
a_041.txt,text
a_041.txt,economica
a_041.txt,are
a_041.txt,reu
a_041.txt,considerar
a_041.txt,incursao
a_041.txt,peticoes
a_041.txt,subclasses
a_041.txt,direto
a_041.txt,insatisfacao
a_041.txt,efeito
a_041.txt,dezembro
a_041.txt,lara
a_041.txt,captacao
a_041.txt,influir
a_041.txt,necessariamente
a_041.txt,sociedade
a_041.txt,constata
a_041.txt,oportunizada
a_041.txt,girao
a_041.txt,instaurar
a_041.txt,imaterial
a_041.txt,competente
a_041.txt,adentrou
a_041.txt,entrada
a_041.txt,cel
a_041.txt,colocados
a_041.txt,atribuido
a_041.txt,inquinado
a_041.txt,massa
a_041.txt,capital
a_041.txt,deliberacao
a_041.txt,estatal
a_041.txt,transito
a_041.txt,condutor
a_041.txt,interligados
a_041.txt,possibilitem
a_041.txt,incisos
a_041.txt,reclamacao
a_041.txt,empregou
a_041.txt,recordar
a_041.txt,havido
a_041.txt,provocar
a_041.txt,ressarcir
a_041.txt,deseja
a_041.txt,efetivacao
a_041.txt,dita
a_041.txt,geolocalizacoes
a_041.txt,selma
a_041.txt,arbitro
a_041.txt,diretas
a_041.txt,ca
a_041.txt,projeto
a_041.txt,podera
a_041.txt,presidencial
a_041.txt,originaria
a_041.txt,concessionaria
a_041.txt,vinda
a_041.txt,penas
a_041.txt,legitimas
a_041.txt,dedo
a_041.txt,p
a_041.txt,confiam
a_041.txt,ofensas
a_041.txt,pretensoes
a_041.txt,providencias
a_041.txt,renovando
a_041.txt,ficava
a_041.txt,soubesse
a_041.txt,rel
a_041.txt,remetidos
a_041.txt,usurpar
a_041.txt,orgao
a_041.txt,obvio
a_041.txt,circunstanciais
a_041.txt,estreita
a_041.txt,produziu
a_041.txt,aponta
a_041.txt,certidoes
a_041.txt,fundada
a_041.txt,testemunho
a_041.txt,joaquim
a_041.txt,igualdade
a_041.txt,individuo
a_041.txt,ouvidos
a_041.txt,quebrados
a_041.txt,erika
a_041.txt,mundo
a_041.txt,dinossauro
a_041.txt,sudamerica
a_041.txt,regional
a_041.txt,conseguinte
a_041.txt,consignar
a_041.txt,acompanho
a_041.txt,g
a_041.txt,conduzidas
a_041.txt,alterado
a_041.txt,imputadas
a_041.txt,manter
a_041.txt,audios
a_041.txt,furtaram
a_041.txt,preve
a_041.txt,funcionais
a_041.txt,somente
a_041.txt,granadas
a_041.txt,variacao
a_041.txt,so
a_041.txt,desencadear
a_041.txt,vanderly
a_041.txt,governos
a_041.txt,atentar
a_041.txt,procedencia
a_041.txt,atenuadas
a_041.txt,amplamente
a_041.txt,intelectual
a_041.txt,devidas
a_041.txt,vis
a_041.txt,responderao
a_041.txt,populista
a_041.txt,autorizada
a_041.txt,repudio
a_041.txt,irregular
a_041.txt,bis
a_041.txt,amargo
a_041.txt,inquietude
a_041.txt,embrionario
a_041.txt,existiu
a_041.txt,inspecao
a_041.txt,subitaneidade
a_041.txt,canal
a_041.txt,alineas
a_041.txt,dispostos
a_041.txt,coletivos
a_041.txt,total
a_041.txt,todavia
a_041.txt,anunciado
a_041.txt,titular
a_041.txt,atuar
a_041.txt,diffamandi
a_041.txt,regular
a_041.txt,colecionadores
a_041.txt,coligido
a_041.txt,encerravam
a_041.txt,rtigos
a_041.txt,deterioracao
a_041.txt,indistintamente
a_041.txt,auxilio
a_041.txt,multidao
a_041.txt,coord
a_041.txt,elator
a_041.txt,versa
a_041.txt,constatada
a_041.txt,lewandowski
a_041.txt,estado
a_041.txt,universal
a_041.txt,individualidade
a_041.txt,julgador
a_041.txt,colaboracao
a_041.txt,ocorrencia
a_041.txt,reforca
a_041.txt,manifestacoes
a_041.txt,cisao
a_041.txt,documentos
a_041.txt,submeter
a_041.txt,contar
a_041.txt,tratar
a_041.txt,disponibilizado
a_041.txt,qualquer
a_041.txt,entraram
a_041.txt,associados
a_041.txt,frustrada
a_041.txt,confirmam
a_041.txt,determinacao
a_041.txt,policiais
a_041.txt,ameaca
a_041.txt,emergencia
a_041.txt,subjetivo
a_041.txt,nota
a_041.txt,multitudinaria
a_041.txt,atentam
a_041.txt,fernandes
a_041.txt,evidencia
a_041.txt,grupos
a_041.txt,desses
a_041.txt,zavascki
a_041.txt,atuavam
a_041.txt,chegada
a_041.txt,clara
a_041.txt,sufocar
a_041.txt,frente
a_041.txt,dialogar
a_041.txt,instituicoes
a_041.txt,mascara
a_041.txt,observam
a_041.txt,ovo
a_041.txt,coacao
a_041.txt,podiam
a_041.txt,ficaria
a_041.txt,potencial
a_041.txt,proteger
a_041.txt,soma
a_041.txt,atenuantes
a_041.txt,php
a_041.txt,dignidade
a_041.txt,sincronizado
a_041.txt,posicionamento
a_041.txt,envoltas
a_041.txt,ampla
a_041.txt,sanitarias
a_041.txt,essenciais
a_041.txt,formacao
a_041.txt,respectivas
a_041.txt,pondera
a_041.txt,apontado
a_041.txt,especie
a_041.txt,presentes
a_041.txt,referirmos
a_041.txt,resta
a_041.txt,destituicao
a_041.txt,bolsonaristas
a_041.txt,casa
a_041.txt,vermelha
a_041.txt,contrario
a_041.txt,vamos
a_041.txt,praca_dos_tres_poderes
a_041.txt,permissa
a_041.txt,encontrava
a_041.txt,incompleto
a_041.txt,autarquia
a_041.txt,gravosa
a_041.txt,processos
a_041.txt,levadas
a_041.txt,efetiva
a_041.txt,vinculacao
a_041.txt,estava
a_041.txt,brasil
a_041.txt,previamente
a_041.txt,rejeitaram
a_041.txt,adimplido
a_041.txt,lembro
a_041.txt,ofereceu
a_041.txt,correu
a_041.txt,delas
a_041.txt,resultou
a_041.txt,haviam
a_041.txt,motivacao
a_041.txt,anselmo
a_041.txt,considere
a_041.txt,completamente
a_041.txt,patrimonios
a_041.txt,audio
a_041.txt,articulado
a_041.txt,acreditam
a_041.txt,desmentida
a_041.txt,conquista
a_041.txt,delituoso
a_041.txt,renovada
a_041.txt,pendentes
a_041.txt,kabinettsjustiz
a_041.txt,deixam
a_041.txt,adveio
a_041.txt,jurua
a_041.txt,associarem
a_041.txt,galaxy
a_041.txt,juridico
a_041.txt,filosofia
a_041.txt,diploma
a_041.txt,videos
a_041.txt,conteudo
a_041.txt,evidenciado
a_041.txt,anieli
a_041.txt,x
a_041.txt,vieram
a_041.txt,ilicita
a_041.txt,parecia
a_041.txt,separadamente
a_041.txt,danificadas
a_041.txt,ensejar
a_041.txt,legislacao
a_041.txt,favor
a_041.txt,guiga
a_041.txt,insinuar
a_041.txt,direcionamento
a_041.txt,vinculo
a_041.txt,tramite
a_041.txt,distrito
a_041.txt,escrita
a_041.txt,direciona
a_041.txt,regimento
a_041.txt,subsidiar
a_041.txt,simbolicas
a_041.txt,ambiente
a_041.txt,multitudinarios
a_041.txt,circunstancias
a_041.txt,capazes
a_041.txt,eleito
a_041.txt,radicais
a_041.txt,regularmente
a_041.txt,preparacao
a_041.txt,aplicavel
a_041.txt,incorporadas
a_041.txt,organicidade
a_041.txt,atendiam
a_041.txt,indiscutivel
a_041.txt,caminhar
a_041.txt,estagio
a_041.txt,perceber
a_041.txt,aderiu
a_041.txt,recebidas
a_041.txt,viver
a_041.txt,urbano
a_041.txt,prescricoes
a_041.txt,colegiado
a_041.txt,legislativos
a_041.txt,evita
a_041.txt,governantes
a_041.txt,subsecao
a_041.txt,dias
a_041.txt,localizacao
a_041.txt,augusto
a_041.txt,visa
a_041.txt,cumprimento
a_041.txt,lo
a_041.txt,ingressando
a_041.txt,trata
a_041.txt,permanencia
a_041.txt,unida
a_041.txt,impactos
a_041.txt,tempo
a_041.txt,publicas
a_041.txt,veiculado
a_041.txt,intenso
a_041.txt,proferido
a_041.txt,prescinde
a_041.txt,inidoneo
a_041.txt,organizarem
a_041.txt,ganha
a_041.txt,calcadas
a_041.txt,ms
a_041.txt,impossibilitar
a_041.txt,potenciais
a_041.txt,decreto
a_041.txt,bpchoque
a_041.txt,acampar
a_041.txt,podres
a_041.txt,assinalado
a_041.txt,cidadaos
a_041.txt,vislumbra
a_041.txt,antecipadamente
a_041.txt,impedido
a_041.txt,corte
a_041.txt,ciente
a_041.txt,for
a_041.txt,exercer
a_041.txt,recesso
a_041.txt,almas
a_041.txt,carater
a_041.txt,assistimos
a_041.txt,desferido
a_041.txt,area
a_041.txt,ficou
a_041.txt,descricao
a_041.txt,efetivo
a_041.txt,ratificacao
a_041.txt,empregando
a_041.txt,relatorios
a_041.txt,pudessem
a_041.txt,gritaria
a_041.txt,sergio
a_041.txt,tratando
a_041.txt,violentissimo
a_041.txt,correndo
a_041.txt,faticos
a_041.txt,sujeito
a_041.txt,ageis
a_041.txt,seja
a_041.txt,comemorava
a_041.txt,gasolina
a_041.txt,apagar
a_041.txt,sp
a_041.txt,weber
a_041.txt,deflagracao
a_041.txt,abolicao
a_041.txt,contornos
a_041.txt,rigorosamente
a_041.txt,votou
a_041.txt,absolve
a_041.txt,intimadas
a_041.txt,pensamento
a_041.txt,abertos
a_041.txt,encapuzadas
a_041.txt,efetuado
a_041.txt,apoderar
a_041.txt,agronegocio
a_041.txt,mencionados
a_041.txt,outrem
a_041.txt,comprova
a_041.txt,persona
a_041.txt,investida
a_041.txt,sustentada
a_041.txt,minha
a_041.txt,chumbadas
a_041.txt,punivel
a_041.txt,difuso
a_041.txt,ddee
a_041.txt,outro
a_041.txt,telefone
a_041.txt,indissolubilidade
a_041.txt,vara
a_041.txt,apontando
a_041.txt,quanto
a_041.txt,ingressaram
a_041.txt,sitiar
a_041.txt,trifasico
a_041.txt,pluralismo
a_041.txt,condao
a_041.txt,passagem
a_041.txt,grafico
a_041.txt,noticiou
a_041.txt,incorreu
a_041.txt,balaclava
a_041.txt,inserem
a_041.txt,coerente
a_041.txt,respondam
a_041.txt,pequenas
a_041.txt,propriedade
a_041.txt,agiam
a_041.txt,possibilidades
a_041.txt,salientar
a_041.txt,judiciaria
a_041.txt,protegido
a_041.txt,elieser
a_041.txt,neutros
a_041.txt,formalizados
a_041.txt,aproximacao
a_041.txt,economico
a_041.txt,inflamavel
a_041.txt,ro
a_041.txt,impedir
a_041.txt,posse
a_041.txt,revista
a_041.txt,compartilhadas
a_041.txt,permite
a_041.txt,torto
a_041.txt,primarios
a_041.txt,milhoes
a_041.txt,destaca
a_041.txt,resultados
a_041.txt,expressao
a_041.txt,legalidade
a_041.txt,carmo
a_041.txt,impeto
a_041.txt,concerto
a_041.txt,associado
a_041.txt,editora
a_041.txt,representa
a_041.txt,secretario
a_041.txt,explicito
a_041.txt,atdger
a_041.txt,bolinhas
a_041.txt,inistro
a_041.txt,hormazabal
a_041.txt,granja
a_041.txt,assinar
a_041.txt,denunciadas
a_041.txt,consentanea
a_041.txt,periodo
a_041.txt,constituidas
a_041.txt,desinvidualizacao
a_041.txt,pecar
a_041.txt,observou
a_041.txt,ali
a_041.txt,localizado
a_041.txt,sine
a_041.txt,ressarcimento
a_041.txt,pessoais
a_041.txt,curso
a_041.txt,provimento
a_041.txt,nenhum
a_041.txt,excessos
a_041.txt,entendimentos
a_041.txt,faculta
a_041.txt,montante
a_041.txt,embrionaria
a_041.txt,imensuraveis
a_041.txt,salientando
a_041.txt,produzida
a_041.txt,prosseguiu
a_041.txt,defender
a_041.txt,previsao
a_041.txt,imprescindiveis
a_041.txt,sopesadas
a_041.txt,uniforme
a_041.txt,cotejo
a_041.txt,completo
a_041.txt,pelas
a_041.txt,certificado
a_041.txt,ponderacoes
a_041.txt,oferecem
a_041.txt,incitacao
a_041.txt,determinadas
a_041.txt,planalto
a_041.txt,descoordenado
a_041.txt,investigado
a_041.txt,eva
a_041.txt,confundindo
a_041.txt,reunidas
a_041.txt,origens
a_041.txt,aplicacao
a_041.txt,odor
a_041.txt,revelam
a_041.txt,unes
a_041.txt,civis
a_041.txt,continua
a_041.txt,exposto
a_041.txt,verbis
a_041.txt,milenar
a_041.txt,combater
a_041.txt,asp
a_041.txt,sr
a_041.txt,estarrecedora
a_041.txt,multa
a_041.txt,depreende
a_041.txt,colocar
a_041.txt,arma
a_041.txt,nocao
a_041.txt,eventual
a_041.txt,cumplice
a_041.txt,instancia
a_041.txt,destacado
a_041.txt,similares
a_041.txt,vazamento
a_041.txt,operado
a_041.txt,agosto
a_041.txt,n
a_041.txt,acompanhado
a_041.txt,inviabilizar
a_041.txt,acredita
a_041.txt,multiplas
a_041.txt,condenado
a_041.txt,afastar
a_041.txt,querer
a_041.txt,comprovem
a_041.txt,normativo
a_041.txt,meneurs
a_041.txt,causar
a_041.txt,obras
a_041.txt,enfatizar
a_041.txt,detentora
a_041.txt,garantiu
a_041.txt,convencao
a_041.txt,mobiliario
a_041.txt,computando
a_041.txt,notificacao
a_041.txt,panos
a_041.txt,derivadas
a_041.txt,pelotao
a_041.txt,plantao
a_041.txt,pensou
a_041.txt,pets
a_041.txt,caracterizando
a_041.txt,homens
a_041.txt,extensa
a_041.txt,lembra
a_041.txt,inisterio
a_041.txt,autonomia
a_041.txt,reconhecimento
a_041.txt,positiva
a_041.txt,institucional
a_041.txt,sindicalismo
a_041.txt,donas
a_041.txt,diretamente
a_041.txt,eugenio
a_041.txt,repudiada
a_041.txt,agir
a_041.txt,doacao
a_041.txt,iria
a_041.txt,cultural
a_041.txt,inutilizacao
a_041.txt,independencia
a_041.txt,consequentemente
a_041.txt,medio
a_041.txt,jogo
a_041.txt,descartaveis
a_041.txt,distintos
a_041.txt,estao
a_041.txt,marcados
a_041.txt,considero
a_041.txt,maus
a_041.txt,macarico
a_041.txt,harmonica
a_041.txt,afirmando
a_041.txt,exatamente
a_041.txt,turma
a_041.txt,explosivo
a_041.txt,raios
a_041.txt,aires
a_041.txt,insitas
a_041.txt,simplesmente
a_041.txt,malatesta
a_041.txt,difere
a_041.txt,reveladoras
a_041.txt,respeitosas
a_041.txt,supostos
a_041.txt,peticionamento
a_041.txt,pontuar
a_041.txt,invadissem
a_041.txt,extracao
a_041.txt,finais
a_041.txt,primario
a_041.txt,dosagem
a_041.txt,lugar
a_041.txt,camisa
a_041.txt,anotacoes
a_041.txt,participes
a_041.txt,repasses
a_041.txt,atrair
a_041.txt,somadas
a_041.txt,bastasse
a_041.txt,nexo
a_041.txt,ttrriibbuunnaall
a_041.txt,consta
a_041.txt,ad
a_041.txt,diminuida
a_041.txt,requereu
a_041.txt,desdobramentos
a_041.txt,pedindo
a_041.txt,cautelar
a_041.txt,aumentada
a_041.txt,partidarios
a_041.txt,alinhou
a_041.txt,elucida
a_041.txt,ensino
a_041.txt,invasao
a_041.txt,exercem
a_041.txt,danificados
a_041.txt,patriotas
a_041.txt,novas
a_041.txt,suportados
a_041.txt,inquerito
a_041.txt,matematicos
a_041.txt,fluidas
a_041.txt,entram
a_041.txt,julio
a_041.txt,simples
a_041.txt,caso
a_041.txt,porquanto
a_041.txt,existe
a_041.txt,ordinarias
a_041.txt,pe
a_041.txt,thomson
a_041.txt,verificado
a_041.txt,oferecer
a_041.txt,desigualdades
a_041.txt,espontanea
a_041.txt,conjunta
a_041.txt,criacao
a_041.txt,andre
a_041.txt,preconiza
a_041.txt,schawabe
a_041.txt,contextos
a_041.txt,exigidos
a_041.txt,invadiu
a_041.txt,convergia
a_041.txt,legado
a_041.txt,m
a_041.txt,agredindo
a_041.txt,reprimendas
a_041.txt,exposicao
a_041.txt,causalidade
a_041.txt,planos
a_041.txt,framarino
a_041.txt,conhecida
a_041.txt,praticas
a_041.txt,processuais
a_041.txt,quer
a_041.txt,acuidade
a_041.txt,constituicao
a_041.txt,povo
a_041.txt,decidir
a_041.txt,sofreu
a_041.txt,fora
a_041.txt,dignatarios
a_041.txt,policial
a_041.txt,senhor
a_041.txt,coisas
a_041.txt,estiver
a_041.txt,sm
a_041.txt,psiquiatrico
a_041.txt,turbacao
a_041.txt,atuacao
a_041.txt,caluniandi
a_041.txt,restaram
a_041.txt,reside
a_041.txt,investigados
a_041.txt,ocorridos
a_041.txt,ilmar
a_041.txt,neles
a_041.txt,clima
a_041.txt,eleitos
a_041.txt,corresponde
a_041.txt,analiticamente
a_041.txt,aduz
a_041.txt,insatisfeitos
a_041.txt,pedras
a_041.txt,dolosamente
a_041.txt,agasalha
a_041.txt,respondeu
a_041.txt,iphan
a_041.txt,delineado
a_041.txt,cacs
a_041.txt,ponderado
a_041.txt,caluniosas
a_041.txt,prontidao
a_041.txt,realizando
a_041.txt,biombos
a_041.txt,emissarios
a_041.txt,direcionadas
a_041.txt,barreira
a_041.txt,membro
a_041.txt,proc
a_041.txt,setembro
a_041.txt,arquivos
a_041.txt,castrense
a_041.txt,ideias
a_041.txt,convocacoes
a_041.txt,higiene
a_041.txt,conseguiu
a_041.txt,reparacao
a_041.txt,escalada
a_041.txt,estimado
a_041.txt,feridos
a_041.txt,testemunham
a_041.txt,constituido
a_041.txt,roberto
a_041.txt,configurara
a_041.txt,emprego
a_041.txt,ocupante
a_041.txt,inocua
a_041.txt,relata
a_041.txt,teoria
a_041.txt,ditec
a_041.txt,num
a_041.txt,suspeitas
a_041.txt,junto
a_041.txt,tipico
a_041.txt,nestes
a_041.txt,lula
a_041.txt,superior
a_041.txt,expressa
a_041.txt,ambos
a_041.txt,urbanistico
a_041.txt,amolde
a_041.txt,internet
a_041.txt,gerando
a_041.txt,demandaria
a_041.txt,contribuir
a_041.txt,retorno
a_041.txt,configuradas
a_041.txt,obviamente
a_041.txt,descabimento
a_041.txt,guiada
a_041.txt,protesto
a_041.txt,sendo
a_041.txt,encontra
a_041.txt,estamos
a_041.txt,ampliacao
a_041.txt,principios
a_041.txt,cercear
a_041.txt,evisor
a_041.txt,afiliados
a_041.txt,residentes
a_041.txt,ellen
a_041.txt,inepta
a_041.txt,resultado
a_041.txt,esquecido
a_041.txt,formar
a_041.txt,propagacao
a_041.txt,arregimentando
a_041.txt,alegacao
a_041.txt,punitiva
a_041.txt,inventario
a_041.txt,autonomos
a_041.txt,possiveis
a_041.txt,tubo
a_041.txt,pro
a_041.txt,entendo
a_041.txt,verificar
a_041.txt,tjdft
a_041.txt,natureza
a_041.txt,dolo
a_041.txt,previo
a_041.txt,descritos
a_041.txt,bolas
a_041.txt,objetiva
a_041.txt,incluindo
a_041.txt,integrando
a_041.txt,sabia
a_041.txt,resultaram
a_041.txt,pleno
a_041.txt,lesivos
a_041.txt,incida
a_041.txt,deslocando
a_041.txt,greve
a_041.txt,devida
a_041.txt,toda
a_041.txt,dupla
a_041.txt,salao
a_041.txt,democraticamente
a_041.txt,espaco
a_041.txt,concurso
a_041.txt,rejeitada
a_041.txt,quarteis
a_041.txt,julgamento
a_041.txt,trouxe
a_041.txt,recuperar
a_041.txt,merecedoras
a_041.txt,obrigatoria
a_041.txt,ocultar
a_041.txt,comprovam
a_041.txt,nobre
a_041.txt,basta
a_041.txt,deteriorou
a_041.txt,ponderar
a_041.txt,maier
a_041.txt,nacional
a_041.txt,imparcial
a_041.txt,tao
a_041.txt,estabilidade
a_041.txt,eleitorais
a_041.txt,tiver
a_041.txt,configuracao
a_041.txt,cautelares
a_041.txt,prorrogacao
a_041.txt,prestadores
a_041.txt,trate
a_041.txt,artigo
a_041.txt,precisamente
a_041.txt,fixacao
a_041.txt,criminais
a_041.txt,objetividade
a_041.txt,alencar
a_041.txt,complexidade
a_041.txt,tal
a_041.txt,globo
a_041.txt,estes
a_041.txt,colonia
a_041.txt,consignado
a_041.txt,atividade
a_041.txt,coletadas
a_041.txt,conselho
a_041.txt,humanos
a_041.txt,sigilo
a_041.txt,vii
a_041.txt,porretes
a_041.txt,partes
a_041.txt,colera
a_041.txt,honorabilidade
a_041.txt,contida
a_041.txt,encontrem
a_041.txt,esta
a_041.txt,resolver
a_041.txt,chacara
a_041.txt,requerida
a_041.txt,juntado
a_041.txt,turbulencia
a_041.txt,instrumentos
a_041.txt,causado
a_041.txt,diante
a_041.txt,confronto
a_041.txt,saiu
a_041.txt,capa
a_041.txt,declarado
a_041.txt,utilizam
a_041.txt,alguma
a_041.txt,adotado
a_041.txt,atacava
a_041.txt,permaneceram
a_041.txt,licitas
a_041.txt,abstrato
a_041.txt,relogio
a_041.txt,colhido
a_041.txt,dispostas
a_041.txt,sede
a_041.txt,insuflando
a_041.txt,erguidas
a_041.txt,manada
a_041.txt,planejamento
a_041.txt,maranhao
a_041.txt,destino
a_041.txt,dela
a_041.txt,cf
a_041.txt,impossivel
a_041.txt,conjuracao
a_041.txt,sustentado
a_041.txt,novembro
a_041.txt,tenues
a_041.txt,diferentemente
a_041.txt,eles
a_041.txt,prerrogativa
a_041.txt,penalmente
a_041.txt,antecedentes
a_041.txt,passivel
a_041.txt,decidida
a_041.txt,inspirar
a_041.txt,roc
a_041.txt,veiculo
a_041.txt,nenhuma
a_041.txt,remota
a_041.txt,observados
a_041.txt,rompidas
a_041.txt,encaminhou
a_041.txt,amarrou
a_041.txt,adicao
a_041.txt,separado
a_041.txt,pequeno
a_041.txt,mc
a_041.txt,conquanto
a_041.txt,dependencias
a_041.txt,opcoes
a_041.txt,ficaram
a_041.txt,fazem
a_041.txt,outrossim
a_041.txt,aquilo
a_041.txt,especifica
a_041.txt,oferecida
a_041.txt,chamadas
a_041.txt,envergadura
a_041.txt,deles
a_041.txt,sala
a_041.txt,implantar
a_041.txt,ministros
a_041.txt,porta
a_041.txt,rosto
a_041.txt,popular
a_041.txt,vindo
a_041.txt,gilberto
a_041.txt,verde
a_041.txt,criterio
a_041.txt,perceptivel
a_041.txt,quantitativa
a_041.txt,possa
a_041.txt,realiza
a_041.txt,causados
a_041.txt,definidos
a_041.txt,informes
a_041.txt,nocrima
a_041.txt,paulo
a_041.txt,sextos
a_041.txt,absolvendo
a_041.txt,geral
a_041.txt,praticada
a_041.txt,organismo
a_041.txt,pelos
a_041.txt,sinalizar
a_041.txt,enrolada
a_041.txt,inferior
a_041.txt,milicias_digitais
a_041.txt,comissivamente
a_041.txt,morte
a_041.txt,materializacao
a_041.txt,militar
a_041.txt,psicologica
a_041.txt,lucia
a_041.txt,procedimento
a_041.txt,farao
a_041.txt,poderiam
a_041.txt,apresentou
a_041.txt,efeitos
a_041.txt,esses
a_041.txt,indene
a_041.txt,longas
a_041.txt,ocorriam
a_041.txt,brasileira
a_041.txt,admitiu
a_041.txt,pediam
a_041.txt,postulantes
a_041.txt,referentes
a_041.txt,individualizada
a_041.txt,litigio
a_041.txt,registrou
a_041.txt,federacao
a_041.txt,ensinamentos
a_041.txt,heleno
a_041.txt,inibitoria
a_041.txt,local
a_041.txt,hannah
a_041.txt,absolutamente
a_041.txt,carregam
a_041.txt,vigora
a_041.txt,assim
a_041.txt,ultima
a_041.txt,principal
a_041.txt,sofridos
a_041.txt,rcl
a_041.txt,supervisor
a_041.txt,poder
a_041.txt,cognicao
a_041.txt,articulacao
a_041.txt,reus
a_041.txt,arrolou
a_041.txt,recuperados
a_041.txt,expor
a_041.txt,votos
a_041.txt,faziam
a_041.txt,condenada
a_041.txt,sustentados
a_041.txt,desocupado
a_041.txt,marcio
a_041.txt,aderir
a_041.txt,cantavam
a_041.txt,desempenhadas
a_041.txt,inexistencia
a_041.txt,codigos
a_041.txt,executados
a_041.txt,oziel
a_041.txt,invadir
a_041.txt,ajudou
a_041.txt,spark
a_041.txt,vitimas
a_041.txt,incontroverso
a_041.txt,desenvolvida
a_041.txt,hc
a_041.txt,incurso
a_041.txt,machucamos
a_041.txt,decisoes
a_041.txt,prorrogada
a_041.txt,policiamento
a_041.txt,gerais
a_041.txt,subjetivamente
a_041.txt,plena
a_041.txt,marco
a_041.txt,garantidor
a_041.txt,restou
a_041.txt,destes
a_041.txt,ofensa
a_041.txt,caracterizar
a_041.txt,ariel
a_041.txt,inicial
a_041.txt,utilizado
a_041.txt,abolir
a_041.txt,conclua
a_041.txt,borracha
a_041.txt,ordinariamente
a_041.txt,ressalvo
a_041.txt,alberto
a_041.txt,financeiramente
a_041.txt,sedimentada
a_041.txt,produto
a_041.txt,estendida
a_041.txt,faculdade
a_041.txt,fonte
a_041.txt,imparcialidade
a_041.txt,religiosos
a_041.txt,camargo
a_041.txt,f
a_041.txt,praticado
a_041.txt,vencida
a_041.txt,ba
a_041.txt,vangloriavam
a_041.txt,fui
a_041.txt,opera
a_041.txt,cerca
a_041.txt,firmados
a_041.txt,rn
a_041.txt,quebrada
a_041.txt,prospera
a_041.txt,renegociacao
a_041.txt,ilva
a_041.txt,exigido
a_041.txt,probatoria
a_041.txt,bases
a_041.txt,levada
a_041.txt,desprovida
a_041.txt,belmonte
a_041.txt,garantir
a_041.txt,bojo
a_041.txt,residencia
a_041.txt,fixado
a_041.txt,espaciais
a_041.txt,resultantes
a_041.txt,idem
a_041.txt,precedentes
a_041.txt,materia
a_041.txt,judiciais
a_041.txt,serem
a_041.txt,cappelli
a_041.txt,del
a_041.txt,vejo
a_041.txt,mesmo
a_041.txt,arques
a_041.txt,vencivel
a_041.txt,helicopteros
a_041.txt,tirania
a_041.txt,essa
a_041.txt,virtual
a_041.txt,conformam
a_041.txt,historia
a_041.txt,indagar
a_041.txt,adjunto
a_041.txt,momentos
a_041.txt,mediante
a_041.txt,inexiste
a_041.txt,alcancavel
a_041.txt,atingimento
a_041.txt,j
a_041.txt,esplanada
a_041.txt,vez
a_041.txt,alcancada
a_041.txt,saraiva
a_041.txt,liberdade
a_041.txt,respeito
a_041.txt,alcance
a_041.txt,psicologos
a_041.txt,culposo
a_041.txt,escudo
a_041.txt,protecao
a_041.txt,aspectos
a_041.txt,privativa
a_041.txt,bolsonaro
a_041.txt,decretacao
a_041.txt,enorme
a_041.txt,fortalecem
a_041.txt,multidoes
a_041.txt,posto
a_041.txt,consciencia
a_041.txt,interrogatorio
a_041.txt,acusado
a_041.txt,ferro
a_041.txt,chama
a_041.txt,coligidos
a_041.txt,diplomatica
a_041.txt,mulheres
a_041.txt,realizar
a_041.txt,protetivo
a_041.txt,denunciacoes
a_041.txt,seremos
a_041.txt,competentes
a_041.txt,caracterizacao
a_041.txt,defesa
a_041.txt,preliminar
a_041.txt,suposto
a_041.txt,encaminhados
a_041.txt,despropositadas
a_041.txt,protege
a_041.txt,implicando
a_041.txt,ratificam
a_041.txt,definiu
a_041.txt,percorreu
a_041.txt,arbitrario
a_041.txt,diversos
a_041.txt,restringido
a_041.txt,apresentado
a_041.txt,mp
a_041.txt,ciencia
a_041.txt,conversao
a_041.txt,circunstancial
a_041.txt,ltda
a_041.txt,consciente
a_041.txt,velloso
a_041.txt,alto
a_041.txt,intervindo
a_041.txt,trezentos
a_041.txt,cristais
a_041.txt,danoso
a_041.txt,devera
a_041.txt,adoan
a_041.txt,areas
a_041.txt,julgamentos
a_041.txt,vincula
a_041.txt,proclamacao
a_041.txt,superado
a_041.txt,deputada
a_041.txt,prazo
a_041.txt,denominada
a_041.txt,irrecusavel
a_041.txt,envolvimento
a_041.txt,tanque
a_041.txt,carro
a_041.txt,prestaram
a_041.txt,obra
a_041.txt,ressalva
a_041.txt,sancao
a_041.txt,adotar
a_041.txt,public
a_041.txt,realizado
a_041.txt,representarem
a_041.txt,clausulas
a_041.txt,fundamentais
a_041.txt,nitido
a_041.txt,entrado
a_041.txt,exaltado
a_041.txt,observo
a_041.txt,subterraneo
a_041.txt,acrescenta
a_041.txt,valoracao
a_041.txt,hipoteses
a_041.txt,definitiva
a_041.txt,vies
a_041.txt,nitidos
a_041.txt,arrolados
a_041.txt,extirpado
a_041.txt,submetido
a_041.txt,passou
a_041.txt,modificacao
a_041.txt,tentaram
a_041.txt,ordens
a_041.txt,logico
a_041.txt,majoro
a_041.txt,estabelecendo
a_041.txt,estrutura
a_041.txt,exemplificados
a_041.txt,cu
a_041.txt,remanesce
a_041.txt,possui
a_041.txt,avancou
a_041.txt,quebradeira
a_041.txt,dirigida
a_041.txt,texto
a_041.txt,originariamente
a_041.txt,samsung
a_041.txt,praca
a_041.txt,gritos
a_041.txt,seres
a_041.txt,fundamentos
a_041.txt,determinaram
a_041.txt,associacao
a_041.txt,proclamadas
a_041.txt,encerrada
a_041.txt,segmentos
a_041.txt,andamento
a_041.txt,confere
a_041.txt,barreiras
a_041.txt,portanto
a_041.txt,verificada
a_041.txt,exercida
a_041.txt,interligadas
a_041.txt,atlas
a_041.txt,acusatoria
a_041.txt,deverao
a_041.txt,facial
a_041.txt,suspeitos
a_041.txt,conhecem
a_041.txt,divirja
a_041.txt,cometimento
a_041.txt,impeditivas
a_041.txt,signatario
a_041.txt,pares
a_041.txt,arautos
a_041.txt,delitivos
a_041.txt,baseada
a_041.txt,expressivo
a_041.txt,brancas
a_041.txt,componentes
a_041.txt,destruicoes
a_041.txt,ora
a_041.txt,caracterizam
a_041.txt,mantivessem
a_041.txt,dialogos
a_041.txt,abriu
a_041.txt,detinha
a_041.txt,lote
a_041.txt,prado
a_041.txt,originalmente
a_041.txt,vandalizavam
a_041.txt,condicao
a_041.txt,mera
a_041.txt,premeditado
a_041.txt,ganhar
a_041.txt,grave
a_041.txt,https
a_041.txt,cedico
a_041.txt,cartoes
a_041.txt,composta
a_041.txt,omissao
a_041.txt,diferenca
a_041.txt,coacusados
a_041.txt,procedimentos
a_041.txt,arquivamento
a_041.txt,exerceu
a_041.txt,jurista
a_041.txt,luis
a_041.txt,livres
a_041.txt,conhecimento
a_041.txt,principalmente
a_041.txt,identificada
a_041.txt,bruno
a_041.txt,tipicas
a_041.txt,aludido
a_041.txt,turba
a_041.txt,consolidada
a_041.txt,estejam
a_041.txt,violado
a_041.txt,destinados
a_041.txt,autoria
a_041.txt,debaixo
a_041.txt,finalmente
a_041.txt,aguardavam
a_041.txt,governamentais
a_041.txt,criminosos
a_041.txt,sintoma
a_041.txt,aferivel
a_041.txt,vandalos
a_041.txt,afirmavam
a_041.txt,bitencourt
a_041.txt,fachin
a_041.txt,gisele
a_041.txt,coletivo
a_041.txt,butano
a_041.txt,corpus
a_041.txt,elas
a_041.txt,criticamente
a_041.txt,massas
a_041.txt,investidos
a_041.txt,indicadas
a_041.txt,levemente
a_041.txt,confrontando
a_041.txt,kicis
a_041.txt,obrigatoriedade
a_041.txt,extincao
a_041.txt,interventor
a_041.txt,morrer
a_041.txt,ilicitude
a_041.txt,nelas
a_041.txt,venha
a_041.txt,volta
a_041.txt,absorve
a_041.txt,documento
a_041.txt,tirou
a_041.txt,vasta
a_041.txt,oriundas
a_041.txt,acao
a_041.txt,golpe
a_041.txt,violenta
a_041.txt,convoca
a_041.txt,este
a_041.txt,setor
a_041.txt,conhecer
a_041.txt,rasgaram
a_041.txt,apertada
a_041.txt,idoneos
a_041.txt,figuras
a_041.txt,intervalo
a_041.txt,quartel
a_041.txt,questoes
a_041.txt,bandeira
a_041.txt,empregados
a_041.txt,sepaeijdpdce
a_041.txt,coinvestigado
a_041.txt,conhece
a_041.txt,atingem
a_041.txt,confeccao
a_041.txt,apresenta
a_041.txt,contribuem
a_041.txt,cronologia
a_041.txt,contrarios
a_041.txt,mudam
a_041.txt,barbosa
a_041.txt,conclamacao
a_041.txt,paz
a_041.txt,esgotaria
a_041.txt,greco
a_041.txt,coautores
a_041.txt,callegari
a_041.txt,tristes
a_041.txt,fragoso
a_041.txt,pleito
a_041.txt,seguinte
a_041.txt,executivos
a_041.txt,dianteira
a_041.txt,agentes
a_041.txt,confusa
a_041.txt,comandante
a_041.txt,evitar
a_041.txt,convergirem
a_041.txt,representacao
a_041.txt,visualizou
a_041.txt,nem
a_041.txt,idades
a_041.txt,relatos
a_041.txt,codigo
a_041.txt,oferecidas
a_041.txt,prosseguimento
a_041.txt,heterogeneo
a_041.txt,vedacao
a_041.txt,crianca
a_041.txt,perigo
a_041.txt,distribuida
a_041.txt,presumir
a_041.txt,geometrica
a_041.txt,parceiro
a_041.txt,afoitos
a_041.txt,nilo
a_041.txt,discricionariedade
a_041.txt,exaltando
a_041.txt,demonstrados
a_041.txt,individuais
a_041.txt,inclusao
a_041.txt,fechado
a_041.txt,oscar
a_041.txt,ghtml
a_041.txt,ano
a_041.txt,pratica
a_041.txt,donde
a_041.txt,registro
a_041.txt,debrucando
a_041.txt,homicidio
a_041.txt,internos
a_041.txt,aurelio
a_041.txt,contas
a_041.txt,pessoas
a_041.txt,trago
a_041.txt,agravante
a_041.txt,colaciona
a_041.txt,identifiquei
a_041.txt,lancado
a_041.txt,palavras
a_041.txt,distribuidoras
a_041.txt,supressao
a_041.txt,atualizado
a_041.txt,general
a_041.txt,branca
a_041.txt,fator
a_041.txt,fixadas
a_041.txt,claramente
a_041.txt,delimitada
a_041.txt,reclamo
a_041.txt,origem
a_041.txt,transicao
a_041.txt,entrar
a_041.txt,aquelas
a_041.txt,superada
a_041.txt,reis
a_041.txt,variava
a_041.txt,constitucionalidade
a_041.txt,tendo
a_041.txt,circunstanciado
a_041.txt,personalidade
a_041.txt,anulando
a_041.txt,mantendo
a_041.txt,epoca
a_041.txt,pudesse
a_041.txt,papeis
a_041.txt,terminei
a_041.txt,extintores
a_041.txt,relevante
a_041.txt,estimados
a_041.txt,transformar
a_041.txt,extrema
a_041.txt,concorrem
a_041.txt,aceitacao
a_041.txt,saliente
a_041.txt,diverso
a_041.txt,antecipado
a_041.txt,barricadas
a_041.txt,montado
a_041.txt,comprovadamente
a_041.txt,condenatorio
a_041.txt,relatou
a_041.txt,correram
a_041.txt,proprio
a_041.txt,apuradas
a_041.txt,eleitas
a_041.txt,fase
a_041.txt,encontravam
a_041.txt,elias
a_041.txt,casas
a_041.txt,intensa
a_041.txt,fernanda
a_041.txt,eletronico
a_041.txt,essencial
a_041.txt,elevado
a_041.txt,meus
a_041.txt,juros
a_041.txt,extremistas
a_041.txt,oitivas
a_041.txt,passam
a_041.txt,pleiteando
a_041.txt,ativa
a_041.txt,depoimentos
a_041.txt,eduardo
a_041.txt,artefato
a_041.txt,tumultuario
a_041.txt,acoes
a_041.txt,denise
a_041.txt,peguem
a_041.txt,fixas
a_041.txt,postura
a_041.txt,culminou
a_041.txt,jurisprudencia
a_041.txt,ramirez
a_041.txt,impede
a_041.txt,edj
a_041.txt,faixas
a_041.txt,aperfeicoadas
a_041.txt,estipulo
a_041.txt,intencionalmente
a_041.txt,desconstituir
a_041.txt,difundidos
a_041.txt,grau
a_041.txt,negociacao
a_041.txt,novos
a_041.txt,ultimo
a_041.txt,criados
a_041.txt,atividades
a_041.txt,zanin
a_041.txt,redigira
a_041.txt,delitos
a_041.txt,minima
a_041.txt,proprias
a_041.txt,provisoria
a_041.txt,termo
a_041.txt,instigavam
a_041.txt,crueldade
a_041.txt,mista
a_041.txt,consonancia
a_041.txt,dissonancias
a_041.txt,amarelado
a_041.txt,jurisdicional
a_041.txt,supostamente
a_041.txt,deveriam
a_041.txt,agregacoes
a_041.txt,envolve
a_041.txt,obstar
a_041.txt,publicado
a_041.txt,permanentes
a_041.txt,utilizacao
a_041.txt,julho
a_041.txt,julgaram
a_041.txt,investigar
a_041.txt,imobilizados
a_041.txt,concentracao
a_041.txt,cercadas
a_041.txt,sobreaviso
a_041.txt,dissertando
a_041.txt,quantitativos
a_041.txt,passados
a_041.txt,mencao
a_041.txt,plano
a_041.txt,exercerao
a_041.txt,confirmou
a_041.txt,paradoxal
a_041.txt,influenciou
a_041.txt,exigia
a_041.txt,afastava
a_041.txt,atribuidas
a_041.txt,retira
a_041.txt,terca
a_041.txt,livre
a_041.txt,sobrar
a_041.txt,ocorrido
a_041.txt,cordeiro
a_041.txt,gestos
a_041.txt,apta
a_041.txt,garantias
a_041.txt,acampados
a_041.txt,obstante
a_041.txt,traduz
a_041.txt,instantaneos
a_041.txt,razao
a_041.txt,tratava
a_041.txt,aplicado
a_041.txt,estabeleceu
a_041.txt,gravados
a_041.txt,tiveram
a_041.txt,weimar
a_041.txt,aptidao
a_041.txt,previsto
a_041.txt,advogados
a_041.txt,diretor
a_041.txt,estacionar
a_041.txt,guarnicoes
a_041.txt,situacoes
a_041.txt,funcionou
a_041.txt,transcrevo
a_041.txt,infrator
a_041.txt,consideravel
a_041.txt,imbricadas
a_041.txt,lii
a_041.txt,concluo
a_041.txt,proporcionalidade
a_041.txt,olha
a_041.txt,somos
a_041.txt,etapas
a_041.txt,apoiar
a_041.txt,transforma
a_041.txt,potencialidade
a_041.txt,tracando
a_041.txt,tomaram
a_041.txt,cingiu
a_041.txt,rt
a_041.txt,ntonio
a_041.txt,replicada
a_041.txt,festa
a_041.txt,alvorada
a_041.txt,indicavam
a_041.txt,rev
a_041.txt,noticias
a_041.txt,variaveis
a_041.txt,tipificacao
a_041.txt,criminosas
a_041.txt,enal
a_041.txt,vinculada
a_041.txt,desenrolam
a_041.txt,emocao
a_041.txt,plastica
a_041.txt,ressalvadas
a_041.txt,sera
a_041.txt,prensadas
a_041.txt,desfavor
a_041.txt,narrar
a_041.txt,http
a_041.txt,dispensar
a_041.txt,destituir
a_041.txt,distrital
a_041.txt,depoimento
a_041.txt,execesso
a_041.txt,pacifica
a_041.txt,entendendo
a_041.txt,escutando
a_041.txt,manchando
a_041.txt,posicionamentos
a_041.txt,ameacaram
a_041.txt,final
a_041.txt,quid
a_041.txt,eleicoes
a_041.txt,crescer
a_041.txt,salvino
a_041.txt,inqs
a_041.txt,corporeo
a_041.txt,proferir
a_041.txt,qualificadoras
a_041.txt,disponivel
a_041.txt,liberaria
a_041.txt,onibus
a_041.txt,libertados
a_041.txt,cento
a_041.txt,esclarecem
a_041.txt,republica
a_041.txt,resistencia
a_041.txt,vinculos
a_041.txt,comecar
a_041.txt,aproximou
a_041.txt,direcionando
a_041.txt,extremista
a_041.txt,voltado
a_041.txt,ambientes
a_041.txt,deturpada
a_041.txt,paes
a_041.txt,leciona
a_041.txt,sou
a_041.txt,propriamente
a_041.txt,especificamente
a_041.txt,praticaram
a_041.txt,imagens
a_041.txt,relativos
a_041.txt,vinculadas
a_041.txt,mostram
a_041.txt,identificado
a_041.txt,tecnologia
a_041.txt,natale
a_041.txt,meses
a_041.txt,traduzida
a_041.txt,senha
a_041.txt,aderentes
a_041.txt,inseridos
a_041.txt,acusacoes
a_041.txt,proceder
a_041.txt,concorrente
a_041.txt,ja
a_041.txt,pretendidos
a_041.txt,aplicadas
a_041.txt,manifestante
a_041.txt,designio
a_041.txt,prosperar
a_041.txt,patriota
a_041.txt,procediam
a_041.txt,instituicao
a_041.txt,acreditavam
a_041.txt,procurando
a_041.txt,salvo
a_041.txt,voluntaria
a_041.txt,absorva
a_041.txt,revolucionaria
a_041.txt,regimentos
a_041.txt,inafiancavel
a_041.txt,armada
a_041.txt,persecutorios
a_041.txt,expos
a_041.txt,fux
a_041.txt,bastante
a_041.txt,contradicao
a_041.txt,evitando
a_041.txt,cpmi
a_041.txt,oficiasse
a_041.txt,agindo
a_041.txt,casuistica
a_041.txt,decretou
a_041.txt,supervisao
a_041.txt,apreciados
a_041.txt,instituto
a_041.txt,formas
a_041.txt,montada
a_041.txt,promovessem
a_041.txt,trecho
a_041.txt,deflagradora
a_041.txt,inumeras
a_041.txt,sugestibilidade
a_041.txt,territorial
a_041.txt,aferida
a_041.txt,absoluta
a_041.txt,dv
a_041.txt,buscavam
a_041.txt,estadual
a_041.txt,imoveis
a_041.txt,nocoes
a_041.txt,saude
a_041.txt,deparar
a_041.txt,alegacoes
a_041.txt,premeditacao
a_041.txt,traz
a_041.txt,passado
a_041.txt,acompanhadas
a_041.txt,atentado
a_041.txt,eminente
a_041.txt,configura
a_041.txt,ilicitos
a_041.txt,condenacao
a_041.txt,reconstrucao
a_041.txt,deferiam
a_041.txt,redacao
a_041.txt,revelando
a_041.txt,diplomado
a_041.txt,utilizadas
a_041.txt,persecutorio
a_041.txt,provocaram
a_041.txt,autonoma
a_041.txt,estavel
a_041.txt,punibilidade
a_041.txt,ademais
a_041.txt,oficial
a_041.txt,competencias
a_041.txt,bloqueios
a_041.txt,parcelamento
a_041.txt,regiao
a_041.txt,ministerios
a_041.txt,tema
a_041.txt,cominado
a_041.txt,proferi
a_041.txt,minimo
a_041.txt,exerceram
a_041.txt,constituidos
a_041.txt,preciso
a_041.txt,massificada
a_041.txt,adenauer
a_041.txt,link
a_041.txt,tacita
a_041.txt,envolvidas
a_041.txt,domestica
a_041.txt,organizacoes
a_041.txt,descurar
a_041.txt,feitos
a_041.txt,paula
a_041.txt,intimidacao
a_041.txt,criminalidade
a_041.txt,br
a_041.txt,incidir
a_041.txt,derrubada
a_041.txt,facas
a_041.txt,especificas
a_041.txt,nuances
a_041.txt,enganam
a_041.txt,natural
a_041.txt,apresentada
a_041.txt,tramitem
a_041.txt,desmembrou
a_041.txt,fugiu
a_041.txt,davam
a_041.txt,dificuldade
a_041.txt,dele
a_041.txt,louvor
a_041.txt,valido
a_041.txt,algemas
a_041.txt,vista
a_041.txt,almejando
a_041.txt,hierarquicamente
a_041.txt,transitada
a_041.txt,fusao
a_041.txt,ilustram
a_041.txt,economia
a_041.txt,cola
a_041.txt,marcha
a_041.txt,propositos
a_041.txt,rememorar
a_041.txt,partidos
a_041.txt,traco
a_041.txt,envolvidos
a_041.txt,assegurar
a_041.txt,pai
a_041.txt,coator
a_041.txt,avanco
a_041.txt,mestre
a_041.txt,calculo
a_041.txt,aps
a_041.txt,adotada
a_041.txt,externada
a_041.txt,dispensavel
a_041.txt,porem
a_041.txt,caracteres
a_041.txt,licao
a_041.txt,liv
a_041.txt,suficientes
a_041.txt,realizacao
a_041.txt,artigos
a_041.txt,logrou
a_041.txt,decisivos
a_041.txt,jack
a_041.txt,inidonea
a_041.txt,clamor
a_041.txt,advindo
a_041.txt,palacio
a_041.txt,tentar
a_041.txt,faticas
a_041.txt,ligacao
a_041.txt,elementares
a_041.txt,destrui
a_041.txt,coronel
a_041.txt,cumpre
a_041.txt,eram
a_041.txt,envolva
a_041.txt,emenda
a_041.txt,garantindo
a_041.txt,razoaveis
a_041.txt,freitas
a_041.txt,reportado
a_041.txt,bens
a_041.txt,in
a_041.txt,corporal
a_041.txt,dedicado
a_041.txt,ligue
a_041.txt,usurpacao
a_041.txt,anseio
a_041.txt,armados
a_041.txt,individualizou
a_041.txt,permanecer
a_041.txt,intensidade
a_041.txt,k
a_041.txt,inexistenica
a_041.txt,coletes
a_041.txt,requisitos
a_041.txt,disposta
a_041.txt,totalidade
a_041.txt,mero
a_041.txt,permaneceriam
a_041.txt,evento
a_041.txt,talho
a_041.txt,mesmos
a_041.txt,falas
a_041.txt,probatorio
a_041.txt,imbuidos
a_041.txt,delineadas
a_041.txt,refere
a_041.txt,fixada
a_041.txt,psicologico
a_041.txt,chegou
a_041.txt,vivo
a_041.txt,executando
a_041.txt,fazer
a_041.txt,sancionados
a_041.txt,apreensao
a_041.txt,metodos
a_041.txt,20230108_145841
a_041.txt,previstos
a_041.txt,constou
a_041.txt,departamentos
a_041.txt,referencia
a_041.txt,insculpida
a_041.txt,prejuizos
a_041.txt,lei
a_041.txt,juizo
a_041.txt,abin
a_041.txt,fome
a_041.txt,postadas
a_041.txt,tange
a_041.txt,entra
a_041.txt,versatilidade
a_041.txt,crfb
a_041.txt,produzir
a_041.txt,martin
a_041.txt,pretensao
a_041.txt,anin
a_041.txt,cena
a_041.txt,sutil
a_041.txt,reiteravam
a_041.txt,real
a_041.txt,entradas
a_041.txt,mencionar
a_041.txt,determinar
a_041.txt,balizadas
a_041.txt,estarem
a_041.txt,ensina
a_041.txt,entrou
a_041.txt,avenida
a_041.txt,movimentacao
a_041.txt,entretanto
a_041.txt,surge
a_041.txt,traducao
a_041.txt,insatisfeita
a_041.txt,tais
a_041.txt,orientacao
a_041.txt,trabalhos
a_041.txt,u
a_041.txt,diretrizes
a_041.txt,prosseguisse
a_041.txt,comprovado
a_041.txt,lotado
a_041.txt,concretude
a_041.txt,bon
a_041.txt,submetida
a_041.txt,nega
a_041.txt,evidencias
a_041.txt,receio
a_041.txt,constatou
a_041.txt,chega
a_041.txt,sobressai
a_041.txt,possuem
a_041.txt,prossigo
a_041.txt,ficando
a_041.txt,locais
a_041.txt,consumam
a_041.txt,federais
a_041.txt,operou
a_041.txt,individualizacao
a_041.txt,transitiva
a_041.txt,conhecidos
a_041.txt,cada
a_041.txt,entanto
a_041.txt,mg
a_041.txt,ratione
a_041.txt,registrada
a_041.txt,consigno
a_041.txt,pressuposto
a_041.txt,guerra
a_041.txt,anteriormente
a_041.txt,sinfra
a_041.txt,imitacao
a_041.txt,consequencia
a_041.txt,equivale
a_041.txt,acompanham
a_041.txt,central
a_041.txt,veio
a_041.txt,cavalaria
a_041.txt,chamados
a_041.txt,empreendimento
a_041.txt,respectivo
a_041.txt,ajuste
a_041.txt,determinou
a_041.txt,estrito
a_041.txt,mim
a_041.txt,diuturnamente
a_041.txt,decisorio
a_041.txt,assuncao
a_041.txt,citado
a_041.txt,ve
a_041.txt,delitiva
a_041.txt,sequenciadas
a_041.txt,culminaram
a_041.txt,regis
a_041.txt,alojadas
a_041.txt,superiores
a_041.txt,unitariamente
a_041.txt,acabado
a_041.txt,phillipe
a_041.txt,integrar
a_041.txt,presidiario
a_041.txt,reputo
a_041.txt,facanhas
a_041.txt,extraem
a_041.txt,conducao
a_041.txt,demonstra
a_041.txt,utilizo
a_041.txt,indispensaveis
a_041.txt,chuva
a_041.txt,guia
a_041.txt,contraposicao
a_041.txt,dogma
a_041.txt,atendessem
a_041.txt,vestiam
a_041.txt,selecionadas
a_041.txt,batista
a_041.txt,critica
a_041.txt,restricao
a_041.txt,ofendido
a_041.txt,identificacao
a_041.txt,machados
a_041.txt,friggi
a_041.txt,impunidade
a_041.txt,demonstrada
a_041.txt,podendo
a_041.txt,descrevendo
a_041.txt,manual
a_041.txt,perpetrada
a_041.txt,deixada
a_041.txt,zambelli
a_041.txt,identificavel
a_041.txt,custodia
a_041.txt,permitindo
a_041.txt,comboio
a_041.txt,procedente
a_041.txt,atratora
a_041.txt,animosidade
a_041.txt,citacao
a_041.txt,desempenham
a_041.txt,amaral
a_041.txt,encontre
a_041.txt,mitigada
a_041.txt,pms
a_041.txt,requerimento
a_041.txt,nervoso
a_041.txt,portal
a_041.txt,lancavam
a_041.txt,invadidos
a_041.txt,reconhecida
a_041.txt,view
a_041.txt,nois
a_041.txt,mesas
a_041.txt,extremamente
a_041.txt,oraes
a_041.txt,usadas
a_041.txt,dia
a_041.txt,individualmente
a_041.txt,leonardo
a_041.txt,mandar
a_041.txt,depor
a_041.txt,pontuais
a_041.txt,ostensivamente
a_041.txt,ainda
a_041.txt,legislativa
a_041.txt,imei
a_041.txt,coro
a_041.txt,forma
a_041.txt,eminentemente
a_041.txt,agravo
a_041.txt,estreitamente
a_041.txt,escritos
a_041.txt,cinquenta
a_041.txt,ademir
a_041.txt,tras
a_041.txt,desconsiderado
a_041.txt,ofertou
a_041.txt,maior
a_041.txt,perguntas
a_041.txt,negativa
a_041.txt,desferidos
a_041.txt,ssuupprreemmoo
a_041.txt,vinculem
a_041.txt,custodiado
a_041.txt,facilitar
a_041.txt,autoridades
a_041.txt,senhoras
a_041.txt,protagonistas
a_041.txt,comandou
a_041.txt,bastoes
a_041.txt,atuava
a_041.txt,tentava
a_041.txt,ressalvas
a_041.txt,expressando
a_041.txt,tereza
a_041.txt,destruido
a_041.txt,pejorativas
a_041.txt,substancia
a_041.txt,detida
a_041.txt,condutas
a_041.txt,indicios
a_041.txt,governanca
a_041.txt,invisivel
a_041.txt,aglomerava
a_041.txt,remetido
a_041.txt,mencionei
a_041.txt,titulo
a_041.txt,embaraco
a_041.txt,concorrentes
a_041.txt,reclamada
a_041.txt,trabalhando
a_041.txt,quaisquer
a_041.txt,propos
a_041.txt,sustentar
a_041.txt,ambientais
a_041.txt,cit
a_041.txt,venho
a_041.txt,materiais
a_041.txt,xix
a_041.txt,postulado
a_041.txt,luta
a_041.txt,maiores
a_041.txt,rompimento
a_041.txt,voz
a_041.txt,discriminar
a_041.txt,logo
a_041.txt,assentada
a_041.txt,agredidos
a_041.txt,justificar
a_041.txt,conivencia
a_041.txt,apontados
a_041.txt,vistoria
a_041.txt,estabelecer
a_041.txt,delegar
a_041.txt,trigesimo
a_041.txt,falhar
a_041.txt,reduzem
a_041.txt,perpetuidade
a_041.txt,apurados
a_041.txt,restei
a_041.txt,alteracao
a_041.txt,metalico
a_041.txt,concluir
a_041.txt,numero
a_041.txt,enfurecidos
a_041.txt,explicar
a_041.txt,haverem
a_041.txt,atinente
a_041.txt,reitere
a_041.txt,grosso
a_041.txt,guardar
a_041.txt,subjetivas
a_041.txt,protejam
a_041.txt,portas
a_041.txt,especial
a_041.txt,narrando
a_041.txt,pertencente
a_041.txt,comportando
a_041.txt,bastantes
a_041.txt,satisfatoriamente
a_041.txt,instaurados
a_041.txt,convergem
a_041.txt,determinada
a_041.txt,braganca
a_041.txt,frequencia
a_041.txt,imprescritivel
a_041.txt,apresentados
a_041.txt,imbricacao
a_041.txt,juntada
a_041.txt,deliquentium
a_041.txt,familiar
a_041.txt,deduzida
a_041.txt,vinte
a_041.txt,biblioteca
a_041.txt,urnas
a_041.txt,dano
a_041.txt,global
a_041.txt,essencia
a_041.txt,enfim
a_041.txt,daqueles
a_041.txt,veiculos
a_041.txt,daniel
a_041.txt,nova
a_041.txt,grito
a_041.txt,tecnica
a_041.txt,contraditarao
a_041.txt,frederico
a_041.txt,choque
a_041.txt,excesso
a_041.txt,gramado
a_041.txt,aptas
a_041.txt,hoje
a_041.txt,min
a_041.txt,instrucoes
a_041.txt,todo
a_041.txt,monetariamente
a_041.txt,conduzir
a_041.txt,coordenado
a_041.txt,quebra
a_041.txt,membros
a_041.txt,basica
a_041.txt,minutos
a_041.txt,imputou
a_041.txt,improprio
a_041.txt,arregimentar
a_041.txt,relacionada
a_041.txt,viavel
a_041.txt,deferida
a_041.txt,resulta
a_041.txt,presenca
a_041.txt,tipicos
a_041.txt,criterios
a_041.txt,invadido
a_041.txt,orientando
a_041.txt,exige
a_041.txt,estilingues
a_041.txt,valor
a_041.txt,argumentos
a_041.txt,autonomas
a_041.txt,causa
a_041.txt,organizacional
a_041.txt,pena
a_041.txt,atentatorios
a_041.txt,ausencia
a_041.txt,liquido
a_041.txt,ressalto
a_041.txt,unidade
a_041.txt,alvos
a_041.txt,organizaram
a_041.txt,luiz
a_041.txt,missao
a_041.txt,hipotese
a_041.txt,praticarem
a_041.txt,compreendido
a_041.txt,conjuncao
a_041.txt,ederal
a_041.txt,regimes
a_041.txt,atitude
a_041.txt,detentores
a_041.txt,aconteceria
a_041.txt,seria
a_041.txt,sair
a_041.txt,resolvida
a_041.txt,dividiram
a_041.txt,milhares
a_041.txt,sugestao
a_041.txt,afetada
a_041.txt,pacelli
a_041.txt,periciais
a_041.txt,incluido
a_041.txt,pescoco
a_041.txt,primitiva
a_041.txt,cor
a_041.txt,impossibilidade
a_041.txt,voluntariedade
a_041.txt,revestidas
a_041.txt,prejudiciais
a_041.txt,observar
a_041.txt,lesiva
a_041.txt,silvestre
a_041.txt,formulando
a_041.txt,remessa
a_041.txt,reflexos
a_041.txt,mantenho
a_041.txt,cooperativamente
a_041.txt,unanime
a_041.txt,inesperado
a_041.txt,acompanhei
a_041.txt,midia
a_041.txt,detencao
a_041.txt,fumo
a_041.txt,processamento
a_041.txt,alexandre
a_041.txt,ref
a_041.txt,cognitivismo
a_041.txt,fundamental
a_041.txt,entregadores
a_041.txt,acolhida
a_041.txt,positivo
a_041.txt,misturado
a_041.txt,ponto
a_041.txt,inflamada
a_041.txt,profundo
a_041.txt,nivel
a_041.txt,liberado
a_041.txt,advertencia
a_041.txt,atentados
a_041.txt,solicitado
a_041.txt,pista
a_041.txt,rocurador
a_041.txt,instruem
a_041.txt,suprema
a_041.txt,elementos
a_041.txt,determinei
a_041.txt,detalhadamente
a_041.txt,depredacao
a_041.txt,concluiu
a_041.txt,exigida
a_041.txt,intencoes
a_041.txt,vejamos
a_041.txt,extraida
a_041.txt,depender
a_041.txt,isqueiros
a_041.txt,prender
a_041.txt,minimas
a_041.txt,bandido
a_041.txt,constatacao
a_041.txt,lucio
a_041.txt,conformidade
a_041.txt,societarios
a_041.txt,corretor
a_041.txt,extrapolacao
a_041.txt,naqueles
a_041.txt,admitem
a_041.txt,abril
a_041.txt,ni
a_041.txt,instancias
a_041.txt,significado
a_041.txt,noutras
a_041.txt,tramitam
a_041.txt,informado
a_041.txt,saindo
a_041.txt,transcritos
a_041.txt,sentados
a_041.txt,torno
a_041.txt,proximos
a_041.txt,nefi
a_041.txt,estacionamento
a_041.txt,respeita
a_041.txt,instante
a_041.txt,igualmente
a_041.txt,examinada
a_041.txt,objetive
a_041.txt,proibicao
a_041.txt,atenuante
a_041.txt,refinarias
a_041.txt,acordo
a_041.txt,constituicoes
a_041.txt,legais
a_041.txt,americana
a_041.txt,contribuia
a_041.txt,advirta
a_041.txt,tombados
a_041.txt,reiterar
a_041.txt,fatidico
a_041.txt,verificavel
a_041.txt,conduta
a_041.txt,multidisciplinar
a_041.txt,senao
a_041.txt,imediacoes
a_041.txt,legitimamente
a_041.txt,instantaneamente
a_041.txt,instauradas
a_041.txt,lados
a_041.txt,semelhante
a_041.txt,pericia
a_041.txt,imprescindivel
a_041.txt,consagrado
a_041.txt,encaminhadas
a_041.txt,concomitante
a_041.txt,pegar
a_041.txt,voltando
a_041.txt,mendonca
a_041.txt,violentamente
a_041.txt,subsequentes
a_041.txt,realizem
a_041.txt,anterior
a_041.txt,constituem
a_041.txt,precipuamente
a_041.txt,amplificado
a_041.txt,trazida
a_041.txt,noite
a_041.txt,isso
a_041.txt,naquele
a_041.txt,letal
a_041.txt,deteriorar
a_041.txt,acaso
a_041.txt,caracteriza
a_041.txt,vedavam
a_041.txt,plenitude
a_041.txt,investiga
a_041.txt,conscientemente
a_041.txt,circunscritas
a_041.txt,reflexao
a_041.txt,progressao
a_041.txt,pimentas
a_041.txt,aplicativo
a_041.txt,constitui
a_041.txt,abr
a_041.txt,capitao
a_041.txt,externando
a_041.txt,retrato
a_041.txt,pleitos
a_041.txt,participar
a_041.txt,eliminacao
a_041.txt,perdas
a_041.txt,injuriandi
a_041.txt,constatadas
a_041.txt,perfeita
a_041.txt,seguro
a_041.txt,absoluto
a_041.txt,excepcionalissima
a_041.txt,operacionais
a_041.txt,participaram
a_041.txt,demonstrem
a_041.txt,conduzidos
a_041.txt,acuados
a_041.txt,dotti
a_041.txt,amotinamento
a_041.txt,praticadas
a_041.txt,riscos
a_041.txt,marca
a_041.txt,whatsapp
a_041.txt,chamado
a_041.txt,determinado
a_041.txt,recebida
a_041.txt,notorio
a_041.txt,graves
a_041.txt,armas
a_041.txt,supera
a_041.txt,desenrolou
a_041.txt,nesse
a_041.txt,gsi
a_041.txt,mostraram
a_041.txt,centro
a_041.txt,oriunda
a_041.txt,patrio
a_041.txt,credulidade
a_041.txt,seguridad
a_041.txt,mochila
a_041.txt,extraidos
a_041.txt,trabalha
a_041.txt,quantia
a_041.txt,constitucionais
a_041.txt,vidracas
a_041.txt,financeira
a_041.txt,unitario
a_041.txt,parametros
a_041.txt,raio
a_041.txt,impropriamente
a_041.txt,seguida
a_041.txt,adequada
a_041.txt,supoem
a_041.txt,h
a_041.txt,ideia
a_041.txt,destruia
a_041.txt,seriam
a_041.txt,desistencia
a_041.txt,impedindo
a_041.txt,difundido
a_041.txt,justa
a_041.txt,semiaberto
a_041.txt,ventos
a_041.txt,eletronicos
a_041.txt,inquiridos
a_041.txt,distinta
a_041.txt,irrecuperaveis
a_041.txt,viabilizar
a_041.txt,ostensiva
a_041.txt,barras
a_041.txt,edson
a_041.txt,posterior
a_041.txt,designado
a_041.txt,adentrasse
a_041.txt,senador
a_041.txt,apresentadas
a_041.txt,disposicao
a_041.txt,remetidas
a_041.txt,julgar
a_041.txt,tragedias
a_041.txt,bone
a_041.txt,mundial
a_041.txt,descrevem
a_041.txt,fala
a_041.txt,mao
a_041.txt,investigadas
a_041.txt,desvencilharam
a_041.txt,requisito
a_041.txt,registre
a_041.txt,responder
a_041.txt,tabela
a_041.txt,proprietaria
a_041.txt,narrativas
a_041.txt,abre
a_041.txt,localizadas
a_041.txt,lamentaveis
a_041.txt,cargos
a_041.txt,aposentados
a_041.txt,dg
a_041.txt,presa
a_041.txt,expondo
a_041.txt,to
a_041.txt,tecnico
a_041.txt,dessas
a_041.txt,intervencoes
a_041.txt,paus
a_041.txt,onze
a_041.txt,guilherme
a_041.txt,inequivoca
a_041.txt,resumo
a_041.txt,index
a_041.txt,dolosos
a_041.txt,atendeu
a_041.txt,proposito
a_041.txt,leme
a_041.txt,encerramento
a_041.txt,considerem
a_041.txt,aproximadamente
a_041.txt,remanescentes
a_041.txt,inesperadamente
a_041.txt,interna
a_041.txt,indicam
a_041.txt,parece
a_041.txt,essencialmente
a_041.txt,premiada
a_041.txt,arvorar
a_041.txt,futura
a_041.txt,estudada
a_041.txt,aprofundado
a_041.txt,bastos
a_041.txt,metade
a_041.txt,merito
a_041.txt,casos
a_041.txt,esfera
a_041.txt,crencas
a_041.txt,quadrilha
a_041.txt,pericial
a_041.txt,inserido
a_041.txt,politicas
a_041.txt,ficar
a_041.txt,crimen
a_041.txt,pf
a_041.txt,irreparaveis
a_041.txt,novo
a_041.txt,fosse
a_041.txt,implantacao
a_041.txt,organizado
a_041.txt,parou
a_041.txt,relevancia
a_041.txt,pagina
a_041.txt,pleiteia
a_041.txt,consumidor
a_041.txt,alheia
a_041.txt,desponta
a_041.txt,sic
a_041.txt,demonstraram
a_041.txt,generalizado
a_041.txt,debate
a_041.txt,recalcitrancia
a_041.txt,dubio
a_041.txt,facultada
a_041.txt,sintese
a_041.txt,contingencias
a_041.txt,ocorreram
a_041.txt,proporcional
a_041.txt,janeiro
a_041.txt,orando
a_041.txt,fechadas
a_041.txt,net
a_041.txt,imovel
a_041.txt,monetizacao
a_041.txt,afirmado
a_041.txt,eleitoral
a_041.txt,previstas
a_041.txt,mental
a_041.txt,provisoriamente
a_041.txt,esbranquicado
a_041.txt,agruparem
a_041.txt,perspectiva
a_041.txt,caracteristicas
a_041.txt,extensivamente
a_041.txt,inacio
a_041.txt,objeto
a_041.txt,ocupacao
a_041.txt,surgimento
a_041.txt,detalhamento
a_041.txt,jurisdicao
a_041.txt,estacionado
a_041.txt,possivelmente
a_041.txt,ativo
a_041.txt,insuficientes
a_041.txt,indispensavel
a_041.txt,chegaram
a_041.txt,necessaria
a_041.txt,opinioes
a_041.txt,juridicos
a_041.txt,apontam
a_041.txt,aglomerado
a_041.txt,punitivo
a_041.txt,kala
a_041.txt,dirigidas
a_041.txt,julgadas
a_041.txt,redes_sociais
a_041.txt,coibir
a_041.txt,verbal
a_041.txt,contribuicoes
a_041.txt,geovane
a_041.txt,incidindo
a_041.txt,condenram
a_041.txt,identicas
a_041.txt,frasco
a_041.txt,esconder
a_041.txt,rasgados
a_041.txt,aquele
a_041.txt,ssp
a_041.txt,houver
a_041.txt,funcional
a_041.txt,pontaletes
a_041.txt,brecar
a_041.txt,ressaltou
a_041.txt,caberia
a_041.txt,deixou
a_041.txt,abrigam
a_041.txt,autenticacao
a_041.txt,concretizam
a_041.txt,analisada
a_041.txt,inutilizar
a_041.txt,caixas
a_041.txt,narracao
a_041.txt,sprays
a_041.txt,conjunto
a_041.txt,informacao
a_041.txt,estrategicamente
a_041.txt,aumento
a_041.txt,financiadores
a_041.txt,infiltrados
a_041.txt,telefonico
a_041.txt,silencio
a_041.txt,providenciara
a_041.txt,ficam
a_041.txt,merecem
a_041.txt,consiste
a_041.txt,anuncia
a_041.txt,agrupamento
a_041.txt,convencer
a_041.txt,principio
a_041.txt,definidas
a_041.txt,mandamento
a_041.txt,junho
a_041.txt,indice
a_041.txt,estavam
a_041.txt,aguardar
a_041.txt,ublico
a_041.txt,expressos
a_041.txt,suposta
a_041.txt,descaminho
a_041.txt,arquivo
a_041.txt,estar
a_041.txt,inciso
a_041.txt,descritivamente
a_041.txt,servindo
a_041.txt,advogada
a_041.txt,estabeleco
a_041.txt,administrativo
a_041.txt,invadiram
a_041.txt,proporcoes
a_041.txt,capaz
a_041.txt,enhor
a_041.txt,cabera
a_041.txt,reportados
a_041.txt,gilmar
a_041.txt,feito
a_041.txt,aproveitaram
a_041.txt,verifique
a_041.txt,precisa
a_041.txt,fundacao
a_041.txt,gente
a_041.txt,solicitada
a_041.txt,decorrente
a_041.txt,igual
a_041.txt,lavratura
a_041.txt,relativo
a_041.txt,designios
a_041.txt,precisou
a_041.txt,carpetes
a_041.txt,detrimento
a_041.txt,jose
a_041.txt,empreitada
a_041.txt,tendencia
a_041.txt,pluralidade
a_041.txt,direcionado
a_041.txt,dificil
a_041.txt,consultor
a_041.txt,acessaram
a_041.txt,meio
a_041.txt,vislumbrava
a_041.txt,gp
a_041.txt,dezesseis
a_041.txt,procedeu
a_041.txt,democratico
a_041.txt,concreto
a_041.txt,ocasionar
a_041.txt,ressalvado
a_041.txt,provenientes
a_041.txt,parlamentares
a_041.txt,lacrimogeneo
a_041.txt,alargando
a_041.txt,diferentes
a_041.txt,temor
a_041.txt,waiapi
a_041.txt,concertem
a_041.txt,tenente
a_041.txt,aderindo
a_041.txt,motivo
a_041.txt,winfred
a_041.txt,advir
a_041.txt,tese
a_041.txt,observa
a_041.txt,ilicito
a_041.txt,maranhaozinho
a_041.txt,sanada
a_041.txt,assegura
a_041.txt,operacao
a_041.txt,seguindo
a_041.txt,aproveita
a_041.txt,malfadada
a_041.txt,adv
a_041.txt,insurgencia
a_041.txt,furia
a_041.txt,visava
a_041.txt,carlo
a_041.txt,restritiva
a_041.txt,decretada
a_041.txt,consumacao
a_041.txt,objetivamente
a_041.txt,acolhi
a_041.txt,conexao
a_041.txt,ombro
a_041.txt,descreveu
a_041.txt,nascido
a_041.txt,iter
a_041.txt,artistico
a_041.txt,cooperacao
a_041.txt,encadeada
a_041.txt,vulto
a_041.txt,investigam
a_041.txt,contidos
a_041.txt,maos
a_041.txt,rc
a_041.txt,integra
a_041.txt,ineficacia
a_041.txt,relacionados
a_041.txt,reiterou
a_041.txt,definitivamente
a_041.txt,citados
a_041.txt,campo
a_041.txt,artefatos
a_041.txt,introducao
a_041.txt,inseria
a_041.txt,interveniente
a_041.txt,metalicas
a_041.txt,compartilhavam
a_041.txt,impulsionado
a_041.txt,ilegais
a_041.txt,pelo
a_041.txt,fardados
a_041.txt,estabelece
a_041.txt,questao
a_041.txt,moralidade
a_041.txt,embaracar
a_041.txt,estacionados
a_041.txt,aqui
a_041.txt,execucao
a_041.txt,abrigo
a_041.txt,promover
a_041.txt,inapto
a_041.txt,acusador
a_041.txt,delito
a_041.txt,martins
a_041.txt,jovem
a_041.txt,inepcia
a_041.txt,barulhos
a_041.txt,ferrajoli
a_041.txt,ocupada
a_041.txt,cargo
a_041.txt,tumultuaria
a_041.txt,gerados
a_041.txt,pronto
a_041.txt,surgir
a_041.txt,indefinida
a_041.txt,parlamentar
a_041.txt,cifra
a_041.txt,manutencao
a_041.txt,fixo
a_041.txt,converte
a_041.txt,desprovido
a_041.txt,trinta
a_041.txt,ameacar
a_041.txt,faca
a_041.txt,plasticas
a_041.txt,gustave
a_041.txt,imputado
a_041.txt,cometidos
a_041.txt,concerne
a_041.txt,loc
a_041.txt,depois
a_041.txt,enfia
a_041.txt,portuguesas
a_041.txt,individualizados
a_041.txt,serias
a_041.txt,regionais
a_041.txt,terco
a_041.txt,chamada
a_041.txt,probabilidades
a_041.txt,naturalidade
a_041.txt,evolucao
a_041.txt,pagamento
a_041.txt,sinalizam
a_041.txt,voltados
a_041.txt,historica
a_041.txt,poderosa
a_041.txt,publica
a_041.txt,denunciar
a_041.txt,esquemas
a_041.txt,incide
a_041.txt,visualizar
a_041.txt,pequenos
a_041.txt,servico
a_041.txt,administracao
a_041.txt,tivesse
a_041.txt,funcionado
a_041.txt,extensao
a_041.txt,circulacao
a_041.txt,tentam
a_041.txt,mobilizacao
a_041.txt,reiteradamente
a_041.txt,cigarros
a_041.txt,concorria
a_041.txt,chegando
a_041.txt,cabiveis
a_041.txt,tecnicos
a_041.txt,ditadura
a_041.txt,tutela
a_041.txt,quantum
a_041.txt,detidos
a_041.txt,definicao
a_041.txt,acordos
a_041.txt,procedesse
a_041.txt,consolidar
a_041.txt,peticao
a_041.txt,perto
a_041.txt,retomo
a_041.txt,concorrendo
a_041.txt,protestos
a_041.txt,coesa
a_041.txt,heterogeneidade
a_041.txt,peculiaridades
a_041.txt,difundidas
a_041.txt,consumar
a_041.txt,forme
a_041.txt,covarde
a_041.txt,defensiva
a_041.txt,aparelho
a_041.txt,possibilidade
a_041.txt,acionada
a_041.txt,afirma
a_041.txt,grifei
a_041.txt,reconheceu
a_041.txt,cota
a_041.txt,votava
a_041.txt,alcanco
a_041.txt,estarao
a_041.txt,manha
a_041.txt,diversas
a_041.txt,almejado
a_041.txt,evidenciando
a_041.txt,unica
a_041.txt,custodiadas
a_041.txt,finalidades
a_041.txt,vistas
a_041.txt,empregada
a_041.txt,vias
a_041.txt,referidos
a_041.txt,incompetencia
a_041.txt,edoc
a_041.txt,carmen
a_041.txt,bancaria
a_041.txt,especificos
a_041.txt,prevencao
a_041.txt,chefe
a_041.txt,analise
a_041.txt,santana
a_041.txt,revolucao
a_041.txt,atuais
a_041.txt,correus
a_041.txt,julgou
a_041.txt,identifico
a_041.txt,legislador
a_041.txt,recursos
a_041.txt,av
a_041.txt,tratado
a_041.txt,desmembramento
a_041.txt,nucleo
a_041.txt,manipuladas
a_041.txt,exprimiam
a_041.txt,convencimento
a_041.txt,retomada
a_041.txt,restritivamente
a_041.txt,ia
a_041.txt,atrativa
a_041.txt,peca
a_041.txt,si
a_041.txt,absorvido
a_041.txt,lancarem
a_041.txt,sufoca
a_041.txt,ameacas
a_041.txt,perseguicao
a_041.txt,c
a_041.txt,harmonia
a_041.txt,vidros
a_041.txt,acaba
a_041.txt,negado
a_041.txt,corroboram
a_041.txt,las
a_041.txt,patrimonio
a_041.txt,spol
a_041.txt,prevalencia
a_041.txt,lista
a_041.txt,empossado
a_041.txt,rj
a_041.txt,oficiais
a_041.txt,interpretadas
a_041.txt,alem
a_041.txt,cautelosa
a_041.txt,viram
a_041.txt,julgados
a_041.txt,ouvido
a_041.txt,disso
a_041.txt,sequer
a_041.txt,atentatorias
a_041.txt,analisado
a_041.txt,pertinencia
a_041.txt,indicado
a_041.txt,djalma
a_041.txt,abracar
a_041.txt,minorar
a_041.txt,calculado
a_041.txt,relacionadas
a_041.txt,comecaram
a_041.txt,seguir
a_041.txt,pr
a_041.txt,stiffung
a_041.txt,desperta
a_041.txt,competencia
a_041.txt,novamente
a_041.txt,comando
a_041.txt,criticidade
a_041.txt,tera
a_041.txt,grifos
a_041.txt,suficientemente
a_041.txt,segurar
a_041.txt,engenhosa
a_041.txt,fechamento
a_041.txt,positivos
a_041.txt,autonomo
a_041.txt,promovidas
a_041.txt,vontades
a_041.txt,propano
a_041.txt,externo
a_041.txt,reprimenda
a_041.txt,acolhendo
a_041.txt,estendeu
a_041.txt,atingiram
a_041.txt,julgo
a_041.txt,invasora
a_041.txt,falavam
a_041.txt,introduzidas
a_041.txt,contencao
a_041.txt,modelo
a_041.txt,tramitavam
a_041.txt,saida
a_041.txt,vetoriais
a_041.txt,diferenciados
a_041.txt,apuracao
a_041.txt,descrita
a_041.txt,estipulacao
a_041.txt,instaurado
a_041.txt,preservando
a_041.txt,especificando
a_041.txt,caminhoneiros
a_041.txt,juiz
a_041.txt,aplicabilidade
a_041.txt,especifico
a_041.txt,age
a_041.txt,imputacao
a_041.txt,discutidos
a_041.txt,junior
a_041.txt,facilmente
a_041.txt,quebrassem
a_041.txt,forense
a_041.txt,expedientes
a_041.txt,indicacao
a_041.txt,culpabilidade
a_041.txt,civil
a_041.txt,formado
a_041.txt,bandeiras
a_041.txt,insurreicoes
a_041.txt,modalidade
a_041.txt,brasileiras
a_041.txt,visto
a_041.txt,constitucionalmente
a_041.txt,crowdfunding
a_041.txt,permitiam
a_041.txt,vigencia
a_041.txt,golpista
a_041.txt,maneira
a_041.txt,complexidades
a_041.txt,quis
a_041.txt,capitulo
a_041.txt,lexandre
a_041.txt,alocados
a_041.txt,assentado
a_041.txt,vidro
a_041.txt,revelaria
a_041.txt,contribuiram
a_041.txt,outras
a_041.txt,auxiliar
a_041.txt,celular
a_041.txt,exposta
a_041.txt,lance
a_041.txt,z
a_041.txt,praticamente
a_041.txt,aco
a_041.txt,pretensos
a_041.txt,correta
a_041.txt,suficiente
a_041.txt,20230108_145216
a_041.txt,reprimindo
a_041.txt,logistica
a_041.txt,distincao
a_041.txt,tipificara
a_041.txt,brevissimo
a_041.txt,tipo
a_041.txt,inviolabilidade
a_041.txt,la
a_041.txt,registraram
a_041.txt,eis
a_041.txt,legal
a_041.txt,grossura
a_041.txt,corrupcao
a_041.txt,espacos
a_041.txt,realcei
a_041.txt,televisao
a_041.txt,futuro
a_041.txt,decorrentes
a_041.txt,multiplos
a_041.txt,rogerio
a_041.txt,robusto
a_041.txt,controle
a_041.txt,motor
a_041.txt,rodoviaria
a_041.txt,protegidas
a_041.txt,possivel
a_041.txt,risco
a_041.txt,circunstancia
a_041.txt,conexos
a_041.txt,felipe
a_041.txt,usavam
a_041.txt,nulidade
a_041.txt,rene
a_041.txt,objetos
a_041.txt,obriga
a_041.txt,dj
a_041.txt,percuciente
a_041.txt,presuncao
a_041.txt,cavalcanti
a_041.txt,danificado
a_041.txt,problemas
a_041.txt,major
a_041.txt,prevista
a_041.txt,esteve
a_041.txt,ulterior
a_041.txt,induvidoso
a_041.txt,edicao
a_041.txt,conclusoes
a_041.txt,regulamentadora
a_041.txt,compartilhado
a_041.txt,oposto
a_041.txt,onus
a_041.txt,aumentam
a_041.txt,isolando
a_041.txt,inestimavel
a_041.txt,rjesmpsp
a_041.txt,dava
a_041.txt,atingiu
a_041.txt,edificios
a_041.txt,filho
a_041.txt,inqueritos
a_041.txt,situado
a_041.txt,jogar
a_041.txt,assiste
a_041.txt,ambulantes
a_041.txt,cgrc
a_041.txt,descobrir
a_041.txt,cpf
a_041.txt,bombinhas
a_041.txt,conseguiram
a_041.txt,corroborar
a_041.txt,aprofundados
a_041.txt,objetivando
a_041.txt,atingir
a_041.txt,cpp
a_041.txt,guarda
a_041.txt,vermelho
a_041.txt,nicola
a_041.txt,los
a_041.txt,lamentavel
a_041.txt,luz
a_041.txt,forca
a_041.txt,descrito
a_041.txt,forem
a_041.txt,declarou
a_041.txt,distinto
a_041.txt,mostrar
a_041.txt,gab
a_041.txt,dando
a_041.txt,verbo
a_041.txt,deslocamento
a_041.txt,excepcional
a_041.txt,tomar
a_041.txt,sujeita
a_041.txt,incendio
a_041.txt,obrigar
a_041.txt,reputando
a_041.txt,provocada
a_041.txt,piloto
a_041.txt,guardados
a_041.txt,modo
a_041.txt,imprevistas
a_041.txt,detalhado
a_041.txt,atiraram
a_041.txt,agregacao
a_041.txt,particularidades
a_041.txt,atitudes
a_041.txt,perturbadora
a_041.txt,envio
a_041.txt,operar
a_041.txt,corpo
a_041.txt,penal
a_041.txt,solucionada
a_041.txt,assessora
a_041.txt,aplica
a_041.txt,seguido
a_041.txt,suscitou
a_041.txt,redatora
a_041.txt,violencia
a_041.txt,extraido
a_041.txt,olharam
a_041.txt,ee
a_041.txt,desespero
a_041.txt,soltura
a_041.txt,elaborado
a_041.txt,consolidado
a_041.txt,cometido
a_041.txt,ex
a_041.txt,reais
a_041.txt,gravissimas
a_041.txt,solidariedade
a_041.txt,dicor
a_041.txt,finalistica
a_041.txt,fisicos
a_041.txt,evidenciam
a_041.txt,critico
a_041.txt,quantos
a_041.txt,permanece
a_041.txt,motivos
a_041.txt,cartazes
a_041.txt,aceitavam
a_041.txt,cuidando
a_041.txt,norma
a_041.txt,viabilidade
a_041.txt,desceram
a_041.txt,oriundos
a_041.txt,concretamente
a_041.txt,v
a_041.txt,representativas
a_041.txt,vencidos
a_041.txt,acabaram
a_041.txt,sentenciado
a_041.txt,persuadidos
a_041.txt,excecao
a_041.txt,manifestou
a_041.txt,desincumbiu
a_041.txt,linha
a_041.txt,espirito
a_041.txt,nuvem
a_041.txt,apresentam
a_041.txt,assento
a_041.txt,premissa
a_041.txt,detentor
a_041.txt,tentativa
a_041.txt,referida
a_041.txt,despachos
a_041.txt,fisicas
a_041.txt,denota
a_041.txt,subverte
a_041.txt,outra
a_041.txt,obrigacao
a_041.txt,nao
a_041.txt,infelizmente
a_041.txt,valendo
a_041.txt,impedidos
a_041.txt,associativo
a_041.txt,sociais
a_041.txt,excelencia
a_041.txt,episodio
a_041.txt,provavelmente
a_041.txt,duvidas
a_041.txt,fixou
a_041.txt,facilidade
a_041.txt,reclusao
a_041.txt,trabalho
a_041.txt,discussao
a_041.txt,carla
a_041.txt,expoe
a_041.txt,cuidam
a_041.txt,intervencao
a_041.txt,organizada
a_041.txt,judiciarios
a_041.txt,reconheciam
a_041.txt,tipos
a_041.txt,sujeitos
a_041.txt,paineis
a_041.txt,recorda
a_041.txt,desconsiderar
a_041.txt,satisfaz
a_041.txt,mesma
a_041.txt,enfatizo
a_041.txt,cristiano
a_041.txt,qualificadora
a_041.txt,alguem
a_041.txt,teriam
a_041.txt,estudos
a_041.txt,licoes
a_041.txt,idosos
a_041.txt,pamplona
a_041.txt,esteja
a_041.txt,regras
a_041.txt,xliv
a_041.txt,anunciava
a_041.txt,preparadas
a_041.txt,aqueles
a_041.txt,condenar
a_041.txt,conteve
a_041.txt,magisterio
a_041.txt,seculo
a_041.txt,congresso_nacional
a_041.txt,extorsao
a_041.txt,arroladas
a_041.txt,impelidos
a_041.txt,colocado
a_041.txt,merece
a_041.txt,certificada
a_041.txt,democracia
a_041.txt,declaracoes
a_041.txt,instauracao
a_041.txt,recontagem
a_041.txt,tratados
a_041.txt,insuflamento
a_041.txt,merda
a_041.txt,recursais
a_041.txt,odiosas
a_041.txt,congresso
a_041.txt,esclareceu
a_041.txt,infere
a_041.txt,antonio
a_041.txt,sintetizados
a_041.txt,proibida
a_041.txt,deposicao
a_041.txt,fiquei
a_041.txt,caminho
a_041.txt,teve
a_041.txt,afirmar
a_041.txt,derrubar
a_041.txt,descreve
a_041.txt,generais
a_041.txt,importado
a_041.txt,narrativa
a_041.txt,investido
a_041.txt,excepcionalidade
a_041.txt,exercidas
a_041.txt,causadores
a_041.txt,detalhes
a_041.txt,processar
a_041.txt,inicialmente
a_041.txt,resoluvel
a_041.txt,afora
a_041.txt,falar
a_041.txt,loci
a_041.txt,comandados
a_041.txt,denunciada
a_041.txt,arts
a_041.txt,acontecimentos
a_041.txt,comentaram
a_041.txt,contudo
a_041.txt,conforme
a_041.txt,enfrentamento
a_041.txt,pensamentos
a_041.txt,arremessando
a_041.txt,repudiando
a_041.txt,cenas
a_041.txt,amolda
a_041.txt,criar
a_041.txt,homologado
a_041.txt,exclusao
a_041.txt,realizada
a_041.txt,observe
a_041.txt,monocraticas
a_041.txt,sobejamente
a_041.txt,alcanca
a_041.txt,ocorridas
a_041.txt,embora
a_041.txt,cientifica
a_041.txt,repetindo
a_041.txt,atirando
a_041.txt,consolidou
a_041.txt,esther
a_041.txt,equipamentos
a_041.txt,examinar
a_041.txt,institutos
a_041.txt,avistou
a_041.txt,utor
a_041.txt,nela
a_041.txt,manifesta
a_041.txt,pressupostos
a_041.txt,participava
a_041.txt,genericamente
a_041.txt,figura
a_041.txt,vem
a_041.txt,desde
a_041.txt,regramento
a_041.txt,imposicao
a_041.txt,segue
a_041.txt,estruturantes
a_041.txt,escutou
a_041.txt,preliminares
a_041.txt,isto
a_041.txt,preenchidos
a_041.txt,voces
a_041.txt,fatos
a_041.txt,inquisitorial
a_041.txt,saliento
a_041.txt,garcia
a_041.txt,estruturas
a_041.txt,utilizaram
a_041.txt,recuaram
a_041.txt,cacadores
a_041.txt,cabia
a_041.txt,imediata
a_041.txt,ocorre
a_041.txt,eventualmente
a_041.txt,inimigo
a_041.txt,atos_antidemocraticos
a_041.txt,claudio
a_041.txt,enviassem
a_041.txt,revisao
a_041.txt,agrediu
a_041.txt,persecucao
a_041.txt,empreendido
a_041.txt,elemento
a_041.txt,intimacao
a_041.txt,cade
a_041.txt,durante
a_041.txt,cognitivo
a_041.txt,republicanos
a_041.txt,integracao
a_041.txt,compoem
a_041.txt,escolio
a_041.txt,subiu
a_041.txt,peixoto
a_041.txt,raro
a_041.txt,vigilancia
a_041.txt,auxiliis
a_041.txt,deflagrada
a_041.txt,unesco
a_041.txt,cdp
a_041.txt,locomocao
a_041.txt,voluntario
a_041.txt,disponibilizados
a_041.txt,espantarao
a_041.txt,mpmg
a_041.txt,submetidas
a_041.txt,pacifico
a_041.txt,indiretamente
a_041.txt,relacionado
a_041.txt,gdg
a_041.txt,pecas
a_041.txt,realmente
a_041.txt,probatorios
a_041.txt,idonea
a_041.txt,of
a_041.txt,propria
a_041.txt,putsch
a_041.txt,andar
a_041.txt,narrado
a_041.txt,lhes
a_041.txt,verifica
a_041.txt,tercio
a_041.txt,exigencia
a_041.txt,dosar
a_041.txt,ccpp
a_041.txt,pais
a_041.txt,unidos
a_041.txt,justifica
a_041.txt,mormente
a_041.txt,componente
a_041.txt,prolatado
a_041.txt,territorio
a_041.txt,co
a_041.txt,verificados
a_041.txt,sucesso
a_041.txt,encaminhassem
a_041.txt,variadas
a_041.txt,residual
a_041.txt,predios
a_041.txt,atuando
a_041.txt,fixara
a_041.txt,morais
a_041.txt,chorando
a_041.txt,desejo
a_041.txt,rixa
a_041.txt,sem
a_041.txt,permitir
a_041.txt,imputados
a_041.txt,istrito
a_041.txt,vicente
a_041.txt,falando
a_041.txt,equipados
a_041.txt,obvia
a_041.txt,posteriormente
a_041.txt,responsabilidade
a_041.txt,abrigar
a_041.txt,tornar
a_041.txt,cautela
a_041.txt,informando
a_041.txt,poderia
a_041.txt,apurada
a_041.txt,ajoelharam
a_041.txt,senadores
a_041.txt,promocao
a_041.txt,rejeito
a_041.txt,sustento
a_041.txt,autentico
a_041.txt,audiencias
a_041.txt,tem
a_041.txt,realizava
a_041.txt,exemplo
a_041.txt,confundido
a_041.txt,flagrada
a_041.txt,fundo
a_041.txt,menores
a_041.txt,destacando
a_041.txt,responsavel
a_041.txt,deixa
a_041.txt,percebido
a_041.txt,cotidiano
a_041.txt,moveis
a_041.txt,respeitosamente
a_041.txt,fisico
a_041.txt,ativamente
a_041.txt,pela
a_041.txt,atento
a_041.txt,frentes
a_041.txt,sousa
a_041.txt,nucci
a_041.txt,dirigindo
a_041.txt,partido
a_041.txt,ato
a_041.txt,audiencia
a_041.txt,subdesenvolvidos
a_041.txt,legitimos
a_041.txt,condenavam
a_041.txt,absolvicao
a_041.txt,estabelecimento
a_041.txt,nacionais
a_041.txt,hino
a_041.txt,juizes
a_041.txt,humano
a_041.txt,feitas
a_041.txt,longa
a_041.txt,acusacao
a_041.txt,ii
a_041.txt,homogenea
a_041.txt,acessar
a_041.txt,cornetas
a_041.txt,solucoes
a_041.txt,razoes
a_041.txt,pmdf
a_041.txt,esmiucar
a_041.txt,valida
a_041.txt,ocorrendo
a_041.txt,dirigiu
a_041.txt,efetivos
a_041.txt,seculos
a_041.txt,antecedente
a_041.txt,dito
a_041.txt,cogitar
a_041.txt,limpou
a_041.txt,permaneciam
a_041.txt,vir
a_041.txt,resp
a_041.txt,majorado
a_041.txt,meramente
a_041.txt,levados
a_041.txt,convocados
a_041.txt,perfil
a_041.txt,sim
a_041.txt,lesao
a_041.txt,instituira
a_041.txt,meios
a_041.txt,agravantes
a_041.txt,bala
a_041.txt,cognitiva
a_041.txt,demonstrar
a_041.txt,radios
a_041.txt,urteil
a_041.txt,havera
a_041.txt,detalhados
a_041.txt,calcada
a_041.txt,factivel
a_041.txt,rememoro
a_041.txt,judicial
a_041.txt,acerca
a_041.txt,abordagem
a_041.txt,tipificadas
a_041.txt,destaquei
a_041.txt,aumenta
a_041.txt,liberal
a_041.txt,razoavel
a_041.txt,incriminador
a_041.txt,maio
a_041.txt,cria
a_041.txt,psiquismo
a_041.txt,funcao
a_041.txt,haveria
a_041.txt,ela
a_041.txt,aglomeracao
a_041.txt,importante
a_041.txt,camiseta
a_041.txt,algemar
a_041.txt,animais
a_041.txt,obstrucao
a_041.txt,tenham
a_041.txt,domingo
a_041.txt,designacao
a_041.txt,arbitrio
a_041.txt,trazidas
a_041.txt,justica
a_041.txt,estatais
a_041.txt,posiciona
a_041.txt,finalidade
a_041.txt,errado
a_041.txt,macedo
a_041.txt,incentivaram
a_041.txt,criticas
a_041.txt,pontas
a_041.txt,nitidamente
a_041.txt,significativa
a_041.txt,aparentes
a_041.txt,estrangeiros
a_041.txt,desocupacao
a_041.txt,virtude
a_041.txt,atentos
a_041.txt,inicio
a_041.txt,causais
a_041.txt,discursos
a_041.txt,chamar
a_041.txt,reuniram
a_041.txt,exauriente
a_041.txt,ele
a_041.txt,processado
a_041.txt,alemas
a_041.txt,elucidados
a_041.txt,odio
a_041.txt,terroristas
a_041.txt,legislativo
a_041.txt,brada
a_041.txt,punicao
a_041.txt,deste
a_041.txt,classes
a_041.txt,prejuizo
a_041.txt,multitudinarias
a_041.txt,estimativa
a_041.txt,derivaram
a_041.txt,perigos
a_041.txt,influenciado
a_041.txt,aderido
a_041.txt,surpresa
a_041.txt,instrucao
a_041.txt,ap
a_041.txt,qg
a_041.txt,macula
a_041.txt,democratica
a_041.txt,luigi
a_041.txt,outrora
a_041.txt,comentado
a_041.txt,regido
a_041.txt,sentido
a_041.txt,delibacao
a_041.txt,correa
a_041.txt,suficiencia
a_041.txt,opressao
a_041.txt,petreas
a_041.txt,dizer
a_041.txt,participacao
a_041.txt,criminalizacao
a_041.txt,dificultar
a_041.txt,ml
a_041.txt,combate
a_041.txt,rompida
a_041.txt,confunde
a_041.txt,omissivas
a_041.txt,legitimidade
a_041.txt,eminentes
a_041.txt,complexa
a_041.txt,desse
a_041.txt,verificou
a_041.txt,coletanea
a_041.txt,houverem
a_041.txt,adolescente
a_041.txt,pode
a_041.txt,senados
a_041.txt,html
a_041.txt,alternativos
a_041.txt,achavam
a_041.txt,manga
a_041.txt,comunicar
a_041.txt,imputada
a_041.txt,ata
a_041.txt,cinq
a_041.txt,fevereiro
a_041.txt,focos
a_041.txt,inspiram
a_041.txt,tentativas
a_041.txt,equipamento
a_041.txt,diminuicao
a_041.txt,formal
a_041.txt,indicio
a_041.txt,constante
a_041.txt,conduziram
a_041.txt,rompendo
a_041.txt,ocorreu
a_041.txt,perimetro
a_041.txt,dados
a_041.txt,pretendida
a_041.txt,responda
a_041.txt,inferencia
a_041.txt,realizados
a_041.txt,comeca
a_041.txt,garrafinha
a_041.txt,vendedores
a_041.txt,intersubjetivo
a_041.txt,fica
a_041.txt,apresentar
a_041.txt,toffoli
a_041.txt,atencao
a_041.txt,manifestantes
a_041.txt,embebidos
a_041.txt,gravosos
a_041.txt,iniciativa
a_041.txt,limitacao
a_041.txt,resto
a_041.txt,neguinho
a_041.txt,presenciou
a_041.txt,bia
a_041.txt,refletem
a_041.txt,expensas
a_041.txt,policias
a_041.txt,metros
a_041.txt,gravidade
a_041.txt,gude
a_041.txt,ultrapassam
a_041.txt,agredido
a_041.txt,dilacao
a_041.txt,bgp
a_041.txt,necessario
a_041.txt,reuniao
a_041.txt,topico
a_041.txt,paiol
a_041.txt,pecuniaria
a_041.txt,haja
a_041.txt,argumento
a_041.txt,ocasionaram
a_041.txt,ouvidas
a_041.txt,aprimorando
a_041.txt,segundos
a_041.txt,convalidacao
a_041.txt,versando
a_041.txt,verdadeira
a_041.txt,financiamento
a_041.txt,centenas
a_041.txt,obedeceram
a_041.txt,acolho
a_041.txt,despeito
a_041.txt,pochete
a_041.txt,camara
a_041.txt,condenatoria
a_041.txt,social
a_041.txt,melhor
a_041.txt,ingressar
a_041.txt,apresentando
a_041.txt,psicologicos
a_041.txt,normas
a_041.txt,obstaculos
a_041.txt,ocorrida
a_041.txt,exigindo
a_041.txt,senhora
a_041.txt,agua
a_041.txt,interno
a_041.txt,demonstram
a_041.txt,sob
a_041.txt,promoveram
a_041.txt,adagio
a_041.txt,machado
a_041.txt,configurado
a_041.txt,telescopicos
a_041.txt,atribuicao
a_041.txt,questiona
a_041.txt,indiciario
a_041.txt,julgando
a_041.txt,dimensoes
a_041.txt,associaram
a_041.txt,originarias
a_041.txt,reconhecer
a_041.txt,concorram
a_041.txt,tinha
a_041.txt,direcionados
a_041.txt,sentenca
a_041.txt,reduzir
a_041.txt,preso
a_041.txt,juntamente
a_041.txt,escopo
a_041.txt,tratamento
a_041.txt,predio
a_041.txt,orgs
a_041.txt,longo
a_041.txt,humana
a_041.txt,paolo
a_041.txt,continuacao
a_041.txt,marquise
a_041.txt,desta
a_041.txt,orgaos
a_041.txt,solo
a_041.txt,distribuido
a_041.txt,padrao
a_041.txt,d
a_041.txt,correlatas
a_041.txt,documentacao
a_041.txt,camuflados
a_041.txt,falaram
a_041.txt,autenticardocumento
a_041.txt,conflitos
a_041.txt,nesses
a_041.txt,desfavoraveis
a_041.txt,hierarquia
a_041.txt,curitiba
a_041.txt,lopes
a_041.txt,criando
a_041.txt,numeros
a_041.txt,classificacao
a_041.txt,coimplicados
a_041.txt,chamamentos
a_041.txt,mostra
a_041.txt,auxiliou
a_041.txt,intuito
a_041.txt,estas
a_041.txt,simbolico
a_041.txt,julg
a_041.txt,autoridade
a_041.txt,previa
a_041.txt,primeiramente
a_041.txt,participou
a_041.txt,consumada
a_041.txt,vide
a_041.txt,resultante
a_041.txt,oper
a_041.txt,arremessadas
a_041.txt,existentes
a_041.txt,construcao
a_041.txt,parte
a_041.txt,recente
a_041.txt,fotos
a_041.txt,alega
a_041.txt,estariam
a_041.txt,suspensao
a_041.txt,consequencias
a_041.txt,gestao
a_041.txt,comprovada
a_041.txt,rampa
a_041.txt,apice
a_041.txt,vida
a_041.txt,magistratura
a_041.txt,julgada
a_041.txt,organizacao
a_041.txt,ementas
a_041.txt,atua
a_041.txt,colacionadas
a_041.txt,reiteradas
a_041.txt,determinavam
a_041.txt,intento
a_041.txt,algumas
a_041.txt,agravos
a_041.txt,pretendiam
a_041.txt,revelia
a_041.txt,vinagre
a_041.txt,fins
a_041.txt,publico
a_041.txt,geschaftsordnungen
a_041.txt,titulares
a_041.txt,privilegiado
a_041.txt,exaltacao
a_041.txt,alemao
a_041.txt,tentou
a_041.txt,lava
a_041.txt,ziegler
a_041.txt,comuns
a_041.txt,indigitados
a_041.txt,vulgar
a_041.txt,ocorresse
a_041.txt,assassina
a_041.txt,institucionais
a_041.txt,dose
a_041.txt,declarada
a_041.txt,zero
a_041.txt,etapa
a_041.txt,amotinados
a_041.txt,lesivo
a_041.txt,implicito
a_041.txt,emily
a_041.txt,foto
a_041.txt,etico
a_041.txt,horas
a_041.txt,apresentacao
a_041.txt,certa
a_041.txt,violentas
a_041.txt,cassetetes
a_041.txt,cp
a_041.txt,mudanca
a_041.txt,inaudita
a_041.txt,boa
a_041.txt,vencido
a_041.txt,invasores
a_041.txt,mudar
a_041.txt,podem
a_041.txt,invertido
a_041.txt,ement
a_041.txt,almeida
a_041.txt,danificou
a_041.txt,objetivos
a_041.txt,invadia
a_041.txt,isoladamente
a_041.txt,correr
a_041.txt,induzimento
a_041.txt,representaram
a_041.txt,assinariam
a_041.txt,vagabundo
a_041.txt,museu
a_041.txt,treze
a_041.txt,delegacao
a_041.txt,apontou
a_041.txt,ocorrer
a_041.txt,apesar
a_041.txt,teori
a_041.txt,inquirido
a_041.txt,investigada
a_041.txt,faz
a_041.txt,sequencia
a_041.txt,material
a_041.txt,senhores
a_041.txt,cao
a_041.txt,exa
a_041.txt,mpsp
a_041.txt,baixo
a_041.txt,irresignacao
a_041.txt,funcoes
a_041.txt,requerimentos
a_041.txt,suporte
a_041.txt,dessa
a_041.txt,lacradas
a_041.txt,motins
a_041.txt,repetidas
a_041.txt,fim
a_041.txt,incompetente
a_041.txt,indevido
a_041.txt,posicao
a_041.txt,quibus
a_041.txt,exagero
a_041.txt,outros
a_041.txt,orleans
a_041.txt,afastada
a_041.txt,viu
a_041.txt,gabriela
a_041.txt,clarissa
a_041.txt,cidade
a_041.txt,minas
a_041.txt,intimidatoria
a_041.txt,sabiam
a_041.txt,tanto
a_041.txt,opondo
a_041.txt,precisam
a_041.txt,sucessivamente
a_041.txt,nulo
a_041.txt,deu
a_041.txt,induzindo
a_041.txt,jus
a_041.txt,distanciaram
a_041.txt,pedido
a_041.txt,tombado
a_041.txt,permaneceu
a_041.txt,perante
a_041.txt,parcial
a_041.txt,gozem
a_041.txt,sedimentado
a_041.txt,recompor
a_041.txt,gracie
a_041.txt,convocacao
a_041.txt,doze
a_041.txt,conhecimentos
a_041.txt,ordenamento
a_041.txt,visando
a_041.txt,processante
a_041.txt,arlos
a_041.txt,preliminarmente
a_041.txt,turbando
a_041.txt,recem
a_041.txt,materializados
a_041.txt,denunciados
a_041.txt,relembro
a_041.txt,incidencia
a_041.txt,contagio
a_041.txt,celulares
a_041.txt,hospedava
a_041.txt,ataque
a_041.txt,armamento
a_041.txt,estrita
a_041.txt,terem
a_041.txt,indo
a_041.txt,auto
a_041.txt,instigando
a_041.txt,causando
a_041.txt,considerados
a_041.txt,transmissao
a_041.txt,nascer
a_041.txt,fontes
a_041.txt,resvalam
a_041.txt,distritais
a_041.txt,estiverem
a_041.txt,similar
a_041.txt,mandato
a_041.txt,representativo
a_041.txt,acabou
a_041.txt,apontadas
a_041.txt,ll
a_041.txt,autoritarismo
a_041.txt,tanieli
a_041.txt,atribuicoes
a_041.txt,danos
a_041.txt,pet
a_041.txt,culminando
a_041.txt,maximo
a_041.txt,gritavam
a_041.txt,eficaz
a_041.txt,presidencia
a_041.txt,dever
a_041.txt,dilema
a_041.txt,oculos
a_041.txt,flavio
a_041.txt,vicio
a_041.txt,elaboracao
a_041.txt,comer
a_041.txt,comida
a_041.txt,caminhao
a_041.txt,escudos
a_041.txt,providos
a_041.txt,reputacao
a_041.txt,moveu
a_041.txt,contendo
a_041.txt,alma
a_041.txt,concluida
a_041.txt,surgem
a_041.txt,basileu
a_041.txt,declinadas
a_041.txt,conta
a_041.txt,semelhantes
a_041.txt,demanda
a_041.txt,acertado
a_041.txt,garantia
a_041.txt,relatoria
a_041.txt,avancar
a_041.txt,iniciaram
a_041.txt,falta
a_041.txt,adequacao
a_041.txt,culpados
a_041.txt,primeiros
a_041.txt,comprovacao
a_041.txt,societas
a_041.txt,t
a_041.txt,oportunidade
a_041.txt,separacao
a_041.txt,condenou
a_041.txt,sspdf
a_041.txt,afasto
a_041.txt,ristiano
a_041.txt,consequente
a_041.txt,extradicao
a_041.txt,menor
a_041.txt,tropa
a_041.txt,quomodo
a_041.txt,busca
a_041.txt,vogal
a_041.txt,descritas
a_041.txt,ausentes
a_041.txt,l
a_041.txt,inexistentes
a_041.txt,explica
a_041.txt,cezar
a_041.txt,negativamente
a_041.txt,houvesse
a_041.txt,merecendo
a_041.txt,excepcionalmente
a_041.txt,consistir
a_041.txt,acolhimento
a_041.txt,basicas
a_041.txt,prerrogativas
a_041.txt,elencadas
a_041.txt,concentrada
a_041.txt,esposa
a_041.txt,indeterminados
a_041.txt,trazem
a_041.txt,defesas
a_041.txt,moraes
a_041.txt,negativos
a_041.txt,privado
a_041.txt,regimentais
a_041.txt,doutrina
a_041.txt,compreendidos
a_041.txt,sessoes
a_041.txt,permanente
a_041.txt,constituiu
a_041.txt,egoistico
a_041.txt,admissibilidade
a_041.txt,vincular
a_041.txt,instalacoes
a_041.txt,essas
a_041.txt,volitivo
a_041.txt,inteiro
a_041.txt,pvc
a_041.txt,acesso
a_041.txt,menciona
a_041.txt,transacoes
a_041.txt,adiro
a_041.txt,bem
a_041.txt,alinea
a_041.txt,antidemocraticos
a_041.txt,daquele
a_041.txt,comandantes
a_041.txt,aplicativos
a_041.txt,pautadas
a_041.txt,garantismo
a_041.txt,tomam
a_041.txt,testemunhos
a_041.txt,consigna
a_041.txt,agredi
a_041.txt,enforca
a_041.txt,multitudinario
a_041.txt,unissono
a_041.txt,britto
a_041.txt,circuitos
a_041.txt,salvaguardar
a_041.txt,governados
a_041.txt,provas
a_041.txt,aniquilar
a_041.txt,sentimentos
a_041.txt,catarse
a_041.txt,judiciario
a_041.txt,retomados
a_041.txt,mencionadas
a_041.txt,infracoes
a_041.txt,abaixo
a_041.txt,colocarem
a_041.txt,totalmente
a_041.txt,procurado
a_041.txt,caos
a_041.txt,compunham
a_041.txt,mirabete
a_041.txt,especificidades
a_041.txt,acabar
a_041.txt,rezar
a_041.txt,perpetua
a_041.txt,concorrencia
a_041.txt,contrarias
a_041.txt,passiveis
a_041.txt,indenizatorio
a_041.txt,revisor
a_041.txt,dezenas
a_041.txt,empresa
a_041.txt,depredado
a_041.txt,preservacao
a_041.txt,partir
a_041.txt,tentada
a_041.txt,fazia
a_041.txt,cancer
a_041.txt,reiterada
a_041.txt,pacote
a_041.txt,serios
a_041.txt,detentoras
a_041.txt,convivencia
a_041.txt,romper
a_041.txt,criminis
a_041.txt,divulg
a_041.txt,judicialmente
a_041.txt,integrantes
a_041.txt,adultos
a_041.txt,atipicidade
a_041.txt,colaciono
a_041.txt,sustenta
a_041.txt,disponibilizacao
a_041.txt,composto
a_041.txt,direcionada
a_041.txt,oficie
a_041.txt,minando
a_041.txt,vislumbro
a_041.txt,destacados
a_041.txt,verificacao
a_041.txt,fogo
a_041.txt,lumen
a_041.txt,terreo
a_041.txt,interfere
a_041.txt,motivacoes
a_041.txt,controlar
a_041.txt,fortalecidas
a_041.txt,crimes
a_041.txt,agora
a_041.txt,incitacoes
a_041.txt,representantes
a_041.txt,respectivos
a_041.txt,catedral
a_041.txt,observado
a_041.txt,habeas
a_041.txt,falsas
a_041.txt,operada
a_041.txt,esse
a_041.txt,paroxisticos
a_041.txt,venias
a_041.txt,proximidades
a_041.txt,tpa
a_041.txt,notificado
a_041.txt,fluxo
a_041.txt,tapecaria
a_041.txt,insuflavam
a_041.txt,delinquente
a_041.txt,preenchimento
a_041.txt,saiba
a_041.txt,infracao
a_041.txt,dominar
a_041.txt,antunes
a_041.txt,prende
a_041.txt,executada
a_041.txt,tiranico
a_041.txt,continuou
a_041.txt,itens
a_041.txt,qo
a_041.txt,desenhava
a_041.txt,diferencia
a_041.txt,facil
a_041.txt,noticia
a_041.txt,pacificas
a_041.txt,links
a_041.txt,necessarios
a_041.txt,primordialmente
a_041.txt,ter
a_041.txt,integralmente
a_041.txt,relacao
a_041.txt,fabbrini
a_041.txt,discurso
a_041.txt,exista
a_041.txt,erguido
a_041.txt,repeticoes
a_041.txt,temporais
a_041.txt,formulacao
a_041.txt,comeco
a_041.txt,dali
a_041.txt,insira
a_041.txt,mangueiras
a_041.txt,testemunhas
a_041.txt,comportamentos
a_041.txt,diversidade
a_041.txt,limitar
a_041.txt,tomou
a_041.txt,condicoes
a_041.txt,dotada
a_041.txt,mato
a_041.txt,ataques
a_041.txt,tamanha
a_041.txt,enviado
a_041.txt,conceitos
a_041.txt,criminalmente
a_041.txt,vezes
a_041.txt,romperam
a_041.txt,iv
a_041.txt,retirar
a_041.txt,etc
a_041.txt,nitida
a_041.txt,observando
a_041.txt,far
a_041.txt,instalacao
a_041.txt,responsabilizacao
a_041.txt,vigente
a_041.txt,tinham
a_041.txt,credibilidade
a_041.txt,direito
a_041.txt,guardem
a_041.txt,apontar
a_041.txt,cadastrados
a_041.txt,influenciar
a_041.txt,envolvem
a_041.txt,foro
a_041.txt,politicos
a_041.txt,saber
a_041.txt,proibir
a_041.txt,agrediram
a_041.txt,detido
a_041.txt,reveste
a_041.txt,balas
a_041.txt,encadeamento
a_041.txt,democraticos
a_041.txt,indicar
a_041.txt,instrumental
a_041.txt,amotinada
a_041.txt,dezessete
a_041.txt,irrelevante
a_041.txt,chagando
a_041.txt,reiterado
a_041.txt,concorreu
a_041.txt,associou
a_041.txt,calculados
a_041.txt,inegavel
a_041.txt,razoabilidade
a_041.txt,corrigido
a_041.txt,belicoso
a_041.txt,ditatoriais
a_041.txt,transparentes
a_041.txt,aculando
a_041.txt,afastamento
a_041.txt,invasoes
a_041.txt,salario
a_041.txt,recebimentos
a_041.txt,presas
a_041.txt,obtidas
a_041.txt,acervo
a_041.txt,eventuais
a_041.txt,filmagens
a_041.txt,juizos
a_041.txt,qualificacao
a_041.txt,previsivel
a_041.txt,atraida
a_041.txt,foram
a_041.txt,imponha
a_041.txt,destaque
a_041.txt,pesam
a_041.txt,responsabilizar
a_041.txt,recuar
a_041.txt,narra
a_041.txt,permita
a_041.txt,exibidos
a_041.txt,contra
a_041.txt,atraves
a_041.txt,mandado
a_041.txt,atiradeiras
a_041.txt,seguintes
a_041.txt,propostas
a_041.txt,advindos
a_041.txt,galvao
a_041.txt,encerra
a_041.txt,prossegue
a_041.txt,agente
a_041.txt,consectario
a_041.txt,apresentava
a_041.txt,protegia
a_041.txt,excluindo
a_041.txt,ouviu
a_041.txt,abstrata
a_041.txt,afastadas
a_041.txt,paridade
a_041.txt,reincidencia
a_041.txt,intimidacoes
a_041.txt,fatica
a_041.txt,buscou
a_041.txt,existencia
a_041.txt,chamou
a_041.txt,integrado
a_041.txt,integrava
a_041.txt,chegado
a_041.txt,conseguir
a_041.txt,levou
a_041.txt,responsabilizados
a_041.txt,disse
a_041.txt,possuir
a_041.txt,apto
a_041.txt,cenario
a_041.txt,presente
a_041.txt,segmento
a_041.txt,praticar
a_041.txt,cabendo
a_041.txt,ocupava
a_041.txt,autores
a_041.txt,tela
a_041.txt,arendt
a_041.txt,sv
a_041.txt,vol
a_041.txt,recuou
a_041.txt,garantido
a_041.txt,tiros
a_041.txt,apreendidos
a_041.txt,liberariam
a_041.txt,un
a_041.txt,prisoes
a_041.txt,diziam
a_041.txt,edificacoes
a_041.txt,noticiadas
a_041.txt,disseram
a_041.txt,quantidade
a_041.txt,rejeitou
a_041.txt,desvio
a_041.txt,filhos
a_041.txt,situada
a_041.txt,divergir
a_041.txt,ilegitimidade
a_041.txt,induziam
a_041.txt,valores
a_041.txt,detem
a_041.txt,materialmente
a_041.txt,unia
a_041.txt,faltado
a_041.txt,legitimo
a_041.txt,preta
a_041.txt,barroso
a_041.txt,identificar
a_041.txt,pilares
a_041.txt,exercito
a_041.txt,chegava
a_041.txt,forcar
a_041.txt,descortinada
a_041.txt,revogado
a_041.txt,alcancar
a_041.txt,aptos
a_041.txt,impulsionadas
a_041.txt,generica
a_041.txt,bonavides
a_041.txt,devendo
a_041.txt,hammerschmidt
a_041.txt,avaliada
a_041.txt,cadeiras
a_041.txt,ed
a_041.txt,acostado
a_041.txt,invencivel
a_041.txt,inexistir
a_041.txt,encontram
a_041.txt,carvalho
a_041.txt,atinge
a_041.txt,encerrou
a_041.txt,formulou
a_041.txt,denominados
a_041.txt,rejeicao
a_041.txt,rigor
a_041.txt,acompanhada
a_041.txt,atualidade
a_041.txt,nesta
a_041.txt,democraticas
a_041.txt,formalizado
a_041.txt,delituosas
a_041.txt,mendes
a_041.txt,perguntado
a_041.txt,desconhecimento
a_041.txt,esferas
a_041.txt,legislativas
a_041.txt,aparecem
a_041.txt,maleficio
a_041.txt,independentemente
a_041.txt,bastaria
a_041.txt,mencionada
a_041.txt,diversa
a_041.txt,sabidamente
a_041.txt,protegidos
a_041.txt,altura
a_041.txt,associadas
a_041.txt,atras
a_041.txt,pregando
a_041.txt,ocasioes
a_041.txt,s
a_041.txt,alta
a_041.txt,apontamento
a_041.txt,disserem
a_041.txt,observancia
a_041.txt,tocante
a_041.txt,enxame
a_041.txt,ninguem
a_041.txt,dai
a_041.txt,aspecto
a_041.txt,passamos
a_041.txt,constituir
a_041.txt,habitual
a_041.txt,ressalte
a_041.txt,ocorra
a_041.txt,fez
a_041.txt,prestados
a_041.txt,revogada
a_041.txt,logica
a_041.txt,funcionario
a_041.txt,bloqueio
a_041.txt,agencia
a_041.txt,aplico
a_041.txt,investigativo
a_041.txt,inconstitucionalidade
a_041.txt,caput
a_041.txt,tentado
a_041.txt,expediente
a_041.txt,cometa
a_041.txt,produzidas
a_041.txt,acionamento
a_041.txt,ocasionado
a_041.txt,parcialmente
a_041.txt,estacionou
a_041.txt,gravacao
a_041.txt,roupas
a_041.txt,analisando
a_041.txt,guardadas
a_041.txt,rodovias
a_041.txt,mm
a_041.txt,esforcos
a_041.txt,instigadores
a_041.txt,havendo
a_041.txt,censurabilidade
a_041.txt,rescisoria
a_041.txt,infratores
a_041.txt,somados
a_041.txt,sobretudo
a_041.txt,intermedio
a_041.txt,narrada
a_041.txt,queriam
a_041.txt,decisionismo
a_041.txt,abrangente
a_041.txt,libero
a_041.txt,estando
a_041.txt,constantes
a_041.txt,linhas
a_041.txt,encadeadas
a_041.txt,arrastados
a_041.txt,el
a_041.txt,independentes
a_041.txt,comportamento
a_041.txt,computadores
a_041.txt,lideres
a_041.txt,vive
a_041.txt,rumo
a_041.txt,proposta
a_041.txt,consideraveis
a_041.txt,enquadra
a_041.txt,deteriorados
a_041.txt,abarcando
a_041.txt,vi
a_041.txt,formula
a_041.txt,soberania
a_041.txt,analisar
a_041.txt,ayres
a_041.txt,iguais
a_041.txt,soubhia
a_041.txt,vultuosos
a_041.txt,xxvii
a_041.txt,agressoes
a_041.txt,ocasiao
a_041.txt,denuncia
a_041.txt,book
a_041.txt,importa
a_041.txt,adesao
a_041.txt,aeronautica
a_041.txt,producao
a_041.txt,considerando
a_041.txt,apurar
a_041.txt,jurisprudencial
a_041.txt,rigorosa
a_041.txt,sc
a_041.txt,comprovou
a_041.txt,gracas
a_041.txt,cabo
a_041.txt,dentre
a_041.txt,depredados
a_041.txt,falha
a_041.txt,atuou
a_041.txt,oeste
a_041.txt,dizendo
a_041.txt,amplo
a_041.txt,cordoba
a_041.txt,diario
a_041.txt,mascaras
a_041.txt,peremptoriamente
a_041.txt,lesionados
a_041.txt,agem
a_041.txt,contraditorio
a_041.txt,elementar
a_041.txt,apreco
a_041.txt,expeca
a_041.txt,produzido
a_041.txt,penso
a_041.txt,praticando
a_041.txt,interligacao
a_041.txt,diz
a_041.txt,pontos
a_041.txt,originario
a_041.txt,orquestrada
a_041.txt,reprovavel
a_041.txt,difusos
a_041.txt,vedar
a_041.txt,acarretaria
a_041.txt,prisao
a_041.txt,pretender
a_041.txt,celso
a_041.txt,sigilosos
a_041.txt,insuflar
a_041.txt,confiar
a_041.txt,preciosa
a_041.txt,reo
a_041.txt,dentro
a_041.txt,apreendido
a_041.txt,pmdb
a_041.txt,campinas
a_041.txt,atual
a_041.txt,pcdf
a_041.txt,consumado
a_041.txt,tramontina
a_041.txt,bradassem
a_041.txt,nomes
a_041.txt,ativantes
a_041.txt,coordenacao
a_041.txt,dirigido
a_041.txt,compreensivel
a_041.txt,naquela
a_041.txt,existente
a_041.txt,necessidades
a_041.txt,influencia
a_041.txt,efetivas
a_041.txt,extrai
a_041.txt,caracterizada
a_041.txt,levando
a_041.txt,significa
a_041.txt,tipificada
a_041.txt,laudo
a_041.txt,rosa
a_041.txt,lastro
a_041.txt,caravanas
a_041.txt,autoriza
a_041.txt,opunham
a_041.txt,liame
a_041.txt,face
a_041.txt,sacolas
a_041.txt,executoria
a_041.txt,travados
a_041.txt,todas
a_041.txt,calcado
a_041.txt,veemencia
a_041.txt,transcrita
a_041.txt,retiradas
a_041.txt,corrigida
a_041.txt,destarte
a_041.txt,constituida
a_041.txt,operadora
a_041.txt,criminologia
a_041.txt,perpetracao
a_041.txt,seguranca
a_041.txt,preceitos
a_041.txt,indevidamente
a_041.txt,tranquilos
a_041.txt,autodenominado
a_041.txt,vontade
a_041.txt,conhecam
a_041.txt,despersonalizacao
a_041.txt,egide
a_041.txt,pedagogico
a_041.txt,movimentos
a_041.txt,saque
a_041.txt,atualmente
a_041.txt,horda
a_041.txt,dispoe
a_041.txt,atribuir
a_041.txt,medida
a_041.txt,ouvida
a_041.txt,injuncao
a_041.txt,lv
a_041.txt,pinacoteca
a_041.txt,incompativel
a_041.txt,devidamente
a_041.txt,ultrapassa
a_041.txt,vandalizados
a_041.txt,declaratoria
a_041.txt,particular
a_041.txt,base
a_041.txt,dispositivos
a_041.txt,percebeu
a_041.txt,interpretacoes
a_041.txt,caminhando
a_041.txt,terrorismo
a_041.txt,estimada
a_041.txt,textos
a_041.txt,liberdades
a_041.txt,instrumento
a_041.txt,leitura
a_041.txt,participantes
a_041.txt,hoc
a_041.txt,compreensao
a_041.txt,edificio
a_041.txt,dolosa
a_041.txt,impeditivo
a_041.txt,explosiva
a_041.txt,descrever
a_041.txt,cominada
a_041.txt,epigrafe
a_041.txt,exerce
a_041.txt,teor
a_041.txt,ambito
a_041.txt,caracterizaram
a_041.txt,consecucao
a_041.txt,senado
a_041.txt,repiso
a_041.txt,palavra
a_041.txt,estenderam
a_041.txt,denotam
a_041.txt,direta
a_041.txt,afastaram
a_041.txt,assistente
a_041.txt,corroborados
a_041.txt,volume
a_041.txt,escala
a_041.txt,sugestionabilidade
a_041.txt,franca
a_041.txt,mulher
a_041.txt,comparativamente
a_041.txt,nosso
a_041.txt,atinentes
a_041.txt,pertencentes
a_041.txt,interessados
a_041.txt,oficio
a_041.txt,verifico
a_041.txt,mauricio
a_041.txt,ruido
a_041.txt,encapuzados
a_041.txt,viabilizou
a_041.txt,inves
a_041.txt,interpretando
a_041.txt,inestimaveis
a_041.txt,versao
a_041.txt,progresso
a_041.txt,somatoria
a_041.txt,subindo
a_041.txt,adotados
a_041.txt,velocidade
a_041.txt,forcoso
a_041.txt,lutam
a_041.txt,unindo
a_041.txt,deputado
a_041.txt,erick
a_041.txt,alcancando
a_041.txt,comprida
a_041.txt,dei
a_041.txt,anexos
a_041.txt,presos
a_041.txt,elucidacao
a_041.txt,subjetiva
a_041.txt,normativas
a_041.txt,preservar
a_041.txt,jamais
a_041.txt,laudos
a_041.txt,licita
a_041.txt,capitulado
a_041.txt,verdade
a_041.txt,introduzido
a_041.txt,registros
a_041.txt,ladrao
a_041.txt,destruiu
a_041.txt,hora
a_041.txt,peluso
a_041.txt,negativas
a_041.txt,filipe
a_041.txt,preordenada
a_041.txt,ensinado
a_041.txt,fossem
a_041.txt,figueiredo
a_041.txt,haver
a_041.txt,rio
a_041.txt,vinculado
a_041.txt,resolucao
a_041.txt,prejudicada
a_041.txt,bombas
a_041.txt,compete
a_041.txt,fisicamente
a_041.txt,imputando
a_041.txt,acontece
a_041.txt,cometidas
a_041.txt,gradis
a_041.txt,banalizacao
a_041.txt,divisao
a_041.txt,vestibular
a_041.txt,relatados
a_041.txt,comunicacoes
a_041.txt,certamente
a_041.txt,oitiva
a_041.txt,incitadores
a_041.txt,reacoes
a_041.txt,programa
a_041.txt,estaduais
a_041.txt,importancia
a_041.txt,enfatica
a_041.txt,monumental
a_041.txt,historicamente
a_041.txt,culpa
a_041.txt,motoboys
a_041.txt,padoan
a_041.txt,verbas
a_041.txt,demais
a_041.txt,conduz
a_041.txt,tropas
a_041.txt,grade
a_041.txt,composicao
a_041.txt,ordem
a_041.txt,disponibilizadas
a_041.txt,confrontou
a_041.txt,tenho
a_041.txt,nikbar
a_041.txt,pronunciar
a_041.txt,abertura
a_041.txt,animus
a_041.txt,via
a_041.txt,fixando
a_041.txt,favoravel
a_041.txt,indicando
a_041.txt,gravissima
a_041.txt,desrespeito
a_041.txt,justificativa
a_041.txt,penais
a_041.txt,ilogico
a_041.txt,declinio
a_041.txt,gravou
a_041.txt,dinamica
a_041.txt,quiserem
a_041.txt,quinze
a_041.txt,encaminhamento
a_041.txt,autodefesa
a_041.txt,tribunais
a_041.txt,emerge
a_041.txt,entendimento
a_041.txt,legalmente
a_041.txt,rezavam
a_041.txt,inclusive
a_041.txt,jornalista
a_041.txt,maj
a_041.txt,b
a_041.txt,saido
a_041.txt,comprovar
a_041.txt,infraconstitucional
a_041.txt,especializada
a_041.txt,anos
a_041.txt,limitados
a_041.txt,conclusao
a_041.txt,ir
a_041.txt,analisados
a_041.txt,premissas
a_041.txt,interpretacao
a_041.txt,fugir
a_041.txt,forcas
a_041.txt,barricada
a_041.txt,apenas
a_041.txt,acionado
a_041.txt,nessa
a_041.txt,defensoria
a_041.txt,submetidos
a_041.txt,emulacoes
a_041.txt,participando
a_041.txt,otoni
a_041.txt,assentou
a_041.txt,incendiado
a_041.txt,cidadania
a_041.txt,limitando
a_041.txt,especificar
a_041.txt,nunca
a_041.txt,desdobramento
a_041.txt,criminalizam
a_041.txt,petrobras
a_041.txt,inscricao
a_041.txt,cabimento
a_041.txt,destruir
a_041.txt,papuda
a_041.txt,coordenador
a_041.txt,amarelo
a_041.txt,fakhoury
a_041.txt,consignou
a_041.txt,pauta
a_041.txt,inumeros
a_041.txt,acrescimo
a_041.txt,tiene
a_041.txt,daquela
a_041.txt,lideranca
a_041.txt,ressalta
a_041.txt,propositura
a_041.txt,admitindo
a_041.txt,prestadas
a_041.txt,consoante
a_041.txt,inegavelmente
a_041.txt,alude
a_041.txt,estrangeira
a_041.txt,responsaveis
a_041.txt,adotou
a_041.txt,hotel
a_041.txt,alias
a_041.txt,konrad
a_041.txt,intervenha
a_041.txt,jaburu
a_041.txt,poucas
a_041.txt,deputados
a_041.txt,acampamento
a_041.txt,subsidiariamente
a_041.txt,fatico
a_041.txt,constatado
a_041.txt,peco
a_041.txt,eros
a_041.txt,claro
a_041.txt,categoria
a_041.txt,tipificado
a_041.txt,iniciou
a_041.txt,comissivas
a_041.txt,jornalistas
a_041.txt,ingresso
a_041.txt,harmonicos
a_041.txt,alguns
a_041.txt,independente
a_041.txt,politica
a_041.txt,tipificados
a_041.txt,quarenta
a_041.txt,ratificada
a_041.txt,passageiros
a_041.txt,automatica
a_041.txt,ruas
a_041.txt,sinalizaram
a_041.txt,influencias
a_041.txt,irromperam
a_041.txt,condenava
a_041.txt,aceitabilidade
a_041.txt,telefonica
a_041.txt,arquitetonicas
a_041.txt,assinala
a_041.txt,junio
a_041.txt,concedi
a_041.txt,atingido
a_041.txt,destinatario
a_041.txt,constitucional
a_041.txt,oliveira
a_041.txt,armadas
a_041.txt,restando
a_041.txt,pensam
a_041.txt,comandada
a_041.txt,integral
a_041.txt,preencher
a_041.txt,objetivo
a_041.txt,xx
a_041.txt,condenados
a_041.txt,digital
a_041.txt,afinidades
a_041.txt,patamar
a_041.txt,vantagem
a_041.txt,agricola
a_041.txt,varias
a_041.txt,estabelecidas
a_041.txt,territorios
a_041.txt,conter
a_041.txt,durabilidade
a_041.txt,tive
a_041.txt,informacoes
a_041.txt,evidente
a_041.txt,anpp
a_041.txt,pertenciam
a_041.txt,furtados
a_041.txt,difusao
a_041.txt,pano
a_041.txt,exato
a_041.txt,politico
a_041.txt,brasileiros
a_041.txt,apreciar
a_041.txt,perda
a_041.txt,existindo
a_041.txt,acusada
a_041.txt,di
a_041.txt,configurar
a_041.txt,marinha
a_041.txt,incorrer
a_041.txt,delegacia
a_041.txt,integram
a_041.txt,autorizacao
a_041.txt,suprir
a_041.txt,alusao
a_041.txt,conclusiva
a_041.txt,tipica
a_041.txt,barra
a_041.txt,entidade
a_041.txt,magnitude
a_041.txt,oferecimento
a_041.txt,tumulto
a_041.txt,isolados
a_041.txt,prevento
a_041.txt,entoados
a_041.txt,especialmente
a_041.txt,medo
a_041.txt,bastando
a_041.txt,matematica
a_041.txt,cometerem
a_041.txt,estudo
a_041.txt,pesado
a_041.txt,delitivas
a_041.txt,encontrou
a_041.txt,teria
a_041.txt,intimidativa
a_041.txt,negocios
a_041.txt,desencadeando
a_041.txt,trazidos
a_041.txt,renda
a_041.txt,prof
a_041.txt,apelo
a_041.txt,nessas
a_041.txt,poderes
a_041.txt,contamina
a_041.txt,sabedoria
a_041.txt,paciente
a_041.txt,demonstracao
a_041.txt,revistado
a_041.txt,negou
a_041.txt,prestado
a_041.txt,amplitude
a_041.txt,duzentas
a_041.txt,devem
a_041.txt,sabe
a_041.txt,telles
a_041.txt,colhidos
a_041.txt,tamo
a_041.txt,plurissubjetivos
a_041.txt,bookseller
a_041.txt,resultando
a_041.txt,juridica
a_041.txt,sopi
a_041.txt,winfried
a_041.txt,obtida
a_041.txt,setec
a_041.txt,ubi
a_041.txt,espelho
a_041.txt,ligando
a_041.txt,juncao
a_041.txt,agressao
a_041.txt,legitima
a_041.txt,inq
a_041.txt,dirigiram
a_041.txt,levar
a_041.txt,contato
a_041.txt,fotografo
a_041.txt,apresentem
a_041.txt,latino
a_041.txt,ponderando
a_041.txt,santiago
a_041.txt,pretendam
a_041.txt,julgado
a_041.txt,reporto
a_041.txt,chao
a_041.txt,proximo
a_041.txt,tido
a_041.txt,demonstradas
a_041.txt,consignadas
a_041.txt,sentaram
a_041.txt,barros
a_041.txt,tutelado
a_041.txt,verificasse
a_041.txt,conviccao
a_041.txt,trancamento
a_041.txt,coautoria
a_041.txt,fernando
a_002.txt,portaria
a_002.txt,thomson
a_002.txt,selva
a_002.txt,indicios
a_002.txt,alarmante
a_002.txt,verificado
a_002.txt,oferecer
a_002.txt,calcada
a_002.txt,secao
a_002.txt,ganhou
a_002.txt,conjunta
a_002.txt,criacao
a_002.txt,andre
a_002.txt,iniciarem
a_002.txt,tapete
a_002.txt,rhc
a_002.txt,schawabe
a_002.txt,inconfundivel
a_002.txt,marcos
a_002.txt,exigidos
a_002.txt,inerentes
a_002.txt,judicial
a_002.txt,acerca
a_002.txt,destaquei
a_002.txt,embaraco
a_002.txt,concorrentes
a_002.txt,legado
a_002.txt,rojoes
a_002.txt,m
a_002.txt,reclamada
a_002.txt,trabalhando
a_002.txt,ver
a_002.txt,aumenta
a_002.txt,quaisquer
a_002.txt,fisica
a_002.txt,liberal
a_002.txt,exposicao
a_002.txt,razoavel
a_002.txt,propos
a_002.txt,planos
a_002.txt,chinesa
a_002.txt,sustentar
a_002.txt,maio
a_002.txt,inconstitucionais
a_002.txt,conhecida
a_002.txt,conjugacao
a_002.txt,alegar
a_002.txt,tramitacao
a_002.txt,venho
a_002.txt,processuais
a_002.txt,quer
a_002.txt,salienta
a_002.txt,materiais
a_002.txt,precisara
a_002.txt,batalhao
a_002.txt,xix
a_002.txt,constituicao
a_002.txt,improprias
a_002.txt,povo
a_002.txt,intencao
a_002.txt,q
a_002.txt,decidir
a_002.txt,postulado
a_002.txt,tracado
a_002.txt,funcao
a_002.txt,acrescentou
a_002.txt,haveria
a_002.txt,ela
a_002.txt,importante
a_002.txt,pedidos
a_002.txt,taser
a_002.txt,delituosos
a_002.txt,tutelados
a_002.txt,excerto
a_002.txt,camiseta
a_002.txt,rompimento
a_002.txt,fora
a_002.txt,voz
a_002.txt,aluguel
a_002.txt,inclutech
a_002.txt,algemar
a_002.txt,negaram
a_002.txt,policial
a_002.txt,logo
a_002.txt,assentada
a_002.txt,justificar
a_002.txt,senhor
a_002.txt,estiver
a_002.txt,tenham
a_002.txt,obstrucao
a_002.txt,akio
a_002.txt,designacao
a_002.txt,qualifica
a_002.txt,arbitrio
a_002.txt,deslocar
a_002.txt,justica
a_002.txt,eric
a_002.txt,apontada
a_002.txt,livro
a_002.txt,apontados
a_002.txt,substituida
a_002.txt,lessandra
a_002.txt,cameras
a_002.txt,pedron
a_002.txt,fundamentada
a_002.txt,atuacao
a_002.txt,delegar
a_002.txt,caluniandi
a_002.txt,miguel
a_002.txt,estabelecer
a_002.txt,portava
a_002.txt,subir
a_002.txt,reduzem
a_002.txt,perpetuidade
a_002.txt,apurados
a_002.txt,reside
a_002.txt,alteracao
a_002.txt,prova
a_002.txt,alojaram
a_002.txt,investigados
a_002.txt,ocorridos
a_002.txt,finalidade
a_002.txt,minuciosamente
a_002.txt,tomado
a_002.txt,rol
a_002.txt,ilmar
a_002.txt,concluir
a_002.txt,cometer
a_002.txt,neles
a_002.txt,placido
a_002.txt,consigne
a_002.txt,corresponde
a_002.txt,bainha
a_002.txt,analiticamente
a_002.txt,advocacia
a_002.txt,numero
a_002.txt,adotadas
a_002.txt,ff
a_002.txt,evidencie
a_002.txt,incentivaram
a_002.txt,deploravel
a_002.txt,aduz
a_002.txt,criticas
a_002.txt,nascida
a_002.txt,pontas
a_002.txt,devido
a_002.txt,significativa
a_002.txt,estrangeiros
a_002.txt,insatisfeitos
a_002.txt,unico
a_002.txt,pedras
a_002.txt,diferenciam
a_002.txt,realizaram
a_002.txt,desocupacao
a_002.txt,retomar
a_002.txt,precedente
a_002.txt,torna
a_002.txt,haverem
a_002.txt,virtude
a_002.txt,iphan
a_002.txt,metais
a_002.txt,inicio
a_002.txt,cartucho
a_002.txt,passaram
a_002.txt,exame
a_002.txt,mil
a_002.txt,iniciada
a_002.txt,referidas
a_002.txt,exauriente
a_002.txt,ele
a_002.txt,caluniosas
a_002.txt,processado
a_002.txt,alemas
a_002.txt,vale
a_002.txt,prontidao
a_002.txt,constitutivas
a_002.txt,exito
a_002.txt,preparados
a_002.txt,elucidados
a_002.txt,subjetivas
a_002.txt,terroristas
a_002.txt,prestigia
a_002.txt,dobro
a_002.txt,preparatorios
a_002.txt,membro
a_002.txt,orientar
a_002.txt,portas
a_002.txt,especial
a_002.txt,proc
a_002.txt,narrando
a_002.txt,setembro
a_002.txt,comportando
a_002.txt,deste
a_002.txt,classes
a_002.txt,prejuizo
a_002.txt,ocorria
a_002.txt,clausula
a_002.txt,instaurados
a_002.txt,determinada
a_002.txt,extrato
a_002.txt,braganca
a_002.txt,frequencia
a_002.txt,obrigatoriamente
a_002.txt,probabilidade
a_002.txt,apresentados
a_002.txt,bussola
a_002.txt,delacao
a_002.txt,reservando
a_002.txt,intervenientes
a_002.txt,chefes
a_002.txt,pablo
a_002.txt,ideias
a_002.txt,imbricacao
a_002.txt,juntada
a_002.txt,determinando
a_002.txt,camaras
a_002.txt,sparta
a_002.txt,grande
a_002.txt,elevadissima
a_002.txt,provido
a_002.txt,exercicio
a_002.txt,fabricio
a_002.txt,convocacoes
a_002.txt,aderido
a_002.txt,sejam
a_002.txt,atracao
a_002.txt,artificio
a_002.txt,surpresa
a_002.txt,instrucao
a_002.txt,ap
a_002.txt,bloco
a_002.txt,coaduna
a_002.txt,tubos
a_002.txt,biblioteca
a_002.txt,conseguiu
a_002.txt,macula
a_002.txt,lesar
a_002.txt,consagrou
a_002.txt,outrora
a_002.txt,dano
a_002.txt,comentado
a_002.txt,meritoria
a_002.txt,essencia
a_002.txt,testemunham
a_002.txt,regido
a_002.txt,fogos
a_002.txt,constituido
a_002.txt,perfeitamente
a_002.txt,sentido
a_002.txt,delibacao
a_002.txt,correa
a_002.txt,suficiencia
a_002.txt,enfim
a_002.txt,veiculos
a_002.txt,nova
a_002.txt,notadamente
a_002.txt,elder
a_002.txt,roberto
a_002.txt,petreas
a_002.txt,cpi
a_002.txt,insistentemente
a_002.txt,tecnica
a_002.txt,dizer
a_002.txt,emprego
a_002.txt,frederico
a_002.txt,contraditarao
a_002.txt,participacao
a_002.txt,avancaram
a_002.txt,impoe
a_002.txt,afronta
a_002.txt,choque
a_002.txt,residente
a_002.txt,ocupante
a_002.txt,buscando
a_002.txt,dificultar
a_002.txt,atribuidos
a_002.txt,combate
a_002.txt,relata
a_002.txt,acordam
a_002.txt,antidemocratica
a_002.txt,hoje
a_002.txt,min
a_002.txt,asseverou
a_002.txt,constitutivos
a_002.txt,iniciado
a_002.txt,confunde
a_002.txt,alessandra
a_002.txt,todo
a_002.txt,junto
a_002.txt,suspeitas
a_002.txt,omissivas
a_002.txt,excecoes
a_002.txt,legitimidade
a_002.txt,localizada
a_002.txt,nestes
a_002.txt,pretendido
a_002.txt,notificados
a_002.txt,lula
a_002.txt,superior
a_002.txt,conduzir
a_002.txt,idade
a_002.txt,nassau
a_002.txt,expressa
a_002.txt,ambos
a_002.txt,quebra
a_002.txt,membros
a_002.txt,financiar
a_002.txt,transacao
a_002.txt,uniao
a_002.txt,define
a_002.txt,gerando
a_002.txt,desse
a_002.txt,verificou
a_002.txt,minutos
a_002.txt,asaki
a_002.txt,coletanea
a_002.txt,demandaria
a_002.txt,davis
a_002.txt,houverem
a_002.txt,adolescente
a_002.txt,pode
a_002.txt,lhe
a_002.txt,retorno
a_002.txt,imputou
a_002.txt,canivetes
a_002.txt,ptah
a_002.txt,arregimentar
a_002.txt,senados
a_002.txt,provenham
a_002.txt,relacionada
a_002.txt,viavel
a_002.txt,resulta
a_002.txt,criminoso
a_002.txt,presenca
a_002.txt,protesto
a_002.txt,tipicos
a_002.txt,sendo
a_002.txt,encontra
a_002.txt,criterios
a_002.txt,estamos
a_002.txt,manoel
a_002.txt,ampliacao
a_002.txt,orientando
a_002.txt,invadido
a_002.txt,testemunha
a_002.txt,principios
a_002.txt,alegue
a_002.txt,exige
a_002.txt,viatura
a_002.txt,afiliados
a_002.txt,incompativeis
a_002.txt,residentes
a_002.txt,retirada
a_002.txt,gas
a_002.txt,estilingues
a_002.txt,registrando
a_002.txt,cercear
a_002.txt,ellen
a_002.txt,inepta
a_002.txt,resultado
a_002.txt,valor
a_002.txt,referir
a_002.txt,esquecido
a_002.txt,argumentos
a_002.txt,propagacao
a_002.txt,causa
a_002.txt,mello
a_002.txt,negociar
a_002.txt,quebrando
a_002.txt,ata
a_002.txt,punitiva
a_002.txt,pena
a_002.txt,alegacao
a_002.txt,negar
a_002.txt,autuacao
a_002.txt,atentatorios
a_002.txt,subsuncao
a_002.txt,aclaratorios
a_002.txt,ausencia
a_002.txt,formal
a_002.txt,entendo
a_002.txt,indicio
a_002.txt,verificar
a_002.txt,conduziram
a_002.txt,ocorreu
a_002.txt,assembleia
a_002.txt,unidade
a_002.txt,alvos
a_002.txt,dados
a_002.txt,feita
a_002.txt,impor
a_002.txt,impropria
a_002.txt,responda
a_002.txt,salvador
a_002.txt,natureza
a_002.txt,dolo
a_002.txt,transcrever
a_002.txt,realizados
a_002.txt,complementadas
a_002.txt,organizaram
a_002.txt,previo
a_002.txt,luiz
a_002.txt,descritos
a_002.txt,missao
a_002.txt,daqui
a_002.txt,bolas
a_002.txt,acionou
a_002.txt,tensao
a_002.txt,hipotese
a_002.txt,direitos
a_002.txt,praticarem
a_002.txt,distribuir
a_002.txt,objetiva
a_002.txt,prosseguir
a_002.txt,elevada
a_002.txt,compreendido
a_002.txt,condominio
a_002.txt,resultaram
a_002.txt,pleno
a_002.txt,detector
a_002.txt,dialogo
a_002.txt,ederal
a_002.txt,intersubjetivo
a_002.txt,fica
a_002.txt,deslocando
a_002.txt,detentores
a_002.txt,aproxima
a_002.txt,apresentar
a_002.txt,devida
a_002.txt,toffoli
a_002.txt,formalizacao
a_002.txt,indole
a_002.txt,eder
a_002.txt,mobilizou
a_002.txt,enfatizou
a_002.txt,manifestantes
a_002.txt,direcionaram
a_002.txt,dupla
a_002.txt,salao
a_002.txt,qualificados
a_002.txt,toda
a_002.txt,concurso
a_002.txt,quarteis
a_002.txt,seria
a_002.txt,espaco
a_002.txt,julgamento
a_002.txt,rejeitada
a_002.txt,sair
a_002.txt,ampliaram
a_002.txt,dividiram
a_002.txt,trouxe
a_002.txt,milhares
a_002.txt,acusatorio
a_002.txt,limitacao
a_002.txt,iniciativa
a_002.txt,colheita
a_002.txt,article
a_002.txt,sugestao
a_002.txt,afetada
a_002.txt,bia
a_002.txt,original
a_002.txt,ocultar
a_002.txt,policias
a_002.txt,esclarece
a_002.txt,expensas
a_002.txt,gravidade
a_002.txt,gude
a_002.txt,imputacoes
a_002.txt,periciais
a_002.txt,normalmente
a_002.txt,pertences
a_002.txt,encontrados
a_002.txt,deteriorou
a_002.txt,agredido
a_002.txt,concernente
a_002.txt,pretas
a_002.txt,prestacao
a_002.txt,deveu
a_002.txt,nacional
a_002.txt,imparcial
a_002.txt,excluidos
a_002.txt,al
a_002.txt,tao
a_002.txt,bgp
a_002.txt,voluntariedade
a_002.txt,necessario
a_002.txt,contribuindo
a_002.txt,revestidas
a_002.txt,reuniao
a_002.txt,constituinte
a_002.txt,afastou
a_002.txt,estabilidade
a_002.txt,todos
a_002.txt,haja
a_002.txt,argumento
a_002.txt,observar
a_002.txt,silvestre
a_002.txt,ouvidas
a_002.txt,requerer
a_002.txt,aprimorando
a_002.txt,remessa
a_002.txt,segundos
a_002.txt,legislacoes
a_002.txt,cautelares
a_002.txt,prorrogacao
a_002.txt,unanime
a_002.txt,miranda
a_002.txt,verdadeira
a_002.txt,financiamento
a_002.txt,trate
a_002.txt,dispersavam
a_002.txt,obedeceram
a_002.txt,esteves
a_002.txt,midia
a_002.txt,artigo
a_002.txt,detencao
a_002.txt,realizadas
a_002.txt,fixacao
a_002.txt,camara
a_002.txt,processamento
a_002.txt,alexandre
a_002.txt,ref
a_002.txt,criminais
a_002.txt,objetividade
a_002.txt,dado
a_002.txt,alencar
a_002.txt,acima
a_002.txt,parquet
a_002.txt,fundamental
a_002.txt,condenatoria
a_002.txt,complexidade
a_002.txt,melhor
a_002.txt,terao
a_002.txt,tal
a_002.txt,realidade
a_002.txt,ingressar
a_002.txt,positivo
a_002.txt,psicologicos
a_002.txt,normas
a_002.txt,cupulas
a_002.txt,obstaculos
a_002.txt,tomasse
a_002.txt,ponto
a_002.txt,estes
a_002.txt,senhora
a_002.txt,suma
a_002.txt,agua
a_002.txt,recomposicao
a_002.txt,seriedade
a_002.txt,atentados
a_002.txt,titulariza
a_002.txt,teses
a_002.txt,dpe
a_002.txt,sob
a_002.txt,rocurador
a_002.txt,promoveram
a_002.txt,instruem
a_002.txt,suprema
a_002.txt,atividade
a_002.txt,elementos
a_002.txt,bahia
a_002.txt,detalhadamente
a_002.txt,negocio
a_002.txt,depredacao
a_002.txt,machado
a_002.txt,conselho
a_002.txt,configure
a_002.txt,beyond
a_002.txt,humanos
a_002.txt,concluiu
a_002.txt,sigilo
a_002.txt,atribuicao
a_002.txt,linchamento
a_002.txt,vii
a_002.txt,republicanas
a_002.txt,vejamos
a_002.txt,partes
a_002.txt,revela
a_002.txt,entidades
a_002.txt,alonso
a_002.txt,associaram
a_002.txt,contida
a_002.txt,honorabilidade
a_002.txt,originarias
a_002.txt,carece
a_002.txt,encarado
a_002.txt,reconhecer
a_002.txt,tinha
a_002.txt,esta
a_002.txt,praticados
a_002.txt,identificados
a_002.txt,exigencias
a_002.txt,direcionados
a_002.txt,sentenca
a_002.txt,and
a_002.txt,minimas
a_002.txt,bandido
a_002.txt,constatacao
a_002.txt,regimental
a_002.txt,reduzir
a_002.txt,corre
a_002.txt,imediatamente
a_002.txt,lucio
a_002.txt,preponderancia
a_002.txt,conformidade
a_002.txt,francisca
a_002.txt,instrumentos
a_002.txt,demonstrativa
a_002.txt,preso
a_002.txt,concorreram
a_002.txt,seguem
a_002.txt,causado
a_002.txt,diante
a_002.txt,confronto
a_002.txt,quebrar
a_002.txt,juntamente
a_002.txt,escopo
a_002.txt,ostensivo
a_002.txt,respeitados
a_002.txt,declarado
a_002.txt,abril
a_002.txt,predio
a_002.txt,admitem
a_002.txt,longo
a_002.txt,negro
a_002.txt,enuncia
a_002.txt,secretaria
a_002.txt,aparato
a_002.txt,instancias
a_002.txt,alguma
a_002.txt,processual
a_002.txt,promoverem
a_002.txt,tramitam
a_002.txt,marquise
a_002.txt,analisadas
a_002.txt,desta
a_002.txt,orgaos
a_002.txt,distribuido
a_002.txt,panorama
a_002.txt,sentados
a_002.txt,adotado
a_002.txt,d
a_002.txt,encaixa
a_002.txt,proximos
a_002.txt,maioria
a_002.txt,introito
a_002.txt,enfraquecer
a_002.txt,relevantes
a_002.txt,sempre
a_002.txt,abstrato
a_002.txt,estacionamento
a_002.txt,camuflados
a_002.txt,instante
a_002.txt,igualmente
a_002.txt,falaram
a_002.txt,autenticardocumento
a_002.txt,conflitos
a_002.txt,examinada
a_002.txt,sede
a_002.txt,nesses
a_002.txt,objetive
a_002.txt,insuflando
a_002.txt,camping
a_002.txt,permanecerem
a_002.txt,proibicao
a_002.txt,leal
a_002.txt,excertos
a_002.txt,antiga
a_002.txt,curitiba
a_002.txt,identificadas
a_002.txt,dela
a_002.txt,acordo
a_002.txt,constituicoes
a_002.txt,legais
a_002.txt,criando
a_002.txt,cf
a_002.txt,americana
a_002.txt,violacao
a_002.txt,materiae
a_002.txt,respostas
a_002.txt,classificacao
a_002.txt,pleti
a_002.txt,coimplicados
a_002.txt,tombados
a_002.txt,uso
a_002.txt,reiterar
a_002.txt,avancado
a_002.txt,conjuracao
a_002.txt,mostra
a_002.txt,estara
a_002.txt,sustentado
a_002.txt,intuito
a_002.txt,brasileiro
a_002.txt,conduta
a_002.txt,verificavel
a_002.txt,senao
a_002.txt,esteira
a_002.txt,imediacoes
a_002.txt,legitimamente
a_002.txt,motivam
a_002.txt,ww
a_002.txt,diferentemente
a_002.txt,inviabilizada
a_002.txt,caetano
a_002.txt,autoridade
a_002.txt,eles
a_002.txt,duvida
a_002.txt,prerrogativa
a_002.txt,previa
a_002.txt,agressivos
a_002.txt,antecedentes
a_002.txt,instauradas
a_002.txt,lados
a_002.txt,semelhante
a_002.txt,roc
a_002.txt,pericia
a_002.txt,furos
a_002.txt,imprescindivel
a_002.txt,veiculo
a_002.txt,interregno
a_002.txt,constam
a_002.txt,nenhuma
a_002.txt,engendrada
a_002.txt,consagrado
a_002.txt,capacidade
a_002.txt,estadios
a_002.txt,ensejou
a_002.txt,aditar
a_002.txt,vide
a_002.txt,destruicao
a_002.txt,sobradinho
a_002.txt,voltando
a_002.txt,exigir
a_002.txt,observados
a_002.txt,mendonca
a_002.txt,rompidas
a_002.txt,individual
a_002.txt,denuncias
a_002.txt,absolver
a_002.txt,indeterminada
a_002.txt,arremessadas
a_002.txt,correm
a_002.txt,suspensa
a_002.txt,separado
a_002.txt,constituem
a_002.txt,motivar
a_002.txt,construcao
a_002.txt,parte
a_002.txt,precipuamente
a_002.txt,amplificado
a_002.txt,fake_news
a_002.txt,envolvendo
a_002.txt,dependencias
a_002.txt,concreta
a_002.txt,trazida
a_002.txt,isso
a_002.txt,recente
a_002.txt,carregando
a_002.txt,optar
a_002.txt,transpor
a_002.txt,fotos
a_002.txt,outrossim
a_002.txt,naquele
a_002.txt,fazem
a_002.txt,pretel
a_002.txt,especifica
a_002.txt,maluf
a_002.txt,deteriorar
a_002.txt,oferecida
a_002.txt,servicos
a_002.txt,afasta
a_002.txt,recomendariam
a_002.txt,suspensao
a_002.txt,crime
a_002.txt,boas
a_002.txt,detiveram
a_002.txt,consequencias
a_002.txt,caracteriza
a_002.txt,rondon
a_002.txt,deles
a_002.txt,demonstrou
a_002.txt,sala
a_002.txt,comprovada
a_002.txt,rampa
a_002.txt,implantar
a_002.txt,plenitude
a_002.txt,ministros
a_002.txt,michel
a_002.txt,resposta
a_002.txt,atendem
a_002.txt,devam
a_002.txt,roubo
a_002.txt,vida
a_002.txt,protegerem
a_002.txt,porta
a_002.txt,magistratura
a_002.txt,julgada
a_002.txt,organizacao
a_002.txt,justamente
a_002.txt,subprocurador
a_002.txt,popular
a_002.txt,rosto
a_002.txt,meras
a_002.txt,ementas
a_002.txt,atua
a_002.txt,gilberto
a_002.txt,garrafas
a_002.txt,colacionadas
a_002.txt,deus
a_002.txt,verde
a_002.txt,determinavam
a_002.txt,eticos
a_002.txt,denunciado
a_002.txt,criterio
a_002.txt,intento
a_002.txt,constitui
a_002.txt,possa
a_002.txt,estados
a_002.txt,pretendiam
a_002.txt,realiza
a_002.txt,canivete
a_002.txt,agravos
a_002.txt,causados
a_002.txt,definidos
a_002.txt,manipulacao
a_002.txt,afirmou
a_002.txt,revelia
a_002.txt,vai
a_002.txt,paulo
a_002.txt,pgr
a_002.txt,nome
a_002.txt,contribuicao
a_002.txt,informes
a_002.txt,capitao
a_002.txt,fins
a_002.txt,concretas
a_002.txt,negociacoes
a_002.txt,geral
a_002.txt,cabe
a_002.txt,dirigirem
a_002.txt,decretadas
a_002.txt,publico
a_002.txt,vistos
a_002.txt,organismo
a_002.txt,fundamento
a_002.txt,geschaftsordnungen
a_002.txt,pelos
a_002.txt,privilegiado
a_002.txt,beneficio
a_002.txt,participar
a_002.txt,referem
a_002.txt,compreender
a_002.txt,enrolada
a_002.txt,iriam
a_002.txt,cuido
a_002.txt,eliminacao
a_002.txt,alemao
a_002.txt,nossa
a_002.txt,inferior
a_002.txt,injuriandi
a_002.txt,tentou
a_002.txt,lava
a_002.txt,perfeita
a_002.txt,formais
a_002.txt,milicias_digitais
a_002.txt,decorre
a_002.txt,ziegler
a_002.txt,comuns
a_002.txt,absoluto
a_002.txt,indigitados
a_002.txt,excepcionalissima
a_002.txt,operacionais
a_002.txt,serie
a_002.txt,guardieri
a_002.txt,materializacao
a_002.txt,militar
a_002.txt,demonstrem
a_002.txt,institucionais
a_002.txt,participaram
a_002.txt,declarada
a_002.txt,conduzidos
a_002.txt,acuados
a_002.txt,indiciarios
a_002.txt,lucia
a_002.txt,tarefas
a_002.txt,praticadas
a_002.txt,riscos
a_002.txt,procedimento
a_002.txt,marca
a_002.txt,farao
a_002.txt,poderiam
a_002.txt,etapa
a_002.txt,chamado
a_002.txt,apresentou
a_002.txt,determinado
a_002.txt,delimitar
a_002.txt,recebida
a_002.txt,implicito
a_002.txt,feres
a_002.txt,graves
a_002.txt,esses
a_002.txt,armas
a_002.txt,ccff
a_002.txt,nesse
a_002.txt,regra
a_002.txt,despenalizadora
a_002.txt,fiz
a_002.txt,gsi
a_002.txt,abrigaram
a_002.txt,horas
a_002.txt,wallace
a_002.txt,reconhecido
a_002.txt,ditames
a_002.txt,apresentacao
a_002.txt,relatora
a_002.txt,ocorriam
a_002.txt,patrio
a_002.txt,exclusividade
a_002.txt,brasileira
a_002.txt,certa
a_002.txt,violentas
a_002.txt,reuters
a_002.txt,admite
a_002.txt,mochila
a_002.txt,postulantes
a_002.txt,maxima
a_002.txt,cassetetes
a_002.txt,previsoes
a_002.txt,referentes
a_002.txt,individualizada
a_002.txt,determinados
a_002.txt,litigio
a_002.txt,extraidos
a_002.txt,cp
a_002.txt,alterou
a_002.txt,federacao
a_002.txt,veemente
a_002.txt,mudanca
a_002.txt,anticrime
a_002.txt,ensinamentos
a_002.txt,autor
a_002.txt,deteriorado
a_002.txt,vencido
a_002.txt,invasores
a_002.txt,plataformas
a_002.txt,local
a_002.txt,esporte
a_002.txt,constitucionais
a_002.txt,golpistas
a_002.txt,vidracas
a_002.txt,financeira
a_002.txt,podem
a_002.txt,existem
a_002.txt,causas
a_002.txt,absolutamente
a_002.txt,ement
a_002.txt,almeida
a_002.txt,vigora
a_002.txt,carga
a_002.txt,objetivos
a_002.txt,existira
a_002.txt,raio
a_002.txt,assim
a_002.txt,seguida
a_002.txt,desejos
a_002.txt,englert
a_002.txt,supoem
a_002.txt,h
a_002.txt,principal
a_002.txt,isoladamente
a_002.txt,correr
a_002.txt,seriam
a_002.txt,disposto
a_002.txt,incluidas
a_002.txt,ministeriais
a_002.txt,magna
a_002.txt,rcl
a_002.txt,poder
a_002.txt,impedindo
a_002.txt,cognicao
a_002.txt,articulacao
a_002.txt,reus
a_002.txt,inicie
a_002.txt,comunicante
a_002.txt,requisitados
a_002.txt,recuperados
a_002.txt,expor
a_002.txt,votos
a_002.txt,allan
a_002.txt,faziam
a_002.txt,condenada
a_002.txt,limita
a_002.txt,museu
a_002.txt,delegacao
a_002.txt,treze
a_002.txt,espelhamento
a_002.txt,sucinta
a_002.txt,marcio
a_002.txt,desocupado
a_002.txt,apontou
a_002.txt,justa
a_002.txt,desempenhadas
a_002.txt,codigos
a_002.txt,inexistencia
a_002.txt,apesar
a_002.txt,ocorrer
a_002.txt,teori
a_002.txt,defenderem
a_002.txt,jeep
a_002.txt,inquiridos
a_002.txt,investigada
a_002.txt,prestes
a_002.txt,restringindo
a_002.txt,sequencia
a_002.txt,distinta
a_002.txt,faz
a_002.txt,material
a_002.txt,dirce
a_002.txt,ilacao
a_002.txt,senhores
a_002.txt,viabilizar
a_002.txt,desinibidoras
a_002.txt,mpsp
a_002.txt,invadir
a_002.txt,chapelaria
a_002.txt,materialidade
a_002.txt,spark
a_002.txt,utilizando
a_002.txt,extintivas
a_002.txt,funcoes
a_002.txt,vitimas
a_002.txt,reeleito
a_002.txt,vedada
a_002.txt,edson
a_002.txt,perturbando
a_002.txt,decisoria
a_002.txt,requerimentos
a_002.txt,isique
a_002.txt,envolverem
a_002.txt,suporte
a_002.txt,hc
a_002.txt,dessa
a_002.txt,agr
a_002.txt,posterior
a_002.txt,cleodon
a_002.txt,coautoria
a_002.txt,motins
a_002.txt,fim
a_002.txt,decisoes
a_002.txt,prorrogada
a_002.txt,adentrasse
a_002.txt,gerais
a_002.txt,policia
a_002.txt,demonstrativas
a_002.txt,policiamento
a_002.txt,indevido
a_002.txt,senador
a_002.txt,aberta
a_002.txt,detalhada
a_002.txt,marco
a_002.txt,apresentadas
a_002.txt,remetidas
a_002.txt,silva
a_002.txt,deducao
a_002.txt,julgar
a_002.txt,destes
a_002.txt,posicao
a_002.txt,quibus
a_002.txt,confianca
a_002.txt,salientado
a_002.txt,culpado
a_002.txt,descrevem
a_002.txt,outros
a_002.txt,orleans
a_002.txt,ineptas
a_002.txt,inicial
a_002.txt,investigadas
a_002.txt,utilizado
a_002.txt,abolir
a_002.txt,possam
a_002.txt,desvencilharam
a_002.txt,boletim
a_002.txt,direcao
a_002.txt,viu
a_002.txt,considera
a_002.txt,alberto
a_002.txt,clarissa
a_002.txt,ementado
a_002.txt,vitoria
a_002.txt,recebeu
a_002.txt,remetendo
a_002.txt,sedimentada
a_002.txt,responder
a_002.txt,produto
a_002.txt,tanto
a_002.txt,silvia
a_002.txt,totens
a_002.txt,hildete
a_002.txt,tratou
a_002.txt,cargos
a_002.txt,lamentaveis
a_002.txt,estendida
a_002.txt,discricionario
a_002.txt,sistema
a_002.txt,aprofundamento
a_002.txt,consubstanciada
a_002.txt,fundado
a_002.txt,stainless
a_002.txt,presa
a_002.txt,deu
a_002.txt,verdadeiro
a_002.txt,oferta
a_002.txt,prefaciai
a_002.txt,acresca
a_002.txt,desenfreada
a_002.txt,jus
a_002.txt,alternativo
a_002.txt,havia
a_002.txt,distanciaram
a_002.txt,imparcialidade
a_002.txt,mesmas
a_002.txt,pedido
a_002.txt,tipicidade
a_002.txt,f
a_002.txt,participado
a_002.txt,expondo
a_002.txt,espelhos
a_002.txt,acalmar
a_002.txt,praticado
a_002.txt,vencida
a_002.txt,tecnico
a_002.txt,tombado
a_002.txt,ba
a_002.txt,dessas
a_002.txt,diligencias
a_002.txt,cosa
a_002.txt,permaneceu
a_002.txt,perante
a_002.txt,parcial
a_002.txt,gozem
a_002.txt,movimento
a_002.txt,filha
a_002.txt,cerca
a_002.txt,pimenta
a_002.txt,gracie
a_002.txt,firmados
a_002.txt,rn
a_002.txt,intervencoes
a_002.txt,paus
a_002.txt,onze
a_002.txt,renegociacao
a_002.txt,doze
a_002.txt,convocacao
a_002.txt,desatendimento
a_002.txt,recolhimento
a_002.txt,exigido
a_002.txt,modus
a_002.txt,irredutiveis
a_002.txt,resumo
a_002.txt,efetivamente
a_002.txt,probatoria
a_002.txt,visando
a_002.txt,ordenamento
a_002.txt,processante
a_002.txt,preliminarmente
a_002.txt,index
a_002.txt,bases
a_002.txt,dolosos
a_002.txt,brendolan
a_002.txt,depredando
a_002.txt,vandalismo
a_002.txt,levada
a_002.txt,desprovida
a_002.txt,belmonte
a_002.txt,garantir
a_002.txt,denunciados
a_002.txt,bojo
a_002.txt,resultantes
a_002.txt,proposito
a_002.txt,leme
a_002.txt,comum
a_002.txt,idem
a_002.txt,precedentes
a_002.txt,encerramento
a_002.txt,ataque
a_002.txt,serem
a_002.txt,fazendo
a_002.txt,peso
a_002.txt,deram
a_002.txt,geolocalizacao
a_002.txt,aproximadamente
a_002.txt,afrontoso
a_002.txt,mesmo
a_002.txt,prates
a_002.txt,estrita
a_002.txt,indicam
a_002.txt,moral
a_002.txt,proposto
a_002.txt,terem
a_002.txt,parece
a_002.txt,recinto
a_002.txt,essencialmente
a_002.txt,premiada
a_002.txt,tirania
a_002.txt,arvorar
a_002.txt,auto
a_002.txt,bittencourt
a_002.txt,adequado
a_002.txt,futura
a_002.txt,flagrante
a_002.txt,essa
a_002.txt,bastos
a_002.txt,virtual
a_002.txt,estiverem
a_002.txt,preferivel
a_002.txt,historia
a_002.txt,metade
a_002.txt,similar
a_002.txt,merito
a_002.txt,casos
a_002.txt,mandato
a_002.txt,acabou
a_002.txt,representativo
a_002.txt,i
a_002.txt,tivessem
a_002.txt,momentos
a_002.txt,autoritarismo
a_002.txt,adjunto
a_002.txt,distinguir
a_002.txt,esfera
a_002.txt,atribuicoes
a_002.txt,crencas
a_002.txt,danos
a_002.txt,quadrilha
a_002.txt,pet
a_002.txt,relativamente
a_002.txt,culminando
a_002.txt,alteracoes
a_002.txt,maximo
a_002.txt,equipe
a_002.txt,percebendo
a_002.txt,mediante
a_002.txt,gritavam
a_002.txt,inserido
a_002.txt,propondo
a_002.txt,ficar
a_002.txt,caracterizadores
a_002.txt,garantira
a_002.txt,destruindo
a_002.txt,crimen
a_002.txt,epublica
a_002.txt,presidencia
a_002.txt,j
a_002.txt,afericao
a_002.txt,quadros
a_002.txt,demonstrado
a_002.txt,apresentaram
a_002.txt,dever
a_002.txt,gases
a_002.txt,vez
a_002.txt,oculos
a_002.txt,flavio
a_002.txt,novo
a_002.txt,saraiva
a_002.txt,implantacao
a_002.txt,respeito
a_002.txt,liberdade
a_002.txt,preto
a_002.txt,alcance
a_002.txt,relevancia
a_002.txt,pagina
a_002.txt,pleiteia
a_002.txt,vicio
a_002.txt,instituir
a_002.txt,elaboracao
a_002.txt,culposo
a_002.txt,respectiva
a_002.txt,violentos
a_002.txt,aspectos
a_002.txt,protecao
a_002.txt,alheia
a_002.txt,representaria
a_002.txt,bolsonaro
a_002.txt,escudo
a_002.txt,decretacao
a_002.txt,escudos
a_002.txt,sic
a_002.txt,conheca
a_002.txt,demonstraram
a_002.txt,quebrados
a_002.txt,conjuntamente
a_002.txt,providos
a_002.txt,certo
a_002.txt,bvr
a_002.txt,extraordinaria
a_002.txt,posto
a_002.txt,destruidos
a_002.txt,facultada
a_002.txt,sintese
a_002.txt,inferir
a_002.txt,contundentes
a_002.txt,estrangeiro
a_002.txt,confirmado
a_002.txt,geraria
a_002.txt,moveu
a_002.txt,depoente
a_002.txt,janeiro
a_002.txt,consciencia
a_002.txt,fato
a_002.txt,interrogatorio
a_002.txt,imovel
a_002.txt,crivo
a_002.txt,monetizacao
a_002.txt,eleitoral
a_002.txt,previstas
a_002.txt,delimitacao
a_002.txt,salientou
a_002.txt,quebradas
a_002.txt,reasonable
a_002.txt,conta
a_002.txt,acusado
a_002.txt,caracteristica
a_002.txt,aprofundada
a_002.txt,jornalisticas
a_002.txt,pdf
a_002.txt,semelhantes
a_002.txt,aecio
a_002.txt,demanda
a_002.txt,garantia
a_002.txt,relatoria
a_002.txt,avancar
a_002.txt,ferro
a_002.txt,mineral
a_002.txt,perspectiva
a_002.txt,serena
a_002.txt,falta
a_002.txt,contexto
a_002.txt,caracteristicas
a_002.txt,adequacao
a_002.txt,dpca
a_002.txt,diplomatica
a_002.txt,decor
a_002.txt,objeto
a_002.txt,atuado
a_002.txt,mulheres
a_002.txt,realizar
a_002.txt,denunciacoes
a_002.txt,historicos
a_002.txt,gomes
a_002.txt,competentes
a_002.txt,colegas
a_002.txt,surgimento
a_002.txt,caracterizacao
a_002.txt,defesa
a_002.txt,jurisdicao
a_002.txt,preliminar
a_002.txt,difamacao
a_002.txt,qualificado
a_002.txt,suposto
a_002.txt,estabelecidos
a_002.txt,t
a_002.txt,oportunidade
a_002.txt,depredacoes
a_002.txt,protege
a_002.txt,insuficientes
a_002.txt,coinvestigados
a_002.txt,separacao
a_002.txt,configurara
a_002.txt,indispensavel
a_002.txt,concretiza
a_002.txt,chegaram
a_002.txt,interpretada
a_002.txt,necessaria
a_002.txt,opinioes
a_002.txt,frieza
a_002.txt,r
a_002.txt,sui
a_002.txt,internacional
a_002.txt,diversos
a_002.txt,impassivel
a_002.txt,afasto
a_002.txt,apresentado
a_002.txt,mp
a_002.txt,ciencia
a_002.txt,consequente
a_002.txt,narrados
a_002.txt,extradicao
a_002.txt,ltda
a_002.txt,menor
a_002.txt,invadindo
a_002.txt,velloso
a_002.txt,pressas
a_002.txt,tropa
a_002.txt,quomodo
a_002.txt,urbanisticas
a_002.txt,recebo
a_002.txt,apontam
a_002.txt,vargas
a_002.txt,busca
a_002.txt,depredaram
a_002.txt,gesnando
a_002.txt,vogal
a_002.txt,descritas
a_002.txt,devera
a_002.txt,narram
a_002.txt,julgadas
a_002.txt,demasiada
a_002.txt,redes_sociais
a_002.txt,ristf
a_002.txt,zacharias
a_002.txt,ausentes
a_002.txt,l
a_002.txt,inteligencia
a_002.txt,honra
a_002.txt,julgamentos
a_002.txt,explica
a_002.txt,configurada
a_002.txt,cezar
a_002.txt,vincula
a_002.txt,superado
a_002.txt,houvesse
a_002.txt,merecendo
a_002.txt,deputada
a_002.txt,considerada
a_002.txt,interior
a_002.txt,excepcionalmente
a_002.txt,considerado
a_002.txt,prazo
a_002.txt,nquerito
a_002.txt,militares
a_002.txt,servidores
a_002.txt,olvidar
a_002.txt,envolvimento
a_002.txt,denominada
a_002.txt,inocencia
a_002.txt,significativamente
a_002.txt,exemplos
a_002.txt,prerrogativas
a_002.txt,entorno
a_002.txt,prestaram
a_002.txt,aquele
a_002.txt,investigacoes
a_002.txt,houver
a_002.txt,viana
a_002.txt,obra
a_002.txt,funcional
a_002.txt,intelectuais
a_002.txt,ressalva
a_002.txt,conduziu
a_002.txt,indeterminados
a_002.txt,determina
a_002.txt,adotar
a_002.txt,public
a_002.txt,fragmento
a_002.txt,realizado
a_002.txt,arquivado
a_002.txt,dispersas
a_002.txt,defesas
a_002.txt,pendente
a_002.txt,clausulas
a_002.txt,moraes
a_002.txt,entrarem
a_002.txt,fundamentais
a_002.txt,ressaltou
a_002.txt,cezarbitencourt
a_002.txt,neto
a_002.txt,concorrido
a_002.txt,confessou
a_002.txt,historico
a_002.txt,passando
a_002.txt,ressaltando
a_002.txt,deixou
a_002.txt,abrigam
a_002.txt,privado
a_002.txt,observo
a_002.txt,autenticacao
a_002.txt,regimentais
a_002.txt,concretizam
a_002.txt,compreendidos
a_002.txt,hipoteses
a_002.txt,gustavo
a_002.txt,permanente
a_002.txt,analisada
a_002.txt,nitidos
a_002.txt,egoistico
a_002.txt,inutilizar
a_002.txt,admissibilidade
a_002.txt,arrolados
a_002.txt,receber
a_002.txt,querelados
a_002.txt,consideracao
a_002.txt,narracao
a_002.txt,juris
a_002.txt,passou
a_002.txt,modificacao
a_002.txt,instalacoes
a_002.txt,essas
a_002.txt,tentaram
a_002.txt,sprays
a_002.txt,inteiro
a_002.txt,acesso
a_002.txt,conjunto
a_002.txt,transacoes
a_002.txt,informacao
a_002.txt,paises
a_002.txt,financiadores
a_002.txt,estabelecendo
a_002.txt,bem
a_002.txt,alinea
a_002.txt,estrutura
a_002.txt,antidemocraticos
a_002.txt,daquele
a_002.txt,importantes
a_002.txt,silencio
a_002.txt,ficam
a_002.txt,renato
a_002.txt,comandantes
a_002.txt,faria
a_002.txt,merecem
a_002.txt,consiste
a_002.txt,breve
a_002.txt,apf
a_002.txt,aplicativos
a_002.txt,dar
a_002.txt,pautadas
a_002.txt,mpf
a_002.txt,remanesce
a_002.txt,possui
a_002.txt,convencer
a_002.txt,decidiu
a_002.txt,adotando
a_002.txt,principio
a_002.txt,formuladas
a_002.txt,concedida
a_002.txt,saudoso
a_002.txt,mandamento
a_002.txt,dirigida
a_002.txt,texto
a_002.txt,termos
a_002.txt,consigna
a_002.txt,originariamente
a_002.txt,multitudinario
a_002.txt,praca
a_002.txt,estavam
a_002.txt,britto
a_002.txt,ublico
a_002.txt,asseverar
a_002.txt,trafico
a_002.txt,cirne
a_002.txt,certeza
a_002.txt,fundamentos
a_002.txt,determinaram
a_002.txt,associacao
a_002.txt,proclamadas
a_002.txt,salvaguardar
a_002.txt,lado
a_002.txt,barreto
a_002.txt,andamento
a_002.txt,suposta
a_002.txt,lamina
a_002.txt,proprios
a_002.txt,arquivo
a_002.txt,observadas
a_002.txt,injusto
a_002.txt,estar
a_002.txt,gelson
a_002.txt,barreiras
a_002.txt,paralelo
a_002.txt,inciso
a_002.txt,provas
a_002.txt,aniquilar
a_002.txt,garante
a_002.txt,judiciario
a_002.txt,soares
a_002.txt,descritivamente
a_002.txt,continuidade
a_002.txt,tomadas
a_002.txt,deixado
a_002.txt,portanto
a_002.txt,instigacao
a_002.txt,mencionadas
a_002.txt,infracoes
a_002.txt,abaixo
a_002.txt,relevo
a_002.txt,mente
a_002.txt,arremessava
a_002.txt,administrativo
a_002.txt,invadiram
a_002.txt,aglomeracoes
a_002.txt,proporcoes
a_002.txt,fraudulentas
a_002.txt,capaz
a_002.txt,atlas
a_002.txt,enhor
a_002.txt,executores
a_002.txt,cabera
a_002.txt,acusatoria
a_002.txt,gilmar
a_002.txt,verusca
a_002.txt,feito
a_002.txt,interviesse
a_002.txt,aposentado
a_002.txt,nullum
a_002.txt,suspeitos
a_002.txt,erros
a_002.txt,cometimento
a_002.txt,poderao
a_002.txt,precisa
a_002.txt,mirabete
a_002.txt,verifique
a_002.txt,acabar
a_002.txt,quebraram
a_002.txt,signatario
a_002.txt,formarem
a_002.txt,rezar
a_002.txt,fundacao
a_002.txt,declarante
a_002.txt,multitudiniarios
a_002.txt,baseada
a_002.txt,contrarias
a_002.txt,indenizacao
a_002.txt,ipsis
a_002.txt,solicitada
a_002.txt,confirmaram
a_002.txt,passiveis
a_002.txt,componentes
a_002.txt,censura
a_002.txt,imprensa
a_002.txt,igual
a_002.txt,ora
a_002.txt,lavratura
a_002.txt,dialogos
a_002.txt,toron
a_002.txt,restringir
a_002.txt,relativo
a_002.txt,empresa
a_002.txt,designios
a_002.txt,investigatoria
a_002.txt,depredado
a_002.txt,pedaco
a_002.txt,carpetes
a_002.txt,preservacao
a_002.txt,detinha
a_002.txt,detrimento
a_002.txt,empreitada
a_002.txt,utilizados
a_002.txt,jose
a_002.txt,originalmente
a_002.txt,partir
a_002.txt,vandalizavam
a_002.txt,tendencia
a_002.txt,detidas
a_002.txt,direcionado
a_002.txt,condicao
a_002.txt,fazia
a_002.txt,departamento
a_002.txt,reiterada
a_002.txt,acessaram
a_002.txt,mera
a_002.txt,meio
a_002.txt,deparou
a_002.txt,grave
a_002.txt,https
a_002.txt,geissimara
a_002.txt,jaez
a_002.txt,gp
a_002.txt,paragrafo
a_002.txt,pacote
a_002.txt,democratico
a_002.txt,figuram
a_002.txt,concreto
a_002.txt,nada
a_002.txt,serios
a_002.txt,ressalvado
a_002.txt,detentoras
a_002.txt,mensagens
a_002.txt,romper
a_002.txt,enquanto
a_002.txt,divulg
a_002.txt,parlamentares
a_002.txt,judicialmente
a_002.txt,integrantes
a_002.txt,basicamente
a_002.txt,arte
a_002.txt,alargando
a_002.txt,piso
a_002.txt,composta
a_002.txt,diferentes
a_002.txt,mantinham
a_002.txt,gerado
a_002.txt,restrito
a_002.txt,atipicidade
a_002.txt,omissao
a_002.txt,contravencoes
a_002.txt,diferenca
a_002.txt,grupo
a_002.txt,sustenta
a_002.txt,utilizavam
a_002.txt,waiapi
a_002.txt,concertem
a_002.txt,tenente
a_002.txt,recentemente
a_002.txt,composto
a_002.txt,contem
a_002.txt,coacusados
a_002.txt,direcionada
a_002.txt,vislumbro
a_002.txt,procedimentos
a_002.txt,arquivamento
a_002.txt,fusco
a_002.txt,embargos
a_002.txt,verificacao
a_002.txt,motivo
a_002.txt,opuseram
a_002.txt,informe
a_002.txt,fogo
a_002.txt,lumen
a_002.txt,terreo
a_002.txt,advir
a_002.txt,tese
a_002.txt,operandi
a_002.txt,luis
a_002.txt,observa
a_002.txt,principalmente
a_002.txt,conhecimento
a_002.txt,identificada
a_002.txt,ilicito
a_002.txt,nucleos
a_002.txt,indireta
a_002.txt,bruno
a_002.txt,vetter
a_002.txt,controlar
a_002.txt,tipicas
a_002.txt,aludido
a_002.txt,crimes
a_002.txt,agora
a_002.txt,turba
a_002.txt,rosario
a_002.txt,consolidada
a_002.txt,operacao
a_002.txt,assegura
a_002.txt,procederam
a_002.txt,estejam
a_002.txt,seguindo
a_002.txt,violado
a_002.txt,malfadada
a_002.txt,autoria
a_002.txt,adv
a_002.txt,governo
a_002.txt,respectivos
a_002.txt,tematico
a_002.txt,mencionado
a_002.txt,insurgencia
a_002.txt,eliminar
a_002.txt,habeas
a_002.txt,finalmente
a_002.txt,falsas
a_002.txt,observado
a_002.txt,douglas
a_002.txt,queixa
a_002.txt,criminosos
a_002.txt,certidao
a_002.txt,ultimos
a_002.txt,munido
a_002.txt,restritiva
a_002.txt,aferivel
a_002.txt,proced
a_002.txt,passo
a_002.txt,ocupado
a_002.txt,granada
a_002.txt,esse
a_002.txt,bitencourt
a_002.txt,venias
a_002.txt,proximidades
a_002.txt,unir
a_002.txt,conexao
a_002.txt,fachin
a_002.txt,preventivas
a_002.txt,otavio
a_002.txt,apoio
a_002.txt,aquela
a_002.txt,relativas
a_002.txt,acolhe
a_002.txt,corpus
a_002.txt,elas
a_002.txt,anteriores
a_002.txt,delinquente
a_002.txt,realce
a_002.txt,reveladora
a_002.txt,objetivas
a_002.txt,artistico
a_002.txt,cooperacao
a_002.txt,preenchimento
a_002.txt,massas
a_002.txt,investidos
a_002.txt,indicadas
a_002.txt,ante
a_002.txt,infracao
a_002.txt,conceito
a_002.txt,excitacoes
a_002.txt,manifestacao
a_002.txt,investigam
a_002.txt,badaro
a_002.txt,standard
a_002.txt,palacio_do_planalto
a_002.txt,antunes
a_002.txt,solicitou
a_002.txt,grades
a_002.txt,culposos
a_002.txt,cibele
a_002.txt,gilvan
a_002.txt,contidos
a_002.txt,anexados
a_002.txt,kicis
a_002.txt,rc
a_002.txt,tarde
a_002.txt,linchamentos
a_002.txt,itens
a_002.txt,integra
a_002.txt,sido
a_002.txt,qo
a_002.txt,obrigatoriedade
a_002.txt,relacionados
a_002.txt,diferencia
a_002.txt,extincao
a_002.txt,pp
a_002.txt,criminal
a_002.txt,atenderam
a_002.txt,posicoes
a_002.txt,comparadas
a_002.txt,praticou
a_002.txt,necessarios
a_002.txt,volta
a_002.txt,diferenciacao
a_002.txt,prosseguindo
a_002.txt,introducao
a_002.txt,ter
a_002.txt,assegurado
a_002.txt,xavier
a_002.txt,integralmente
a_002.txt,ilegais
a_002.txt,relacao
a_002.txt,ministerio
a_002.txt,fabbrini
a_002.txt,discurso
a_002.txt,orienta
a_002.txt,futebol
a_002.txt,pal
a_002.txt,atuados
a_002.txt,operacional
a_002.txt,depende
a_002.txt,sedes
a_002.txt,metal
a_002.txt,oriundas
a_002.txt,formulacao
a_002.txt,acao
a_002.txt,morim
a_002.txt,golpe
a_002.txt,violenta
a_002.txt,lacrimogenio
a_002.txt,pelo
a_002.txt,fardados
a_002.txt,questao
a_002.txt,piedade
a_002.txt,racionalidade
a_002.txt,derecho
a_002.txt,este
a_002.txt,aqui
a_002.txt,execucao
a_002.txt,josiel
a_002.txt,testemunhas
a_002.txt,investigacao
a_002.txt,promover
a_002.txt,balaclavas
a_002.txt,vitima
a_002.txt,limitar
a_002.txt,idoneos
a_002.txt,condicoes
a_002.txt,acusador
a_002.txt,arremessados
a_002.txt,inocente
a_002.txt,dotada
a_002.txt,delito
a_002.txt,martins
a_002.txt,definitivo
a_002.txt,quartel
a_002.txt,figuras
a_002.txt,bandeira
a_002.txt,empregados
a_002.txt,varios
a_002.txt,confirma
a_002.txt,seguiu
a_002.txt,inepcia
a_002.txt,permitiu
a_002.txt,clear
a_002.txt,coinvestigado
a_002.txt,informou
a_002.txt,integridade
a_002.txt,cargo
a_002.txt,estabelecido
a_002.txt,radio
a_002.txt,atingem
a_002.txt,conhece
a_002.txt,conceitos
a_002.txt,confeccao
a_002.txt,apresenta
a_002.txt,exterior
a_002.txt,joao
a_002.txt,ingressou
a_002.txt,contribuem
a_002.txt,adaptando
a_002.txt,municipio
a_002.txt,divulgacao
a_002.txt,parlamento
a_002.txt,avancando
a_002.txt,encontrar
a_002.txt,vezes
a_002.txt,organizassem
a_002.txt,governar
a_002.txt,romperam
a_002.txt,delituosa
a_002.txt,parlamentar
a_002.txt,esgotaria
a_002.txt,iv
a_002.txt,compass
a_002.txt,paz
a_002.txt,nele
a_002.txt,greco
a_002.txt,coautores
a_002.txt,marilene
a_002.txt,desloca
a_002.txt,jacinto
a_002.txt,incompetentes
a_002.txt,citada
a_002.txt,tristes
a_002.txt,etc
a_002.txt,nitida
a_002.txt,destacar
a_002.txt,acusados
a_002.txt,pleito
a_002.txt,instalacao
a_002.txt,seguinte
a_002.txt,manutencao
a_002.txt,impropriedade
a_002.txt,reforcos
a_002.txt,visao
a_002.txt,atendimento
a_002.txt,agentes
a_002.txt,reunir
a_002.txt,proxima
a_002.txt,colhida
a_002.txt,neubaner
a_002.txt,responsabilizacao
a_002.txt,converte
a_002.txt,comandante
a_002.txt,evitar
a_002.txt,tinham
a_002.txt,representacao
a_002.txt,fundamentacao
a_002.txt,direito
a_002.txt,jurgem
a_002.txt,deve
a_002.txt,liderarem
a_002.txt,apontar
a_002.txt,imputar
a_002.txt,desprovido
a_002.txt,participou
a_002.txt,visualizou
a_002.txt,nem
a_002.txt,participante
a_002.txt,trinta
a_002.txt,foro
a_002.txt,flavia
a_002.txt,oportuno
a_002.txt,alves
a_002.txt,politicos
a_002.txt,codigo
a_002.txt,faca
a_002.txt,principais
a_002.txt,prosseguimento
a_002.txt,oferecidas
a_002.txt,imputado
a_002.txt,cometidos
a_002.txt,concerne
a_002.txt,intransponiveis
a_002.txt,consagra
a_002.txt,proibir
a_002.txt,agrediram
a_002.txt,depois
a_002.txt,ministerial
a_002.txt,crianca
a_002.txt,dispositivo
a_002.txt,perigo
a_002.txt,detido
a_002.txt,presumir
a_002.txt,reveste
a_002.txt,individualizados
a_002.txt,numa
a_002.txt,aprovacao
a_002.txt,incorporados
a_002.txt,ana
a_002.txt,democraticos
a_002.txt,indicar
a_002.txt,regionais
a_002.txt,comento
a_002.txt,revelar
a_002.txt,tomada
a_002.txt,discricionariedade
a_002.txt,alcancou
a_002.txt,nilo
a_002.txt,naturalidade
a_002.txt,instrumental
a_002.txt,magistrado
a_002.txt,populares
a_002.txt,demonstrados
a_002.txt,pagamento
a_002.txt,academia
a_002.txt,sinalizam
a_002.txt,voltados
a_002.txt,individuais
a_002.txt,historica
a_002.txt,alegou
a_002.txt,publica
a_002.txt,denunciar
a_002.txt,esquemas
a_002.txt,fechado
a_002.txt,concorreu
a_002.txt,individualizado
a_002.txt,ressaltei
a_002.txt,inegavel
a_002.txt,posteriores
a_002.txt,aria
a_002.txt,correspondente
a_002.txt,ditatoriais
a_002.txt,apreciacao
a_002.txt,coletiva
a_002.txt,amorim
a_002.txt,afastamento
a_002.txt,geraldo
a_002.txt,existir
a_002.txt,ano
a_002.txt,ruptura
a_002.txt,invasoes
a_002.txt,continencia
a_002.txt,administracao
a_002.txt,recebimentos
a_002.txt,tivesse
a_002.txt,felippe
a_002.txt,neste
a_002.txt,pratica
a_002.txt,diego
a_002.txt,presas
a_002.txt,extensao
a_002.txt,registro
a_002.txt,publicos
a_002.txt,rubens
a_002.txt,recebimento
a_002.txt,tampouco
a_002.txt,decorrencia
a_002.txt,acervo
a_002.txt,homicidio
a_002.txt,relativa
a_002.txt,eventuais
a_002.txt,filmagens
a_002.txt,tentando
a_002.txt,internos
a_002.txt,aurelio
a_002.txt,preventiva
a_002.txt,juizos
a_002.txt,pessoas
a_002.txt,contas
a_002.txt,eventos
a_002.txt,qualificacao
a_002.txt,momento
a_002.txt,agravante
a_002.txt,minimamente
a_002.txt,ofertadas
a_002.txt,identifiquei
a_002.txt,foram
a_002.txt,palavras
a_002.txt,comissao
a_002.txt,supressao
a_002.txt,conhecido
a_002.txt,chegando
a_002.txt,diferem
a_002.txt,necessidade
a_002.txt,cabiveis
a_002.txt,responsabilizar
a_002.txt,ditadura
a_002.txt,obrigado
a_002.txt,acontecido
a_002.txt,general
a_002.txt,mantiveram
a_002.txt,tutela
a_002.txt,fator
a_002.txt,detidos
a_002.txt,definicao
a_002.txt,fixadas
a_002.txt,claramente
a_002.txt,acordos
a_002.txt,procedesse
a_002.txt,quadro
a_002.txt,doutrinador
a_002.txt,servidor
a_002.txt,declaracao
a_002.txt,narra
a_002.txt,delimitada
a_002.txt,permita
a_002.txt,origem
a_002.txt,transicao
a_002.txt,acessando
a_002.txt,contra
a_002.txt,aquelas
a_002.txt,atraves
a_002.txt,ingressado
a_002.txt,mandado
a_002.txt,venia
a_002.txt,consolidar
a_002.txt,superada
a_002.txt,tentados
a_002.txt,peticao
a_002.txt,familiares
a_002.txt,seguintes
a_002.txt,reis
a_002.txt,grillo
a_002.txt,sumaria
a_002.txt,criminosa
a_002.txt,agravada
a_002.txt,revista_esmp
a_002.txt,galvao
a_002.txt,concorrendo
a_002.txt,protestos
a_002.txt,constitucionalidade
a_002.txt,emissao
a_002.txt,tendo
a_002.txt,outubro
a_002.txt,note
a_002.txt,interrogando
a_002.txt,agente
a_002.txt,mantendo
a_002.txt,fiscalizacao
a_002.txt,ffeeddeerraall
a_002.txt,consumar
a_002.txt,protegia
a_002.txt,derivada
a_002.txt,pudesse
a_002.txt,excluindo
a_002.txt,constituindo
a_002.txt,defensiva
a_002.txt,possibilidade
a_002.txt,abstrata
a_002.txt,extintores
a_002.txt,paridade
a_002.txt,afirma
a_002.txt,relevante
a_002.txt,encarregado
a_002.txt,incursos
a_002.txt,grifei
a_002.txt,efetuou
a_002.txt,agrupar
a_002.txt,cupula
a_002.txt,prematura
a_002.txt,jatchuk
a_002.txt,jato
a_002.txt,fatica
a_002.txt,existencia
a_002.txt,transformar
a_002.txt,reconheceu
a_002.txt,medina
a_002.txt,cota
a_002.txt,chegar
a_002.txt,pessoa
a_002.txt,integrado
a_002.txt,estarao
a_002.txt,manha
a_002.txt,diverso
a_002.txt,barricadas
a_002.txt,integrava
a_002.txt,chegado
a_002.txt,conseguir
a_002.txt,diversas
a_002.txt,unica
a_002.txt,condenatorio
a_002.txt,custodiadas
a_002.txt,manifestamente
a_002.txt,proprio
a_002.txt,assumir
a_002.txt,vistas
a_002.txt,empregada
a_002.txt,objetivar
a_002.txt,individuos
a_002.txt,situacao
a_002.txt,empregado
a_002.txt,fase
a_002.txt,responsabilizados
a_002.txt,encontravam
a_002.txt,disse
a_002.txt,possuir
a_002.txt,casas
a_002.txt,adentraram
a_002.txt,referidos
a_002.txt,apto
a_002.txt,incompetencia
a_002.txt,presente
a_002.txt,edoc
a_002.txt,praticar
a_002.txt,positivista
a_002.txt,fernanda
a_002.txt,eletronico
a_002.txt,carmen
a_002.txt,elevado
a_002.txt,cabendo
a_002.txt,autores
a_002.txt,bancaria
a_002.txt,oitivas
a_002.txt,pleiteando
a_002.txt,melo
a_002.txt,carta
a_002.txt,opcao
a_002.txt,ativa
a_002.txt,armazens
a_002.txt,eduardo
a_002.txt,vol
a_002.txt,depoimentos
a_002.txt,estritamente
a_002.txt,prevencao
a_002.txt,chefe
a_002.txt,analise
a_002.txt,acoes
a_002.txt,motivadamente
a_002.txt,discussoes
a_002.txt,fixas
a_002.txt,regime
a_002.txt,coisa
a_002.txt,apreendidos
a_002.txt,atuais
a_002.txt,revolucao
a_002.txt,jurisprudencia
a_002.txt,consistente
a_002.txt,correus
a_002.txt,referido
a_002.txt,identifico
a_002.txt,impede
a_002.txt,legislador
a_002.txt,av
a_002.txt,recursos
a_002.txt,prisoes
a_002.txt,tratado
a_002.txt,exerca
a_002.txt,desmembramento
a_002.txt,atos
a_002.txt,aperfeicoadas
a_002.txt,engendrado
a_002.txt,nucleo
a_002.txt,reforcou
a_002.txt,difundidos
a_002.txt,medidas
a_002.txt,grau
a_002.txt,nvest
a_002.txt,negociacao
a_002.txt,faze
a_002.txt,convencimento
a_002.txt,subissem
a_002.txt,novos
a_002.txt,espera
a_002.txt,restritivamente
a_002.txt,ultimo
a_002.txt,pags
a_002.txt,noticiadas
a_002.txt,disseram
a_002.txt,inscrita
a_002.txt,peca
a_002.txt,reviravam
a_002.txt,si
a_002.txt,inviabilizando
a_002.txt,delitos
a_002.txt,minima
a_002.txt,extraprocessual
a_002.txt,proprias
a_002.txt,desvio
a_002.txt,reu
a_002.txt,peticoes
a_002.txt,direto
a_002.txt,efeito
a_002.txt,situada
a_002.txt,divergir
a_002.txt,queimar
a_002.txt,ilegitimidade
a_002.txt,captacao
a_002.txt,influir
a_002.txt,perseguicao
a_002.txt,ameacas
a_002.txt,sociedade
a_002.txt,c
a_002.txt,valores
a_002.txt,vidros
a_002.txt,mista
a_002.txt,charles
a_002.txt,detem
a_002.txt,consonancia
a_002.txt,girao
a_002.txt,instaurar
a_002.txt,acaba
a_002.txt,circunstancialmente
a_002.txt,imaterial
a_002.txt,competente
a_002.txt,indique
a_002.txt,negado
a_002.txt,botelho
a_002.txt,legitimo
a_002.txt,jurisdicional
a_002.txt,supostamente
a_002.txt,deveriam
a_002.txt,agregacoes
a_002.txt,patrimonio
a_002.txt,genericas
a_002.txt,entrada
a_002.txt,cel
a_002.txt,obstar
a_002.txt,barroso
a_002.txt,publicado
a_002.txt,massa
a_002.txt,identificar
a_002.txt,rj
a_002.txt,araujo
a_002.txt,capital
a_002.txt,deliberacao
a_002.txt,misturaram
a_002.txt,utilizacao
a_002.txt,armo
a_002.txt,interpretadas
a_002.txt,imobilizados
a_002.txt,concentracao
a_002.txt,estatal
a_002.txt,transito
a_002.txt,alem
a_002.txt,exercito
a_002.txt,condutor
a_002.txt,cercadas
a_002.txt,interligados
a_002.txt,possibilitem
a_002.txt,incisos
a_002.txt,bega
a_002.txt,reclamacao
a_002.txt,ustavo
a_002.txt,empregou
a_002.txt,revogado
a_002.txt,julgados
a_002.txt,ouvido
a_002.txt,alcancar
a_002.txt,disso
a_002.txt,sequer
a_002.txt,atentatorias
a_002.txt,generica
a_002.txt,imiscuir
a_002.txt,bonavides
a_002.txt,devendo
a_002.txt,dissertando
a_002.txt,havido
a_002.txt,provocar
a_002.txt,ressarcir
a_002.txt,adoto
a_002.txt,informadas
a_002.txt,jatos
a_002.txt,ed
a_002.txt,cadeiras
a_002.txt,mencao
a_002.txt,plano
a_002.txt,predisposicao
a_002.txt,dita
a_002.txt,exercerao
a_002.txt,confirmou
a_002.txt,diretas
a_002.txt,inexistir
a_002.txt,encontram
a_002.txt,carvalho
a_002.txt,formulou
a_002.txt,denominados
a_002.txt,atribuidas
a_002.txt,rejeicao
a_002.txt,mantidas
a_002.txt,projeto
a_002.txt,podera
a_002.txt,terca
a_002.txt,favoravelmente
a_002.txt,afonso
a_002.txt,djalma
a_002.txt,livre
a_002.txt,originaria
a_002.txt,presidencial
a_002.txt,concessionaria
a_002.txt,rigor
a_002.txt,penas
a_002.txt,tecnicas
a_002.txt,nesta
a_002.txt,democraticas
a_002.txt,relacionadas
a_002.txt,esteio
a_002.txt,comecaram
a_002.txt,delituosas
a_002.txt,p
a_002.txt,ocorrido
a_002.txt,pretensoes
a_002.txt,mendes
a_002.txt,renovando
a_002.txt,providencias
a_002.txt,seguir
a_002.txt,confusao
a_002.txt,rel
a_002.txt,remetidos
a_002.txt,pr
a_002.txt,descreva
a_002.txt,stiffung
a_002.txt,legislativas
a_002.txt,apta
a_002.txt,garantias
a_002.txt,competencia
a_002.txt,caseiras
a_002.txt,modelos
a_002.txt,obstante
a_002.txt,traduz
a_002.txt,orgao
a_002.txt,usurpar
a_002.txt,maleficio
a_002.txt,independentemente
a_002.txt,razao
a_002.txt,estreita
a_002.txt,diversa
a_002.txt,tratava
a_002.txt,novamente
a_002.txt,produziu
a_002.txt,comando
a_002.txt,aponta
a_002.txt,estabeleceu
a_002.txt,fundada
a_002.txt,materias
a_002.txt,protegidos
a_002.txt,tiveram
a_002.txt,relatar
a_002.txt,weimar
a_002.txt,igualdade
a_002.txt,individuo
a_002.txt,associadas
a_002.txt,cair
a_002.txt,aptidao
a_002.txt,suficientemente
a_002.txt,escritas
a_002.txt,previsto
a_002.txt,ouvidos
a_002.txt,pregando
a_002.txt,ocasioes
a_002.txt,egundo
a_002.txt,diretor
a_002.txt,desconhece
a_002.txt,funcionou
a_002.txt,s
a_002.txt,transcrevo
a_002.txt,escoltados
a_002.txt,apontamento
a_002.txt,pag
a_002.txt,consideravel
a_002.txt,improcedencia
a_002.txt,paginas
a_002.txt,cita
a_002.txt,aparentando
a_002.txt,imbricadas
a_002.txt,sudamerica
a_002.txt,fabiano
a_002.txt,conseguinte
a_002.txt,acompanho
a_002.txt,g
a_002.txt,lii
a_002.txt,afirmarem
a_002.txt,observancia
a_002.txt,feitosa
a_002.txt,conduzidas
a_002.txt,negocial
a_002.txt,concluo
a_002.txt,tocante
a_002.txt,alegadamente
a_002.txt,ninguem
a_002.txt,alterado
a_002.txt,aspecto
a_002.txt,variados
a_002.txt,proporcionalidade
a_002.txt,passamos
a_002.txt,racionalizar
a_002.txt,constituir
a_002.txt,imputadas
a_002.txt,residiria
a_002.txt,preve
a_002.txt,ressalte
a_002.txt,funcionais
a_002.txt,somente
a_002.txt,externo
a_002.txt,prestados
a_002.txt,estendeu
a_002.txt,candido
a_002.txt,insuficiencia
a_002.txt,revogada
a_002.txt,tracando
a_002.txt,cotas
a_002.txt,logica
a_002.txt,funcionario
a_002.txt,rt
a_002.txt,so
a_002.txt,david
a_002.txt,vanderly
a_002.txt,bloqueio
a_002.txt,gesiel
a_002.txt,introduzidas
a_002.txt,atenuadas
a_002.txt,amplamente
a_002.txt,rev
a_002.txt,transcorreu
a_002.txt,devidas
a_002.txt,distintas
a_002.txt,tidos
a_002.txt,opta
a_002.txt,contencao
a_002.txt,inconstitucionalidade
a_002.txt,caput
a_002.txt,responderao
a_002.txt,tentado
a_002.txt,lacrimogenea
a_002.txt,generis
a_002.txt,noticias
a_002.txt,extensas
a_002.txt,inovacoes
a_002.txt,tramitavam
a_002.txt,saida
a_002.txt,autorizada
a_002.txt,paralelamente
a_002.txt,cometa
a_002.txt,apuracao
a_002.txt,repudio
a_002.txt,estabelecam
a_002.txt,produzidas
a_002.txt,bis
a_002.txt,tipificacao
a_002.txt,distribuidos
a_002.txt,acionamento
a_002.txt,fuga
a_002.txt,parcialmente
a_002.txt,criminosas
a_002.txt,instaurado
a_002.txt,embrionario
a_002.txt,vinculada
a_002.txt,preservando
a_002.txt,descrita
a_002.txt,roupas
a_002.txt,sasaki
a_002.txt,visibilidade
a_002.txt,juiz
a_002.txt,anulam
a_002.txt,sera
a_002.txt,ressalvadas
a_002.txt,especifico
a_002.txt,imputacao
a_002.txt,instigadores
a_002.txt,ajuizamento
a_002.txt,havendo
a_002.txt,canal
a_002.txt,narrar
a_002.txt,desfavor
a_002.txt,ramos
a_002.txt,subitaneidade
a_002.txt,discutidos
a_002.txt,http
a_002.txt,ampl
a_002.txt,interromper
a_002.txt,junior
a_002.txt,rescisoria
a_002.txt,pretensamente
a_002.txt,infratores
a_002.txt,sobretudo
a_002.txt,depoimento
a_002.txt,afirmaram
a_002.txt,menta
a_002.txt,alineas
a_002.txt,discutir
a_002.txt,coletivos
a_002.txt,total
a_002.txt,todavia
a_002.txt,indicacao
a_002.txt,ameacaram
a_002.txt,culpabilidade
a_002.txt,final
a_002.txt,alethea
a_002.txt,civil
a_002.txt,bandeiras
a_002.txt,gerou
a_002.txt,insurreicoes
a_002.txt,titular
a_002.txt,modalidade
a_002.txt,quid
a_002.txt,visto
a_002.txt,crowdfunding
a_002.txt,agressiva
a_002.txt,remeter
a_002.txt,eleicoes
a_002.txt,utilizada
a_002.txt,abrangente
a_002.txt,cassimiro
a_002.txt,vigencia
a_002.txt,estando
a_002.txt,constantes
a_002.txt,atuar
a_002.txt,linhas
a_002.txt,diffamandi
a_002.txt,salvino
a_002.txt,maneira
a_002.txt,quis
a_002.txt,circuito
a_002.txt,regular
a_002.txt,capitulo
a_002.txt,lexandre
a_002.txt,inqs
a_002.txt,independentes
a_002.txt,comportamento
a_002.txt,deterioracao
a_002.txt,galerias
a_002.txt,indistintamente
a_002.txt,computadores
a_002.txt,lideres
a_002.txt,vidro
a_002.txt,acumulo
a_002.txt,formalmente
a_002.txt,bom
a_002.txt,auxilio
a_002.txt,onibus
a_002.txt,outras
a_002.txt,multidao
a_002.txt,magalhaes
a_002.txt,republica
a_002.txt,proposta
a_002.txt,vinculos
a_002.txt,elator
a_002.txt,deteriorados
a_002.txt,constatada
a_002.txt,direcionando
a_002.txt,lewandowski
a_002.txt,abarcando
a_002.txt,estado
a_002.txt,auxiliar
a_002.txt,sentencas
a_002.txt,vi
a_002.txt,ambientes
a_002.txt,retaguarda
a_002.txt,universal
a_002.txt,ddce
a_002.txt,fundos
a_002.txt,celular
a_002.txt,paes
a_002.txt,leciona
a_002.txt,kio
a_002.txt,julgador
a_002.txt,parente
a_002.txt,especificamente
a_002.txt,praticaram
a_002.txt,colaboracao
a_002.txt,ocorrencia
a_002.txt,imagens
a_002.txt,relativos
a_002.txt,formula
a_002.txt,soberania
a_002.txt,analisar
a_002.txt,manifestacoes
a_002.txt,conveniencia
a_002.txt,identificado
a_002.txt,cisao
a_002.txt,documentos
a_002.txt,frustracao
a_002.txt,tecnologia
a_002.txt,juspodivm
a_002.txt,aco
a_002.txt,ayres
a_002.txt,natale
a_002.txt,consideravelmente
a_002.txt,redutor
a_002.txt,favorecer
a_002.txt,submeter
a_002.txt,tratar
a_002.txt,iguais
a_002.txt,sotero
a_002.txt,pretensos
a_002.txt,desenvolveram
a_002.txt,meses
a_002.txt,qualquer
a_002.txt,traduzida
a_002.txt,xxvii
a_002.txt,senha
a_002.txt,deferidas
a_002.txt,gradativamente
a_002.txt,agressoes
a_002.txt,ocasiao
a_002.txt,denuncia
a_002.txt,inseridos
a_002.txt,acusacoes
a_002.txt,entraram
a_002.txt,suficiente
a_002.txt,importa
a_002.txt,abrindo
a_002.txt,reprimindo
a_002.txt,adesao
a_002.txt,distincao
a_002.txt,proponderance
a_002.txt,proceder
a_002.txt,determinacao
a_002.txt,aeronautica
a_002.txt,ja
a_002.txt,producao
a_002.txt,optica
a_002.txt,guarnecem
a_002.txt,tipificara
a_002.txt,considerando
a_002.txt,policiais
a_002.txt,ameaca
a_002.txt,apurar
a_002.txt,ondon
a_002.txt,necessita
a_002.txt,jurisprudencial
a_002.txt,prosperar
a_002.txt,tipo
a_002.txt,tempos
a_002.txt,botas
a_002.txt,subjetivo
a_002.txt,nota
a_002.txt,verifiquei
a_002.txt,sc
a_002.txt,contrariando
a_002.txt,inviolabilidade
a_002.txt,instituicao
a_002.txt,fernandes
a_002.txt,evidencia
a_002.txt,cabo
a_002.txt,dentre
a_002.txt,salvo
a_002.txt,grupos
a_002.txt,eis
a_002.txt,legal
a_002.txt,desses
a_002.txt,confessado
a_002.txt,zavascki
a_002.txt,espacos
a_002.txt,corrupcao
a_002.txt,realcei
a_002.txt,atuou
a_002.txt,reuniu
a_002.txt,revolucionaria
a_002.txt,chegada
a_002.txt,antidoto
a_002.txt,oeste
a_002.txt,rogerio
a_002.txt,regimentos
a_002.txt,diario
a_002.txt,controle
a_002.txt,mascaras
a_002.txt,clara
a_002.txt,armada
a_002.txt,persecutorios
a_002.txt,expos
a_002.txt,ac
a_002.txt,fadada
a_002.txt,possivel
a_002.txt,risco
a_002.txt,contraditorio
a_002.txt,calunia
a_002.txt,posicionou
a_002.txt,circunstancia
a_002.txt,elementar
a_002.txt,fux
a_002.txt,frente
a_002.txt,conexos
a_002.txt,bastante
a_002.txt,felipe
a_002.txt,instituicoes
a_002.txt,rene
a_002.txt,empresas
a_002.txt,cpmi
a_002.txt,saques
a_002.txt,objetos
a_002.txt,agindo
a_002.txt,mascara
a_002.txt,observam
a_002.txt,supervisao
a_002.txt,obriga
a_002.txt,dj
a_002.txt,percuciente
a_002.txt,cristina
a_002.txt,presuncao
a_002.txt,penso
a_002.txt,prossigam
a_002.txt,idoneidade
a_002.txt,instituto
a_002.txt,coacao
a_002.txt,diz
a_002.txt,ficaria
a_002.txt,formas
a_002.txt,potencial
a_002.txt,proteger
a_002.txt,meritorias
a_002.txt,subsuntiva
a_002.txt,originario
a_002.txt,processamentos
a_002.txt,revelarem
a_002.txt,trecho
a_002.txt,php
a_002.txt,suponha
a_002.txt,vedar
a_002.txt,inumeras
a_002.txt,territorial
a_002.txt,problemas
a_002.txt,prisao
a_002.txt,major
a_002.txt,touca
a_002.txt,pretender
a_002.txt,prevista
a_002.txt,dignidade
a_002.txt,celso
a_002.txt,sigilosos
a_002.txt,cito
a_002.txt,posicionamento
a_002.txt,insuflar
a_002.txt,absoluta
a_002.txt,confiar
a_002.txt,separadas
a_002.txt,preciosa
a_002.txt,ampla
a_002.txt,referendo
a_002.txt,dv
a_002.txt,achados
a_002.txt,dentro
a_002.txt,apreendido
a_002.txt,redigidos
a_002.txt,pmdb
a_002.txt,essenciais
a_002.txt,estadual
a_002.txt,respectivas
a_002.txt,atual
a_002.txt,firmada
a_002.txt,imoveis
a_002.txt,nocoes
a_002.txt,deparar
a_002.txt,conclusoes
a_002.txt,fabio
a_002.txt,regulamentadora
a_002.txt,apontado
a_002.txt,alegacoes
a_002.txt,presentes
a_002.txt,especie
a_002.txt,pcdf
a_002.txt,premeditacao
a_002.txt,crescente
a_002.txt,esportiva
a_002.txt,destituicao
a_002.txt,nomes
a_002.txt,ativantes
a_002.txt,coordenacao
a_002.txt,passado
a_002.txt,onus
a_002.txt,compreensivel
a_002.txt,casa
a_002.txt,contrario
a_002.txt,condicional
a_002.txt,praca_dos_tres_poderes
a_002.txt,vermelha
a_002.txt,existente
a_002.txt,influencia
a_002.txt,dava
a_002.txt,rjesmpsp
a_002.txt,permissa
a_002.txt,encontrava
a_002.txt,localizados
a_002.txt,profundamente
a_002.txt,respondem
a_002.txt,autarquia
a_002.txt,edificios
a_002.txt,pesca
a_002.txt,zeferino
a_002.txt,filho
a_002.txt,processos
a_002.txt,saio
a_002.txt,efetiva
a_002.txt,eminente
a_002.txt,vinculacao
a_002.txt,extrai
a_002.txt,inqueritos
a_002.txt,configura
a_002.txt,caracterizada
a_002.txt,ilicitos
a_002.txt,mostrando
a_002.txt,significa
a_002.txt,condenacao
a_002.txt,estava
a_002.txt,divulgadas
a_002.txt,tipificada
a_002.txt,brasil
a_002.txt,caminhada
a_002.txt,previamente
a_002.txt,passagens
a_002.txt,imputa
a_002.txt,ofereceu
a_002.txt,motivada
a_002.txt,correu
a_002.txt,provedores
a_002.txt,rosa
a_002.txt,descobrir
a_002.txt,delas
a_002.txt,cpf
a_002.txt,haviam
a_002.txt,conseguiram
a_002.txt,motivacao
a_002.txt,anselmo
a_002.txt,autoriza
a_002.txt,utilizadas
a_002.txt,provocaram
a_002.txt,face
a_002.txt,completamente
a_002.txt,objetivando
a_002.txt,estavel
a_002.txt,aluf
a_002.txt,recusa
a_002.txt,atingir
a_002.txt,cpp
a_002.txt,guarda
a_002.txt,travados
a_002.txt,punibilidade
a_002.txt,insucesso
a_002.txt,ademais
a_002.txt,condutores
a_002.txt,todas
a_002.txt,competencias
a_002.txt,luz
a_002.txt,aprecie
a_002.txt,forca
a_002.txt,bloqueios
a_002.txt,conquista
a_002.txt,descrito
a_002.txt,rebatendo
a_002.txt,delituoso
a_002.txt,forem
a_002.txt,barquet
a_002.txt,declarou
a_002.txt,pendentes
a_002.txt,distinto
a_002.txt,hostilizado
a_002.txt,kabinettsjustiz
a_002.txt,mostrar
a_002.txt,juntou
a_002.txt,ofensivas
a_002.txt,trabalhar
a_002.txt,regiao
a_002.txt,pequenas
a_002.txt,deflagrados
a_002.txt,tema
a_002.txt,associarem
a_002.txt,compartilhamento
a_002.txt,insuficiente
a_002.txt,minudentes
a_002.txt,dando
a_002.txt,criminologia
a_002.txt,proferi
a_002.txt,minimo
a_002.txt,utiliza
a_002.txt,seguranca
a_002.txt,juridico
a_002.txt,preceitos
a_002.txt,deslocamento
a_002.txt,citou
a_002.txt,vontade
a_002.txt,evidenciado
a_002.txt,conteudo
a_002.txt,conhecam
a_002.txt,excepcional
a_002.txt,tomar
a_002.txt,exerceram
a_002.txt,sujeita
a_002.txt,x
a_002.txt,movimentos
a_002.txt,vieram
a_002.txt,incendio
a_002.txt,saque
a_002.txt,lixeiras
a_002.txt,constituidos
a_002.txt,preciso
a_002.txt,separadamente
a_002.txt,horda
a_002.txt,dispoe
a_002.txt,atribuir
a_002.txt,medida
a_002.txt,injuncao
a_002.txt,ensejar
a_002.txt,adenauer
a_002.txt,legislacao
a_002.txt,atribuida
a_002.txt,lv
a_002.txt,pinacoteca
a_002.txt,devidamente
a_002.txt,vandalizados
a_002.txt,revogadas
a_002.txt,proibi
a_002.txt,guiga
a_002.txt,declaratoria
a_002.txt,insinuar
a_002.txt,bullmann
a_002.txt,vinculo
a_002.txt,tramite
a_002.txt,enfrentavam
a_002.txt,distrito
a_002.txt,feitos
a_002.txt,particular
a_002.txt,dispositivos
a_002.txt,piloto
a_002.txt,paula
a_002.txt,base
a_002.txt,claudia
a_002.txt,direciona
a_002.txt,modo
a_002.txt,detalhado
a_002.txt,intimidacao
a_002.txt,atiraram
a_002.txt,ambiente
a_002.txt,multitudinarios
a_002.txt,circunstancias
a_002.txt,br
a_002.txt,capazes
a_002.txt,regula
a_002.txt,agregacao
a_002.txt,terrorismo
a_002.txt,eleito
a_002.txt,regularmente
a_002.txt,sorteio
a_002.txt,chegarem
a_002.txt,incorporadas
a_002.txt,textos
a_002.txt,tunel
a_002.txt,indiscutivel
a_002.txt,instrumento
a_002.txt,envio
a_002.txt,corpo
a_002.txt,especificas
a_002.txt,participantes
a_002.txt,penal
a_002.txt,estagio
a_002.txt,enganam
a_002.txt,aplica
a_002.txt,assessora
a_002.txt,compreensao
a_002.txt,aderiu
a_002.txt,edificio
a_002.txt,natural
a_002.txt,apresentada
a_002.txt,explosiva
a_002.txt,descrever
a_002.txt,redatora
a_002.txt,violencia
a_002.txt,tramitem
a_002.txt,desmembrou
a_002.txt,exerce
a_002.txt,ee
a_002.txt,teor
a_002.txt,ambito
a_002.txt,judicio
a_002.txt,davam
a_002.txt,dele
a_002.txt,cometido
a_002.txt,prescricoes
a_002.txt,drogas
a_002.txt,colegiado
a_002.txt,legislativos
a_002.txt,senado
a_002.txt,repiso
a_002.txt,reais
a_002.txt,vista
a_002.txt,acampadas
a_002.txt,requer
a_002.txt,subsecao
a_002.txt,direta
a_002.txt,assistente
a_002.txt,dias
a_002.txt,fisicos
a_002.txt,volume
a_002.txt,escala
a_002.txt,augusto
a_002.txt,franca
a_002.txt,critico
a_002.txt,visa
a_002.txt,quantos
a_002.txt,hierarquicamente
a_002.txt,lo
a_002.txt,cumprimento
a_002.txt,usando
a_002.txt,permanece
a_002.txt,motivos
a_002.txt,trata
a_002.txt,permanencia
a_002.txt,propor
a_002.txt,ilustram
a_002.txt,economia
a_002.txt,cuidando
a_002.txt,nosso
a_002.txt,norma
a_002.txt,atinentes
a_002.txt,baseadas
a_002.txt,tempo
a_002.txt,viabilidade
a_002.txt,publicas
a_002.txt,interessados
a_002.txt,propositos
a_002.txt,rejeitar
a_002.txt,oficio
a_002.txt,desceram
a_002.txt,minimos
a_002.txt,mauricio
a_002.txt,verifico
a_002.txt,proferido
a_002.txt,partidos
a_002.txt,oriundos
a_002.txt,concretamente
a_002.txt,traco
a_002.txt,organizarem
a_002.txt,auxiliando
a_002.txt,envolvidos
a_002.txt,v
a_002.txt,assegurar
a_002.txt,sentenciado
a_002.txt,votei
a_002.txt,coator
a_002.txt,excecao
a_002.txt,ms
a_002.txt,avanco
a_002.txt,impossibilitar
a_002.txt,linha
a_002.txt,arremessar
a_002.txt,inadmissibilidade
a_002.txt,lobato
a_002.txt,mestre
a_002.txt,tranquilidade
a_002.txt,interpretando
a_002.txt,inestimaveis
a_002.txt,espirito
a_002.txt,acampar
a_002.txt,calculo
a_002.txt,somatoria
a_002.txt,adotada
a_002.txt,adotados
a_002.txt,cidadaos
a_002.txt,premissa
a_002.txt,aparecida
a_002.txt,revogando
a_002.txt,forcoso
a_002.txt,detentor
a_002.txt,caio
a_002.txt,tentativa
a_002.txt,referida
a_002.txt,helder
a_002.txt,unindo
a_002.txt,deputado
a_002.txt,vislumbra
a_002.txt,estrategia
a_002.txt,diga
a_002.txt,adequadamente
a_002.txt,erick
a_002.txt,ezequiel
a_002.txt,porem
a_002.txt,outra
a_002.txt,seara
a_002.txt,licao
a_002.txt,obrigacao
a_002.txt,presos
a_002.txt,nao
a_002.txt,elucidacao
a_002.txt,subjetiva
a_002.txt,corte
a_002.txt,normativas
a_002.txt,suficientes
a_002.txt,for
a_002.txt,realizacao
a_002.txt,disturbios
a_002.txt,preservar
a_002.txt,possuindo
a_002.txt,artigos
a_002.txt,laudos
a_002.txt,jamais
a_002.txt,logrou
a_002.txt,licita
a_002.txt,verdade
a_002.txt,exercer
a_002.txt,impedidos
a_002.txt,porticos
a_002.txt,introduzido
a_002.txt,associativo
a_002.txt,sociais
a_002.txt,carater
a_002.txt,ladrao
a_002.txt,destruiu
a_002.txt,hora
a_002.txt,desferido
a_002.txt,area
a_002.txt,filipe
a_002.txt,rodrigo
a_002.txt,provavelmente
a_002.txt,duvidas
a_002.txt,ensinado
a_002.txt,megafones
a_002.txt,descricao
a_002.txt,palacio
a_002.txt,fixou
a_002.txt,efetivo
a_002.txt,empregando
a_002.txt,facilidade
a_002.txt,reclusao
a_002.txt,sergio
a_002.txt,trabalho
a_002.txt,discussao
a_002.txt,tratando
a_002.txt,fossem
a_002.txt,carla
a_002.txt,invest
a_002.txt,tentar
a_002.txt,imprecisas
a_002.txt,rio
a_002.txt,elementares
a_002.txt,destrui
a_002.txt,vinculado
a_002.txt,coronel
a_002.txt,sujeito
a_002.txt,cumpre
a_002.txt,cuidam
a_002.txt,tratadas
a_002.txt,edvagner
a_002.txt,seja
a_002.txt,eram
a_002.txt,intervencao
a_002.txt,ateado
a_002.txt,privatividade
a_002.txt,bombas
a_002.txt,compete
a_002.txt,envolva
a_002.txt,querelante
a_002.txt,emenda
a_002.txt,organizada
a_002.txt,sairiam
a_002.txt,fisicamente
a_002.txt,garantindo
a_002.txt,judiciarios
a_002.txt,razoaveis
a_002.txt,imputando
a_002.txt,freitas
a_002.txt,tipos
a_002.txt,cometidas
a_002.txt,sujeitos
a_002.txt,paineis
a_002.txt,sp
a_002.txt,satisfaz
a_002.txt,weber
a_002.txt,mesma
a_002.txt,bens
a_002.txt,deflagracao
a_002.txt,abolicao
a_002.txt,divisao
a_002.txt,alguem
a_002.txt,criteriosa
a_002.txt,relatados
a_002.txt,teriam
a_002.txt,comunicacoes
a_002.txt,in
a_002.txt,contornos
a_002.txt,oitiva
a_002.txt,incitadores
a_002.txt,rigorosamente
a_002.txt,programa
a_002.txt,idosos
a_002.txt,estaduais
a_002.txt,pensamento
a_002.txt,criadas
a_002.txt,esteja
a_002.txt,regras
a_002.txt,monumental
a_002.txt,apoderar
a_002.txt,xliv
a_002.txt,historicamente
a_002.txt,culpa
a_002.txt,mencionados
a_002.txt,verbas
a_002.txt,placa
a_002.txt,aqueles
a_002.txt,demais
a_002.txt,usurpacao
a_002.txt,condenar
a_002.txt,magisterio
a_002.txt,abordou
a_002.txt,armados
a_002.txt,seculo
a_002.txt,congresso_nacional
a_002.txt,investida
a_002.txt,standards
a_002.txt,recuando
a_002.txt,tropas
a_002.txt,firmadas
a_002.txt,composicao
a_002.txt,sustentada
a_002.txt,arroladas
a_002.txt,ordem
a_002.txt,inserida
a_002.txt,minha
a_002.txt,chumbadas
a_002.txt,punivel
a_002.txt,rd
a_002.txt,rapida
a_002.txt,incerta
a_002.txt,merece
a_002.txt,ddee
a_002.txt,bope
a_002.txt,requisitos
a_002.txt,declaracoes
a_002.txt,desprovimento
a_002.txt,traumatica
a_002.txt,dividindo
a_002.txt,instauracao
a_002.txt,rocha
a_002.txt,outro
a_002.txt,telefone
a_002.txt,indissolubilidade
a_002.txt,vara
a_002.txt,contar
a_002.txt,tratados
a_002.txt,ausente
a_002.txt,insuflamento
a_002.txt,quanto
a_002.txt,remetam
a_002.txt,ingressaram
a_002.txt,sairam
a_002.txt,agressivo
a_002.txt,informativos
a_002.txt,permaneceriam
a_002.txt,evento
a_002.txt,recursais
a_002.txt,pluralismo
a_002.txt,entender
a_002.txt,semelhanca
a_002.txt,mutualmente
a_002.txt,congresso
a_002.txt,condao
a_002.txt,animus
a_002.txt,via
a_002.txt,esclareceu
a_002.txt,mesmos
a_002.txt,infere
a_002.txt,probatorio
a_002.txt,imbuidos
a_002.txt,antonio
a_002.txt,delineadas
a_002.txt,gravissima
a_002.txt,kabayashi
a_002.txt,cabivel
a_002.txt,refere
a_002.txt,fixada
a_002.txt,balaclava
a_002.txt,pretende
a_002.txt,sintetizados
a_002.txt,desrespeito
a_002.txt,coerente
a_002.txt,chegou
a_002.txt,proibida
a_002.txt,deposicao
a_002.txt,penais
a_002.txt,executando
a_002.txt,fiquei
a_002.txt,obice
a_002.txt,dependendo
a_002.txt,sancionados
a_002.txt,anoto
a_002.txt,umidificar
a_002.txt,propriedade
a_002.txt,agiam
a_002.txt,declinio
a_002.txt,apreensao
a_002.txt,possibilidades
a_002.txt,teve
a_002.txt,afirmar
a_002.txt,derrubar
a_002.txt,dinamica
a_002.txt,descreve
a_002.txt,salientar
a_002.txt,importado
a_002.txt,narrativa
a_002.txt,previstos
a_002.txt,narraram
a_002.txt,investido
a_002.txt,judiciaria
a_002.txt,protegido
a_002.txt,excepcionalidade
a_002.txt,tribunais
a_002.txt,elieser
a_002.txt,pre
a_002.txt,kevin
a_002.txt,entendimento
a_002.txt,legalmente
a_002.txt,departamentos
a_002.txt,referencia
a_002.txt,apresentarem
a_002.txt,mateos
a_002.txt,processar
a_002.txt,inclusive
a_002.txt,bradavam
a_002.txt,inicialmente
a_002.txt,preocupado
a_002.txt,lei
a_002.txt,jornalista
a_002.txt,juizo
a_002.txt,maj
a_002.txt,b
a_002.txt,comprovar
a_002.txt,infraconstitucional
a_002.txt,irao
a_002.txt,falar
a_002.txt,inflamavel
a_002.txt,tange
a_002.txt,especializada
a_002.txt,nq
a_002.txt,res
a_002.txt,loci
a_002.txt,fibra
a_002.txt,clayton
a_002.txt,ro
a_002.txt,anos
a_002.txt,lemes
a_002.txt,impedir
a_002.txt,denunciada
a_002.txt,arts
a_002.txt,posse
a_002.txt,conclusao
a_002.txt,acontecimentos
a_002.txt,permite
a_002.txt,ilegalidade
a_002.txt,primarios
a_002.txt,contudo
a_002.txt,produzir
a_002.txt,milhoes
a_002.txt,interpretacao
a_002.txt,persiste
a_002.txt,conforme
a_002.txt,premissas
a_002.txt,abandonar
a_002.txt,pretensao
a_002.txt,enfrentamento
a_002.txt,acusatorias
a_002.txt,sutil
a_002.txt,forcas
a_002.txt,pensamentos
a_002.txt,apenas
a_002.txt,expressao
a_002.txt,fatima
a_002.txt,legalidade
a_002.txt,acionado
a_002.txt,carmo
a_002.txt,real
a_002.txt,nessa
a_002.txt,excepcionais
a_002.txt,amolda
a_002.txt,criar
a_002.txt,fundados
a_002.txt,entradas
a_002.txt,igreja
a_002.txt,associado
a_002.txt,livremente
a_002.txt,participando
a_002.txt,realizada
a_002.txt,exclusao
a_002.txt,otoni
a_002.txt,observe
a_002.txt,editora
a_002.txt,representa
a_002.txt,determinar
a_002.txt,assentou
a_002.txt,repetiu
a_002.txt,explicito
a_002.txt,limitando
a_002.txt,entretanto
a_002.txt,movimentacao
a_002.txt,regressar
a_002.txt,nunca
a_002.txt,inistro
a_002.txt,embora
a_002.txt,doubt
a_002.txt,cientifica
a_002.txt,petrobras
a_002.txt,tais
a_002.txt,orientacao
a_002.txt,trabalhos
a_002.txt,denunciadas
a_002.txt,emanado
a_002.txt,destruir
a_002.txt,consentanea
a_002.txt,soldado
a_002.txt,substituidas
a_002.txt,periodo
a_002.txt,assinalo
a_002.txt,coordenador
a_002.txt,proprietarios
a_002.txt,concretude
a_002.txt,fakhoury
a_002.txt,lotado
a_002.txt,consignou
a_002.txt,recepcionando
a_002.txt,inumeros
a_002.txt,consolidou
a_002.txt,pecar
a_002.txt,bon
a_002.txt,submetida
a_002.txt,equipamentos
a_002.txt,nega
a_002.txt,examinar
a_002.txt,institutos
a_002.txt,ali
a_002.txt,animos
a_002.txt,sine
a_002.txt,pessoais
a_002.txt,utor
a_002.txt,propositura
a_002.txt,provimento
a_002.txt,curso
a_002.txt,parecido
a_002.txt,admitindo
a_002.txt,prestadas
a_002.txt,nela
a_002.txt,nenhum
a_002.txt,manifesta
a_002.txt,pressupostos
a_002.txt,consoante
a_002.txt,encartada
a_002.txt,genericamente
a_002.txt,amoldariam
a_002.txt,figura
a_002.txt,embrionaria
a_002.txt,correspondentes
a_002.txt,estrangeira
a_002.txt,responsaveis
a_002.txt,capsulas
a_002.txt,possuem
a_002.txt,internamente
a_002.txt,prossigo
a_002.txt,ficando
a_002.txt,adotou
a_002.txt,locais
a_002.txt,encontraram
a_002.txt,vem
a_002.txt,produzida
a_002.txt,desde
a_002.txt,regramento
a_002.txt,indiciariamente
a_002.txt,tornando
a_002.txt,previsao
a_002.txt,konrad
a_002.txt,caca
a_002.txt,estruturantes
a_002.txt,federais
a_002.txt,preliminares
a_002.txt,comecou
a_002.txt,natacao
a_002.txt,uniforme
a_002.txt,isto
a_002.txt,pelas
a_002.txt,deputados
a_002.txt,incitacao
a_002.txt,hidratacao
a_002.txt,persecutor
a_002.txt,fatos
a_002.txt,inquisitorial
a_002.txt,fatico
a_002.txt,saliento
a_002.txt,determinadas
a_002.txt,peco
a_002.txt,superintendencia
a_002.txt,superficial
a_002.txt,estruturas
a_002.txt,claro
a_002.txt,utilizaram
a_002.txt,lavrado
a_002.txt,investigado
a_002.txt,recuaram
a_002.txt,tipificado
a_002.txt,individualizacao
a_002.txt,reunidas
a_002.txt,transitiva
a_002.txt,conhecidos
a_002.txt,cada
a_002.txt,cabia
a_002.txt,comissivas
a_002.txt,autorizando
a_002.txt,entanto
a_002.txt,evidence
a_002.txt,verbos
a_002.txt,argumentando
a_002.txt,still
a_002.txt,mg
a_002.txt,jornalistas
a_002.txt,aplicacao
a_002.txt,zavaschi
a_002.txt,ocorre
a_002.txt,ratione
a_002.txt,eventualmente
a_002.txt,leu
a_002.txt,deducta
a_002.txt,harmonicos
a_002.txt,atos_antidemocraticos
a_002.txt,guerra
a_002.txt,civis
a_002.txt,alguns
a_002.txt,examinando
a_002.txt,continua
a_002.txt,extraio
a_002.txt,ecebimento
a_002.txt,exposto
a_002.txt,claudio
a_002.txt,independente
a_002.txt,adentrar
a_002.txt,propriedades
a_002.txt,grilo
a_002.txt,imitacao
a_002.txt,deixar
a_002.txt,politica
a_002.txt,revisao
a_002.txt,anteriormente
a_002.txt,consequencia
a_002.txt,acompanham
a_002.txt,central
a_002.txt,persecucao
a_002.txt,tipificados
a_002.txt,quarenta
a_002.txt,asp
a_002.txt,multa
a_002.txt,friso
a_002.txt,transformando
a_002.txt,reprovacao
a_002.txt,intimacao
a_002.txt,depreende
a_002.txt,elemento
a_002.txt,arma
a_002.txt,conduzido
a_002.txt,durante
a_002.txt,republicanos
a_002.txt,indevidas
a_002.txt,cumpriria
a_002.txt,integracao
a_002.txt,eventual
a_002.txt,cumplice
a_002.txt,instancia
a_002.txt,compoem
a_002.txt,determinou
a_002.txt,especificaram
a_002.txt,influencias
a_002.txt,estrito
a_002.txt,vazamento
a_002.txt,felicio
a_002.txt,violaria
a_002.txt,peixoto
a_002.txt,raro
a_002.txt,assuncao
a_002.txt,concedendo
a_002.txt,recebendo
a_002.txt,citado
a_002.txt,telefonica
a_002.txt,arquitetonicas
a_002.txt,junio
a_002.txt,auxiliis
a_002.txt,ve
a_002.txt,n
a_002.txt,delitiva
a_002.txt,culminaram
a_002.txt,deflagrada
a_002.txt,inviabilizar
a_002.txt,destinatario
a_002.txt,constitucional
a_002.txt,oliveira
a_002.txt,armadas
a_002.txt,alojadas
a_002.txt,inviabilidade
a_002.txt,restando
a_002.txt,elisangela
a_002.txt,superiores
a_002.txt,pensam
a_002.txt,atacar
a_002.txt,acredita
a_002.txt,comandada
a_002.txt,integral
a_002.txt,phillipe
a_002.txt,submetidas
a_002.txt,objetivo
a_002.txt,integrar
a_002.txt,litteris
a_002.txt,substancialmente
a_002.txt,indiretamente
a_002.txt,azul
a_002.txt,jornal
a_002.txt,relacionado
a_002.txt,pecas
a_002.txt,extraem
a_002.txt,vila
a_002.txt,conducao
a_002.txt,digital
a_002.txt,realmente
a_002.txt,afastar
a_002.txt,probatorios
a_002.txt,putsch
a_002.txt,propria
a_002.txt,indispensaveis
a_002.txt,andar
a_002.txt,afinidades
a_002.txt,celebracao
a_002.txt,narrado
a_002.txt,lhes
a_002.txt,confira
a_002.txt,rainha
a_002.txt,tercio
a_002.txt,vantagem
a_002.txt,verifica
a_002.txt,varias
a_002.txt,dogma
a_002.txt,normativo
a_002.txt,estabelecidas
a_002.txt,pressionar
a_002.txt,exigencia
a_002.txt,fizeram
a_002.txt,causar
a_002.txt,pais
a_002.txt,unidos
a_002.txt,batista
a_002.txt,justifica
a_002.txt,conter
a_002.txt,ninja
a_002.txt,critica
a_002.txt,durabilidade
a_002.txt,obras
a_002.txt,sistematicamente
a_002.txt,enfatizar
a_002.txt,convem
a_002.txt,protagonizados
a_002.txt,tive
a_002.txt,restricao
a_002.txt,detentora
a_002.txt,territorio
a_002.txt,co
a_002.txt,informacoes
a_002.txt,caro
a_002.txt,identificacao
a_002.txt,verificados
a_002.txt,evidente
a_002.txt,encaminhassem
a_002.txt,anpp
a_002.txt,convencao
a_002.txt,residual
a_002.txt,padroes
a_002.txt,friggi
a_002.txt,impunidade
a_002.txt,mobiliario
a_002.txt,predios
a_002.txt,atuando
a_002.txt,computando
a_002.txt,notificacao
a_002.txt,descrevendo
a_002.txt,derivadas
a_002.txt,manual
a_002.txt,furtados
a_002.txt,perpetrada
a_002.txt,classificado
a_002.txt,morais
a_002.txt,pelotao
a_002.txt,probatorias
a_002.txt,obtencao
a_002.txt,pano
a_002.txt,zambelli
a_002.txt,moura
a_002.txt,complementares
a_002.txt,politico
a_002.txt,brasileiros
a_002.txt,identificavel
a_002.txt,pets
a_002.txt,iniciais
a_002.txt,caracterizando
a_002.txt,sem
a_002.txt,homens
a_002.txt,acusada
a_002.txt,permitir
a_002.txt,imputados
a_002.txt,permitindo
a_002.txt,potencialmente
a_002.txt,procedente
a_002.txt,configurar
a_002.txt,istrito
a_002.txt,inisterio
a_002.txt,autonomia
a_002.txt,proferidas
a_002.txt,marinha
a_002.txt,animosidade
a_002.txt,citacao
a_002.txt,estimou
a_002.txt,armazenados
a_002.txt,institucional
a_002.txt,reiteracao
a_002.txt,posteriormente
a_002.txt,diretamente
a_002.txt,amaral
a_002.txt,delegacia
a_002.txt,repudiada
a_002.txt,doacao
a_002.txt,integram
a_002.txt,responsabilidade
a_002.txt,mitigada
a_002.txt,autorizacao
a_002.txt,obtido
a_002.txt,inutilizacao
a_002.txt,independencia
a_002.txt,apurada
a_002.txt,conclusiva
a_002.txt,tipica
a_002.txt,levantadas
a_002.txt,consequentemente
a_002.txt,desnecessario
a_002.txt,barra
a_002.txt,ajoelharam
a_002.txt,tv
a_002.txt,portal
a_002.txt,invadidos
a_002.txt,promocao
a_002.txt,reconhecida
a_002.txt,oferecimento
a_002.txt,view
a_002.txt,tumulto
a_002.txt,prevento
a_002.txt,ofertar
a_002.txt,distintos
a_002.txt,estao
a_002.txt,considero
a_002.txt,acerto
a_002.txt,convincing
a_002.txt,especialmente
a_002.txt,audiencias
a_002.txt,perpetrados
a_002.txt,medo
a_002.txt,afirmando
a_002.txt,exatamente
a_002.txt,mesas
a_002.txt,turma
a_002.txt,rodrigues
a_002.txt,tem
a_002.txt,cometerem
a_002.txt,extremamente
a_002.txt,realizava
a_002.txt,delitivas
a_002.txt,exemplo
a_002.txt,notificada
a_002.txt,encontrou
a_002.txt,ferreira
a_002.txt,ateando
a_002.txt,confundido
a_002.txt,raios
a_002.txt,teria
a_002.txt,consubstancia
a_002.txt,titularidade
a_002.txt,destacando
a_002.txt,oraes
a_002.txt,responsavel
a_002.txt,simplesmente
a_002.txt,individualmente
a_002.txt,dia
a_002.txt,difere
a_002.txt,deixa
a_002.txt,plsf
a_002.txt,respeitosas
a_002.txt,moveis
a_002.txt,fenomeno
a_002.txt,nessas
a_002.txt,poderes
a_002.txt,leonardo
a_002.txt,edilson
a_002.txt,depor
a_002.txt,algumas
a_002.txt,ativamente
a_002.txt,havera
a_002.txt,paciente
a_002.txt,pontuar
a_002.txt,pela
a_002.txt,demonstracao
a_002.txt,invadissem
a_002.txt,ainda
a_002.txt,legislativa
a_002.txt,finais
a_002.txt,convincente
a_002.txt,frentes
a_002.txt,extracao
a_002.txt,primario
a_002.txt,negou
a_002.txt,prestado
a_002.txt,partido
a_002.txt,amplitude
a_002.txt,ato
a_002.txt,forma
a_002.txt,subdesenvolvidos
a_002.txt,agravo
a_002.txt,anuencia
a_002.txt,absolvicao
a_002.txt,grandes
a_002.txt,lugar
a_002.txt,estabelecimento
a_002.txt,devem
a_002.txt,nacionais
a_002.txt,hino
a_002.txt,juizes
a_002.txt,feitas
a_002.txt,acusacao
a_002.txt,ii
a_002.txt,cinquenta
a_002.txt,ademir
a_002.txt,emborrachado
a_002.txt,sabe
a_002.txt,participes
a_002.txt,repasses
a_002.txt,colhidos
a_002.txt,atrair
a_002.txt,plurissubjetivos
a_002.txt,ofertou
a_002.txt,bastasse
a_002.txt,analisa
a_002.txt,ttrriibbuunnaall
a_002.txt,razoes
a_002.txt,cleriston
a_002.txt,pmdf
a_002.txt,valida
a_002.txt,maior
a_002.txt,consta
a_002.txt,consubstanciador
a_002.txt,ubi
a_002.txt,perguntas
a_002.txt,apuracoes
a_002.txt,negativa
a_002.txt,cuida
a_002.txt,hierarquicas
a_002.txt,espelho
a_002.txt,daqueles
a_002.txt,ocorrendo
a_002.txt,agressao
a_002.txt,requereu
a_002.txt,legitima
a_002.txt,inq
a_002.txt,ssuupprreemmoo
a_002.txt,desdobramentos
a_002.txt,pedindo
a_002.txt,dirigiram
a_002.txt,incursa
a_002.txt,cautelar
a_002.txt,levar
a_002.txt,aumentada
a_002.txt,facilitar
a_002.txt,seculos
a_002.txt,inapta
a_002.txt,autoridades
a_002.txt,dito
a_002.txt,partidarios
a_002.txt,fotografo
a_002.txt,protagonistas
a_002.txt,baek
a_002.txt,invasao
a_002.txt,cogitar
a_002.txt,deslocou
a_002.txt,limpou
a_002.txt,possuiam
a_002.txt,resp
a_002.txt,majorado
a_002.txt,monteiro
a_002.txt,danificados
a_002.txt,organizado
a_002.txt,santiago
a_002.txt,pretendam
a_002.txt,novas
a_002.txt,julgado
a_002.txt,inquerito
a_002.txt,agrupados
a_002.txt,fluidas
a_002.txt,chao
a_002.txt,concretos
a_002.txt,sim
a_002.txt,proximo
a_002.txt,julio
a_002.txt,costume
a_002.txt,simples
a_002.txt,tido
a_002.txt,demonstradas
a_002.txt,lesao
a_002.txt,caso
a_002.txt,porquanto
a_002.txt,carolina
a_002.txt,relevar
a_002.txt,meios
a_002.txt,sentaram
a_002.txt,barros
a_002.txt,destruido
a_002.txt,estourou
a_002.txt,demonstrar
a_002.txt,desempenho
a_002.txt,conviccao
a_002.txt,angelo
a_002.txt,trancamento
a_002.txt,ordinarias
a_002.txt,substancia
a_002.txt,urteil
a_002.txt,condutas
a_002.txt,mortos
a_002.txt,fernando
a_013.txt,portaria
a_013.txt,thomson
a_013.txt,selva
a_013.txt,incalculavel
a_013.txt,inviabiliza
a_013.txt,aldir
a_013.txt,indicios
a_013.txt,alarmante
a_013.txt,compromissos
a_013.txt,verificado
a_013.txt,oferecer
a_013.txt,ligadas
a_013.txt,calcada
a_013.txt,aniquilada
a_013.txt,secao
a_013.txt,kingo
a_013.txt,ganhou
a_013.txt,remetido
a_013.txt,conjunta
a_013.txt,criacao
a_013.txt,andre
a_013.txt,tapete
a_013.txt,preconiza
a_013.txt,duarte
a_013.txt,estabelecida
a_013.txt,mascaradas
a_013.txt,rhc
a_013.txt,lastreada
a_013.txt,schawabe
a_013.txt,ndrade
a_013.txt,inconfundivel
a_013.txt,contextos
a_013.txt,ppe
a_013.txt,marcos
a_013.txt,exigidos
a_013.txt,inerentes
a_013.txt,judicial
a_013.txt,acerca
a_013.txt,abordagem
a_013.txt,invadiu
a_013.txt,destaquei
a_013.txt,embaraco
a_013.txt,concorrentes
a_013.txt,legado
a_013.txt,rojoes
a_013.txt,m
a_013.txt,reclamada
a_013.txt,trabalhando
a_013.txt,ver
a_013.txt,aumenta
a_013.txt,quaisquer
a_013.txt,fisica
a_013.txt,liberal
a_013.txt,exposicao
a_013.txt,razoavel
a_013.txt,propos
a_013.txt,planos
a_013.txt,resumidos
a_013.txt,interpretar
a_013.txt,chinesa
a_013.txt,pm
a_013.txt,causalidade
a_013.txt,sustentar
a_013.txt,maio
a_013.txt,inconstitucionais
a_013.txt,conhecida
a_013.txt,conjugacao
a_013.txt,alegar
a_013.txt,tramitacao
a_013.txt,venho
a_013.txt,processuais
a_013.txt,quer
a_013.txt,usaria
a_013.txt,materiais
a_013.txt,precisara
a_013.txt,batalhao
a_013.txt,xix
a_013.txt,constituicao
a_013.txt,intencao
a_013.txt,povo
a_013.txt,improprias
a_013.txt,q
a_013.txt,decidir
a_013.txt,postulado
a_013.txt,tracado
a_013.txt,funcao
a_013.txt,acrescentou
a_013.txt,haveria
a_013.txt,ela
a_013.txt,combativa
a_013.txt,importante
a_013.txt,maiores
a_013.txt,pedidos
a_013.txt,taser
a_013.txt,delituosos
a_013.txt,tutelados
a_013.txt,uiz
a_013.txt,excerto
a_013.txt,camiseta
a_013.txt,rompimento
a_013.txt,fora
a_013.txt,voz
a_013.txt,aluguel
a_013.txt,inclutech
a_013.txt,algemar
a_013.txt,negaram
a_013.txt,escolha
a_013.txt,amparar
a_013.txt,policial
a_013.txt,logo
a_013.txt,izabel
a_013.txt,devoto
a_013.txt,assentada
a_013.txt,justificar
a_013.txt,senhor
a_013.txt,estiver
a_013.txt,tenham
a_013.txt,obstrucao
a_013.txt,condiziam
a_013.txt,pormenorizar
a_013.txt,reproduzir
a_013.txt,designacao
a_013.txt,qualifica
a_013.txt,arbitrio
a_013.txt,deslocar
a_013.txt,justica
a_013.txt,apontada
a_013.txt,livro
a_013.txt,confirmacao
a_013.txt,apontados
a_013.txt,substituida
a_013.txt,cameras
a_013.txt,estabelecer
a_013.txt,portava
a_013.txt,fundamentada
a_013.txt,atuacao
a_013.txt,delegar
a_013.txt,caluniandi
a_013.txt,miguel
a_013.txt,subir
a_013.txt,relembram
a_013.txt,reduzem
a_013.txt,perpetuidade
a_013.txt,apurados
a_013.txt,admitir
a_013.txt,alteracao
a_013.txt,reside
a_013.txt,prova
a_013.txt,alojaram
a_013.txt,metalico
a_013.txt,investigados
a_013.txt,emergente
a_013.txt,ocorridos
a_013.txt,finalidade
a_013.txt,minuciosamente
a_013.txt,paralelos
a_013.txt,sugerem
a_013.txt,tomado
a_013.txt,rol
a_013.txt,ilmar
a_013.txt,edineia
a_013.txt,concluir
a_013.txt,cometer
a_013.txt,neles
a_013.txt,inflamadas
a_013.txt,consigne
a_013.txt,arena
a_013.txt,corresponde
a_013.txt,bainha
a_013.txt,analiticamente
a_013.txt,advocacia
a_013.txt,numero
a_013.txt,adotadas
a_013.txt,evidencie
a_013.txt,macedo
a_013.txt,caes
a_013.txt,incentivaram
a_013.txt,deploravel
a_013.txt,aduz
a_013.txt,criticas
a_013.txt,pontas
a_013.txt,visavam
a_013.txt,devido
a_013.txt,significativa
a_013.txt,estrangeiros
a_013.txt,racial
a_013.txt,insatisfeitos
a_013.txt,unico
a_013.txt,pedras
a_013.txt,diferenciam
a_013.txt,obstaculizar
a_013.txt,desocupacao
a_013.txt,retomar
a_013.txt,precedente
a_013.txt,dolosamente
a_013.txt,haverem
a_013.txt,virtude
a_013.txt,iphan
a_013.txt,metais
a_013.txt,inicio
a_013.txt,rr
a_013.txt,passaram
a_013.txt,exame
a_013.txt,mil
a_013.txt,exordial
a_013.txt,iniciada
a_013.txt,atinente
a_013.txt,referidas
a_013.txt,exauriente
a_013.txt,ele
a_013.txt,caluniosas
a_013.txt,processado
a_013.txt,alemas
a_013.txt,vale
a_013.txt,prontidao
a_013.txt,reitere
a_013.txt,exito
a_013.txt,constitutivas
a_013.txt,realizando
a_013.txt,tornado
a_013.txt,odio
a_013.txt,subjetivas
a_013.txt,trazia
a_013.txt,terroristas
a_013.txt,legislativo
a_013.txt,prestigia
a_013.txt,dobro
a_013.txt,preparatorios
a_013.txt,portando
a_013.txt,membro
a_013.txt,orientar
a_013.txt,especial
a_013.txt,portas
a_013.txt,proc
a_013.txt,narrando
a_013.txt,punicao
a_013.txt,setembro
a_013.txt,pertencente
a_013.txt,comportando
a_013.txt,deste
a_013.txt,antiterror
a_013.txt,religiao
a_013.txt,classes
a_013.txt,prejuizo
a_013.txt,ocorria
a_013.txt,clausula
a_013.txt,instaurados
a_013.txt,determinada
a_013.txt,extrato
a_013.txt,braganca
a_013.txt,frequencia
a_013.txt,obrigatoriamente
a_013.txt,probabilidade
a_013.txt,adequados
a_013.txt,apresentados
a_013.txt,preambular
a_013.txt,bussola
a_013.txt,delacao
a_013.txt,intervenientes
a_013.txt,reservando
a_013.txt,chefes
a_013.txt,ciencias
a_013.txt,ideias
a_013.txt,imbricacao
a_013.txt,juntada
a_013.txt,determinando
a_013.txt,camaras
a_013.txt,sparta
a_013.txt,grande
a_013.txt,elevadissima
a_013.txt,provido
a_013.txt,exercicio
a_013.txt,galanti
a_013.txt,convocacoes
a_013.txt,afigure
a_013.txt,aderido
a_013.txt,sejam
a_013.txt,atracao
a_013.txt,artificio
a_013.txt,surpresa
a_013.txt,instrucao
a_013.txt,igilso
a_013.txt,vinte
a_013.txt,ap
a_013.txt,bloco
a_013.txt,coaduna
a_013.txt,acha
a_013.txt,biblioteca
a_013.txt,conseguiu
a_013.txt,par
a_013.txt,macula
a_013.txt,lesar
a_013.txt,destaques
a_013.txt,consagrou
a_013.txt,outrora
a_013.txt,dano
a_013.txt,comentado
a_013.txt,global
a_013.txt,essencia
a_013.txt,crisleide
a_013.txt,testemunham
a_013.txt,regido
a_013.txt,fogos
a_013.txt,constituido
a_013.txt,perfeitamente
a_013.txt,sentido
a_013.txt,delibacao
a_013.txt,correa
a_013.txt,suficiencia
a_013.txt,enfim
a_013.txt,veiculos
a_013.txt,nova
a_013.txt,notadamente
a_013.txt,roberto
a_013.txt,petreas
a_013.txt,cpi
a_013.txt,insistentemente
a_013.txt,daniel
a_013.txt,tecnica
a_013.txt,dizer
a_013.txt,emprego
a_013.txt,contraditarao
a_013.txt,adalto
a_013.txt,participacao
a_013.txt,avancaram
a_013.txt,impoe
a_013.txt,afronta
a_013.txt,choque
a_013.txt,residente
a_013.txt,excesso
a_013.txt,ocupante
a_013.txt,compulsando
a_013.txt,buscando
a_013.txt,dificultar
a_013.txt,atribuidos
a_013.txt,combate
a_013.txt,aptas
a_013.txt,relata
a_013.txt,ml
a_013.txt,acordam
a_013.txt,teoria
a_013.txt,antidemocratica
a_013.txt,hoje
a_013.txt,min
a_013.txt,asseverou
a_013.txt,constitutivos
a_013.txt,delicti
a_013.txt,iniciado
a_013.txt,confunde
a_013.txt,suspeitas
a_013.txt,todo
a_013.txt,junto
a_013.txt,pavimentador
a_013.txt,integrativas
a_013.txt,omissivas
a_013.txt,excecoes
a_013.txt,legitimidade
a_013.txt,localizada
a_013.txt,nestes
a_013.txt,pretendido
a_013.txt,tipico
a_013.txt,vultuoso
a_013.txt,notificados
a_013.txt,lula
a_013.txt,superior
a_013.txt,conduzir
a_013.txt,expressa
a_013.txt,ambos
a_013.txt,quebra
a_013.txt,membros
a_013.txt,defensora
a_013.txt,financiar
a_013.txt,eminentes
a_013.txt,transacao
a_013.txt,uniao
a_013.txt,define
a_013.txt,gerando
a_013.txt,desse
a_013.txt,verificou
a_013.txt,enderecada
a_013.txt,minutos
a_013.txt,coletanea
a_013.txt,demandaria
a_013.txt,houverem
a_013.txt,adolescente
a_013.txt,red
a_013.txt,pode
a_013.txt,lhe
a_013.txt,retorno
a_013.txt,imputou
a_013.txt,arregimentar
a_013.txt,senados
a_013.txt,provenham
a_013.txt,relacionada
a_013.txt,viavel
a_013.txt,resulta
a_013.txt,criminoso
a_013.txt,patria
a_013.txt,presenca
a_013.txt,protesto
a_013.txt,tipicos
a_013.txt,psicologia
a_013.txt,sendo
a_013.txt,encontra
a_013.txt,criterios
a_013.txt,estamos
a_013.txt,manoel
a_013.txt,invadido
a_013.txt,ampliacao
a_013.txt,orientando
a_013.txt,testemunha
a_013.txt,principios
a_013.txt,improvimento
a_013.txt,exige
a_013.txt,alegue
a_013.txt,afiliados
a_013.txt,incompativeis
a_013.txt,residentes
a_013.txt,retirada
a_013.txt,gas
a_013.txt,estilingues
a_013.txt,registrando
a_013.txt,cercear
a_013.txt,ellen
a_013.txt,imputada
a_013.txt,inepta
a_013.txt,resultado
a_013.txt,escrito
a_013.txt,valor
a_013.txt,referir
a_013.txt,esquecido
a_013.txt,permitida
a_013.txt,argumentos
a_013.txt,propagacao
a_013.txt,causa
a_013.txt,mello
a_013.txt,negociar
a_013.txt,quebrando
a_013.txt,ata
a_013.txt,punitiva
a_013.txt,pena
a_013.txt,alegacao
a_013.txt,fevereiro
a_013.txt,alargamento
a_013.txt,atentatorios
a_013.txt,subsuncao
a_013.txt,negar
a_013.txt,aclaratorios
a_013.txt,inventario
a_013.txt,ausencia
a_013.txt,possiveis
a_013.txt,formal
a_013.txt,entendo
a_013.txt,liquido
a_013.txt,produtos
a_013.txt,indicio
a_013.txt,organica
a_013.txt,verificar
a_013.txt,constante
a_013.txt,conduziram
a_013.txt,ocorreu
a_013.txt,assembleia
a_013.txt,unidade
a_013.txt,alvos
a_013.txt,dados
a_013.txt,marcada
a_013.txt,narrou
a_013.txt,feita
a_013.txt,impor
a_013.txt,impropria
a_013.txt,responda
a_013.txt,comparada
a_013.txt,natureza
a_013.txt,dolo
a_013.txt,realizados
a_013.txt,complementadas
a_013.txt,organizaram
a_013.txt,perseguido
a_013.txt,previo
a_013.txt,luiz
a_013.txt,descritos
a_013.txt,missao
a_013.txt,daqui
a_013.txt,bolas
a_013.txt,acionou
a_013.txt,tensao
a_013.txt,hipotese
a_013.txt,direitos
a_013.txt,praticarem
a_013.txt,distribuir
a_013.txt,garrafinha
a_013.txt,objetiva
a_013.txt,prosseguir
a_013.txt,elevada
a_013.txt,primarei
a_013.txt,compreendido
a_013.txt,surgirem
a_013.txt,ocorrencias
a_013.txt,denominado
a_013.txt,dra
a_013.txt,resultaram
a_013.txt,estou
a_013.txt,pleno
a_013.txt,detector
a_013.txt,dialogo
a_013.txt,elza
a_013.txt,menezes
a_013.txt,ederal
a_013.txt,regimes
a_013.txt,intersubjetivo
a_013.txt,fica
a_013.txt,deslocando
a_013.txt,detentores
a_013.txt,aproxima
a_013.txt,apresentar
a_013.txt,devida
a_013.txt,toffoli
a_013.txt,debora
a_013.txt,formalizacao
a_013.txt,indole
a_013.txt,atencao
a_013.txt,mobilizou
a_013.txt,manifestantes
a_013.txt,direcionaram
a_013.txt,consigo
a_013.txt,dupla
a_013.txt,qualificados
a_013.txt,toda
a_013.txt,concurso
a_013.txt,rejeitada
a_013.txt,seria
a_013.txt,quarteis
a_013.txt,julgamento
a_013.txt,salao
a_013.txt,espaco
a_013.txt,sair
a_013.txt,ampliaram
a_013.txt,dividiram
a_013.txt,trouxe
a_013.txt,milhares
a_013.txt,acusatorio
a_013.txt,limitacao
a_013.txt,iniciativa
a_013.txt,colheita
a_013.txt,resto
a_013.txt,article
a_013.txt,sugestao
a_013.txt,afetada
a_013.txt,bia
a_013.txt,original
a_013.txt,ocultar
a_013.txt,policias
a_013.txt,esclarece
a_013.txt,expensas
a_013.txt,gravidade
a_013.txt,setenta
a_013.txt,otica
a_013.txt,gude
a_013.txt,nobre
a_013.txt,imputacoes
a_013.txt,normalmente
a_013.txt,basta
a_013.txt,pertences
a_013.txt,encontrados
a_013.txt,deteriorou
a_013.txt,agredido
a_013.txt,concernente
a_013.txt,centesimo
a_013.txt,cor
a_013.txt,prestacao
a_013.txt,nacional
a_013.txt,danificar
a_013.txt,imparcial
a_013.txt,autocraticos
a_013.txt,excluidos
a_013.txt,al
a_013.txt,impossibilidade
a_013.txt,tao
a_013.txt,leite
a_013.txt,voluntariedade
a_013.txt,necessario
a_013.txt,contribuindo
a_013.txt,bgp
a_013.txt,deixaram
a_013.txt,revestidas
a_013.txt,reuniao
a_013.txt,topico
a_013.txt,constituinte
a_013.txt,afastou
a_013.txt,estabilidade
a_013.txt,todos
a_013.txt,parecer
a_013.txt,haja
a_013.txt,argumento
a_013.txt,observar
a_013.txt,configuracao
a_013.txt,silvestre
a_013.txt,cem
a_013.txt,ouvidas
a_013.txt,turmas
a_013.txt,requerer
a_013.txt,aprimorando
a_013.txt,remessa
a_013.txt,segundos
a_013.txt,legislacoes
a_013.txt,cautelares
a_013.txt,prorrogacao
a_013.txt,informatizado
a_013.txt,unanime
a_013.txt,verdadeira
a_013.txt,configurando
a_013.txt,constar
a_013.txt,exceto
a_013.txt,financiamento
a_013.txt,trate
a_013.txt,verificaram
a_013.txt,etnia
a_013.txt,centenas
a_013.txt,dispersavam
a_013.txt,experiencia
a_013.txt,obedeceram
a_013.txt,esteves
a_013.txt,entesimo
a_013.txt,alegados
a_013.txt,artigo
a_013.txt,midia
a_013.txt,detencao
a_013.txt,realizadas
a_013.txt,fixacao
a_013.txt,camara
a_013.txt,processamento
a_013.txt,alexandre
a_013.txt,ref
a_013.txt,criminais
a_013.txt,objetividade
a_013.txt,dado
a_013.txt,alencar
a_013.txt,acima
a_013.txt,parquet
a_013.txt,fundamental
a_013.txt,condenatoria
a_013.txt,melhor
a_013.txt,terao
a_013.txt,social
a_013.txt,tal
a_013.txt,realidade
a_013.txt,assimilaveis
a_013.txt,positivo
a_013.txt,apresentando
a_013.txt,psicologicos
a_013.txt,rocio
a_013.txt,normas
a_013.txt,obstaculos
a_013.txt,cupulas
a_013.txt,globo
a_013.txt,fazenda
a_013.txt,doutrinario
a_013.txt,tomasse
a_013.txt,ocorrida
a_013.txt,ponto
a_013.txt,estes
a_013.txt,lavradas
a_013.txt,senhora
a_013.txt,exigindo
a_013.txt,suma
a_013.txt,agua
a_013.txt,recomposicao
a_013.txt,erceiro
a_013.txt,seriedade
a_013.txt,atentados
a_013.txt,titulariza
a_013.txt,demonstram
a_013.txt,teses
a_013.txt,dpe
a_013.txt,sob
a_013.txt,rocurador
a_013.txt,avaliacao
a_013.txt,promoveram
a_013.txt,instruem
a_013.txt,suprema
a_013.txt,atividade
a_013.txt,elementos
a_013.txt,detalhadamente
a_013.txt,negocio
a_013.txt,depredacao
a_013.txt,conselho
a_013.txt,beyond
a_013.txt,configure
a_013.txt,humanos
a_013.txt,concluiu
a_013.txt,machado
a_013.txt,sigilo
a_013.txt,atribuicao
a_013.txt,linchamento
a_013.txt,vii
a_013.txt,viabilizando
a_013.txt,republicanas
a_013.txt,vejamos
a_013.txt,extraida
a_013.txt,partes
a_013.txt,revela
a_013.txt,armado
a_013.txt,entidades
a_013.txt,indiciario
a_013.txt,colera
a_013.txt,alonso
a_013.txt,associaram
a_013.txt,honorabilidade
a_013.txt,originarias
a_013.txt,carece
a_013.txt,encarado
a_013.txt,isqueiros
a_013.txt,reconhecer
a_013.txt,tinha
a_013.txt,esta
a_013.txt,praticados
a_013.txt,identificados
a_013.txt,exigencias
a_013.txt,direcionados
a_013.txt,sentenca
a_013.txt,and
a_013.txt,minimas
a_013.txt,bandido
a_013.txt,ary
a_013.txt,regimental
a_013.txt,reduzir
a_013.txt,adalgiza
a_013.txt,constatacao
a_013.txt,corre
a_013.txt,limitou
a_013.txt,imediatamente
a_013.txt,situados
a_013.txt,preponderancia
a_013.txt,conformidade
a_013.txt,instrumentos
a_013.txt,demonstrativa
a_013.txt,preso
a_013.txt,concorreram
a_013.txt,seguem
a_013.txt,hilebrand
a_013.txt,diante
a_013.txt,confronto
a_013.txt,juntamente
a_013.txt,escopo
a_013.txt,quebrar
a_013.txt,naqueles
a_013.txt,respeitados
a_013.txt,ostensivo
a_013.txt,causado
a_013.txt,declarado
a_013.txt,admitem
a_013.txt,abril
a_013.txt,predio
a_013.txt,compreendendo
a_013.txt,longo
a_013.txt,reflete
a_013.txt,negro
a_013.txt,enuncia
a_013.txt,realizarem
a_013.txt,vilela
a_013.txt,secretaria
a_013.txt,aparato
a_013.txt,pegou
a_013.txt,instancias
a_013.txt,alguma
a_013.txt,processual
a_013.txt,promoverem
a_013.txt,noutras
a_013.txt,tramitam
a_013.txt,marquise
a_013.txt,ultimado
a_013.txt,analisadas
a_013.txt,desta
a_013.txt,orgaos
a_013.txt,distribuido
a_013.txt,panorama
a_013.txt,sentados
a_013.txt,adotado
a_013.txt,torno
a_013.txt,d
a_013.txt,encaixa
a_013.txt,proximos
a_013.txt,contextualizacao
a_013.txt,maioria
a_013.txt,introito
a_013.txt,atenta
a_013.txt,relevantes
a_013.txt,soldados
a_013.txt,sempre
a_013.txt,abstrato
a_013.txt,passada
a_013.txt,estacionamento
a_013.txt,camuflados
a_013.txt,igualmente
a_013.txt,instante
a_013.txt,falaram
a_013.txt,autenticardocumento
a_013.txt,conflitos
a_013.txt,examinada
a_013.txt,supranacionais
a_013.txt,nominados
a_013.txt,sede
a_013.txt,nesses
a_013.txt,inflamaveis
a_013.txt,objetive
a_013.txt,insuflando
a_013.txt,camping
a_013.txt,proibicao
a_013.txt,leal
a_013.txt,excertos
a_013.txt,antiga
a_013.txt,indivisivel
a_013.txt,enumerados
a_013.txt,alheias
a_013.txt,curitiba
a_013.txt,identificadas
a_013.txt,dela
a_013.txt,acordo
a_013.txt,lopes
a_013.txt,jucilene
a_013.txt,constituicoes
a_013.txt,legais
a_013.txt,criando
a_013.txt,cf
a_013.txt,vislumbrando
a_013.txt,americana
a_013.txt,violacao
a_013.txt,materiae
a_013.txt,respostas
a_013.txt,fiavel
a_013.txt,classificacao
a_013.txt,coimplicados
a_013.txt,uso
a_013.txt,tombados
a_013.txt,reiterar
a_013.txt,avancado
a_013.txt,conjuracao
a_013.txt,estara
a_013.txt,incitava
a_013.txt,mostra
a_013.txt,sustentado
a_013.txt,intuito
a_013.txt,ampliativa
a_013.txt,brasileiro
a_013.txt,conduta
a_013.txt,verificavel
a_013.txt,senao
a_013.txt,novembro
a_013.txt,esteira
a_013.txt,imediacoes
a_013.txt,aquem
a_013.txt,legitimamente
a_013.txt,aniquilacao
a_013.txt,motivam
a_013.txt,ww
a_013.txt,diferentemente
a_013.txt,inviabilizada
a_013.txt,autoridade
a_013.txt,eles
a_013.txt,duvida
a_013.txt,prerrogativa
a_013.txt,penalmente
a_013.txt,previa
a_013.txt,agressivos
a_013.txt,particularizacao
a_013.txt,antecedentes
a_013.txt,instauradas
a_013.txt,lados
a_013.txt,semelhante
a_013.txt,oportuna
a_013.txt,perseguidas
a_013.txt,nascimento
a_013.txt,roc
a_013.txt,pericia
a_013.txt,participou
a_013.txt,imprescindivel
a_013.txt,constam
a_013.txt,interregno
a_013.txt,veiculo
a_013.txt,nenhuma
a_013.txt,engendrada
a_013.txt,consagrado
a_013.txt,consumada
a_013.txt,capacidade
a_013.txt,estadios
a_013.txt,ensejou
a_013.txt,vide
a_013.txt,destruicao
a_013.txt,sobradinho
a_013.txt,voltando
a_013.txt,exigir
a_013.txt,observados
a_013.txt,consideradas
a_013.txt,mendonca
a_013.txt,rompidas
a_013.txt,individual
a_013.txt,sessenta
a_013.txt,denuncias
a_013.txt,anterior
a_013.txt,absolver
a_013.txt,oper
a_013.txt,indeterminada
a_013.txt,correm
a_013.txt,suspensa
a_013.txt,existentes
a_013.txt,separado
a_013.txt,constituem
a_013.txt,motivar
a_013.txt,construcao
a_013.txt,pequeno
a_013.txt,parte
a_013.txt,precipuamente
a_013.txt,haveriam
a_013.txt,amplificado
a_013.txt,libelo
a_013.txt,fake_news
a_013.txt,envolvendo
a_013.txt,dependencias
a_013.txt,concreta
a_013.txt,conquanto
a_013.txt,trazida
a_013.txt,validamente
a_013.txt,isso
a_013.txt,recente
a_013.txt,carregando
a_013.txt,optar
a_013.txt,transpor
a_013.txt,fazem
a_013.txt,outrossim
a_013.txt,naquele
a_013.txt,fotos
a_013.txt,pretel
a_013.txt,especifica
a_013.txt,estariam
a_013.txt,deteriorar
a_013.txt,oferecida
a_013.txt,servicos
a_013.txt,afasta
a_013.txt,recomendariam
a_013.txt,suspensao
a_013.txt,crime
a_013.txt,boas
a_013.txt,escolas
a_013.txt,consequencias
a_013.txt,caracteriza
a_013.txt,lograram
a_013.txt,deles
a_013.txt,demonstrou
a_013.txt,sala
a_013.txt,comprovada
a_013.txt,rampa
a_013.txt,implantar
a_013.txt,plenitude
a_013.txt,ministros
a_013.txt,atendem
a_013.txt,resposta
a_013.txt,investiga
a_013.txt,assinalar
a_013.txt,devam
a_013.txt,roubo
a_013.txt,exacerbado
a_013.txt,vida
a_013.txt,protegerem
a_013.txt,polemica
a_013.txt,porta
a_013.txt,magistratura
a_013.txt,julgada
a_013.txt,organizacao
a_013.txt,justamente
a_013.txt,subprocurador
a_013.txt,popular
a_013.txt,rosto
a_013.txt,meras
a_013.txt,terror
a_013.txt,ementas
a_013.txt,xenofobia
a_013.txt,atua
a_013.txt,gilberto
a_013.txt,colacionadas
a_013.txt,verde
a_013.txt,determinavam
a_013.txt,denunciado
a_013.txt,eticos
a_013.txt,criterio
a_013.txt,objetivaram
a_013.txt,intento
a_013.txt,constitui
a_013.txt,agravos
a_013.txt,estados
a_013.txt,pretendiam
a_013.txt,realiza
a_013.txt,possa
a_013.txt,afirmou
a_013.txt,causados
a_013.txt,definidos
a_013.txt,manipulacao
a_013.txt,revelia
a_013.txt,canivete
a_013.txt,vai
a_013.txt,paulo
a_013.txt,pgr
a_013.txt,nome
a_013.txt,contribuicao
a_013.txt,vinagre
a_013.txt,informes
a_013.txt,fins
a_013.txt,kristy
a_013.txt,capitao
a_013.txt,concretas
a_013.txt,negociacoes
a_013.txt,geral
a_013.txt,praticada
a_013.txt,cabe
a_013.txt,dirigirem
a_013.txt,maia
a_013.txt,atacados
a_013.txt,decretadas
a_013.txt,publico
a_013.txt,vistos
a_013.txt,organismo
a_013.txt,fundamento
a_013.txt,indiferente
a_013.txt,geschaftsordnungen
a_013.txt,desenvolvimento
a_013.txt,pelos
a_013.txt,preservada
a_013.txt,privilegiado
a_013.txt,bnds
a_013.txt,sinalizar
a_013.txt,beneficio
a_013.txt,participar
a_013.txt,referem
a_013.txt,iriam
a_013.txt,enrolada
a_013.txt,eliminacao
a_013.txt,alemao
a_013.txt,nossa
a_013.txt,inferior
a_013.txt,injuriandi
a_013.txt,tentou
a_013.txt,lava
a_013.txt,perfeita
a_013.txt,formais
a_013.txt,milicias_digitais
a_013.txt,decorre
a_013.txt,ziegler
a_013.txt,religioso
a_013.txt,comuns
a_013.txt,absoluto
a_013.txt,indigitados
a_013.txt,excepcionalissima
a_013.txt,operacionais
a_013.txt,serie
a_013.txt,materializacao
a_013.txt,militar
a_013.txt,ndre
a_013.txt,demonstrem
a_013.txt,institucionais
a_013.txt,castro
a_013.txt,declarada
a_013.txt,participaram
a_013.txt,conduzidos
a_013.txt,acuados
a_013.txt,indiciarios
a_013.txt,lucia
a_013.txt,abuso
a_013.txt,tarefas
a_013.txt,excetuadas
a_013.txt,praticadas
a_013.txt,riscos
a_013.txt,procedimento
a_013.txt,marca
a_013.txt,farao
a_013.txt,poderiam
a_013.txt,etapa
a_013.txt,chamado
a_013.txt,apresentou
a_013.txt,determinado
a_013.txt,casu
a_013.txt,delimitar
a_013.txt,recebida
a_013.txt,graves
a_013.txt,esses
a_013.txt,armas
a_013.txt,maxime
a_013.txt,nesse
a_013.txt,regra
a_013.txt,despenalizadora
a_013.txt,fiz
a_013.txt,gsi
a_013.txt,colhem
a_013.txt,prevenir
a_013.txt,horas
a_013.txt,figurino
a_013.txt,wallace
a_013.txt,reconhecido
a_013.txt,ditames
a_013.txt,apresentacao
a_013.txt,executivo
a_013.txt,relatora
a_013.txt,ocorriam
a_013.txt,patrio
a_013.txt,exclusividade
a_013.txt,brasileira
a_013.txt,certa
a_013.txt,violentas
a_013.txt,reuters
a_013.txt,mochila
a_013.txt,postulantes
a_013.txt,maxima
a_013.txt,cassetetes
a_013.txt,culpaveis
a_013.txt,previsoes
a_013.txt,referentes
a_013.txt,individualizada
a_013.txt,determinados
a_013.txt,litigio
a_013.txt,extraidos
a_013.txt,cp
a_013.txt,alterou
a_013.txt,federacao
a_013.txt,veemente
a_013.txt,mudanca
a_013.txt,anticrime
a_013.txt,ensinamentos
a_013.txt,tornarem
a_013.txt,exteriorizaram
a_013.txt,inaudita
a_013.txt,autor
a_013.txt,heleno
a_013.txt,incolumidade
a_013.txt,boa
a_013.txt,deteriorado
a_013.txt,vencido
a_013.txt,plataformas
a_013.txt,invasores
a_013.txt,local
a_013.txt,esporte
a_013.txt,constitucionais
a_013.txt,golpistas
a_013.txt,podem
a_013.txt,financeira
a_013.txt,vidracas
a_013.txt,existem
a_013.txt,unitario
a_013.txt,repressao
a_013.txt,causas
a_013.txt,absolutamente
a_013.txt,ement
a_013.txt,almeida
a_013.txt,embargo
a_013.txt,vigora
a_013.txt,objetivos
a_013.txt,existira
a_013.txt,raio
a_013.txt,assim
a_013.txt,ultima
a_013.txt,seguida
a_013.txt,dourado
a_013.txt,desejos
a_013.txt,procura
a_013.txt,parada
a_013.txt,adequada
a_013.txt,supoem
a_013.txt,h
a_013.txt,principal
a_013.txt,isoladamente
a_013.txt,seriam
a_013.txt,disposto
a_013.txt,incluidas
a_013.txt,ministeriais
a_013.txt,magna
a_013.txt,rcl
a_013.txt,poder
a_013.txt,impedindo
a_013.txt,cognicao
a_013.txt,deivison
a_013.txt,articulacao
a_013.txt,reus
a_013.txt,inicie
a_013.txt,comunicante
a_013.txt,requisitados
a_013.txt,ddpp
a_013.txt,recuperados
a_013.txt,expor
a_013.txt,votos
a_013.txt,allan
a_013.txt,faziam
a_013.txt,museu
a_013.txt,delegacao
a_013.txt,treze
a_013.txt,espelhamento
a_013.txt,sucinta
a_013.txt,marcio
a_013.txt,desocupado
a_013.txt,apontou
a_013.txt,raynner
a_013.txt,justa
a_013.txt,desempenhadas
a_013.txt,madeira
a_013.txt,codigos
a_013.txt,inexistencia
a_013.txt,apesar
a_013.txt,executados
a_013.txt,ocorrer
a_013.txt,teori
a_013.txt,jeep
a_013.txt,investigada
a_013.txt,faz
a_013.txt,restringindo
a_013.txt,sequencia
a_013.txt,distinta
a_013.txt,aberto
a_013.txt,material
a_013.txt,denunciam
a_013.txt,ilacao
a_013.txt,senhores
a_013.txt,temporal
a_013.txt,excelso
a_013.txt,viabilizar
a_013.txt,apreendidas
a_013.txt,desinibidoras
a_013.txt,mpsp
a_013.txt,dialetica
a_013.txt,invadir
a_013.txt,chapelaria
a_013.txt,ciscouto
a_013.txt,materialidade
a_013.txt,spark
a_013.txt,lucelia
a_013.txt,utilizando
a_013.txt,extintivas
a_013.txt,tuzi
a_013.txt,funcoes
a_013.txt,reeleito
a_013.txt,vedada
a_013.txt,edson
a_013.txt,perturbando
a_013.txt,desenvolvida
a_013.txt,requerimentos
a_013.txt,envolverem
a_013.txt,arbitraria
a_013.txt,suporte
a_013.txt,hc
a_013.txt,dessa
a_013.txt,agr
a_013.txt,posterior
a_013.txt,consulta
a_013.txt,supoe
a_013.txt,incurso
a_013.txt,coautoria
a_013.txt,motins
a_013.txt,fim
a_013.txt,estreitos
a_013.txt,decisoes
a_013.txt,prorrogada
a_013.txt,adentrasse
a_013.txt,gerais
a_013.txt,incompetente
a_013.txt,policia
a_013.txt,demonstrativas
a_013.txt,policiamento
a_013.txt,indevido
a_013.txt,senador
a_013.txt,plena
a_013.txt,aberta
a_013.txt,detalhada
a_013.txt,marco
a_013.txt,apresentadas
a_013.txt,remetidas
a_013.txt,silva
a_013.txt,deducao
a_013.txt,julgar
a_013.txt,delinquentium
a_013.txt,inter
a_013.txt,freios
a_013.txt,participacoes
a_013.txt,destes
a_013.txt,posicao
a_013.txt,quibus
a_013.txt,leste
a_013.txt,abordados
a_013.txt,injusta
a_013.txt,confianca
a_013.txt,desorganizado
a_013.txt,indicados
a_013.txt,salientado
a_013.txt,culpado
a_013.txt,descrevem
a_013.txt,ofensa
a_013.txt,caracterizar
a_013.txt,outros
a_013.txt,resolvido
a_013.txt,orleans
a_013.txt,ineptas
a_013.txt,levado
a_013.txt,inicial
a_013.txt,investigadas
a_013.txt,utilizado
a_013.txt,abolir
a_013.txt,possam
a_013.txt,desvencilharam
a_013.txt,afastada
a_013.txt,boletim
a_013.txt,borracha
a_013.txt,direcao
a_013.txt,ordinariamente
a_013.txt,viu
a_013.txt,provocador
a_013.txt,antecipada
a_013.txt,considera
a_013.txt,edificados
a_013.txt,alberto
a_013.txt,clarissa
a_013.txt,ementado
a_013.txt,recebeu
a_013.txt,cheios
a_013.txt,remetendo
a_013.txt,sedimentada
a_013.txt,responder
a_013.txt,teixeira
a_013.txt,minas
a_013.txt,deveria
a_013.txt,proprietaria
a_013.txt,rede_social
a_013.txt,produto
a_013.txt,ferramenta
a_013.txt,tanto
a_013.txt,silvia
a_013.txt,totens
a_013.txt,tratou
a_013.txt,localizadas
a_013.txt,cargos
a_013.txt,lamentaveis
a_013.txt,inocorrente
a_013.txt,estendida
a_013.txt,discricionario
a_013.txt,fonte
a_013.txt,sistema
a_013.txt,aprofundamento
a_013.txt,consubstanciada
a_013.txt,tcu
a_013.txt,fundado
a_013.txt,stainless
a_013.txt,deu
a_013.txt,verdadeiro
a_013.txt,oferta
a_013.txt,acresca
a_013.txt,desenfreada
a_013.txt,verossimilhanca
a_013.txt,jus
a_013.txt,alternativo
a_013.txt,havia
a_013.txt,distanciaram
a_013.txt,imparcialidade
a_013.txt,mesmas
a_013.txt,pedido
a_013.txt,lucinei
a_013.txt,tipicidade
a_013.txt,concursus
a_013.txt,f
a_013.txt,bomba
a_013.txt,participado
a_013.txt,expondo
a_013.txt,espelhos
a_013.txt,acalmar
a_013.txt,praticado
a_013.txt,vencida
a_013.txt,tecnico
a_013.txt,indicadores
a_013.txt,tombado
a_013.txt,ba
a_013.txt,dessas
a_013.txt,diligencias
a_013.txt,preceito
a_013.txt,permaneceu
a_013.txt,perante
a_013.txt,parcial
a_013.txt,abordar
a_013.txt,gozem
a_013.txt,movimento
a_013.txt,cerca
a_013.txt,pimenta
a_013.txt,gracie
a_013.txt,firmados
a_013.txt,rn
a_013.txt,intervencoes
a_013.txt,paus
a_013.txt,guarnicao
a_013.txt,prospera
a_013.txt,renegociacao
a_013.txt,onze
a_013.txt,doze
a_013.txt,emanuel
a_013.txt,convocacao
a_013.txt,recolhimento
a_013.txt,exigido
a_013.txt,desatendimento
a_013.txt,guilherme
a_013.txt,inequivoca
a_013.txt,irredutiveis
a_013.txt,resumo
a_013.txt,efetivamente
a_013.txt,probatoria
a_013.txt,visando
a_013.txt,ordenamento
a_013.txt,arruda
a_013.txt,processante
a_013.txt,preliminarmente
a_013.txt,index
a_013.txt,bases
a_013.txt,dolosos
a_013.txt,recem
a_013.txt,depredando
a_013.txt,cassacao
a_013.txt,ilela
a_013.txt,vandalismo
a_013.txt,levada
a_013.txt,materializados
a_013.txt,desprovida
a_013.txt,belmonte
a_013.txt,garantir
a_013.txt,denunciados
a_013.txt,bojo
a_013.txt,retiraram
a_013.txt,percepcao
a_013.txt,proposito
a_013.txt,resultantes
a_013.txt,leme
a_013.txt,comum
a_013.txt,idem
a_013.txt,precedentes
a_013.txt,materia
a_013.txt,encerramento
a_013.txt,ataque
a_013.txt,serem
a_013.txt,totalizado
a_013.txt,fazendo
a_013.txt,deram
a_013.txt,peso
a_013.txt,aproximadamente
a_013.txt,afrontoso
a_013.txt,necessitando
a_013.txt,lyvio
a_013.txt,molotov
a_013.txt,mesmo
a_013.txt,estrita
a_013.txt,indicam
a_013.txt,moral
a_013.txt,interna
a_013.txt,proposto
a_013.txt,terem
a_013.txt,parece
a_013.txt,recinto
a_013.txt,essencialmente
a_013.txt,premiada
a_013.txt,auto
a_013.txt,tirania
a_013.txt,arvorar
a_013.txt,acertamento
a_013.txt,bittencourt
a_013.txt,adequado
a_013.txt,causando
a_013.txt,futura
a_013.txt,flagrante
a_013.txt,essa
a_013.txt,bastos
a_013.txt,virtual
a_013.txt,estiverem
a_013.txt,preferivel
a_013.txt,historia
a_013.txt,metade
a_013.txt,merito
a_013.txt,similar
a_013.txt,casos
a_013.txt,mandato
a_013.txt,acabou
a_013.txt,representativo
a_013.txt,i
a_013.txt,tivessem
a_013.txt,apontadas
a_013.txt,momentos
a_013.txt,autoritarismo
a_013.txt,adjunto
a_013.txt,distinguir
a_013.txt,esfera
a_013.txt,perceberam
a_013.txt,atribuicoes
a_013.txt,crencas
a_013.txt,danos
a_013.txt,quadrilha
a_013.txt,pet
a_013.txt,relativamente
a_013.txt,culminando
a_013.txt,atores
a_013.txt,alteracoes
a_013.txt,inserido
a_013.txt,maximo
a_013.txt,equipe
a_013.txt,mediante
a_013.txt,gritavam
a_013.txt,inexiste
a_013.txt,percebendo
a_013.txt,propondo
a_013.txt,politicas
a_013.txt,atingimento
a_013.txt,ficar
a_013.txt,caracterizadores
a_013.txt,garantira
a_013.txt,destruindo
a_013.txt,crimen
a_013.txt,epublica
a_013.txt,nonato
a_013.txt,presidencia
a_013.txt,j
a_013.txt,afericao
a_013.txt,quadros
a_013.txt,demonstrado
a_013.txt,apresentaram
a_013.txt,dever
a_013.txt,esplanada
a_013.txt,vez
a_013.txt,oculos
a_013.txt,flavio
a_013.txt,alcancada
a_013.txt,novo
a_013.txt,saraiva
a_013.txt,implantacao
a_013.txt,respeito
a_013.txt,liberdade
a_013.txt,perfurante
a_013.txt,alcance
a_013.txt,relevancia
a_013.txt,pagina
a_013.txt,pleiteia
a_013.txt,vicio
a_013.txt,preto
a_013.txt,elaboracao
a_013.txt,culposo
a_013.txt,respectiva
a_013.txt,violentos
a_013.txt,aspectos
a_013.txt,protecao
a_013.txt,alheia
a_013.txt,representaria
a_013.txt,bolsonaro
a_013.txt,escudo
a_013.txt,iniciativas
a_013.txt,escudos
a_013.txt,assegure
a_013.txt,sic
a_013.txt,le
a_013.txt,demonstraram
a_013.txt,conheca
a_013.txt,torre
a_013.txt,generalizado
a_013.txt,conjuntamente
a_013.txt,debate
a_013.txt,providos
a_013.txt,certo
a_013.txt,pretorio
a_013.txt,decrin
a_013.txt,bvr
a_013.txt,givair
a_013.txt,multidoes
a_013.txt,extraordinaria
a_013.txt,posto
a_013.txt,destruidos
a_013.txt,facultada
a_013.txt,sintese
a_013.txt,inferir
a_013.txt,contundentes
a_013.txt,entende
a_013.txt,estrangeiro
a_013.txt,protetor
a_013.txt,coelho
a_013.txt,equilibrio
a_013.txt,ocorreram
a_013.txt,geraria
a_013.txt,moveu
a_013.txt,depoente
a_013.txt,janeiro
a_013.txt,contendo
a_013.txt,fato
a_013.txt,consciencia
a_013.txt,pandemia
a_013.txt,interrogatorio
a_013.txt,alma
a_013.txt,imovel
a_013.txt,crivo
a_013.txt,monetizacao
a_013.txt,cristalina
a_013.txt,eleitoral
a_013.txt,previstas
a_013.txt,delimitacao
a_013.txt,salientou
a_013.txt,codenunciados
a_013.txt,mental
a_013.txt,conta
a_013.txt,reasonable
a_013.txt,esbranquicado
a_013.txt,acusado
a_013.txt,usos
a_013.txt,caracteristica
a_013.txt,aprofundada
a_013.txt,jornalisticas
a_013.txt,tecido
a_013.txt,semelhantes
a_013.txt,danyele
a_013.txt,demanda
a_013.txt,cantar
a_013.txt,garantia
a_013.txt,relatoria
a_013.txt,avancar
a_013.txt,ferro
a_013.txt,perspectiva
a_013.txt,media
a_013.txt,chama
a_013.txt,serena
a_013.txt,populacao
a_013.txt,falta
a_013.txt,contexto
a_013.txt,caracteristicas
a_013.txt,coligidos
a_013.txt,inacio
a_013.txt,adequacao
a_013.txt,diplomatica
a_013.txt,decor
a_013.txt,objeto
a_013.txt,atuado
a_013.txt,mulheres
a_013.txt,realizar
a_013.txt,denunciacoes
a_013.txt,levante
a_013.txt,historicos
a_013.txt,gomes
a_013.txt,competentes
a_013.txt,invocacao
a_013.txt,colegas
a_013.txt,caracterizacao
a_013.txt,defesa
a_013.txt,jurisdicao
a_013.txt,preliminar
a_013.txt,difamacao
a_013.txt,ponderou
a_013.txt,possivelmente
a_013.txt,qualificado
a_013.txt,suposto
a_013.txt,estabelecidos
a_013.txt,josias
a_013.txt,t
a_013.txt,oportunidade
a_013.txt,depredacoes
a_013.txt,protege
a_013.txt,insuficientes
a_013.txt,reforco
a_013.txt,coinvestigados
a_013.txt,concisa
a_013.txt,separacao
a_013.txt,configurara
a_013.txt,indispensavel
a_013.txt,concretiza
a_013.txt,chegaram
a_013.txt,empirica
a_013.txt,arbitrario
a_013.txt,opinio
a_013.txt,bavini
a_013.txt,interpretada
a_013.txt,necessaria
a_013.txt,opinioes
a_013.txt,frieza
a_013.txt,r
a_013.txt,sui
a_013.txt,internacional
a_013.txt,diversos
a_013.txt,turno
a_013.txt,juridicos
a_013.txt,coquetel
a_013.txt,impassivel
a_013.txt,afasto
a_013.txt,apresentado
a_013.txt,mp
a_013.txt,cursino
a_013.txt,ciencia
a_013.txt,consequente
a_013.txt,narrados
a_013.txt,extradicao
a_013.txt,ltda
a_013.txt,menor
a_013.txt,consciente
a_013.txt,velloso
a_013.txt,invadindo
a_013.txt,pressas
a_013.txt,tropa
a_013.txt,quomodo
a_013.txt,urbanisticas
a_013.txt,recebo
a_013.txt,apontam
a_013.txt,formalismo
a_013.txt,punitivo
a_013.txt,busca
a_013.txt,acusadas
a_013.txt,depredaram
a_013.txt,kala
a_013.txt,gesnando
a_013.txt,vogal
a_013.txt,descritas
a_013.txt,devera
a_013.txt,julgadas
a_013.txt,redes_sociais
a_013.txt,ristf
a_013.txt,zacharias
a_013.txt,ausentes
a_013.txt,l
a_013.txt,inteligencia
a_013.txt,honra
a_013.txt,julgamentos
a_013.txt,explica
a_013.txt,configurada
a_013.txt,cezar
a_013.txt,vincula
a_013.txt,endereco
a_013.txt,geovane
a_013.txt,merecendo
a_013.txt,superado
a_013.txt,houvesse
a_013.txt,excepcionalmente
a_013.txt,deputada
a_013.txt,considerada
a_013.txt,interior
a_013.txt,considerado
a_013.txt,esclarecimento
a_013.txt,xi
a_013.txt,prazo
a_013.txt,nquerito
a_013.txt,militares
a_013.txt,servidores
a_013.txt,olvidar
a_013.txt,envolvimento
a_013.txt,denominada
a_013.txt,frasco
a_013.txt,inocencia
a_013.txt,inocorrencia
a_013.txt,anima
a_013.txt,significativamente
a_013.txt,exemplos
a_013.txt,prerrogativas
a_013.txt,entorno
a_013.txt,prestaram
a_013.txt,uniu
a_013.txt,aquele
a_013.txt,investigacoes
a_013.txt,azevedo
a_013.txt,procedimental
a_013.txt,houver
a_013.txt,viana
a_013.txt,obra
a_013.txt,funcional
a_013.txt,intelectuais
a_013.txt,ressalva
a_013.txt,conduziu
a_013.txt,indeterminados
a_013.txt,determina
a_013.txt,adotar
a_013.txt,public
a_013.txt,fragmento
a_013.txt,realizado
a_013.txt,arquivado
a_013.txt,dispersas
a_013.txt,trazem
a_013.txt,defesas
a_013.txt,pendente
a_013.txt,clausulas
a_013.txt,moraes
a_013.txt,entrarem
a_013.txt,fundamentais
a_013.txt,ressaltou
a_013.txt,cezarbitencourt
a_013.txt,neto
a_013.txt,concorrido
a_013.txt,historico
a_013.txt,passando
a_013.txt,sidos
a_013.txt,deixou
a_013.txt,abrigam
a_013.txt,privado
a_013.txt,camila
a_013.txt,autenticacao
a_013.txt,observo
a_013.txt,subterraneo
a_013.txt,regimentais
a_013.txt,doutrina
a_013.txt,concretizam
a_013.txt,compreendidos
a_013.txt,hipoteses
a_013.txt,gustavo
a_013.txt,permanente
a_013.txt,sessoes
a_013.txt,delineada
a_013.txt,retorica
a_013.txt,definitiva
a_013.txt,constituiu
a_013.txt,analisada
a_013.txt,nitidos
a_013.txt,aproximar
a_013.txt,egoistico
a_013.txt,inutilizar
a_013.txt,admissibilidade
a_013.txt,arrolados
a_013.txt,receber
a_013.txt,querelados
a_013.txt,consideracao
a_013.txt,narracao
a_013.txt,submetido
a_013.txt,juris
a_013.txt,passou
a_013.txt,modificacao
a_013.txt,instalacoes
a_013.txt,essas
a_013.txt,tentaram
a_013.txt,letargia
a_013.txt,movido
a_013.txt,investigatorio
a_013.txt,inteiro
a_013.txt,sprays
a_013.txt,volitivo
a_013.txt,acesso
a_013.txt,apreendeu
a_013.txt,conjunto
a_013.txt,voltadas
a_013.txt,anibal
a_013.txt,transacoes
a_013.txt,informacao
a_013.txt,paises
a_013.txt,matheus
a_013.txt,financiadores
a_013.txt,estabelecendo
a_013.txt,bem
a_013.txt,alinea
a_013.txt,estrutura
a_013.txt,daquele
a_013.txt,antidemocraticos
a_013.txt,importantes
a_013.txt,silencio
a_013.txt,renato
a_013.txt,comandantes
a_013.txt,sistemas
a_013.txt,consagrados
a_013.txt,joseph
a_013.txt,merecem
a_013.txt,consiste
a_013.txt,breve
a_013.txt,apf
a_013.txt,aplicativos
a_013.txt,pautadas
a_013.txt,acessorios
a_013.txt,dar
a_013.txt,remanesce
a_013.txt,agrupamento
a_013.txt,possui
a_013.txt,convencer
a_013.txt,decidiu
a_013.txt,adotando
a_013.txt,principio
a_013.txt,formuladas
a_013.txt,concedida
a_013.txt,saudoso
a_013.txt,mandamento
a_013.txt,dirigida
a_013.txt,texto
a_013.txt,termos
a_013.txt,consigna
a_013.txt,junho
a_013.txt,originariamente
a_013.txt,multitudinario
a_013.txt,praca
a_013.txt,dificuldades
a_013.txt,estavam
a_013.txt,britto
a_013.txt,ublico
a_013.txt,asseverar
a_013.txt,trafico
a_013.txt,certeza
a_013.txt,fundamentos
a_013.txt,determinaram
a_013.txt,associacao
a_013.txt,proclamadas
a_013.txt,salvaguardar
a_013.txt,lado
a_013.txt,andamento
a_013.txt,suposta
a_013.txt,episodios
a_013.txt,lamina
a_013.txt,proprios
a_013.txt,arquivo
a_013.txt,observadas
a_013.txt,injusto
a_013.txt,confere
a_013.txt,ix
a_013.txt,estar
a_013.txt,barreiras
a_013.txt,paralelo
a_013.txt,inciso
a_013.txt,provas
a_013.txt,aniquilar
a_013.txt,garante
a_013.txt,judiciario
a_013.txt,descritivamente
a_013.txt,continuidade
a_013.txt,anotou
a_013.txt,tomadas
a_013.txt,deixado
a_013.txt,portanto
a_013.txt,instigacao
a_013.txt,tiranicos
a_013.txt,verificada
a_013.txt,mencionadas
a_013.txt,infracoes
a_013.txt,abaixo
a_013.txt,relevo
a_013.txt,mente
a_013.txt,exercida
a_013.txt,arremessava
a_013.txt,administrativo
a_013.txt,invadiram
a_013.txt,punido
a_013.txt,aglomeracoes
a_013.txt,integrante
a_013.txt,passa
a_013.txt,difusa
a_013.txt,proporcoes
a_013.txt,fraudulentas
a_013.txt,capaz
a_013.txt,atlas
a_013.txt,enhor
a_013.txt,executores
a_013.txt,cabera
a_013.txt,acusatoria
a_013.txt,gilmar
a_013.txt,feito
a_013.txt,interviesse
a_013.txt,reportados
a_013.txt,nullum
a_013.txt,suspeitos
a_013.txt,erros
a_013.txt,cometimento
a_013.txt,poderao
a_013.txt,jorginho
a_013.txt,precisa
a_013.txt,mirabete
a_013.txt,verifique
a_013.txt,acabar
a_013.txt,quebraram
a_013.txt,signatario
a_013.txt,falou
a_013.txt,formarem
a_013.txt,fundacao
a_013.txt,declarante
a_013.txt,rezar
a_013.txt,baseada
a_013.txt,doacoes
a_013.txt,contrarias
a_013.txt,indenizacao
a_013.txt,solicitada
a_013.txt,passiveis
a_013.txt,componentes
a_013.txt,censura
a_013.txt,imprensa
a_013.txt,igual
a_013.txt,ora
a_013.txt,discriminacao
a_013.txt,joelheiras
a_013.txt,lavratura
a_013.txt,dialogos
a_013.txt,delinquenciais
a_013.txt,toron
a_013.txt,restringir
a_013.txt,relativo
a_013.txt,empresa
a_013.txt,designios
a_013.txt,investigatoria
a_013.txt,depredado
a_013.txt,pedaco
a_013.txt,utilizados
a_013.txt,preservacao
a_013.txt,detinha
a_013.txt,carpetes
a_013.txt,empreitada
a_013.txt,jose
a_013.txt,detrimento
a_013.txt,dissolucao
a_013.txt,comprimento
a_013.txt,partir
a_013.txt,originalmente
a_013.txt,vandalizavam
a_013.txt,tendencia
a_013.txt,detidas
a_013.txt,direcionado
a_013.txt,condicao
a_013.txt,fazia
a_013.txt,consultor
a_013.txt,assunsao
a_013.txt,departamento
a_013.txt,reiterada
a_013.txt,domiciano
a_013.txt,mera
a_013.txt,meio
a_013.txt,alcool
a_013.txt,acessaram
a_013.txt,grave
a_013.txt,deparou
a_013.txt,insubsistente
a_013.txt,https
a_013.txt,jaez
a_013.txt,gp
a_013.txt,paragrafo
a_013.txt,pacote
a_013.txt,democratico
a_013.txt,figuram
a_013.txt,concreto
a_013.txt,nada
a_013.txt,incompleta
a_013.txt,serios
a_013.txt,vaper
a_013.txt,ressalvado
a_013.txt,examine
a_013.txt,imposto
a_013.txt,detentoras
a_013.txt,mensagens
a_013.txt,romper
a_013.txt,enquanto
a_013.txt,divulg
a_013.txt,parlamentares
a_013.txt,judicialmente
a_013.txt,criminis
a_013.txt,integrantes
a_013.txt,basicamente
a_013.txt,arte
a_013.txt,lucenir
a_013.txt,alargando
a_013.txt,piso
a_013.txt,composta
a_013.txt,diferentes
a_013.txt,jan
a_013.txt,capitulacao
a_013.txt,mantinham
a_013.txt,gerado
a_013.txt,restrito
a_013.txt,atipicidade
a_013.txt,omissao
a_013.txt,contravencoes
a_013.txt,diferenca
a_013.txt,grupo
a_013.txt,sustenta
a_013.txt,utilizavam
a_013.txt,waiapi
a_013.txt,disponibilizacao
a_013.txt,tenente
a_013.txt,recentemente
a_013.txt,composto
a_013.txt,filmes
a_013.txt,concertem
a_013.txt,contem
a_013.txt,implique
a_013.txt,coacusados
a_013.txt,direcionada
a_013.txt,negativo
a_013.txt,ambas
a_013.txt,mes
a_013.txt,transforme
a_013.txt,cardoso
a_013.txt,procedimentos
a_013.txt,vislumbro
a_013.txt,arquivamento
a_013.txt,embargos
a_013.txt,verificacao
a_013.txt,motivo
a_013.txt,juvenal
a_013.txt,opuseram
a_013.txt,informe
a_013.txt,lumen
a_013.txt,exerceu
a_013.txt,terreo
a_013.txt,advir
a_013.txt,fogo
a_013.txt,tese
a_013.txt,afiada
a_013.txt,luis
a_013.txt,precario
a_013.txt,principalmente
a_013.txt,acrescento
a_013.txt,conhecimento
a_013.txt,identificada
a_013.txt,ilicito
a_013.txt,nucleos
a_013.txt,indireta
a_013.txt,irracionalidade
a_013.txt,delraux
a_013.txt,contraproducente
a_013.txt,utilitarista
a_013.txt,bruno
a_013.txt,supor
a_013.txt,controlar
a_013.txt,tipicas
a_013.txt,aludido
a_013.txt,crimes
a_013.txt,agora
a_013.txt,turba
a_013.txt,consolidada
a_013.txt,assegura
a_013.txt,operacao
a_013.txt,risiveis
a_013.txt,procederam
a_013.txt,convencida
a_013.txt,estejam
a_013.txt,seguindo
a_013.txt,violado
a_013.txt,criminalizadas
a_013.txt,malfadada
a_013.txt,viatura
a_013.txt,autoria
a_013.txt,adv
a_013.txt,governo
a_013.txt,respectivos
a_013.txt,debaixo
a_013.txt,tematico
a_013.txt,mencionado
a_013.txt,insurgencia
a_013.txt,eliminar
a_013.txt,habeas
a_013.txt,finalmente
a_013.txt,falsas
a_013.txt,observado
a_013.txt,on
a_013.txt,queixa
a_013.txt,criminosos
a_013.txt,certidao
a_013.txt,ultimos
a_013.txt,restritiva
a_013.txt,munido
a_013.txt,aferivel
a_013.txt,proced
a_013.txt,consumacao
a_013.txt,ocupado
a_013.txt,passo
a_013.txt,esse
a_013.txt,xiv
a_013.txt,bitencourt
a_013.txt,venias
a_013.txt,claudinei
a_013.txt,salienta
a_013.txt,conexao
a_013.txt,fachin
a_013.txt,gisele
a_013.txt,preventivas
a_013.txt,completa
a_013.txt,petistas
a_013.txt,bernardes
a_013.txt,otavio
a_013.txt,apoio
a_013.txt,encontrado
a_013.txt,aquela
a_013.txt,nascido
a_013.txt,relativas
a_013.txt,ignominiosos
a_013.txt,organizou
a_013.txt,butano
a_013.txt,notificado
a_013.txt,acolhe
a_013.txt,arguicao
a_013.txt,reclamado
a_013.txt,corpus
a_013.txt,inviavel
a_013.txt,elas
a_013.txt,edicoes
a_013.txt,anteriores
a_013.txt,delinquente
a_013.txt,realce
a_013.txt,objetivas
a_013.txt,artistico
a_013.txt,cooperacao
a_013.txt,preenchimento
a_013.txt,massas
a_013.txt,investidos
a_013.txt,indicadas
a_013.txt,exporei
a_013.txt,ante
a_013.txt,infracao
a_013.txt,conceito
a_013.txt,excitacoes
a_013.txt,manifestacao
a_013.txt,investigam
a_013.txt,badaro
a_013.txt,standard
a_013.txt,palacio_do_planalto
a_013.txt,solicitou
a_013.txt,narre
a_013.txt,grades
a_013.txt,culposos
a_013.txt,gilvan
a_013.txt,contidos
a_013.txt,maos
a_013.txt,ilustro
a_013.txt,anexados
a_013.txt,kicis
a_013.txt,rc
a_013.txt,tarde
a_013.txt,linchamentos
a_013.txt,itens
a_013.txt,sido
a_013.txt,qo
a_013.txt,dotado
a_013.txt,obrigatoriedade
a_013.txt,relacionados
a_013.txt,diferencia
a_013.txt,extincao
a_013.txt,pp
a_013.txt,criminal
a_013.txt,citados
a_013.txt,atenderam
a_013.txt,posicoes
a_013.txt,praticou
a_013.txt,facil
a_013.txt,desviou
a_013.txt,nelas
a_013.txt,necessarios
a_013.txt,volta
a_013.txt,diferenciacao
a_013.txt,artefatos
a_013.txt,prosseguindo
a_013.txt,lide
a_013.txt,introducao
a_013.txt,ter
a_013.txt,assegurado
a_013.txt,xavier
a_013.txt,integralmente
a_013.txt,ilegais
a_013.txt,relacao
a_013.txt,ministerio
a_013.txt,informa
a_013.txt,fabbrini
a_013.txt,discurso
a_013.txt,orienta
a_013.txt,marcelo
a_013.txt,futebol
a_013.txt,irracional
a_013.txt,xvii
a_013.txt,pal
a_013.txt,operacional
a_013.txt,depende
a_013.txt,sedes
a_013.txt,metal
a_013.txt,mochilas
a_013.txt,oriundas
a_013.txt,rua
a_013.txt,formulacao
a_013.txt,infames
a_013.txt,acao
a_013.txt,olhos
a_013.txt,golpe
a_013.txt,violenta
a_013.txt,lacrimogenio
a_013.txt,interesse
a_013.txt,pelo
a_013.txt,fardados
a_013.txt,questao
a_013.txt,racionalidade
a_013.txt,autuados
a_013.txt,derecho
a_013.txt,este
a_013.txt,conhecer
a_013.txt,aqui
a_013.txt,pontiaguda
a_013.txt,execucao
a_013.txt,abrigo
a_013.txt,josiel
a_013.txt,testemunhas
a_013.txt,investigacao
a_013.txt,promover
a_013.txt,executadas
a_013.txt,pessoal
a_013.txt,sugerir
a_013.txt,vitima
a_013.txt,limitar
a_013.txt,idoneos
a_013.txt,condicoes
a_013.txt,acusador
a_013.txt,arremessados
a_013.txt,inocente
a_013.txt,dotada
a_013.txt,delito
a_013.txt,martins
a_013.txt,definitivo
a_013.txt,figuras
a_013.txt,bandeira
a_013.txt,empregados
a_013.txt,varios
a_013.txt,dominio
a_013.txt,confirma
a_013.txt,lucas
a_013.txt,jovem
a_013.txt,seguiu
a_013.txt,inepcia
a_013.txt,ataques
a_013.txt,permitiu
a_013.txt,clear
a_013.txt,coinvestigado
a_013.txt,informou
a_013.txt,integridade
a_013.txt,cargo
a_013.txt,estabelecido
a_013.txt,radio
a_013.txt,atingem
a_013.txt,xv
a_013.txt,conceitos
a_013.txt,confeccao
a_013.txt,agalhaes
a_013.txt,apresenta
a_013.txt,exterior
a_013.txt,joao
a_013.txt,divulgacao
a_013.txt,contribuem
a_013.txt,adaptando
a_013.txt,municipio
a_013.txt,ingressou
a_013.txt,barbosa
a_013.txt,parlamento
a_013.txt,avancando
a_013.txt,encontrar
a_013.txt,vezes
a_013.txt,organizassem
a_013.txt,governar
a_013.txt,romperam
a_013.txt,indefinida
a_013.txt,delituosa
a_013.txt,parlamentar
a_013.txt,esgotaria
a_013.txt,iv
a_013.txt,nele
a_013.txt,paz
a_013.txt,compass
a_013.txt,greco
a_013.txt,coautores
a_013.txt,motivados
a_013.txt,desloca
a_013.txt,incompetentes
a_013.txt,sorte
a_013.txt,citada
a_013.txt,exibia
a_013.txt,xvi
a_013.txt,tristes
a_013.txt,etc
a_013.txt,lott
a_013.txt,nitida
a_013.txt,destacar
a_013.txt,acusados
a_013.txt,fragoso
a_013.txt,pleito
a_013.txt,investigarem
a_013.txt,instalacao
a_013.txt,seguinte
a_013.txt,manutencao
a_013.txt,impropriedade
a_013.txt,reforcos
a_013.txt,visao
a_013.txt,atendimento
a_013.txt,agentes
a_013.txt,reunir
a_013.txt,proxima
a_013.txt,irrompeu
a_013.txt,quimicas
a_013.txt,responsabilizacao
a_013.txt,converte
a_013.txt,tinham
a_013.txt,evitar
a_013.txt,comandante
a_013.txt,representacao
a_013.txt,lucivaldo
a_013.txt,direito
a_013.txt,fundamentacao
a_013.txt,jurgem
a_013.txt,apontar
a_013.txt,deve
a_013.txt,liderarem
a_013.txt,imputar
a_013.txt,desprovido
a_013.txt,influenciar
a_013.txt,visualizou
a_013.txt,nem
a_013.txt,participante
a_013.txt,nucleares
a_013.txt,trinta
a_013.txt,envolvem
a_013.txt,foro
a_013.txt,preparatoria
a_013.txt,estilingue
a_013.txt,alves
a_013.txt,oportuno
a_013.txt,codigo
a_013.txt,politicos
a_013.txt,principais
a_013.txt,prosseguimento
a_013.txt,oferecidas
a_013.txt,faca
a_013.txt,imputado
a_013.txt,gustave
a_013.txt,desconhecer
a_013.txt,cometidos
a_013.txt,destas
a_013.txt,concerne
a_013.txt,intransponiveis
a_013.txt,consagra
a_013.txt,proibir
a_013.txt,nossos
a_013.txt,juridicamente
a_013.txt,agrediram
a_013.txt,depois
a_013.txt,ministerial
a_013.txt,crianca
a_013.txt,dispositivo
a_013.txt,perigo
a_013.txt,distribuida
a_013.txt,detido
a_013.txt,presumir
a_013.txt,reveste
a_013.txt,individualizados
a_013.txt,numa
a_013.txt,aprovacao
a_013.txt,incorporados
a_013.txt,balas
a_013.txt,ana
a_013.txt,democraticos
a_013.txt,dialogico
a_013.txt,indicar
a_013.txt,regionais
a_013.txt,relato
a_013.txt,comento
a_013.txt,chamada
a_013.txt,subjetivos
a_013.txt,revelar
a_013.txt,inimigos
a_013.txt,tomada
a_013.txt,discricionariedade
a_013.txt,nilo
a_013.txt,adrede
a_013.txt,naturalidade
a_013.txt,instrumental
a_013.txt,magistrado
a_013.txt,aprovado
a_013.txt,gravosas
a_013.txt,populares
a_013.txt,fernando
a_013.txt,demonstrados
a_013.txt,pagamento
a_013.txt,academia
a_013.txt,sinalizam
a_013.txt,voltados
a_013.txt,individualizadamente
a_013.txt,individuais
a_013.txt,historica
a_013.txt,publica
a_013.txt,denunciar
a_013.txt,esquemas
a_013.txt,desagregador
a_013.txt,concorrer
a_013.txt,fechado
a_013.txt,dissolver
a_013.txt,concorreu
a_013.txt,convertida
a_013.txt,individualizado
a_013.txt,ressaltei
a_013.txt,inegavel
a_013.txt,tautologia
a_013.txt,posteriores
a_013.txt,servico
a_013.txt,casagrande
a_013.txt,correspondente
a_013.txt,ditatoriais
a_013.txt,apreciacao
a_013.txt,coletiva
a_013.txt,afastamento
a_013.txt,geraldo
a_013.txt,existir
a_013.txt,ano
a_013.txt,ruptura
a_013.txt,invasoes
a_013.txt,continencia
a_013.txt,administracao
a_013.txt,recebimentos
a_013.txt,dissolvem
a_013.txt,neste
a_013.txt,pratica
a_013.txt,presas
a_013.txt,extensao
a_013.txt,registro
a_013.txt,publicos
a_013.txt,recebimento
a_013.txt,tampouco
a_013.txt,decorrencia
a_013.txt,acervo
a_013.txt,homicidio
a_013.txt,relativa
a_013.txt,eventuais
a_013.txt,filmagens
a_013.txt,internos
a_013.txt,aurelio
a_013.txt,preventiva
a_013.txt,rtj
a_013.txt,juizos
a_013.txt,pessoas
a_013.txt,contas
a_013.txt,eventos
a_013.txt,qualificacao
a_013.txt,momento
a_013.txt,agravante
a_013.txt,atraida
a_013.txt,minimamente
a_013.txt,ofertadas
a_013.txt,identifiquei
a_013.txt,foram
a_013.txt,palavras
a_013.txt,comissao
a_013.txt,conhecido
a_013.txt,supressao
a_013.txt,chegando
a_013.txt,diferem
a_013.txt,necessidade
a_013.txt,cabiveis
a_013.txt,responsabilizar
a_013.txt,ditadura
a_013.txt,obrigado
a_013.txt,acontecido
a_013.txt,mantiveram
a_013.txt,tutela
a_013.txt,fator
a_013.txt,detidos
a_013.txt,comumente
a_013.txt,definicao
a_013.txt,fixadas
a_013.txt,opositores
a_013.txt,acordos
a_013.txt,servidor
a_013.txt,procedesse
a_013.txt,quadro
a_013.txt,delimitada
a_013.txt,efensor
a_013.txt,declaracao
a_013.txt,narra
a_013.txt,projetou
a_013.txt,permita
a_013.txt,origem
a_013.txt,transicao
a_013.txt,acessando
a_013.txt,contra
a_013.txt,aquelas
a_013.txt,atraves
a_013.txt,ingressado
a_013.txt,mandado
a_013.txt,venia
a_013.txt,consolidar
a_013.txt,superada
a_013.txt,familiares
a_013.txt,peticao
a_013.txt,tentados
a_013.txt,frascos
a_013.txt,seguintes
a_013.txt,reis
a_013.txt,grillo
a_013.txt,sumaria
a_013.txt,promulgada
a_013.txt,criminosa
a_013.txt,agravada
a_013.txt,revista_esmp
a_013.txt,propostas
a_013.txt,galvao
a_013.txt,subordina
a_013.txt,concorrendo
a_013.txt,protestos
a_013.txt,constitucionalidade
a_013.txt,emissao
a_013.txt,apoiado
a_013.txt,tendo
a_013.txt,outubro
a_013.txt,note
a_013.txt,peculiaridades
a_013.txt,interrogando
a_013.txt,agente
a_013.txt,mantendo
a_013.txt,fiscalizacao
a_013.txt,ffeeddeerraall
a_013.txt,guarneciam
a_013.txt,correspondencia
a_013.txt,informativo
a_013.txt,protegia
a_013.txt,pe
a_013.txt,derivada
a_013.txt,pudesse
a_013.txt,excluindo
a_013.txt,constituindo
a_013.txt,defensiva
a_013.txt,aparelho
a_013.txt,humanas
a_013.txt,possibilidade
a_013.txt,abstrata
a_013.txt,extintores
a_013.txt,paridade
a_013.txt,afirma
a_013.txt,relevante
a_013.txt,multifaria
a_013.txt,cheio
a_013.txt,encarregado
a_013.txt,incursos
a_013.txt,grifei
a_013.txt,efetuou
a_013.txt,cupula
a_013.txt,prematura
a_013.txt,jato
a_013.txt,fatica
a_013.txt,existencia
a_013.txt,transformar
a_013.txt,convertem
a_013.txt,reconheceu
a_013.txt,cota
a_013.txt,chegar
a_013.txt,pessoa
a_013.txt,evi
a_013.txt,oronha
a_013.txt,integrado
a_013.txt,estarao
a_013.txt,frase
a_013.txt,manha
a_013.txt,flagrados
a_013.txt,diverso
a_013.txt,barricadas
a_013.txt,integrava
a_013.txt,chegado
a_013.txt,diversas
a_013.txt,conseguir
a_013.txt,unica
a_013.txt,condenatorio
a_013.txt,custodiadas
a_013.txt,relatou
a_013.txt,manifestamente
a_013.txt,praticavam
a_013.txt,peticionar
a_013.txt,proprio
a_013.txt,assumir
a_013.txt,apuradas
a_013.txt,empregada
a_013.txt,vistas
a_013.txt,objetivar
a_013.txt,individuos
a_013.txt,situacao
a_013.txt,empregado
a_013.txt,fase
a_013.txt,responsabilizados
a_013.txt,acba
a_013.txt,encontravam
a_013.txt,disse
a_013.txt,possuir
a_013.txt,casas
a_013.txt,sexagesimo
a_013.txt,adentraram
a_013.txt,manifestando
a_013.txt,referidos
a_013.txt,apto
a_013.txt,incompetencia
a_013.txt,presente
a_013.txt,edoc
a_013.txt,praticar
a_013.txt,positivista
a_013.txt,fernanda
a_013.txt,eletronico
a_013.txt,carmen
a_013.txt,elevado
a_013.txt,essencial
a_013.txt,cabendo
a_013.txt,meus
a_013.txt,autores
a_013.txt,bancaria
a_013.txt,ampliativas
a_013.txt,tela
a_013.txt,pleiteando
a_013.txt,melo
a_013.txt,carta
a_013.txt,opcao
a_013.txt,ativa
a_013.txt,armazens
a_013.txt,eduardo
a_013.txt,vol
a_013.txt,depoimentos
a_013.txt,estritamente
a_013.txt,perpetradas
a_013.txt,juntas
a_013.txt,prevencao
a_013.txt,chefe
a_013.txt,analise
a_013.txt,acoes
a_013.txt,santana
a_013.txt,primavera
a_013.txt,motivadamente
a_013.txt,fixas
a_013.txt,regime
a_013.txt,coisa
a_013.txt,apreendidos
a_013.txt,atuais
a_013.txt,destaco
a_013.txt,revolucao
a_013.txt,jurisprudencia
a_013.txt,consistente
a_013.txt,desafio
a_013.txt,correus
a_013.txt,referido
a_013.txt,identifico
a_013.txt,impede
a_013.txt,legislador
a_013.txt,recursos
a_013.txt,amarela
a_013.txt,prisoes
a_013.txt,tratado
a_013.txt,exerca
a_013.txt,desmembramento
a_013.txt,atos
a_013.txt,aperfeicoadas
a_013.txt,delinquentes
a_013.txt,engendrado
a_013.txt,utro
a_013.txt,nucleo
a_013.txt,reforcou
a_013.txt,difundidos
a_013.txt,medidas
a_013.txt,prognostico
a_013.txt,grau
a_013.txt,nvest
a_013.txt,negociacao
a_013.txt,faze
a_013.txt,convencimento
a_013.txt,seio
a_013.txt,subissem
a_013.txt,dada
a_013.txt,novos
a_013.txt,espera
a_013.txt,pesem
a_013.txt,restritivamente
a_013.txt,ultimo
a_013.txt,noticiadas
a_013.txt,disseram
a_013.txt,atividades
a_013.txt,inscrita
a_013.txt,interino
a_013.txt,peca
a_013.txt,reviravam
a_013.txt,si
a_013.txt,ponta
a_013.txt,exaustiva
a_013.txt,quantidade
a_013.txt,delitos
a_013.txt,minima
a_013.txt,extraprocessual
a_013.txt,proprias
a_013.txt,desvio
a_013.txt,reu
a_013.txt,incursao
a_013.txt,peticoes
a_013.txt,provisoria
a_013.txt,termo
a_013.txt,direto
a_013.txt,dezembro
a_013.txt,situada
a_013.txt,efeito
a_013.txt,queimar
a_013.txt,ilegitimidade
a_013.txt,divergir
a_013.txt,captacao
a_013.txt,estaca
a_013.txt,ameacas
a_013.txt,perseguicao
a_013.txt,influir
a_013.txt,necessariamente
a_013.txt,sociedade
a_013.txt,c
a_013.txt,valores
a_013.txt,crueldade
a_013.txt,vidros
a_013.txt,mista
a_013.txt,detem
a_013.txt,consonancia
a_013.txt,apreensoes
a_013.txt,girao
a_013.txt,instaurar
a_013.txt,virtuais
a_013.txt,acaba
a_013.txt,circunstancialmente
a_013.txt,imaterial
a_013.txt,competente
a_013.txt,cognitivos
a_013.txt,caracterizarem
a_013.txt,legitimo
a_013.txt,deliberar
a_013.txt,amarelado
a_013.txt,jurisdicional
a_013.txt,supostamente
a_013.txt,deveriam
a_013.txt,preta
a_013.txt,agregacoes
a_013.txt,patrimonio
a_013.txt,genericas
a_013.txt,entrada
a_013.txt,cel
a_013.txt,obstar
a_013.txt,atribuido
a_013.txt,barroso
a_013.txt,publicado
a_013.txt,massa
a_013.txt,identificar
a_013.txt,rj
a_013.txt,araujo
a_013.txt,capital
a_013.txt,deliberacao
a_013.txt,julho
a_013.txt,parassem
a_013.txt,investigar
a_013.txt,interpretadas
a_013.txt,imobilizados
a_013.txt,concentracao
a_013.txt,estatal
a_013.txt,transito
a_013.txt,esgotar
a_013.txt,alem
a_013.txt,subjacentes
a_013.txt,exercito
a_013.txt,concretizacao
a_013.txt,avistarem
a_013.txt,condutor
a_013.txt,cercadas
a_013.txt,interligados
a_013.txt,possibilitem
a_013.txt,incisos
a_013.txt,reclamacao
a_013.txt,empregou
a_013.txt,revogado
a_013.txt,julgados
a_013.txt,ouvido
a_013.txt,alcancar
a_013.txt,aptos
a_013.txt,disso
a_013.txt,sequer
a_013.txt,generica
a_013.txt,atentatorias
a_013.txt,imiscuir
a_013.txt,bonavides
a_013.txt,devendo
a_013.txt,ze
a_013.txt,dissertando
a_013.txt,raca
a_013.txt,havido
a_013.txt,provocar
a_013.txt,ressarcir
a_013.txt,imprecisamente
a_013.txt,informadas
a_013.txt,elastica
a_013.txt,delibatoria
a_013.txt,ed
a_013.txt,cadeiras
a_013.txt,krity
a_013.txt,mencao
a_013.txt,plano
a_013.txt,predisposicao
a_013.txt,dita
a_013.txt,preconceito
a_013.txt,exercerao
a_013.txt,confirmou
a_013.txt,rf
a_013.txt,diretas
a_013.txt,indicado
a_013.txt,inexistir
a_013.txt,encontram
a_013.txt,carvalho
a_013.txt,muneris
a_013.txt,formulou
a_013.txt,denominados
a_013.txt,atribuidas
a_013.txt,rejeicao
a_013.txt,mantidas
a_013.txt,projeto
a_013.txt,podera
a_013.txt,barbara
a_013.txt,terca
a_013.txt,favoravelmente
a_013.txt,afonso
a_013.txt,livre
a_013.txt,originaria
a_013.txt,presidencial
a_013.txt,vandalizassem
a_013.txt,concessionaria
a_013.txt,rigor
a_013.txt,penas
a_013.txt,tecnicas
a_013.txt,nesta
a_013.txt,democraticas
a_013.txt,verticalizar
a_013.txt,alice
a_013.txt,relacionadas
a_013.txt,formalizado
a_013.txt,esteio
a_013.txt,comecaram
a_013.txt,p
a_013.txt,mortais
a_013.txt,ocorrido
a_013.txt,convergencias
a_013.txt,reafirmo
a_013.txt,pretensoes
a_013.txt,mendes
a_013.txt,brito
a_013.txt,renovando
a_013.txt,seguir
a_013.txt,providencias
a_013.txt,traziam
a_013.txt,rel
a_013.txt,francisco
a_013.txt,temperamentos
a_013.txt,remetidos
a_013.txt,pr
a_013.txt,descreva
a_013.txt,stiffung
a_013.txt,legislativas
a_013.txt,apta
a_013.txt,garantias
a_013.txt,competencia
a_013.txt,caseiras
a_013.txt,modelos
a_013.txt,obstante
a_013.txt,traduz
a_013.txt,orgao
a_013.txt,usurpar
a_013.txt,aparecem
a_013.txt,maleficio
a_013.txt,independentemente
a_013.txt,transitoria
a_013.txt,razao
a_013.txt,estreita
a_013.txt,diversa
a_013.txt,tratava
a_013.txt,usar
a_013.txt,novamente
a_013.txt,produziu
a_013.txt,comando
a_013.txt,autorias
a_013.txt,aplicado
a_013.txt,aponta
a_013.txt,estabeleceu
a_013.txt,fundada
a_013.txt,materias
a_013.txt,sleeping
a_013.txt,protegidos
a_013.txt,altura
a_013.txt,tiveram
a_013.txt,weimar
a_013.txt,igualdade
a_013.txt,individuo
a_013.txt,associadas
a_013.txt,aptidao
a_013.txt,grifos
a_013.txt,suficientemente
a_013.txt,escritas
a_013.txt,previsto
a_013.txt,ouvidos
a_013.txt,pregando
a_013.txt,consuma
a_013.txt,advogados
a_013.txt,nara
a_013.txt,croudfunding
a_013.txt,diretor
a_013.txt,ocasioes
a_013.txt,situacoes
a_013.txt,amparo
a_013.txt,desconhece
a_013.txt,funcionou
a_013.txt,s
a_013.txt,transcrevo
a_013.txt,escoltados
a_013.txt,apontamento
a_013.txt,consideravel
a_013.txt,paginas
a_013.txt,estabeleca
a_013.txt,reconheceram
a_013.txt,cita
a_013.txt,aparentando
a_013.txt,mundo
a_013.txt,imbricadas
a_013.txt,sudamerica
a_013.txt,conseguinte
a_013.txt,estadio
a_013.txt,desejavel
a_013.txt,consignar
a_013.txt,acompanho
a_013.txt,g
a_013.txt,lii
a_013.txt,afirmarem
a_013.txt,observancia
a_013.txt,narradas
a_013.txt,conduzidas
a_013.txt,negocial
a_013.txt,concluo
a_013.txt,tocante
a_013.txt,buscava
a_013.txt,segura
a_013.txt,alegadamente
a_013.txt,ninguem
a_013.txt,alterado
a_013.txt,aspecto
a_013.txt,variados
a_013.txt,deitada
a_013.txt,proporcionalidade
a_013.txt,passamos
a_013.txt,dai
a_013.txt,formular
a_013.txt,racionalizar
a_013.txt,constituir
a_013.txt,imputadas
a_013.txt,residiria
a_013.txt,manter
a_013.txt,normativa
a_013.txt,preve
a_013.txt,ressalte
a_013.txt,propano
a_013.txt,validade
a_013.txt,ocorra
a_013.txt,funcionais
a_013.txt,somente
a_013.txt,incriminacao
a_013.txt,fez
a_013.txt,externo
a_013.txt,prestados
a_013.txt,estendeu
a_013.txt,candido
a_013.txt,insuficiencia
a_013.txt,revogada
a_013.txt,tracando
a_013.txt,rony
a_013.txt,cotas
a_013.txt,logica
a_013.txt,funcionario
a_013.txt,rt
a_013.txt,so
a_013.txt,vanderly
a_013.txt,bloqueio
a_013.txt,respectivamente
a_013.txt,atentar
a_013.txt,introduzidas
a_013.txt,atenuadas
a_013.txt,amplamente
a_013.txt,ideologia
a_013.txt,rev
a_013.txt,devidas
a_013.txt,transcorreu
a_013.txt,distintas
a_013.txt,investigativo
a_013.txt,tidos
a_013.txt,opta
a_013.txt,contencao
a_013.txt,inconstitucionalidade
a_013.txt,caput
a_013.txt,responderao
a_013.txt,cm
a_013.txt,tentado
a_013.txt,generis
a_013.txt,noticias
a_013.txt,arguem
a_013.txt,inovacoes
a_013.txt,tramitavam
a_013.txt,autorizada
a_013.txt,saida
a_013.txt,cometa
a_013.txt,jean
a_013.txt,municoes
a_013.txt,lancados
a_013.txt,apuracao
a_013.txt,repudio
a_013.txt,produzidas
a_013.txt,bis
a_013.txt,tipificacao
a_013.txt,distribuidos
a_013.txt,acionamento
a_013.txt,fuga
a_013.txt,parcialmente
a_013.txt,criminosas
a_013.txt,instaurado
a_013.txt,embrionario
a_013.txt,vinculada
a_013.txt,preservando
a_013.txt,descrita
a_013.txt,visibilidade
a_013.txt,juiz
a_013.txt,litis
a_013.txt,anulam
a_013.txt,sera
a_013.txt,ressalvadas
a_013.txt,especifico
a_013.txt,imputacao
a_013.txt,instigadores
a_013.txt,ajuizamento
a_013.txt,havendo
a_013.txt,canal
a_013.txt,narrar
a_013.txt,desfavor
a_013.txt,ramos
a_013.txt,prensadas
a_013.txt,subitaneidade
a_013.txt,discutidos
a_013.txt,http
a_013.txt,ampl
a_013.txt,sub
a_013.txt,interromper
a_013.txt,junior
a_013.txt,defendido
a_013.txt,rescisoria
a_013.txt,pretensamente
a_013.txt,infratores
a_013.txt,sobretudo
a_013.txt,depoimento
a_013.txt,liga
a_013.txt,afirmaram
a_013.txt,menta
a_013.txt,alineas
a_013.txt,integralidade
a_013.txt,pacifica
a_013.txt,discutir
a_013.txt,penalistas
a_013.txt,coletivos
a_013.txt,total
a_013.txt,forense
a_013.txt,baladeira
a_013.txt,acertada
a_013.txt,indicacao
a_013.txt,ameacaram
a_013.txt,culpabilidade
a_013.txt,final
a_013.txt,civil
a_013.txt,insurreicoes
a_013.txt,gerou
a_013.txt,titular
a_013.txt,modalidade
a_013.txt,quid
a_013.txt,visto
a_013.txt,crowdfunding
a_013.txt,agressiva
a_013.txt,remeter
a_013.txt,eleicoes
a_013.txt,utilizada
a_013.txt,abrangente
a_013.txt,cassimiro
a_013.txt,vigencia
a_013.txt,estando
a_013.txt,atuar
a_013.txt,linhas
a_013.txt,empirico
a_013.txt,diffamandi
a_013.txt,maneira
a_013.txt,complexidades
a_013.txt,quis
a_013.txt,circuito
a_013.txt,regular
a_013.txt,capitulo
a_013.txt,lexandre
a_013.txt,inqs
a_013.txt,independentes
a_013.txt,incerto
a_013.txt,comportamento
a_013.txt,deterioracao
a_013.txt,conjur
a_013.txt,indistintamente
a_013.txt,abono
a_013.txt,rios
a_013.txt,lideres
a_013.txt,computadores
a_013.txt,vidro
a_013.txt,revelaria
a_013.txt,formalmente
a_013.txt,disponivel
a_013.txt,esqui
a_013.txt,auxilio
a_013.txt,onibus
a_013.txt,pego
a_013.txt,outras
a_013.txt,multidao
a_013.txt,magalhaes
a_013.txt,republica
a_013.txt,proposta
a_013.txt,vinculos
a_013.txt,entrar
a_013.txt,elator
a_013.txt,deteriorados
a_013.txt,constatada
a_013.txt,regulada
a_013.txt,direcionando
a_013.txt,expressamente
a_013.txt,lewandowski
a_013.txt,transgressao
a_013.txt,abarcando
a_013.txt,estado
a_013.txt,auxiliar
a_013.txt,sentencas
a_013.txt,vi
a_013.txt,escrutinio
a_013.txt,ambientes
a_013.txt,universal
a_013.txt,retaguarda
a_013.txt,fundos
a_013.txt,metro
a_013.txt,inocentes
a_013.txt,celular
a_013.txt,paes
a_013.txt,leciona
a_013.txt,claras
a_013.txt,julgador
a_013.txt,parente
a_013.txt,especificamente
a_013.txt,praticaram
a_013.txt,exposta
a_013.txt,propriamente
a_013.txt,colaboracao
a_013.txt,ocorrencia
a_013.txt,imagens
a_013.txt,relativos
a_013.txt,formula
a_013.txt,reforca
a_013.txt,soberania
a_013.txt,esbarra
a_013.txt,analisar
a_013.txt,manifestacoes
a_013.txt,conveniencia
a_013.txt,identificado
a_013.txt,cisao
a_013.txt,documentos
a_013.txt,frustracao
a_013.txt,tecnologia
a_013.txt,sacrificio
a_013.txt,locus
a_013.txt,aco
a_013.txt,ayres
a_013.txt,natale
a_013.txt,consideravelmente
a_013.txt,redutor
a_013.txt,favorecer
a_013.txt,submeter
a_013.txt,tratar
a_013.txt,iguais
a_013.txt,pretensos
a_013.txt,desenvolveram
a_013.txt,rotam
a_013.txt,meses
a_013.txt,qualquer
a_013.txt,traduzida
a_013.txt,xxvii
a_013.txt,disponibilizado
a_013.txt,senha
a_013.txt,gradativamente
a_013.txt,ocasiao
a_013.txt,agressoes
a_013.txt,denuncia
a_013.txt,inseridos
a_013.txt,acusacoes
a_013.txt,derivados
a_013.txt,takahashi
a_013.txt,suficiente
a_013.txt,domingues
a_013.txt,importa
a_013.txt,abrindo
a_013.txt,reprimindo
a_013.txt,logistica
a_013.txt,adesao
a_013.txt,distincao
a_013.txt,proponderance
a_013.txt,proceder
a_013.txt,determinacao
a_013.txt,aeronautica
a_013.txt,ja
a_013.txt,producao
a_013.txt,spina
a_013.txt,tipificara
a_013.txt,considerando
a_013.txt,policiais
a_013.txt,ameaca
a_013.txt,designio
a_013.txt,apurar
a_013.txt,explicou
a_013.txt,necessita
a_013.txt,jurisprudencial
a_013.txt,prosperar
a_013.txt,tipo
a_013.txt,tempos
a_013.txt,subjetivo
a_013.txt,nota
a_013.txt,democraticamente
a_013.txt,sc
a_013.txt,ideologicas
a_013.txt,forcaram
a_013.txt,inviolabilidade
a_013.txt,multitudinaria
a_013.txt,instituicao
a_013.txt,atentam
a_013.txt,fernandes
a_013.txt,evidencia
a_013.txt,cessado
a_013.txt,cabo
a_013.txt,dentre
a_013.txt,salvo
a_013.txt,grupos
a_013.txt,eis
a_013.txt,legal
a_013.txt,desses
a_013.txt,confessado
a_013.txt,zavascki
a_013.txt,espacos
a_013.txt,corrupcao
a_013.txt,realcei
a_013.txt,atuou
a_013.txt,exteriorizado
a_013.txt,reuniu
a_013.txt,revolucionaria
a_013.txt,chegada
a_013.txt,exterminio
a_013.txt,diagnostico
a_013.txt,decano
a_013.txt,oeste
a_013.txt,decorrentes
a_013.txt,rogerio
a_013.txt,scatolino
a_013.txt,amplo
a_013.txt,regimentos
a_013.txt,dirceu
a_013.txt,diario
a_013.txt,controle
a_013.txt,mascaras
a_013.txt,clara
a_013.txt,armada
a_013.txt,persecutorios
a_013.txt,expos
a_013.txt,discriminatorias
a_013.txt,fadada
a_013.txt,possivel
a_013.txt,risco
a_013.txt,contraditorio
a_013.txt,calunia
a_013.txt,posicionou
a_013.txt,circunstancia
a_013.txt,elementar
a_013.txt,fux
a_013.txt,conexos
a_013.txt,frente
a_013.txt,bastante
a_013.txt,mandados
a_013.txt,felipe
a_013.txt,evitando
a_013.txt,apreco
a_013.txt,instituicoes
a_013.txt,deriva
a_013.txt,empresas
a_013.txt,pura
a_013.txt,cpmi
a_013.txt,saques
a_013.txt,objetos
a_013.txt,agindo
a_013.txt,mascara
a_013.txt,observam
a_013.txt,supervisao
a_013.txt,obriga
a_013.txt,dj
a_013.txt,percuciente
a_013.txt,presuncao
a_013.txt,produzido
a_013.txt,penso
a_013.txt,instituto
a_013.txt,coacao
a_013.txt,diz
a_013.txt,ficaria
a_013.txt,formas
a_013.txt,limitam
a_013.txt,potencial
a_013.txt,subsuntiva
a_013.txt,originario
a_013.txt,processamentos
a_013.txt,soma
a_013.txt,revelarem
a_013.txt,trecho
a_013.txt,php
a_013.txt,suponha
a_013.txt,vedar
a_013.txt,inumeras
a_013.txt,territorial
a_013.txt,problemas
a_013.txt,prisao
a_013.txt,major
a_013.txt,pretender
a_013.txt,prevista
a_013.txt,dignidade
a_013.txt,celso
a_013.txt,sigilosos
a_013.txt,cito
a_013.txt,posicionamento
a_013.txt,insuflar
a_013.txt,absoluta
a_013.txt,confiar
a_013.txt,referendo
a_013.txt,preciosa
a_013.txt,ampla
a_013.txt,dv
a_013.txt,achados
a_013.txt,dentro
a_013.txt,apreendido
a_013.txt,leandro
a_013.txt,bejes
a_013.txt,redigidos
a_013.txt,pmdb
a_013.txt,essenciais
a_013.txt,formacao
a_013.txt,estadual
a_013.txt,respectivas
a_013.txt,atual
a_013.txt,firmada
a_013.txt,imoveis
a_013.txt,nocoes
a_013.txt,deparar
a_013.txt,conclusoes
a_013.txt,regulamentadora
a_013.txt,andou
a_013.txt,apontado
a_013.txt,lane
a_013.txt,alegacoes
a_013.txt,presentes
a_013.txt,especie
a_013.txt,pcdf
a_013.txt,contornou
a_013.txt,premeditacao
a_013.txt,crescente
a_013.txt,esportiva
a_013.txt,consumado
a_013.txt,destituicao
a_013.txt,nomes
a_013.txt,ativantes
a_013.txt,coordenacao
a_013.txt,passado
a_013.txt,esquizofrenia
a_013.txt,onus
a_013.txt,cortante
a_013.txt,compreensivel
a_013.txt,casa
a_013.txt,contrario
a_013.txt,condicional
a_013.txt,praca_dos_tres_poderes
a_013.txt,vermelha
a_013.txt,naquela
a_013.txt,existente
a_013.txt,influencia
a_013.txt,rjesmpsp
a_013.txt,efetivas
a_013.txt,permissa
a_013.txt,encontrava
a_013.txt,profundamente
a_013.txt,autarquia
a_013.txt,edificios
a_013.txt,pesca
a_013.txt,executorios
a_013.txt,filho
a_013.txt,processos
a_013.txt,saio
a_013.txt,efetiva
a_013.txt,eminente
a_013.txt,vinculacao
a_013.txt,extrai
a_013.txt,inqueritos
a_013.txt,configura
a_013.txt,ilicitos
a_013.txt,caracterizada
a_013.txt,divulgadas
a_013.txt,significa
a_013.txt,condenacao
a_013.txt,estava
a_013.txt,invariavelmente
a_013.txt,tipificada
a_013.txt,mote
a_013.txt,brasil
a_013.txt,previamente
a_013.txt,passagens
a_013.txt,reconstrucao
a_013.txt,descabe
a_013.txt,imputa
a_013.txt,redacao
a_013.txt,conjectura
a_013.txt,acolhido
a_013.txt,kelvis
a_013.txt,levi
a_013.txt,ofereceu
a_013.txt,causacao
a_013.txt,motivada
a_013.txt,assiste
a_013.txt,correu
a_013.txt,provedores
a_013.txt,rosa
a_013.txt,descobrir
a_013.txt,delas
a_013.txt,cpf
a_013.txt,bombinhas
a_013.txt,lastro
a_013.txt,haviam
a_013.txt,persecutoria
a_013.txt,conseguiram
a_013.txt,motivacao
a_013.txt,orosimbo
a_013.txt,anselmo
a_013.txt,autoriza
a_013.txt,utilizadas
a_013.txt,liame
a_013.txt,provocaram
a_013.txt,persecutorio
a_013.txt,face
a_013.txt,completamente
a_013.txt,objetivando
a_013.txt,moises
a_013.txt,estavel
a_013.txt,recusa
a_013.txt,atingir
a_013.txt,cpp
a_013.txt,custa
a_013.txt,guarda
a_013.txt,travados
a_013.txt,articulado
a_013.txt,punibilidade
a_013.txt,insucesso
a_013.txt,los
a_013.txt,ademais
a_013.txt,condutores
a_013.txt,todas
a_013.txt,luz
a_013.txt,aprecie
a_013.txt,forca
a_013.txt,bloqueios
a_013.txt,conquista
a_013.txt,descrito
a_013.txt,rebatendo
a_013.txt,delituoso
a_013.txt,forem
a_013.txt,distante
a_013.txt,declarou
a_013.txt,pendentes
a_013.txt,distinto
a_013.txt,hostilizado
a_013.txt,imbuidas
a_013.txt,kabinettsjustiz
a_013.txt,alternativa
a_013.txt,mostrar
a_013.txt,juntou
a_013.txt,ofensivas
a_013.txt,trabalhar
a_013.txt,pequenas
a_013.txt,pondo
a_013.txt,ministerios
a_013.txt,tema
a_013.txt,associarem
a_013.txt,compartilhamento
a_013.txt,insuficiente
a_013.txt,minudentes
a_013.txt,dando
a_013.txt,criminologia
a_013.txt,praxe
a_013.txt,minimo
a_013.txt,utiliza
a_013.txt,seguranca
a_013.txt,juridico
a_013.txt,preceitos
a_013.txt,davi
a_013.txt,deslocamento
a_013.txt,citou
a_013.txt,exagesimo
a_013.txt,vontade
a_013.txt,evidenciado
a_013.txt,conteudo
a_013.txt,conhecam
a_013.txt,papel
a_013.txt,excepcional
a_013.txt,tomar
a_013.txt,exerceram
a_013.txt,assunto
a_013.txt,movidas
a_013.txt,sujeita
a_013.txt,x
a_013.txt,movimentos
a_013.txt,indigna
a_013.txt,manifesto
a_013.txt,vieram
a_013.txt,incendio
a_013.txt,saque
a_013.txt,lixeiras
a_013.txt,constituidos
a_013.txt,acender
a_013.txt,preciso
a_013.txt,separadamente
a_013.txt,horda
a_013.txt,dispoe
a_013.txt,atribuir
a_013.txt,medida
a_013.txt,injuncao
a_013.txt,ensejar
a_013.txt,adenauer
a_013.txt,legislacao
a_013.txt,atribuida
a_013.txt,lv
a_013.txt,pinacoteca
a_013.txt,devidamente
a_013.txt,envolvidas
a_013.txt,vandalizados
a_013.txt,revogadas
a_013.txt,proibi
a_013.txt,favor
a_013.txt,domestica
a_013.txt,guiga
a_013.txt,declaratoria
a_013.txt,insinuar
a_013.txt,vinculo
a_013.txt,organizacoes
a_013.txt,tramite
a_013.txt,dominus
a_013.txt,distrito
a_013.txt,descurar
a_013.txt,feitos
a_013.txt,particular
a_013.txt,dispositivos
a_013.txt,piloto
a_013.txt,paula
a_013.txt,base
a_013.txt,direciona
a_013.txt,atenuada
a_013.txt,modo
a_013.txt,detalhado
a_013.txt,intimidacao
a_013.txt,atiraram
a_013.txt,ambiente
a_013.txt,percebeu
a_013.txt,multitudinarios
a_013.txt,circunstancias
a_013.txt,criminalidade
a_013.txt,interpretacoes
a_013.txt,br
a_013.txt,capazes
a_013.txt,regula
a_013.txt,minimizar
a_013.txt,agregacao
a_013.txt,eleito
a_013.txt,terrorismo
a_013.txt,regularmente
a_013.txt,sorteio
a_013.txt,chegarem
a_013.txt,grazia
a_013.txt,vandre
a_013.txt,preparacao
a_013.txt,incorporadas
a_013.txt,derrubada
a_013.txt,textos
a_013.txt,refutar
a_013.txt,tunel
a_013.txt,indiscutivel
a_013.txt,instrumento
a_013.txt,envio
a_013.txt,leitura
a_013.txt,corpo
a_013.txt,especificas
a_013.txt,participantes
a_013.txt,penal
a_013.txt,estagio
a_013.txt,enganam
a_013.txt,aplica
a_013.txt,assessora
a_013.txt,compreensao
a_013.txt,aderiu
a_013.txt,edificio
a_013.txt,natural
a_013.txt,recebidas
a_013.txt,apresentada
a_013.txt,seguido
a_013.txt,explosiva
a_013.txt,descrever
a_013.txt,violencia
a_013.txt,tramitem
a_013.txt,desmembrou
a_013.txt,informada
a_013.txt,exerce
a_013.txt,teor
a_013.txt,ambito
a_013.txt,judicio
a_013.txt,davam
a_013.txt,dele
a_013.txt,valido
a_013.txt,cometido
a_013.txt,prescricoes
a_013.txt,drogas
a_013.txt,colegiado
a_013.txt,servidora
a_013.txt,legislativos
a_013.txt,senado
a_013.txt,ex
a_013.txt,repiso
a_013.txt,reais
a_013.txt,elo
a_013.txt,vista
a_013.txt,acampadas
a_013.txt,particulares
a_013.txt,ccbc
a_013.txt,direta
a_013.txt,subsecao
a_013.txt,assistente
a_013.txt,ido
a_013.txt,dias
a_013.txt,fisicos
a_013.txt,volume
a_013.txt,escala
a_013.txt,franca
a_013.txt,augusto
a_013.txt,critico
a_013.txt,visa
a_013.txt,quantos
a_013.txt,hierarquicamente
a_013.txt,lo
a_013.txt,cumprimento
a_013.txt,permanece
a_013.txt,motivos
a_013.txt,trata
a_013.txt,permanencia
a_013.txt,propor
a_013.txt,ilustram
a_013.txt,persecutio
a_013.txt,economia
a_013.txt,alerta
a_013.txt,cuidando
a_013.txt,excluir
a_013.txt,nosso
a_013.txt,sitio
a_013.txt,norma
a_013.txt,indiciaria
a_013.txt,atinentes
a_013.txt,baseadas
a_013.txt,tempo
a_013.txt,nnoo
a_013.txt,viabilidade
a_013.txt,publicas
a_013.txt,interessados
a_013.txt,propositos
a_013.txt,rejeitar
a_013.txt,englobada
a_013.txt,oficio
a_013.txt,desceram
a_013.txt,rememorar
a_013.txt,minimos
a_013.txt,mauricio
a_013.txt,concretamente
a_013.txt,verifico
a_013.txt,proferido
a_013.txt,partidos
a_013.txt,oriundos
a_013.txt,flerta
a_013.txt,traco
a_013.txt,prescinde
a_013.txt,organizarem
a_013.txt,auxiliando
a_013.txt,envolvidos
a_013.txt,v
a_013.txt,assegurar
a_013.txt,sentenciado
a_013.txt,votei
a_013.txt,coator
a_013.txt,excecao
a_013.txt,ruina
a_013.txt,ms
a_013.txt,avanco
a_013.txt,impossibilitar
a_013.txt,linha
a_013.txt,inadmissibilidade
a_013.txt,mestre
a_013.txt,tranquilidade
a_013.txt,interpretando
a_013.txt,inestimaveis
a_013.txt,identificam
a_013.txt,espirito
a_013.txt,acampar
a_013.txt,calculo
a_013.txt,decreto
a_013.txt,criminalizacao
a_013.txt,compreensivas
a_013.txt,somatoria
a_013.txt,adotada
a_013.txt,antidemocratita
a_013.txt,adotados
a_013.txt,cidadaos
a_013.txt,premissa
a_013.txt,intoleravel
a_013.txt,revogando
a_013.txt,forcoso
a_013.txt,fosforo
a_013.txt,detentor
a_013.txt,caio
a_013.txt,tentativa
a_013.txt,referida
a_013.txt,distancia
a_013.txt,acompanhamento
a_013.txt,fisicas
a_013.txt,desocupar
a_013.txt,unindo
a_013.txt,deputado
a_013.txt,vislumbra
a_013.txt,estrategia
a_013.txt,diga
a_013.txt,denota
a_013.txt,adequadamente
a_013.txt,erick
a_013.txt,contera
a_013.txt,porem
a_013.txt,outra
a_013.txt,seara
a_013.txt,licao
a_013.txt,obrigacao
a_013.txt,presos
a_013.txt,atuaram
a_013.txt,nao
a_013.txt,elucidacao
a_013.txt,subjetiva
a_013.txt,corte
a_013.txt,normativas
a_013.txt,suficientes
a_013.txt,for
a_013.txt,realizacao
a_013.txt,preservar
a_013.txt,jamais
a_013.txt,artigos
a_013.txt,logrou
a_013.txt,licita
a_013.txt,disruptivos
a_013.txt,antissocial
a_013.txt,baseia
a_013.txt,janailson
a_013.txt,verdade
a_013.txt,exercer
a_013.txt,jack
a_013.txt,impedidos
a_013.txt,porticos
a_013.txt,introduzido
a_013.txt,associativo
a_013.txt,almas
a_013.txt,registros
a_013.txt,sociais
a_013.txt,carater
a_013.txt,assistimos
a_013.txt,hora
a_013.txt,destruiu
a_013.txt,ladrao
a_013.txt,area
a_013.txt,desferido
a_013.txt,espacial
a_013.txt,filipe
a_013.txt,rodrigo
a_013.txt,provavelmente
a_013.txt,duvidas
a_013.txt,ensinado
a_013.txt,aplicacoes
a_013.txt,megafones
a_013.txt,descricao
a_013.txt,antijuridicos
a_013.txt,palacio
a_013.txt,ofensiva
a_013.txt,efetivo
a_013.txt,fixou
a_013.txt,coletividade
a_013.txt,empregando
a_013.txt,bandeirao
a_013.txt,facilidade
a_013.txt,reclusao
a_013.txt,eemm
a_013.txt,sergio
a_013.txt,trabalho
a_013.txt,discussao
a_013.txt,tratando
a_013.txt,fossem
a_013.txt,carla
a_013.txt,convocando
a_013.txt,haver
a_013.txt,expoe
a_013.txt,tentar
a_013.txt,faticas
a_013.txt,invest
a_013.txt,rio
a_013.txt,elementares
a_013.txt,destrui
a_013.txt,vinculado
a_013.txt,taffarello
a_013.txt,coronel
a_013.txt,sujeito
a_013.txt,cumpre
a_013.txt,cuidam
a_013.txt,faticos
a_013.txt,tratadas
a_013.txt,carneiro
a_013.txt,instituir
a_013.txt,seja
a_013.txt,eram
a_013.txt,intervencao
a_013.txt,ateado
a_013.txt,constato
a_013.txt,privatividade
a_013.txt,bombas
a_013.txt,gasolina
a_013.txt,compete
a_013.txt,envolva
a_013.txt,querelante
a_013.txt,emenda
a_013.txt,organizada
a_013.txt,sairiam
a_013.txt,fisicamente
a_013.txt,garantindo
a_013.txt,judiciarios
a_013.txt,razoaveis
a_013.txt,imputando
a_013.txt,freitas
a_013.txt,tipos
a_013.txt,cometidas
a_013.txt,sujeitos
a_013.txt,paineis
a_013.txt,sp
a_013.txt,desconsiderar
a_013.txt,satisfaz
a_013.txt,weber
a_013.txt,mesma
a_013.txt,bens
a_013.txt,deflagracao
a_013.txt,abolicao
a_013.txt,divisao
a_013.txt,alguem
a_013.txt,criteriosa
a_013.txt,ligada
a_013.txt,relatados
a_013.txt,teriam
a_013.txt,certamente
a_013.txt,comunicacoes
a_013.txt,in
a_013.txt,esclarecimentos
a_013.txt,faustino
a_013.txt,contornos
a_013.txt,estudos
a_013.txt,oitiva
a_013.txt,incitadores
a_013.txt,rigorosamente
a_013.txt,programa
a_013.txt,licoes
a_013.txt,transcender
a_013.txt,idosos
a_013.txt,estaduais
a_013.txt,pensamento
a_013.txt,assumidos
a_013.txt,criadas
a_013.txt,passar
a_013.txt,esteja
a_013.txt,regras
a_013.txt,monumental
a_013.txt,apoderar
a_013.txt,xliv
a_013.txt,historicamente
a_013.txt,culpa
a_013.txt,andrade
a_013.txt,mencionados
a_013.txt,verbas
a_013.txt,impende
a_013.txt,placa
a_013.txt,aqueles
a_013.txt,demais
a_013.txt,categorica
a_013.txt,usurpacao
a_013.txt,doacordao
a_013.txt,condenar
a_013.txt,magisterio
a_013.txt,abordou
a_013.txt,trovao
a_013.txt,armados
a_013.txt,seculo
a_013.txt,congresso_nacional
a_013.txt,investida
a_013.txt,standards
a_013.txt,recuando
a_013.txt,tropas
a_013.txt,secundaria
a_013.txt,vesperas
a_013.txt,permanecer
a_013.txt,firmadas
a_013.txt,extremidade
a_013.txt,mitigacao
a_013.txt,composicao
a_013.txt,sustentada
a_013.txt,arroladas
a_013.txt,ordem
a_013.txt,minha
a_013.txt,chumbadas
a_013.txt,punivel
a_013.txt,rd
a_013.txt,rapida
a_013.txt,incerta
a_013.txt,merece
a_013.txt,tenho
a_013.txt,ddee
a_013.txt,democracia
a_013.txt,requisitos
a_013.txt,bope
a_013.txt,declaracoes
a_013.txt,traumatica
a_013.txt,dividindo
a_013.txt,instauracao
a_013.txt,rocha
a_013.txt,outro
a_013.txt,totalidade
a_013.txt,telefone
a_013.txt,indissolubilidade
a_013.txt,vara
a_013.txt,tratados
a_013.txt,ausente
a_013.txt,insuflamento
a_013.txt,quanto
a_013.txt,produzidos
a_013.txt,remetam
a_013.txt,ingressaram
a_013.txt,degradado
a_013.txt,lembrado
a_013.txt,agressivo
a_013.txt,informativos
a_013.txt,permaneceriam
a_013.txt,evento
a_013.txt,recursais
a_013.txt,pluralismo
a_013.txt,entender
a_013.txt,semelhanca
a_013.txt,condao
a_013.txt,mutualmente
a_013.txt,congresso
a_013.txt,animus
a_013.txt,via
a_013.txt,declaradamente
a_013.txt,mesmos
a_013.txt,esclareceu
a_013.txt,passagem
a_013.txt,infere
a_013.txt,probatorio
a_013.txt,imbuidos
a_013.txt,antonio
a_013.txt,gravissima
a_013.txt,cabivel
a_013.txt,refere
a_013.txt,fixada
a_013.txt,balaclava
a_013.txt,pretende
a_013.txt,sintetizados
a_013.txt,desrespeito
a_013.txt,nulificante
a_013.txt,resultem
a_013.txt,coerente
a_013.txt,chegou
a_013.txt,esteril
a_013.txt,reproduzido
a_013.txt,proibida
a_013.txt,deposicao
a_013.txt,penais
a_013.txt,executando
a_013.txt,fiquei
a_013.txt,obice
a_013.txt,dependendo
a_013.txt,sancionados
a_013.txt,anoto
a_013.txt,fazer
a_013.txt,apreensao
a_013.txt,propriedade
a_013.txt,agiam
a_013.txt,declinio
a_013.txt,giants
a_013.txt,caminho
a_013.txt,possibilidades
a_013.txt,afirmar
a_013.txt,derrubar
a_013.txt,descreve
a_013.txt,ratificar
a_013.txt,transgressor
a_013.txt,salientar
a_013.txt,importado
a_013.txt,narrativa
a_013.txt,previstos
a_013.txt,narraram
a_013.txt,defensor
a_013.txt,investido
a_013.txt,judiciaria
a_013.txt,protegido
a_013.txt,excepcionalidade
a_013.txt,domestico
a_013.txt,descartavel
a_013.txt,tribunais
a_013.txt,elieser
a_013.txt,formalizados
a_013.txt,pre
a_013.txt,adequa
a_013.txt,principiem
a_013.txt,informatio
a_013.txt,entendimento
a_013.txt,legalmente
a_013.txt,departamentos
a_013.txt,referencia
a_013.txt,apresentarem
a_013.txt,anderson
a_013.txt,interamericana
a_013.txt,processar
a_013.txt,inclusive
a_013.txt,bradavam
a_013.txt,inicialmente
a_013.txt,preocupado
a_013.txt,lei
a_013.txt,jornalista
a_013.txt,juizo
a_013.txt,enunciacao
a_013.txt,maj
a_013.txt,b
a_013.txt,saido
a_013.txt,comprovar
a_013.txt,infraconstitucional
a_013.txt,falar
a_013.txt,inflamavel
a_013.txt,tange
a_013.txt,especializada
a_013.txt,nq
a_013.txt,entra
a_013.txt,res
a_013.txt,loci
a_013.txt,fibra
a_013.txt,ro
a_013.txt,anos
a_013.txt,limitados
a_013.txt,lemes
a_013.txt,impedir
a_013.txt,indicada
a_013.txt,posse
a_013.txt,arts
a_013.txt,conclusao
a_013.txt,denunciada
a_013.txt,revista
a_013.txt,acontecimentos
a_013.txt,minudenciar
a_013.txt,permite
a_013.txt,ilegalidade
a_013.txt,primarios
a_013.txt,produzir
a_013.txt,contudo
a_013.txt,milhoes
a_013.txt,interpretacao
a_013.txt,premissas
a_013.txt,conforme
a_013.txt,vislumbrar
a_013.txt,abandonar
a_013.txt,pretensao
a_013.txt,acusatorias
a_013.txt,enfrentamento
a_013.txt,sutil
a_013.txt,forcas
a_013.txt,pensamentos
a_013.txt,apenas
a_013.txt,expressao
a_013.txt,furor
a_013.txt,raciocinio
a_013.txt,legalidade
a_013.txt,discorrer
a_013.txt,acionado
a_013.txt,real
a_013.txt,lisboa
a_013.txt,nessa
a_013.txt,excepcionais
a_013.txt,defensoria
a_013.txt,irrompido
a_013.txt,amolda
a_013.txt,submetidos
a_013.txt,criar
a_013.txt,fundados
a_013.txt,jardim
a_013.txt,entradas
a_013.txt,igreja
a_013.txt,associado
a_013.txt,concerto
a_013.txt,caiado
a_013.txt,feriado
a_013.txt,livremente
a_013.txt,realizada
a_013.txt,exclusao
a_013.txt,otoni
a_013.txt,observe
a_013.txt,editora
a_013.txt,aparente
a_013.txt,representa
a_013.txt,determinar
a_013.txt,assentou
a_013.txt,houvessem
a_013.txt,pontuado
a_013.txt,alcanca
a_013.txt,entretanto
a_013.txt,movimentacao
a_013.txt,contemplada
a_013.txt,veiculadas
a_013.txt,regressar
a_013.txt,nunca
a_013.txt,bolinhas
a_013.txt,estaria
a_013.txt,inistro
a_013.txt,reunidos
a_013.txt,traducao
a_013.txt,embora
a_013.txt,petrobras
a_013.txt,cientifica
a_013.txt,doubt
a_013.txt,inscricao
a_013.txt,flexibiliza
a_013.txt,minucias
a_013.txt,tais
a_013.txt,orientacao
a_013.txt,trabalhos
a_013.txt,denunciadas
a_013.txt,conformadores
a_013.txt,destruir
a_013.txt,consentanea
a_013.txt,adota
a_013.txt,substituidas
a_013.txt,ines
a_013.txt,periodo
a_013.txt,eixo
a_013.txt,coordenador
a_013.txt,amarelo
a_013.txt,proprietarios
a_013.txt,concretude
a_013.txt,fakhoury
a_013.txt,daquelas
a_013.txt,lotado
a_013.txt,assinalo
a_013.txt,posta
a_013.txt,recepcionando
a_013.txt,detalhar
a_013.txt,inumeros
a_013.txt,consolidou
a_013.txt,pecar
a_013.txt,bon
a_013.txt,nega
a_013.txt,daquela
a_013.txt,equipamentos
a_013.txt,examinar
a_013.txt,institutos
a_013.txt,teorias
a_013.txt,ali
a_013.txt,animos
a_013.txt,sine
a_013.txt,pessoais
a_013.txt,utor
a_013.txt,propositura
a_013.txt,provimento
a_013.txt,curso
a_013.txt,admitindo
a_013.txt,prestadas
a_013.txt,delinquencial
a_013.txt,nela
a_013.txt,manifesta
a_013.txt,nenhum
a_013.txt,pressupostos
a_013.txt,consoante
a_013.txt,conclui
a_013.txt,genericamente
a_013.txt,amoldariam
a_013.txt,figura
a_013.txt,embrionaria
a_013.txt,correspondentes
a_013.txt,estrangeira
a_013.txt,responsaveis
a_013.txt,possuem
a_013.txt,internamente
a_013.txt,prossigo
a_013.txt,ficando
a_013.txt,adotou
a_013.txt,locais
a_013.txt,encontraram
a_013.txt,vem
a_013.txt,produzida
a_013.txt,disciplina
a_013.txt,desde
a_013.txt,regramento
a_013.txt,defender
a_013.txt,imposicao
a_013.txt,indiciariamente
a_013.txt,tornando
a_013.txt,previsao
a_013.txt,konrad
a_013.txt,caca
a_013.txt,estruturantes
a_013.txt,federais
a_013.txt,preliminares
a_013.txt,acrescentaram
a_013.txt,conceicao
a_013.txt,uniforme
a_013.txt,negarem
a_013.txt,isto
a_013.txt,reserva
a_013.txt,pelas
a_013.txt,deputados
a_013.txt,incitacao
a_013.txt,comprobatorios
a_013.txt,subsidiariamente
a_013.txt,persecutor
a_013.txt,fatos
a_013.txt,inquisitorial
a_013.txt,pretendia
a_013.txt,linda
a_013.txt,fatico
a_013.txt,saliento
a_013.txt,determinadas
a_013.txt,peco
a_013.txt,superintendencia
a_013.txt,jesse
a_013.txt,depoentes
a_013.txt,colho
a_013.txt,superficial
a_013.txt,estruturas
a_013.txt,claro
a_013.txt,utilizaram
a_013.txt,lavrado
a_013.txt,investigado
a_013.txt,cigarro
a_013.txt,gregorio
a_013.txt,recuaram
a_013.txt,tipificado
a_013.txt,individualizacao
a_013.txt,reunidas
a_013.txt,transitiva
a_013.txt,conhecidos
a_013.txt,estabelecia
a_013.txt,cada
a_013.txt,cabia
a_013.txt,provisorio
a_013.txt,comissivas
a_013.txt,autorizando
a_013.txt,entanto
a_013.txt,evidence
a_013.txt,verbos
a_013.txt,argumentando
a_013.txt,still
a_013.txt,mg
a_013.txt,toca
a_013.txt,ensejo
a_013.txt,minudente
a_013.txt,jornalistas
a_013.txt,aplicacao
a_013.txt,zavaschi
a_013.txt,ocorre
a_013.txt,ratione
a_013.txt,chaves
a_013.txt,dorival
a_013.txt,eventualmente
a_013.txt,odor
a_013.txt,revelam
a_013.txt,deducta
a_013.txt,harmonicos
a_013.txt,atos_antidemocraticos
a_013.txt,pedacos
a_013.txt,guerra
a_013.txt,civis
a_013.txt,alguns
a_013.txt,examinando
a_013.txt,continua
a_013.txt,extraio
a_013.txt,ecebimento
a_013.txt,exposto
a_013.txt,claudio
a_013.txt,accusatorum
a_013.txt,independente
a_013.txt,propriedades
a_013.txt,grilo
a_013.txt,entregaram
a_013.txt,imitacao
a_013.txt,deixar
a_013.txt,politica
a_013.txt,revisao
a_013.txt,anteriormente
a_013.txt,consequencia
a_013.txt,acompanham
a_013.txt,incursoes
a_013.txt,central
a_013.txt,possibilitando
a_013.txt,persecucao
a_013.txt,tipificados
a_013.txt,quarenta
a_013.txt,asp
a_013.txt,multa
a_013.txt,margem
a_013.txt,friso
a_013.txt,transformando
a_013.txt,reprovacao
a_013.txt,intimacao
a_013.txt,depreende
a_013.txt,indefinido
a_013.txt,elemento
a_013.txt,arma
a_013.txt,conduzido
a_013.txt,durante
a_013.txt,republicanos
a_013.txt,indevidas
a_013.txt,cumpriria
a_013.txt,citacoes
a_013.txt,integracao
a_013.txt,eventual
a_013.txt,cumplice
a_013.txt,instancia
a_013.txt,compoem
a_013.txt,determinou
a_013.txt,especificaram
a_013.txt,influencias
a_013.txt,estrito
a_013.txt,mim
a_013.txt,roger
a_013.txt,aniquilamento
a_013.txt,repele
a_013.txt,vazamento
a_013.txt,instituidas
a_013.txt,peixoto
a_013.txt,raro
a_013.txt,assuncao
a_013.txt,concedendo
a_013.txt,agosto
a_013.txt,recebendo
a_013.txt,citado
a_013.txt,telefonica
a_013.txt,arquitetonicas
a_013.txt,junio
a_013.txt,auxiliis
a_013.txt,ve
a_013.txt,jair
a_013.txt,n
a_013.txt,acompanhado
a_013.txt,delitiva
a_013.txt,culminaram
a_013.txt,deflagrada
a_013.txt,discriminatoria
a_013.txt,inviabilizar
a_013.txt,destinatario
a_013.txt,constitucional
a_013.txt,oliveira
a_013.txt,desviados
a_013.txt,armadas
a_013.txt,alojadas
a_013.txt,inviabilidade
a_013.txt,restando
a_013.txt,superiores
a_013.txt,perseguicoes
a_013.txt,pensam
a_013.txt,atacar
a_013.txt,espantarao
a_013.txt,voluntario
a_013.txt,comandada
a_013.txt,integral
a_013.txt,phillipe
a_013.txt,submetidas
a_013.txt,objetivo
a_013.txt,integrar
a_013.txt,libellum
a_013.txt,reputo
a_013.txt,substancialmente
a_013.txt,indiretamente
a_013.txt,azul
a_013.txt,jornal
a_013.txt,ivone
a_013.txt,relacionado
a_013.txt,pecas
a_013.txt,condenado
a_013.txt,extraem
a_013.txt,digital
a_013.txt,conducao
a_013.txt,realmente
a_013.txt,afastar
a_013.txt,probatorios
a_013.txt,demonstra
a_013.txt,estipuladas
a_013.txt,propria
a_013.txt,putsch
a_013.txt,indispensaveis
a_013.txt,andar
a_013.txt,afinidades
a_013.txt,editada
a_013.txt,celebracao
a_013.txt,querer
a_013.txt,narrado
a_013.txt,notei
a_013.txt,lhes
a_013.txt,confira
a_013.txt,rainha
a_013.txt,tercio
a_013.txt,vantagem
a_013.txt,verifica
a_013.txt,varias
a_013.txt,dogma
a_013.txt,ocupar
a_013.txt,normativo
a_013.txt,estabelecidas
a_013.txt,pressionar
a_013.txt,exigencia
a_013.txt,sustentou
a_013.txt,causar
a_013.txt,pais
a_013.txt,unidos
a_013.txt,batista
a_013.txt,justifica
a_013.txt,criminalizar
a_013.txt,prolatado
a_013.txt,conter
a_013.txt,critica
a_013.txt,durabilidade
a_013.txt,obras
a_013.txt,sistematicamente
a_013.txt,enfatizar
a_013.txt,convem
a_013.txt,protagonizados
a_013.txt,tive
a_013.txt,restricao
a_013.txt,detentora
a_013.txt,territorio
a_013.txt,apetrechos
a_013.txt,co
a_013.txt,informacoes
a_013.txt,caro
a_013.txt,identificacao
a_013.txt,evidente
a_013.txt,encaminhassem
a_013.txt,verificados
a_013.txt,anpp
a_013.txt,convencao
a_013.txt,residual
a_013.txt,padroes
a_013.txt,friggi
a_013.txt,impunidade
a_013.txt,abr
a_013.txt,mobiliario
a_013.txt,predios
a_013.txt,envolvo
a_013.txt,atuando
a_013.txt,computando
a_013.txt,notificacao
a_013.txt,emblematica
a_013.txt,associar
a_013.txt,gabriel
a_013.txt,derivadas
a_013.txt,manual
a_013.txt,siqueira
a_013.txt,perpetrada
a_013.txt,classificado
a_013.txt,morais
a_013.txt,pelotao
a_013.txt,furtados
a_013.txt,probatorias
a_013.txt,pano
a_013.txt,zambelli
a_013.txt,alaor
a_013.txt,moura
a_013.txt,complementares
a_013.txt,exato
a_013.txt,politico
a_013.txt,brasileiros
a_013.txt,jaqueline
a_013.txt,identificavel
a_013.txt,geovana
a_013.txt,pets
a_013.txt,iniciais
a_013.txt,caracterizando
a_013.txt,vender
a_013.txt,sem
a_013.txt,homens
a_013.txt,permitir
a_013.txt,custodia
a_013.txt,indica
a_013.txt,imputados
a_013.txt,permitindo
a_013.txt,potencialmente
a_013.txt,procedente
a_013.txt,mt
a_013.txt,configurar
a_013.txt,istrito
a_013.txt,inisterio
a_013.txt,autonomia
a_013.txt,proferidas
a_013.txt,ratifico
a_013.txt,marinha
a_013.txt,animosidade
a_013.txt,falando
a_013.txt,fornecido
a_013.txt,reconhecimento
a_013.txt,citacao
a_013.txt,estimou
a_013.txt,armazenados
a_013.txt,institucional
a_013.txt,reiteracao
a_013.txt,incorrer
a_013.txt,posteriormente
a_013.txt,diretamente
a_013.txt,amaral
a_013.txt,delegacia
a_013.txt,repudiada
a_013.txt,doacao
a_013.txt,integram
a_013.txt,iria
a_013.txt,responsabilidade
a_013.txt,mitigada
a_013.txt,autorizacao
a_013.txt,obtido
a_013.txt,cultural
a_013.txt,inutilizacao
a_013.txt,luciana
a_013.txt,independencia
a_013.txt,requerimento
a_013.txt,apurada
a_013.txt,poderia
a_013.txt,conclusiva
a_013.txt,tipica
a_013.txt,levantadas
a_013.txt,consequentemente
a_013.txt,desnecessario
a_013.txt,barra
a_013.txt,ajoelharam
a_013.txt,tv
a_013.txt,portal
a_013.txt,detras
a_013.txt,exonerado
a_013.txt,entidade
a_013.txt,promocao
a_013.txt,reconhecida
a_013.txt,invadidos
a_013.txt,basico
a_013.txt,lins
a_013.txt,oferecimento
a_013.txt,view
a_013.txt,tumulto
a_013.txt,prevento
a_013.txt,rejeito
a_013.txt,ofertar
a_013.txt,queiroz
a_013.txt,distintos
a_013.txt,cerrar
a_013.txt,estao
a_013.txt,considero
a_013.txt,acerto
a_013.txt,convincing
a_013.txt,especialmente
a_013.txt,audiencias
a_013.txt,macarico
a_013.txt,perpetrados
a_013.txt,buscar
a_013.txt,medo
a_013.txt,exatamente
a_013.txt,mesas
a_013.txt,bastando
a_013.txt,indicativos
a_013.txt,avaliar
a_013.txt,turma
a_013.txt,rodrigues
a_013.txt,tem
a_013.txt,cometerem
a_013.txt,extremamente
a_013.txt,realizava
a_013.txt,depredatorias
a_013.txt,delitivas
a_013.txt,exemplo
a_013.txt,encontrou
a_013.txt,confundido
a_013.txt,identifica
a_013.txt,raios
a_013.txt,teria
a_013.txt,consubstancia
a_013.txt,implica
a_013.txt,titularidade
a_013.txt,destacando
a_013.txt,oraes
a_013.txt,responsavel
a_013.txt,simplesmente
a_013.txt,deixa
a_013.txt,dia
a_013.txt,difere
a_013.txt,individualmente
a_013.txt,respeitosas
a_013.txt,moveis
a_013.txt,supostos
a_013.txt,fenomeno
a_013.txt,reunido
a_013.txt,pau
a_013.txt,etnico
a_013.txt,nessas
a_013.txt,poderes
a_013.txt,leonardo
a_013.txt,consignei
a_013.txt,lera
a_013.txt,algumas
a_013.txt,depor
a_013.txt,ativamente
a_013.txt,paciente
a_013.txt,pontuar
a_013.txt,pela
a_013.txt,demonstracao
a_013.txt,invadissem
a_013.txt,ainda
a_013.txt,legislativa
a_013.txt,finais
a_013.txt,convincente
a_013.txt,frentes
a_013.txt,extracao
a_013.txt,sousa
a_013.txt,primario
a_013.txt,provocados
a_013.txt,negou
a_013.txt,prestado
a_013.txt,xii
a_013.txt,nucci
a_013.txt,partido
a_013.txt,amplitude
a_013.txt,ato
a_013.txt,forma
a_013.txt,subdesenvolvidos
a_013.txt,agravo
a_013.txt,imunes
a_013.txt,legitimos
a_013.txt,antigo
a_013.txt,anuencia
a_013.txt,absolvicao
a_013.txt,grandes
a_013.txt,lugar
a_013.txt,go
a_013.txt,estabelecimento
a_013.txt,devem
a_013.txt,nacionais
a_013.txt,hino
a_013.txt,juizes
a_013.txt,feitas
a_013.txt,humano
a_013.txt,domigues
a_013.txt,acusacao
a_013.txt,aparentemente
a_013.txt,ii
a_013.txt,cinquenta
a_013.txt,emborrachado
a_013.txt,sabe
a_013.txt,participes
a_013.txt,captaram
a_013.txt,repasses
a_013.txt,colhidos
a_013.txt,atrair
a_013.txt,plurissubjetivos
a_013.txt,ofertou
a_013.txt,bastasse
a_013.txt,analisa
a_013.txt,ttrriibbuunnaall
a_013.txt,nexo
a_013.txt,juridica
a_013.txt,razoes
a_013.txt,pmdf
a_013.txt,valida
a_013.txt,ago
a_013.txt,maior
a_013.txt,consta
a_013.txt,consubstanciador
a_013.txt,ubi
a_013.txt,perguntas
a_013.txt,apuracoes
a_013.txt,negativa
a_013.txt,cuida
a_013.txt,hierarquicas
a_013.txt,espelho
a_013.txt,daqueles
a_013.txt,albuquerque
a_013.txt,ocorrendo
a_013.txt,agressao
a_013.txt,requereu
a_013.txt,legitima
a_013.txt,inq
a_013.txt,ssuupprreemmoo
a_013.txt,desdobramentos
a_013.txt,pedindo
a_013.txt,dirigiram
a_013.txt,cautelar
a_013.txt,levar
a_013.txt,justificou
a_013.txt,aumentada
a_013.txt,facilitar
a_013.txt,seculos
a_013.txt,inapta
a_013.txt,goebbels
a_013.txt,autoridades
a_013.txt,confuso
a_013.txt,gimenez
a_013.txt,dito
a_013.txt,partidarios
a_013.txt,fotografo
a_013.txt,operacoes
a_013.txt,bolsas
a_013.txt,protagonistas
a_013.txt,persecutorias
a_013.txt,invasao
a_013.txt,cogitar
a_013.txt,deslocou
a_013.txt,limpou
a_013.txt,articulada
a_013.txt,vans
a_013.txt,resp
a_013.txt,majorado
a_013.txt,danificados
a_013.txt,organizado
a_013.txt,meramente
a_013.txt,santiago
a_013.txt,pretendam
a_013.txt,novas
a_013.txt,julgado
a_013.txt,levados
a_013.txt,evidentemente
a_013.txt,inquerito
a_013.txt,totalitario
a_013.txt,extranei
a_013.txt,limites
a_013.txt,agrupados
a_013.txt,fluidas
a_013.txt,chao
a_013.txt,concretos
a_013.txt,sim
a_013.txt,afigura
a_013.txt,localizaram
a_013.txt,proximo
a_013.txt,julio
a_013.txt,costume
a_013.txt,simples
a_013.txt,tido
a_013.txt,replicado
a_013.txt,demonstradas
a_013.txt,lesao
a_013.txt,instituira
a_013.txt,porquanto
a_013.txt,caso
a_013.txt,relevar
a_013.txt,agressores
a_013.txt,meios
a_013.txt,sentaram
a_013.txt,existe
a_013.txt,barros
a_013.txt,destruido
a_013.txt,estourou
a_013.txt,mantida
a_013.txt,demonstrar
a_013.txt,desempenho
a_013.txt,conviccao
a_013.txt,trancamento
a_013.txt,ordinarias
a_013.txt,substancia
a_013.txt,urteil
a_013.txt,wendell
a_013.txt,condutas
a_013.txt,mortos
a_013.txt,havera
a_095.txt,thomson
a_095.txt,identificaram
a_095.txt,indicios
a_095.txt,verificado
a_095.txt,oferecer
a_095.txt,financiador
a_095.txt,secao
a_095.txt,ganhou
a_095.txt,criacao
a_095.txt,andre
a_095.txt,jaeger
a_095.txt,incendios
a_095.txt,rhc
a_095.txt,schawabe
a_095.txt,aguarda
a_095.txt,marcos
a_095.txt,exigidos
a_095.txt,invadiu
a_095.txt,judicial
a_095.txt,acerca
a_095.txt,presidenciais
a_095.txt,ascais
a_095.txt,legado
a_095.txt,m
a_095.txt,agredindo
a_095.txt,fisica
a_095.txt,liberal
a_095.txt,exposicao
a_095.txt,planos
a_095.txt,som
a_095.txt,swarowski
a_095.txt,inconstitucionais
a_095.txt,praticas
a_095.txt,processuais
a_095.txt,materiais
a_095.txt,precisara
a_095.txt,xix
a_095.txt,constituicao
a_095.txt,povo
a_095.txt,funcao
a_095.txt,ulia
a_095.txt,descontentes
a_095.txt,luta
a_095.txt,importante
a_095.txt,entrevista
a_095.txt,maiores
a_095.txt,delituosos
a_095.txt,comercial
a_095.txt,uiz
a_095.txt,camiseta
a_095.txt,rompimento
a_095.txt,fora
a_095.txt,policial
a_095.txt,convocaram
a_095.txt,exprime
a_095.txt,logo
a_095.txt,senhor
a_095.txt,obstrucao
a_095.txt,relaciona
a_095.txt,justificar
a_095.txt,tenham
a_095.txt,barbaras
a_095.txt,arbitrio
a_095.txt,justica
a_095.txt,livro
a_095.txt,abonados
a_095.txt,substituida
a_095.txt,fundamentada
a_095.txt,atuacao
a_095.txt,perpetuidade
a_095.txt,liberacao
a_095.txt,admitir
a_095.txt,prova
a_095.txt,investigados
a_095.txt,ocorridos
a_095.txt,finalidade
a_095.txt,rol
a_095.txt,cometer
a_095.txt,corresponde
a_095.txt,numero
a_095.txt,evidencie
a_095.txt,subsome
a_095.txt,incentivaram
a_095.txt,criticas
a_095.txt,nascida
a_095.txt,rodovia
a_095.txt,devido
a_095.txt,significativa
a_095.txt,militancia
a_095.txt,insatisfeitos
a_095.txt,unico
a_095.txt,pedras
a_095.txt,respondeu
a_095.txt,virtude
a_095.txt,truculentas
a_095.txt,aparece
a_095.txt,inicio
a_095.txt,passaram
a_095.txt,exauriente
a_095.txt,ele
a_095.txt,mobilizacoes
a_095.txt,alemas
a_095.txt,terroristas
a_095.txt,preparatorios
a_095.txt,portas
a_095.txt,proc
a_095.txt,narrando
a_095.txt,provisorias
a_095.txt,arquivos
a_095.txt,deste
a_095.txt,cozinhas
a_095.txt,prejuizo
a_095.txt,ocorria
a_095.txt,clausula
a_095.txt,berzotti
a_095.txt,determinada
a_095.txt,extrato
a_095.txt,braganca
a_095.txt,obrigatoriamente
a_095.txt,delacao
a_095.txt,ideias
a_095.txt,camaras
a_095.txt,acontecimento
a_095.txt,grande
a_095.txt,exercicio
a_095.txt,sobressaindo
a_095.txt,aderido
a_095.txt,sejam
a_095.txt,terceiros
a_095.txt,vinte
a_095.txt,instrucao
a_095.txt,asso
a_095.txt,ap
a_095.txt,reparacao
a_095.txt,cep
a_095.txt,escalada
a_095.txt,democratica
a_095.txt,consagrou
a_095.txt,urnas
a_095.txt,necessarias
a_095.txt,dano
a_095.txt,comentado
a_095.txt,feridos
a_095.txt,essencia
a_095.txt,regido
a_095.txt,sentido
a_095.txt,delibacao
a_095.txt,suficiencia
a_095.txt,veiculos
a_095.txt,nova
a_095.txt,notadamente
a_095.txt,roberto
a_095.txt,petreas
a_095.txt,emprego
a_095.txt,frederico
a_095.txt,avancaram
a_095.txt,participacao
a_095.txt,estiveram
a_095.txt,residente
a_095.txt,datas
a_095.txt,atribuidos
a_095.txt,acordam
a_095.txt,hoje
a_095.txt,min
a_095.txt,num
a_095.txt,todo
a_095.txt,eloi
a_095.txt,excecoes
a_095.txt,legitimidade
a_095.txt,nestes
a_095.txt,lula
a_095.txt,superior
a_095.txt,desejado
a_095.txt,lex
a_095.txt,ambos
a_095.txt,expressa
a_095.txt,quebra
a_095.txt,membros
a_095.txt,transacao
a_095.txt,uniao
a_095.txt,escrutinou
a_095.txt,gerando
a_095.txt,desse
a_095.txt,odilon
a_095.txt,coletanea
a_095.txt,houverem
a_095.txt,pode
a_095.txt,lhe
a_095.txt,imputou
a_095.txt,arregimentar
a_095.txt,senados
a_095.txt,criminoso
a_095.txt,presenca
a_095.txt,hostil
a_095.txt,sofrendo
a_095.txt,sendo
a_095.txt,oreira
a_095.txt,estamos
a_095.txt,manoel
a_095.txt,principios
a_095.txt,exige
a_095.txt,exaltados
a_095.txt,gas
a_095.txt,ellen
a_095.txt,resultado
a_095.txt,valor
a_095.txt,propagacao
a_095.txt,causa
a_095.txt,mello
a_095.txt,ata
a_095.txt,pena
a_095.txt,alegacao
a_095.txt,atentatorios
a_095.txt,ausencia
a_095.txt,formal
a_095.txt,rompendo
a_095.txt,ocorreu
a_095.txt,oposicao
a_095.txt,dados
a_095.txt,criancas
a_095.txt,sentissem
a_095.txt,narrou
a_095.txt,impropria
a_095.txt,natureza
a_095.txt,luiz
a_095.txt,descritos
a_095.txt,cintia
a_095.txt,tensao
a_095.txt,slomski
a_095.txt,hipotese
a_095.txt,direitos
a_095.txt,incluindo
a_095.txt,compreendido
a_095.txt,resultaram
a_095.txt,pleno
a_095.txt,budag
a_095.txt,ederal
a_095.txt,atitude
a_095.txt,intersubjetivo
a_095.txt,fica
a_095.txt,detentores
a_095.txt,apresentar
a_095.txt,devida
a_095.txt,toffoli
a_095.txt,lorivaldo
a_095.txt,manifestantes
a_095.txt,toda
a_095.txt,dupla
a_095.txt,concurso
a_095.txt,julgamento
a_095.txt,ampliaram
a_095.txt,trouxe
a_095.txt,srs
a_095.txt,acusatorio
a_095.txt,limitacao
a_095.txt,iniciativa
a_095.txt,sugestao
a_095.txt,afetada
a_095.txt,bia
a_095.txt,dalfovo
a_095.txt,policias
a_095.txt,original
a_095.txt,ocultar
a_095.txt,verbalmente
a_095.txt,imputacoes
a_095.txt,organizar
a_095.txt,nacional
a_095.txt,impossibilidade
a_095.txt,tao
a_095.txt,acampamentos
a_095.txt,necessario
a_095.txt,ofertada
a_095.txt,voluntariedade
a_095.txt,reuniao
a_095.txt,estabilidade
a_095.txt,todos
a_095.txt,haja
a_095.txt,observar
a_095.txt,aprimorando
a_095.txt,tendas
a_095.txt,legislacoes
a_095.txt,levantamento
a_095.txt,incentivo
a_095.txt,verdadeira
a_095.txt,horaria
a_095.txt,financiamento
a_095.txt,centenas
a_095.txt,artigo
a_095.txt,realizadas
a_095.txt,fixacao
a_095.txt,camara
a_095.txt,ismael
a_095.txt,alexandre
a_095.txt,ref
a_095.txt,criminais
a_095.txt,antos
a_095.txt,dado
a_095.txt,objetividade
a_095.txt,acima
a_095.txt,parquet
a_095.txt,desestimar
a_095.txt,tal
a_095.txt,realidade
a_095.txt,normas
a_095.txt,ponto
a_095.txt,estes
a_095.txt,suma
a_095.txt,ostentavam
a_095.txt,agua
a_095.txt,pista
a_095.txt,solicitado
a_095.txt,titulariza
a_095.txt,sob
a_095.txt,rocurador
a_095.txt,instruem
a_095.txt,suprema
a_095.txt,elementos
a_095.txt,detalhadamente
a_095.txt,depredacao
a_095.txt,atribuicao
a_095.txt,republicanas
a_095.txt,revela
a_095.txt,captura
a_095.txt,kestring
a_095.txt,associaram
a_095.txt,tirar
a_095.txt,piske
a_095.txt,volkmann
a_095.txt,esta
a_095.txt,identificados
a_095.txt,zita
a_095.txt,testemunhal
a_095.txt,tinha
a_095.txt,direcionados
a_095.txt,praticados
a_095.txt,regimental
a_095.txt,maicon
a_095.txt,conformidade
a_095.txt,basso
a_095.txt,instrumentos
a_095.txt,demonstrativa
a_095.txt,concorreram
a_095.txt,diante
a_095.txt,confronto
a_095.txt,juntamente
a_095.txt,respeitados
a_095.txt,longo
a_095.txt,incentivados
a_095.txt,secretaria
a_095.txt,alguma
a_095.txt,processual
a_095.txt,tramitam
a_095.txt,desta
a_095.txt,orgaos
a_095.txt,prfs
a_095.txt,d
a_095.txt,encaixa
a_095.txt,maioria
a_095.txt,relevantes
a_095.txt,igualmente
a_095.txt,falaram
a_095.txt,autenticardocumento
a_095.txt,sede
a_095.txt,unidades
a_095.txt,erguidas
a_095.txt,proibicao
a_095.txt,antiga
a_095.txt,dela
a_095.txt,acordo
a_095.txt,constituicoes
a_095.txt,legais
a_095.txt,cf
a_095.txt,despejados
a_095.txt,classificacao
a_095.txt,uso
a_095.txt,mostra
a_095.txt,brasileiro
a_095.txt,conduta
a_095.txt,esteira
a_095.txt,legitimamente
a_095.txt,ww
a_095.txt,diferentemente
a_095.txt,caetano
a_095.txt,autoridade
a_095.txt,eles
a_095.txt,prerrogativa
a_095.txt,semelhante
a_095.txt,unanimidade
a_095.txt,erguidos
a_095.txt,roc
a_095.txt,participou
a_095.txt,interregno
a_095.txt,consagrado
a_095.txt,destruicao
a_095.txt,exigir
a_095.txt,violentamente
a_095.txt,individual
a_095.txt,motivar
a_095.txt,construcao
a_095.txt,parte
a_095.txt,amplificado
a_095.txt,fake_news
a_095.txt,envolvendo
a_095.txt,ideologicamente
a_095.txt,isso
a_095.txt,formularam
a_095.txt,optar
a_095.txt,mira
a_095.txt,estariam
a_095.txt,trazer
a_095.txt,oferecida
a_095.txt,especifica
a_095.txt,suspensao
a_095.txt,crime
a_095.txt,acaso
a_095.txt,consequencias
a_095.txt,diplomacao
a_095.txt,comprovada
a_095.txt,plenitude
a_095.txt,ministros
a_095.txt,resposta
a_095.txt,apice
a_095.txt,vida
a_095.txt,organizacao
a_095.txt,rosto
a_095.txt,popular
a_095.txt,rivaldo
a_095.txt,atua
a_095.txt,gilberto
a_095.txt,verde
a_095.txt,determinavam
a_095.txt,denunciado
a_095.txt,pretendiam
a_095.txt,afirmou
a_095.txt,realiza
a_095.txt,definidos
a_095.txt,paulo
a_095.txt,contribuicao
a_095.txt,concretas
a_095.txt,geral
a_095.txt,cabe
a_095.txt,improperios
a_095.txt,obstruindo
a_095.txt,publico
a_095.txt,vistos
a_095.txt,bocate
a_095.txt,geschaftsordnungen
a_095.txt,pelos
a_095.txt,participar
a_095.txt,referem
a_095.txt,ol
a_095.txt,alemao
a_095.txt,nossa
a_095.txt,inferior
a_095.txt,milicias_digitais
a_095.txt,decorre
a_095.txt,ut
a_095.txt,funcionarios
a_095.txt,absoluto
a_095.txt,indigitados
a_095.txt,morte
a_095.txt,participaram
a_095.txt,militar
a_095.txt,ndre
a_095.txt,demonstrem
a_095.txt,institucionais
a_095.txt,conduzidos
a_095.txt,lucia
a_095.txt,olz
a_095.txt,alceneu
a_095.txt,praticadas
a_095.txt,procedimento
a_095.txt,oar
a_095.txt,retirados
a_095.txt,dezoito
a_095.txt,apresentou
a_095.txt,lesivo
a_095.txt,recebida
a_095.txt,graves
a_095.txt,esses
a_095.txt,nesse
a_095.txt,horas
a_095.txt,reconhecido
a_095.txt,schultz
a_095.txt,exclusividade
a_095.txt,brasileira
a_095.txt,violentas
a_095.txt,reuters
a_095.txt,aderiram
a_095.txt,postulantes
a_095.txt,gravado
a_095.txt,previsoes
a_095.txt,cp
a_095.txt,anticrime
a_095.txt,ensinamentos
a_095.txt,antidemocraticas
a_095.txt,autor
a_095.txt,local
a_095.txt,constitucionais
a_095.txt,golpistas
a_095.txt,podem
a_095.txt,financeira
a_095.txt,alimentos
a_095.txt,causas
a_095.txt,almeida
a_095.txt,carga
a_095.txt,objetivos
a_095.txt,existira
a_095.txt,assim
a_095.txt,joinville
a_095.txt,h
a_095.txt,principal
a_095.txt,magna
a_095.txt,poder
a_095.txt,impedindo
a_095.txt,cognicao
a_095.txt,identificou
a_095.txt,inicie
a_095.txt,allan
a_095.txt,avio
a_095.txt,faziam
a_095.txt,cidadao
a_095.txt,unido
a_095.txt,aderir
a_095.txt,justa
a_095.txt,abusiva
a_095.txt,madeira
a_095.txt,codigos
a_095.txt,inexistencia
a_095.txt,teori
a_095.txt,investigada
a_095.txt,restringindo
a_095.txt,sequencia
a_095.txt,material
a_095.txt,barras
a_095.txt,materialidade
a_095.txt,numerica
a_095.txt,funcoes
a_095.txt,edson
a_095.txt,requerimentos
a_095.txt,lesionando
a_095.txt,suporte
a_095.txt,hc
a_095.txt,dessa
a_095.txt,agr
a_095.txt,posterior
a_095.txt,fim
a_095.txt,eleicao
a_095.txt,gerais
a_095.txt,policia
a_095.txt,subjetivamente
a_095.txt,senador
a_095.txt,aberta
a_095.txt,marco
a_095.txt,silva
a_095.txt,blocos
a_095.txt,julgar
a_095.txt,remunerados
a_095.txt,bone
a_095.txt,quibus
a_095.txt,confianca
a_095.txt,evoluindo
a_095.txt,outros
a_095.txt,orleans
a_095.txt,mao
a_095.txt,inicial
a_095.txt,investigadas
a_095.txt,possam
a_095.txt,abolir
a_095.txt,direcao
a_095.txt,brevil
a_095.txt,alberto
a_095.txt,clarissa
a_095.txt,ementado
a_095.txt,vitoria
a_095.txt,recebeu
a_095.txt,baed
a_095.txt,contribuido
a_095.txt,tanto
a_095.txt,silvia
a_095.txt,lamentaveis
a_095.txt,exigiam
a_095.txt,sistema
a_095.txt,consubstanciada
a_095.txt,jonas
a_095.txt,zemuner
a_095.txt,fundado
a_095.txt,presa
a_095.txt,deu
a_095.txt,verdadeiro
a_095.txt,anta
a_095.txt,descontente
a_095.txt,jus
a_095.txt,havia
a_095.txt,imparcialidade
a_095.txt,pedido
a_095.txt,tipicidade
a_095.txt,f
a_095.txt,participado
a_095.txt,expondo
a_095.txt,diligencias
a_095.txt,ba
a_095.txt,perante
a_095.txt,movimento
a_095.txt,filha
a_095.txt,rnesto
a_095.txt,cerca
a_095.txt,pimenta
a_095.txt,gracie
a_095.txt,continuar
a_095.txt,catarina
a_095.txt,rn
a_095.txt,paus
a_095.txt,intervencoes
a_095.txt,pol
a_095.txt,convocacao
a_095.txt,ilva
a_095.txt,exigido
a_095.txt,modus
a_095.txt,probatoria
a_095.txt,visando
a_095.txt,ordenamento
a_095.txt,arlos
a_095.txt,bases
a_095.txt,depredando
a_095.txt,vandalismo
a_095.txt,madrugada
a_095.txt,garantir
a_095.txt,denunciados
a_095.txt,antidemocratico
a_095.txt,resultantes
a_095.txt,comum
a_095.txt,precedentes
a_095.txt,judiciais
a_095.txt,encerramento
a_095.txt,tecnologias
a_095.txt,mesmo
a_095.txt,proposto
a_095.txt,terem
a_095.txt,essencialmente
a_095.txt,premiada
a_095.txt,tirania
a_095.txt,causando
a_095.txt,km
a_095.txt,essa
a_095.txt,bastos
a_095.txt,virtual
a_095.txt,fontes
a_095.txt,estiverem
a_095.txt,cascais
a_095.txt,casos
a_095.txt,tivessem
a_095.txt,i
a_095.txt,momentos
a_095.txt,autoritarismo
a_095.txt,esfera
a_095.txt,horst
a_095.txt,danos
a_095.txt,crencas
a_095.txt,santa
a_095.txt,pet
a_095.txt,alteracoes
a_095.txt,maximo
a_095.txt,mediante
a_095.txt,garantira
a_095.txt,epublica
a_095.txt,j
a_095.txt,presidencia
a_095.txt,quadros
a_095.txt,demonstrado
a_095.txt,vez
a_095.txt,flavio
a_095.txt,novo
a_095.txt,liberdade
a_095.txt,respeito
a_095.txt,preto
a_095.txt,alcance
a_095.txt,inscrito
a_095.txt,pagina
a_095.txt,pleiteia
a_095.txt,acerta
a_095.txt,lesoes
a_095.txt,violentos
a_095.txt,aspectos
a_095.txt,protecao
a_095.txt,fabricar
a_095.txt,bolsonaro
a_095.txt,decretacao
a_095.txt,decorrer
a_095.txt,convocam
a_095.txt,bvr
a_095.txt,sintese
a_095.txt,confirmado
a_095.txt,ocorreram
a_095.txt,janeiro
a_095.txt,fato
a_095.txt,eleitoral
a_095.txt,previstas
a_095.txt,sensibilizados
a_095.txt,acusado
a_095.txt,incentivavam
a_095.txt,empresarios
a_095.txt,demanda
a_095.txt,luzzani
a_095.txt,garantia
a_095.txt,relatoria
a_095.txt,ferro
a_095.txt,florianopolis
a_095.txt,iniciaram
a_095.txt,populacao
a_095.txt,contexto
a_095.txt,inacio
a_095.txt,adequacao
a_095.txt,recebidos
a_095.txt,levante
a_095.txt,objeto
a_095.txt,realizar
a_095.txt,ocupacao
a_095.txt,gomes
a_095.txt,surgimento
a_095.txt,caracterizacao
a_095.txt,defesa
a_095.txt,preliminar
a_095.txt,primeiros
a_095.txt,qualificado
a_095.txt,estabelecidos
a_095.txt,t
a_095.txt,oportunidade
a_095.txt,protege
a_095.txt,separacao
a_095.txt,indispensavel
a_095.txt,concretiza
a_095.txt,interpretada
a_095.txt,necessaria
a_095.txt,opinioes
a_095.txt,r
a_095.txt,diversos
a_095.txt,julia
a_095.txt,apresentado
a_095.txt,afasto
a_095.txt,ciencia
a_095.txt,enrique
a_095.txt,consequente
a_095.txt,ltda
a_095.txt,menor
a_095.txt,consciente
a_095.txt,alto
a_095.txt,quomodo
a_095.txt,recebo
a_095.txt,busca
a_095.txt,descritas
a_095.txt,devera
a_095.txt,redes_sociais
a_095.txt,inteligencia
a_095.txt,zacharias
a_095.txt,ausentes
a_095.txt,l
a_095.txt,vereador
a_095.txt,vincula
a_095.txt,proclamacao
a_095.txt,merecendo
a_095.txt,manso
a_095.txt,reforcar
a_095.txt,prazo
a_095.txt,militares
a_095.txt,servidores
a_095.txt,inocencia
a_095.txt,olvidar
a_095.txt,faixa
a_095.txt,significativamente
a_095.txt,norte
a_095.txt,prerrogativas
a_095.txt,prestaram
a_095.txt,aquele
a_095.txt,investigacoes
a_095.txt,obra
a_095.txt,intelectuais
a_095.txt,aticando
a_095.txt,olicia
a_095.txt,defesas
a_095.txt,clausulas
a_095.txt,moraes
a_095.txt,fundamentais
a_095.txt,wolf
a_095.txt,nitido
a_095.txt,nogueira
a_095.txt,exaltado
a_095.txt,deixou
a_095.txt,privado
a_095.txt,autenticacao
a_095.txt,promovia
a_095.txt,concretizam
a_095.txt,compreendidos
a_095.txt,hipoteses
a_095.txt,gustavo
a_095.txt,permanente
a_095.txt,sublevacao
a_095.txt,constituiu
a_095.txt,analisada
a_095.txt,caixas
a_095.txt,arrolados
a_095.txt,receber
a_095.txt,consideracao
a_095.txt,inteiro
a_095.txt,rs
a_095.txt,conjunto
a_095.txt,ordens
a_095.txt,trabalhada
a_095.txt,informacao
a_095.txt,financiadores
a_095.txt,estabelecendo
a_095.txt,colhe
a_095.txt,bem
a_095.txt,estrutura
a_095.txt,alinea
a_095.txt,antidemocraticos
a_095.txt,provocando
a_095.txt,importantes
a_095.txt,alegre
a_095.txt,fotografado
a_095.txt,quintana
a_095.txt,participarem
a_095.txt,decidiu
a_095.txt,concedida
a_095.txt,principio
a_095.txt,formuladas
a_095.txt,mandamento
a_095.txt,dirigida
a_095.txt,texto
a_095.txt,termos
a_095.txt,uip
a_095.txt,sarrafo
a_095.txt,britto
a_095.txt,ublico
a_095.txt,trafico
a_095.txt,determinaram
a_095.txt,associacao
a_095.txt,proclamadas
a_095.txt,salvaguardar
a_095.txt,arquivo
a_095.txt,observadas
a_095.txt,injusto
a_095.txt,estar
a_095.txt,comunicou
a_095.txt,barreiras
a_095.txt,inciso
a_095.txt,aniquilar
a_095.txt,interditavam
a_095.txt,garante
a_095.txt,judiciario
a_095.txt,tomadas
a_095.txt,portanto
a_095.txt,instigacao
a_095.txt,infracoes
a_095.txt,abaixo
a_095.txt,fraudulentas
a_095.txt,efetuaram
a_095.txt,enhor
a_095.txt,executores
a_095.txt,acusatoria
a_095.txt,gilmar
a_095.txt,documental
a_095.txt,precisa
a_095.txt,gente
a_095.txt,jeans
a_095.txt,contrarias
a_095.txt,confirmaram
a_095.txt,expressivo
a_095.txt,componentes
a_095.txt,rodoviarias
a_095.txt,industriais
a_095.txt,ora
a_095.txt,toron
a_095.txt,relativo
a_095.txt,dezenas
a_095.txt,empresa
a_095.txt,registrar
a_095.txt,utilizados
a_095.txt,jose
a_095.txt,abertas
a_095.txt,originalmente
a_095.txt,partir
a_095.txt,tendencia
a_095.txt,fazia
a_095.txt,meio
a_095.txt,grave
a_095.txt,urma
a_095.txt,rh
a_095.txt,prontamente
a_095.txt,paragrafo
a_095.txt,pacote
a_095.txt,democratico
a_095.txt,concreto
a_095.txt,serios
a_095.txt,unior
a_095.txt,concordar
a_095.txt,motta
a_095.txt,enquanto
a_095.txt,queimas
a_095.txt,integrantes
a_095.txt,zilda
a_095.txt,ajudado
a_095.txt,mantinham
a_095.txt,omissao
a_095.txt,contravencoes
a_095.txt,grupo
a_095.txt,waiapi
a_095.txt,recentemente
a_095.txt,contem
a_095.txt,cardoso
a_095.txt,procedimentos
a_095.txt,jogando
a_095.txt,verificacao
a_095.txt,tese
a_095.txt,operandi
a_095.txt,observa
a_095.txt,principalmente
a_095.txt,sarrafos
a_095.txt,controlar
a_095.txt,crimes
a_095.txt,agora
a_095.txt,turba
a_095.txt,operacao
a_095.txt,seguindo
a_095.txt,prolongaram
a_095.txt,abio
a_095.txt,malfadada
a_095.txt,mario
a_095.txt,autoria
a_095.txt,adv
a_095.txt,governo
a_095.txt,postes
a_095.txt,insurgencia
a_095.txt,habeas
a_095.txt,criminosos
a_095.txt,munido
a_095.txt,ultimos
a_095.txt,proced
a_095.txt,passo
a_095.txt,esse
a_095.txt,conexao
a_095.txt,fachin
a_095.txt,apoio
a_095.txt,nascido
a_095.txt,relativas
a_095.txt,notificado
a_095.txt,corpus
a_095.txt,fluxo
a_095.txt,estruturada
a_095.txt,elas
a_095.txt,sentidos
a_095.txt,comportar
a_095.txt,anteriores
a_095.txt,objetivas
a_095.txt,preenchimento
a_095.txt,reporter
a_095.txt,lider
a_095.txt,infracao
a_095.txt,manifestacao
a_095.txt,investigam
a_095.txt,anella
a_095.txt,badaro
a_095.txt,palacio_do_planalto
a_095.txt,capacete
a_095.txt,culposos
a_095.txt,aut
a_095.txt,toras
a_095.txt,kicis
a_095.txt,dilon
a_095.txt,sido
a_095.txt,obrigatoriedade
a_095.txt,hospitais
a_095.txt,extincao
a_095.txt,pp
a_095.txt,zanella
a_095.txt,criminal
a_095.txt,praticou
a_095.txt,compensacao
a_095.txt,necessarios
a_095.txt,volta
a_095.txt,artefatos
a_095.txt,documento
a_095.txt,introducao
a_095.txt,ter
a_095.txt,integralmente
a_095.txt,ilegais
a_095.txt,relacao
a_095.txt,ministerio
a_095.txt,marcelo
a_095.txt,discurso
a_095.txt,sedes
a_095.txt,metal
a_095.txt,aetano
a_095.txt,rua
a_095.txt,acao
a_095.txt,comeco
a_095.txt,golpe
a_095.txt,violenta
a_095.txt,interesse
a_095.txt,pelo
a_095.txt,questao
a_095.txt,deixassem
a_095.txt,derecho
a_095.txt,este
a_095.txt,estacionados
a_095.txt,aqui
a_095.txt,testemunhas
a_095.txt,rimeira
a_095.txt,ogueira
a_095.txt,pessoal
a_095.txt,vitima
a_095.txt,idoneos
a_095.txt,condicoes
a_095.txt,acusador
a_095.txt,lontras
a_095.txt,intimacoes
a_095.txt,varios
a_095.txt,delito
a_095.txt,martins
a_095.txt,definitivo
a_095.txt,pretexto
a_095.txt,empregados
a_095.txt,bandeira
a_095.txt,inepcia
a_095.txt,permitiu
a_095.txt,irardi
a_095.txt,apresenta
a_095.txt,registrado
a_095.txt,publicados
a_095.txt,joao
a_095.txt,adaptando
a_095.txt,contrarios
a_095.txt,america
a_095.txt,iv
a_095.txt,incompetentes
a_095.txt,citada
a_095.txt,quimicos
a_095.txt,desprende
a_095.txt,margens
a_095.txt,cleusa
a_095.txt,deter
a_095.txt,nitida
a_095.txt,temos
a_095.txt,acusados
a_095.txt,investe
a_095.txt,pleito
a_095.txt,trafego
a_095.txt,instalacao
a_095.txt,seguinte
a_095.txt,impropriedade
a_095.txt,atendimento
a_095.txt,agentes
a_095.txt,responsabilizacao
a_095.txt,evitar
a_095.txt,direito
a_095.txt,liderarem
a_095.txt,deve
a_095.txt,jurgem
a_095.txt,cabeca
a_095.txt,visualizando
a_095.txt,nem
a_095.txt,comparecessem
a_095.txt,trinta
a_095.txt,foro
a_095.txt,relatos
a_095.txt,codigo
a_095.txt,prosseguimento
a_095.txt,cometidos
a_095.txt,consagra
a_095.txt,proibir
a_095.txt,reunioes
a_095.txt,depois
a_095.txt,ministerial
a_095.txt,detido
a_095.txt,individualizados
a_095.txt,aprovacao
a_095.txt,incorporados
a_095.txt,indicar
a_095.txt,eett
a_095.txt,revelar
a_095.txt,discricionariedade
a_095.txt,naturalidade
a_095.txt,historica
a_095.txt,alegou
a_095.txt,publica
a_095.txt,denunciar
a_095.txt,laranjeiras
a_095.txt,correspondente
a_095.txt,coletiva
a_095.txt,afastamento
a_095.txt,ruptura
a_095.txt,salario
a_095.txt,administracao
a_095.txt,neste
a_095.txt,pratica
a_095.txt,diego
a_095.txt,extensao
a_095.txt,circulacao
a_095.txt,publicos
a_095.txt,recebimento
a_095.txt,tampouco
a_095.txt,fraude
a_095.txt,churrasqueira
a_095.txt,tentam
a_095.txt,internos
a_095.txt,juizos
a_095.txt,pessoas
a_095.txt,aurelio
a_095.txt,eventos
a_095.txt,qualificacao
a_095.txt,marginal
a_095.txt,flagrado
a_095.txt,momento
a_095.txt,foram
a_095.txt,palavras
a_095.txt,obrigado
a_095.txt,fator
a_095.txt,claramente
a_095.txt,declaracao
a_095.txt,narra
a_095.txt,contra
a_095.txt,aquelas
a_095.txt,atraves
a_095.txt,atentou
a_095.txt,peticao
a_095.txt,video
a_095.txt,seguintes
a_095.txt,sumaria
a_095.txt,criminosa
a_095.txt,emissao
a_095.txt,tendo
a_095.txt,agente
a_095.txt,sra
a_095.txt,fiscalizacao
a_095.txt,abastecimento
a_095.txt,constituindo
a_095.txt,possibilidade
a_095.txt,paridade
a_095.txt,afirma
a_095.txt,registradas
a_095.txt,representatividade
a_095.txt,buscou
a_095.txt,existencia
a_095.txt,extrema
a_095.txt,imediato
a_095.txt,pessoa
a_095.txt,integrado
a_095.txt,manha
a_095.txt,diverso
a_095.txt,raf
a_095.txt,diversas
a_095.txt,conseguir
a_095.txt,unica
a_095.txt,condenatorio
a_095.txt,proprio
a_095.txt,supra
a_095.txt,situacao
a_095.txt,empregado
a_095.txt,eticao
a_095.txt,vias
a_095.txt,responsabilizados
a_095.txt,fase
a_095.txt,encontravam
a_095.txt,referidos
a_095.txt,incompetencia
a_095.txt,presente
a_095.txt,edoc
a_095.txt,praticar
a_095.txt,fernanda
a_095.txt,eletronico
a_095.txt,carmen
a_095.txt,cabendo
a_095.txt,autores
a_095.txt,tela
a_095.txt,pleiteando
a_095.txt,carta
a_095.txt,ativa
a_095.txt,opcao
a_095.txt,eduardo
a_095.txt,ose
a_095.txt,prevencao
a_095.txt,analise
a_095.txt,acoes
a_095.txt,motivadamente
a_095.txt,regime
a_095.txt,jurisprudencia
a_095.txt,referido
a_095.txt,amarela
a_095.txt,dennys
a_095.txt,exerca
a_095.txt,faixas
a_095.txt,atos
a_095.txt,aperfeicoadas
a_095.txt,reforcou
a_095.txt,rispidas
a_095.txt,medidas
a_095.txt,voltavam
a_095.txt,novos
a_095.txt,ultimo
a_095.txt,nestor
a_095.txt,inscrita
a_095.txt,peca
a_095.txt,si
a_095.txt,postulando
a_095.txt,zanin
a_095.txt,delitos
a_095.txt,atingindo
a_095.txt,extraprocessual
a_095.txt,prf
a_095.txt,termo
a_095.txt,dezembro
a_095.txt,erivaldo
a_095.txt,influir
a_095.txt,perseguicao
a_095.txt,sociedade
a_095.txt,c
a_095.txt,valores
a_095.txt,girao
a_095.txt,acaba
a_095.txt,blumenau
a_095.txt,conosco
a_095.txt,legitimo
a_095.txt,supostamente
a_095.txt,candidato
a_095.txt,patrimonio
a_095.txt,barroso
a_095.txt,identificar
a_095.txt,utilizacao
a_095.txt,concentracao
a_095.txt,estatal
a_095.txt,alem
a_095.txt,cercadas
a_095.txt,interligados
a_095.txt,possibilitem
a_095.txt,viram
a_095.txt,incisos
a_095.txt,ustavo
a_095.txt,empregou
a_095.txt,julgados
a_095.txt,ouvido
a_095.txt,recordar
a_095.txt,cobrava
a_095.txt,disso
a_095.txt,atentatorias
a_095.txt,imiscuir
a_095.txt,devendo
a_095.txt,articulados
a_095.txt,aicon
a_095.txt,cadeiras
a_095.txt,ed
a_095.txt,detritos
a_095.txt,confirmou
a_095.txt,encontram
a_095.txt,munidos
a_095.txt,formulou
a_095.txt,denominados
a_095.txt,atribuidas
a_095.txt,rejeicao
a_095.txt,podera
a_095.txt,presidencial
a_095.txt,livre
a_095.txt,contundente
a_095.txt,remer
a_095.txt,uniformizados
a_095.txt,nesta
a_095.txt,democraticas
a_095.txt,inconformismo
a_095.txt,p
a_095.txt,ocorrido
a_095.txt,mendes
a_095.txt,feriados
a_095.txt,rel
a_095.txt,stiffung
a_095.txt,legislativas
a_095.txt,apta
a_095.txt,garantias
a_095.txt,competencia
a_095.txt,obstante
a_095.txt,traduz
a_095.txt,orgao
a_095.txt,aparecem
a_095.txt,vogelbacher
a_095.txt,maleficio
a_095.txt,razao
a_095.txt,estreita
a_095.txt,novamente
a_095.txt,produziu
a_095.txt,aponta
a_095.txt,altura
a_095.txt,weimar
a_095.txt,assanhou
a_095.txt,individuo
a_095.txt,associadas
a_095.txt,grifos
a_095.txt,metalmecanica
a_095.txt,previsto
a_095.txt,ouvidos
a_095.txt,pregando
a_095.txt,s
a_095.txt,fechamento
a_095.txt,consideravel
a_095.txt,sudamerica
a_095.txt,conseguinte
a_095.txt,g
a_095.txt,lii
a_095.txt,afirmarem
a_095.txt,observancia
a_095.txt,conduzidas
a_095.txt,ninguem
a_095.txt,regularidade
a_095.txt,alterado
a_095.txt,aspecto
a_095.txt,promovidas
a_095.txt,proporcionalidade
a_095.txt,racionalizar
a_095.txt,cumpridos
a_095.txt,imputadas
a_095.txt,subscreve
a_095.txt,preve
a_095.txt,ressalte
a_095.txt,somente
a_095.txt,rodoviarios
a_095.txt,estendeu
a_095.txt,misturou
a_095.txt,logica
a_095.txt,so
a_095.txt,dfdf
a_095.txt,bloqueio
a_095.txt,introduzidas
a_095.txt,amplamente
a_095.txt,caput
a_095.txt,vergonha
a_095.txt,inovacoes
a_095.txt,apuracao
a_095.txt,criminosas
a_095.txt,instaurado
a_095.txt,vinculada
a_095.txt,llan
a_095.txt,gravacao
a_095.txt,concordassem
a_095.txt,goncalves
a_095.txt,logistico
a_095.txt,agressor
a_095.txt,caminhoneiros
a_095.txt,juiz
a_095.txt,rodovias
a_095.txt,sera
a_095.txt,especifico
a_095.txt,imputacao
a_095.txt,havendo
a_095.txt,identidade
a_095.txt,discutidos
a_095.txt,http
a_095.txt,junior
a_095.txt,anulacao
a_095.txt,infratores
a_095.txt,sobretudo
a_095.txt,menta
a_095.txt,remunerada
a_095.txt,discutir
a_095.txt,total
a_095.txt,notar
a_095.txt,desbloqueio
a_095.txt,culpabilidade
a_095.txt,final
a_095.txt,gerou
a_095.txt,titular
a_095.txt,atarina
a_095.txt,quid
a_095.txt,transtornos
a_095.txt,agressiva
a_095.txt,eleicoes
a_095.txt,abrangente
a_095.txt,graf
a_095.txt,contavam
a_095.txt,vigencia
a_095.txt,estando
a_095.txt,atuar
a_095.txt,auge
a_095.txt,maneira
a_095.txt,quis
a_095.txt,lexandre
a_095.txt,inqs
a_095.txt,independentes
a_095.txt,vinculados
a_095.txt,lideres
a_095.txt,descentralizada
a_095.txt,auxilio
a_095.txt,outras
a_095.txt,multidao
a_095.txt,magalhaes
a_095.txt,republica
a_095.txt,proposta
a_095.txt,elator
a_095.txt,majoritariamente
a_095.txt,constatada
a_095.txt,expressamente
a_095.txt,estado
a_095.txt,julgador
a_095.txt,vestimentas
a_095.txt,praticaram
a_095.txt,especificamente
a_095.txt,ocorrencia
a_095.txt,imagens
a_095.txt,formula
a_095.txt,analisar
a_095.txt,z
a_095.txt,manifestacoes
a_095.txt,riachuelo
a_095.txt,mostram
a_095.txt,identificado
a_095.txt,ayres
a_095.txt,brehmer
a_095.txt,divulgada
a_095.txt,tratar
a_095.txt,qualquer
a_095.txt,traduzida
a_095.txt,xxvii
a_095.txt,senha
a_095.txt,desmobilizassem
a_095.txt,ocasiao
a_095.txt,agressoes
a_095.txt,denuncia
a_095.txt,inseridos
a_095.txt,associados
a_095.txt,horario
a_095.txt,suficiente
a_095.txt,adesao
a_095.txt,distincao
a_095.txt,determinacao
a_095.txt,ja
a_095.txt,producao
a_095.txt,policiais
a_095.txt,reconhecemos
a_095.txt,ameaca
a_095.txt,apurar
a_095.txt,tipo
a_095.txt,costas
a_095.txt,subjetivo
a_095.txt,desmobilizacao
a_095.txt,nota
a_095.txt,sc
a_095.txt,comprovou
a_095.txt,indubitavelmente
a_095.txt,instituicao
a_095.txt,fernandes
a_095.txt,cabo
a_095.txt,dentre
a_095.txt,investiu
a_095.txt,grupos
a_095.txt,eis
a_095.txt,legal
a_095.txt,desses
a_095.txt,zavascki
a_095.txt,voluntaria
a_095.txt,sectario
a_095.txt,holz
a_095.txt,travada
a_095.txt,regimentos
a_095.txt,diario
a_095.txt,clara
a_095.txt,armada
a_095.txt,persecutorios
a_095.txt,expos
a_095.txt,rodoviaria
a_095.txt,contraditorio
a_095.txt,bastante
a_095.txt,fux
a_095.txt,felipe
a_095.txt,instituicoes
a_095.txt,nulidade
a_095.txt,empresas
a_095.txt,objetos
a_095.txt,ilian
a_095.txt,obriga
a_095.txt,presuncao
a_095.txt,escura
a_095.txt,praticando
a_095.txt,alianca
a_095.txt,pontos
a_095.txt,potencial
a_095.txt,comprometendo
a_095.txt,rolamento
a_095.txt,revelarem
a_095.txt,territorial
a_095.txt,prisao
a_095.txt,pretender
a_095.txt,dignidade
a_095.txt,celso
a_095.txt,moreira
a_095.txt,posicionamento
a_095.txt,insuflar
a_095.txt,absoluta
a_095.txt,preciosa
a_095.txt,ampla
a_095.txt,dv
a_095.txt,dentro
a_095.txt,redigidos
a_095.txt,essenciais
a_095.txt,soar
a_095.txt,fabio
a_095.txt,apontado
a_095.txt,presentes
a_095.txt,pneus
a_095.txt,anacleto
a_095.txt,apropriada
a_095.txt,compreensivel
a_095.txt,vamos
a_095.txt,praca_dos_tres_poderes
a_095.txt,condicional
a_095.txt,atentado
a_095.txt,influencia
a_095.txt,encontrava
a_095.txt,atingiu
a_095.txt,ruracy
a_095.txt,filho
a_095.txt,inqueritos
a_095.txt,levando
a_095.txt,configura
a_095.txt,estava
a_095.txt,condenacao
a_095.txt,acontecendo
a_095.txt,tipificada
a_095.txt,brasil
a_095.txt,previamente
a_095.txt,orquestracao
a_095.txt,imputa
a_095.txt,ofereceu
a_095.txt,cartada
a_095.txt,descobrir
a_095.txt,delas
a_095.txt,cpf
a_095.txt,resultou
a_095.txt,transporte
a_095.txt,face
a_095.txt,savio
a_095.txt,objetivando
a_095.txt,vestindo
a_095.txt,estavel
a_095.txt,cpp
a_095.txt,articulado
a_095.txt,punibilidade
a_095.txt,todas
a_095.txt,oficial
a_095.txt,bloqueios
a_095.txt,forca
a_095.txt,conquista
a_095.txt,desobstrucao
a_095.txt,declarou
a_095.txt,kabinettsjustiz
a_095.txt,constituida
a_095.txt,regiao
a_095.txt,deflagrados
a_095.txt,enderecadas
a_095.txt,associarem
a_095.txt,dando
a_095.txt,minimo
a_095.txt,seguranca
a_095.txt,juridico
a_095.txt,preceitos
a_095.txt,vontade
a_095.txt,evidenciado
a_095.txt,videos
a_095.txt,conhecam
a_095.txt,tomar
a_095.txt,incendio
a_095.txt,amanha
a_095.txt,funcionamento
a_095.txt,ernesto
a_095.txt,constituidos
a_095.txt,medida
a_095.txt,adenauer
a_095.txt,lv
a_095.txt,devidamente
a_095.txt,proibi
a_095.txt,braz
a_095.txt,guiga
a_095.txt,vinculo
a_095.txt,tramite
a_095.txt,distrito
a_095.txt,particular
a_095.txt,base
a_095.txt,dispositivos
a_095.txt,paula
a_095.txt,multitudinarios
a_095.txt,circunstancias
a_095.txt,alfredo
a_095.txt,br
a_095.txt,eleito
a_095.txt,evitou
a_095.txt,incorporadas
a_095.txt,textos
a_095.txt,instrumento
a_095.txt,participantes
a_095.txt,corpo
a_095.txt,penal
a_095.txt,compreensao
a_095.txt,proferindo
a_095.txt,natural
a_095.txt,ferimentos
a_095.txt,reqte
a_095.txt,descrever
a_095.txt,violencia
a_095.txt,exerce
a_095.txt,teor
a_095.txt,ambito
a_095.txt,elaborado
a_095.txt,prescricoes
a_095.txt,drogas
a_095.txt,senado
a_095.txt,eqte
a_095.txt,arrimo
a_095.txt,vista
a_095.txt,requer
a_095.txt,dias
a_095.txt,critico
a_095.txt,cumprimento
a_095.txt,lo
a_095.txt,motivos
a_095.txt,trata
a_095.txt,permanencia
a_095.txt,parar
a_095.txt,propor
a_095.txt,fefa
a_095.txt,marcha
a_095.txt,nosso
a_095.txt,norma
a_095.txt,tempo
a_095.txt,viabilidade
a_095.txt,publicas
a_095.txt,elisete
a_095.txt,proferido
a_095.txt,auxiliando
a_095.txt,envolvidos
a_095.txt,equipes
a_095.txt,v
a_095.txt,assegurar
a_095.txt,investem
a_095.txt,excecao
a_095.txt,avanco
a_095.txt,balistico
a_095.txt,mestre
a_095.txt,adotada
a_095.txt,cidadaos
a_095.txt,tentativa
a_095.txt,animado
a_095.txt,referida
a_095.txt,fisicas
a_095.txt,deputado
a_095.txt,vislumbra
a_095.txt,estrategia
a_095.txt,porem
a_095.txt,outra
a_095.txt,licao
a_095.txt,atuaram
a_095.txt,correspondesse
a_095.txt,nao
a_095.txt,agride
a_095.txt,liberados
a_095.txt,reivindicando
a_095.txt,corte
a_095.txt,tenis
a_095.txt,insurgiram
a_095.txt,trajava
a_095.txt,suficientes
a_095.txt,realizacao
a_095.txt,artigos
a_095.txt,valendo
a_095.txt,ressaltar
a_095.txt,area
a_095.txt,eqdo
a_095.txt,ficou
a_095.txt,filipe
a_095.txt,preordenada
a_095.txt,duvidas
a_095.txt,descricao
a_095.txt,iego
a_095.txt,reclusao
a_095.txt,trabalho
a_095.txt,fossem
a_095.txt,discussao
a_095.txt,carla
a_095.txt,convocando
a_095.txt,tentar
a_095.txt,porto
a_095.txt,rio
a_095.txt,elementares
a_095.txt,destrui
a_095.txt,raspao
a_095.txt,coronel
a_095.txt,seja
a_095.txt,intervencao
a_095.txt,privatividade
a_095.txt,reqdo
a_095.txt,liberaram
a_095.txt,organizada
a_095.txt,judiciarios
a_095.txt,razoaveis
a_095.txt,freitas
a_095.txt,tipos
a_095.txt,cometidas
a_095.txt,sp
a_095.txt,interdicao
a_095.txt,mesma
a_095.txt,zeca
a_095.txt,bens
a_095.txt,cristiano
a_095.txt,abolicao
a_095.txt,relatados
a_095.txt,teriam
a_095.txt,in
a_095.txt,incitadores
a_095.txt,corporal
a_095.txt,programa
a_095.txt,idosos
a_095.txt,importancia
a_095.txt,estaduais
a_095.txt,pensamento
a_095.txt,ogelbacher
a_095.txt,regras
a_095.txt,podemos
a_095.txt,xliv
a_095.txt,historicamente
a_095.txt,mencionados
a_095.txt,produziram
a_095.txt,aqueles
a_095.txt,demais
a_095.txt,comprova
a_095.txt,constantemente
a_095.txt,seculo
a_095.txt,congresso_nacional
a_095.txt,composicao
a_095.txt,ordem
a_095.txt,minha
a_095.txt,hermano
a_095.txt,reportadas
a_095.txt,democracia
a_095.txt,requisitos
a_095.txt,declaracoes
a_095.txt,instauracao
a_095.txt,willian
a_095.txt,outro
a_095.txt,bloquear
a_095.txt,quanto
a_095.txt,ingressaram
a_095.txt,prepara
a_095.txt,predispor
a_095.txt,malheiros
a_095.txt,congresso
a_095.txt,entender
a_095.txt,pluralismo
a_095.txt,via
a_095.txt,mesmos
a_095.txt,probatorio
a_095.txt,antonio
a_095.txt,gravissima
a_095.txt,fixada
a_095.txt,pretende
a_095.txt,desrespeito
a_095.txt,coerente
a_095.txt,chegou
a_095.txt,transcrito
a_095.txt,proibida
a_095.txt,penais
a_095.txt,taboao
a_095.txt,liderancas
a_095.txt,fazer
a_095.txt,dependendo
a_095.txt,propriedade
a_095.txt,possibilidades
a_095.txt,teve
a_095.txt,descreve
a_095.txt,narrativa
a_095.txt,previstos
a_095.txt,judiciaria
a_095.txt,sul
a_095.txt,tribunais
a_095.txt,elieser
a_095.txt,pre
a_095.txt,legalmente
a_095.txt,departamentos
a_095.txt,dubias
a_095.txt,detalhes
a_095.txt,processar
a_095.txt,inclusive
a_095.txt,strelow
a_095.txt,inicialmente
a_095.txt,lei
a_095.txt,juizo
a_095.txt,b
a_095.txt,comprovar
a_095.txt,conformarem
a_095.txt,tenda
a_095.txt,ro
a_095.txt,anos
a_095.txt,impedir
a_095.txt,denunciada
a_095.txt,posse
a_095.txt,conclusao
a_095.txt,arts
a_095.txt,coordenados
a_095.txt,permite
a_095.txt,ilegalidade
a_095.txt,primarios
a_095.txt,analisados
a_095.txt,contudo
a_095.txt,conforme
a_095.txt,sutil
a_095.txt,resultados
a_095.txt,forcas
a_095.txt,pensamentos
a_095.txt,apenas
a_095.txt,expressao
a_095.txt,legalidade
a_095.txt,financeiro
a_095.txt,real
a_095.txt,nessa
a_095.txt,amolda
a_095.txt,concatenado
a_095.txt,jardim
a_095.txt,realizada
a_095.txt,otoni
a_095.txt,observe
a_095.txt,representa
a_095.txt,entretanto
a_095.txt,inistro
a_095.txt,embora
a_095.txt,atirando
a_095.txt,tais
a_095.txt,denunciadas
a_095.txt,constituidas
a_095.txt,amarelo
a_095.txt,proprietarios
a_095.txt,bela
a_095.txt,recepcionando
a_095.txt,pauta
a_095.txt,inumeros
a_095.txt,simultaneamente
a_095.txt,observou
a_095.txt,nega
a_095.txt,evidencias
a_095.txt,agredia
a_095.txt,ali
a_095.txt,localizado
a_095.txt,ressalta
a_095.txt,pessoais
a_095.txt,propositura
a_095.txt,provimento
a_095.txt,insurreicao
a_095.txt,figura
a_095.txt,amoldariam
a_095.txt,responsaveis
a_095.txt,possuem
a_095.txt,agridem
a_095.txt,locais
a_095.txt,desde
a_095.txt,defender
a_095.txt,segue
a_095.txt,previsao
a_095.txt,calca
a_095.txt,konrad
a_095.txt,bebidas
a_095.txt,interrupcao
a_095.txt,estruturantes
a_095.txt,federais
a_095.txt,isto
a_095.txt,dino
a_095.txt,pelas
a_095.txt,deputados
a_095.txt,incitacao
a_095.txt,corroborando
a_095.txt,siegred
a_095.txt,persecutor
a_095.txt,fatos
a_095.txt,fatico
a_095.txt,air
a_095.txt,claro
a_095.txt,lesados
a_095.txt,investigado
a_095.txt,iniciou
a_095.txt,compleicao
a_095.txt,reunidas
a_095.txt,transitiva
a_095.txt,transparencia
a_095.txt,mostravam
a_095.txt,mg
a_095.txt,uzzani
a_095.txt,ocorre
a_095.txt,eventualmente
a_095.txt,unes
a_095.txt,harmonicos
a_095.txt,isolete
a_095.txt,atos_antidemocraticos
a_095.txt,civis
a_095.txt,alguns
a_095.txt,exposto
a_095.txt,disponiveis
a_095.txt,imitacao
a_095.txt,deixar
a_095.txt,politica
a_095.txt,persecucao
a_095.txt,asp
a_095.txt,backes
a_095.txt,postula
a_095.txt,transformando
a_095.txt,reprovacao
a_095.txt,durante
a_095.txt,republicanos
a_095.txt,cumpriria
a_095.txt,eventual
a_095.txt,oitenta
a_095.txt,determinou
a_095.txt,interdicoes
a_095.txt,peixoto
a_095.txt,concedendo
a_095.txt,informamos
a_095.txt,jair
a_095.txt,junio
a_095.txt,ve
a_095.txt,auxiliis
a_095.txt,n
a_095.txt,banheiros
a_095.txt,delitiva
a_095.txt,pautas
a_095.txt,atingido
a_095.txt,culminaram
a_095.txt,atirou
a_095.txt,constitucional
a_095.txt,oliveira
a_095.txt,quisessem
a_095.txt,arcos
a_095.txt,inviabilidade
a_095.txt,dispensaram
a_095.txt,phillipe
a_095.txt,objetivo
a_095.txt,colhendo
a_095.txt,azul
a_095.txt,ivone
a_095.txt,moacir
a_095.txt,pecas
a_095.txt,rotina
a_095.txt,propria
a_095.txt,indispensaveis
a_095.txt,narrado
a_095.txt,normalidade
a_095.txt,lhes
a_095.txt,estrada
a_095.txt,verifica
a_095.txt,tercio
a_095.txt,varias
a_095.txt,vantagem
a_095.txt,pais
a_095.txt,unidos
a_095.txt,conter
a_095.txt,critica
a_095.txt,tt
a_095.txt,liberou
a_095.txt,informacoes
a_095.txt,co
a_095.txt,evidente
a_095.txt,anpp
a_095.txt,acrescidos
a_095.txt,demonstrada
a_095.txt,impunidade
a_095.txt,predios
a_095.txt,atuando
a_095.txt,derivadas
a_095.txt,perpetrada
a_095.txt,zambelli
a_095.txt,rbatv
a_095.txt,ofensivo
a_095.txt,pets
a_095.txt,caracterizando
a_095.txt,sem
a_095.txt,imputados
a_095.txt,permitindo
a_095.txt,orst
a_095.txt,inisterio
a_095.txt,reconhecimento
a_095.txt,citacao
a_095.txt,dr
a_095.txt,posteriormente
a_095.txt,diretamente
a_095.txt,amaral
a_095.txt,braco
a_095.txt,mitigada
a_095.txt,independencia
a_095.txt,requerimento
a_095.txt,tipica
a_095.txt,barra
a_095.txt,consequentemente
a_095.txt,portal
a_095.txt,superioridade
a_095.txt,oferecimento
a_095.txt,estao
a_095.txt,iji
a_095.txt,especialmente
a_095.txt,afirmando
a_095.txt,exatamente
a_095.txt,turma
a_095.txt,rodrigues
a_095.txt,extremamente
a_095.txt,tem
a_095.txt,exemplo
a_095.txt,notificada
a_095.txt,kurth
a_095.txt,corja
a_095.txt,titularidade
a_095.txt,oraes
a_095.txt,responsavel
a_095.txt,deixa
a_095.txt,simplesmente
a_095.txt,dia
a_095.txt,lomski
a_095.txt,apodavam
a_095.txt,poderes
a_095.txt,leonardo
a_095.txt,depor
a_095.txt,ativamente
a_095.txt,pela
a_095.txt,ainda
a_095.txt,caminhoes
a_095.txt,tobias
a_095.txt,aparenta
a_095.txt,ato
a_095.txt,forma
a_095.txt,agravo
a_095.txt,absolvicao
a_095.txt,iniciase
a_095.txt,lugar
a_095.txt,juizes
a_095.txt,acusacao
a_095.txt,aparentemente
a_095.txt,ii
a_095.txt,cinquenta
a_095.txt,participes
a_095.txt,bastasse
a_095.txt,cinto
a_095.txt,razoes
a_095.txt,viario
a_095.txt,maior
a_095.txt,ubi
a_095.txt,albuquerque
a_095.txt,ocorrendo
a_095.txt,agressao
a_095.txt,legitima
a_095.txt,inq
a_095.txt,levar
a_095.txt,facilitar
a_095.txt,agitar
a_095.txt,autoridades
a_095.txt,invasao
a_095.txt,vir
a_095.txt,majorado
a_095.txt,pretendam
a_095.txt,volgelbacher
a_095.txt,inquerito
a_095.txt,filmado
a_095.txt,concretos
a_095.txt,fornecimento
a_095.txt,evaldo
a_095.txt,agressores
a_095.txt,caso
a_095.txt,meios
a_095.txt,barros
a_095.txt,demonstrar
a_095.txt,conviccao
a_095.txt,urteil
a_095.txt,condutas
a_099.txt,regimento
a_099.txt,criminalidade
a_099.txt,apresentadas
a_099.txt,circunstancias
a_099.txt,br
a_099.txt,capazes
a_099.txt,inclusao
a_099.txt,julgar
a_099.txt,criacao
a_099.txt,andre
a_099.txt,refutar
a_099.txt,rhc
a_099.txt,ofensa
a_099.txt,caracterizar
a_099.txt,arguido
a_099.txt,outros
a_099.txt,apreciacao
a_099.txt,comentarios
a_099.txt,participantes
a_099.txt,inicial
a_099.txt,penal
a_099.txt,assessora
a_099.txt,m
a_099.txt,afastada
a_099.txt,apura
a_099.txt,natural
a_099.txt,funcionado
a_099.txt,apresentada
a_099.txt,prejudicar
a_099.txt,sustentar
a_099.txt,tampouco
a_099.txt,recebimento
a_099.txt,recebeu
a_099.txt,apuram
a_099.txt,internos
a_099.txt,quer
a_099.txt,teor
a_099.txt,ambito
a_099.txt,pessoas
a_099.txt,q
a_099.txt,decidir
a_099.txt,agravante
a_099.txt,sucessivas
a_099.txt,ela
a_099.txt,minimamente
a_099.txt,entrevista
a_099.txt,palavras
a_099.txt,foram
a_099.txt,conhecido
a_099.txt,colegiado
a_099.txt,tanto
a_099.txt,supressao
a_099.txt,fora
a_099.txt,policial
a_099.txt,logo
a_099.txt,senhor
a_099.txt,justificar
a_099.txt,dias
a_099.txt,origem
a_099.txt,colateral
a_099.txt,contra
a_099.txt,justica
a_099.txt,superada
a_099.txt,puder
a_099.txt,peticao
a_099.txt,jus
a_099.txt,apontados
a_099.txt,seguintes
a_099.txt,trata
a_099.txt,imparcialidade
a_099.txt,reis
a_099.txt,ribunal
a_099.txt,pedido
a_099.txt,agravada
a_099.txt,fundamentada
a_099.txt,rguicao
a_099.txt,f
a_099.txt,interessados
a_099.txt,publicas
a_099.txt,reg
a_099.txt,suspeito
a_099.txt,dessas
a_099.txt,finalidade
a_099.txt,exemplificativas
a_099.txt,rol
a_099.txt,pronunciamento
a_099.txt,traco
a_099.txt,v
a_099.txt,manifestou
a_099.txt,aso
a_099.txt,linha
a_099.txt,epresentacao
a_099.txt,arguida
a_099.txt,possibilidade
a_099.txt,relevante
a_099.txt,interessado
a_099.txt,grifei
a_099.txt,argumenta
a_099.txt,existencia
a_099.txt,arguente
a_099.txt,torna
a_099.txt,precedente
a_099.txt,reconheceu
a_099.txt,virtude
a_099.txt,tentativa
a_099.txt,upremo
a_099.txt,exame
a_099.txt,rr
a_099.txt,inicio
a_099.txt,suscitada
a_099.txt,diverso
a_099.txt,vislumbra
a_099.txt,exercido
a_099.txt,ele
a_099.txt,interposto
a_099.txt,ezequiel
a_099.txt,precedentes
a_099.txt,impedido
a_099.txt,outra
a_099.txt,manifestamente
a_099.txt,agdo
a_099.txt,everaldo
a_099.txt,proprio
a_099.txt,subjetivas
a_099.txt,dantas
a_099.txt,nao
a_099.txt,utos
a_099.txt,subjetiva
a_099.txt,serem
a_099.txt,situacao
a_099.txt,corte
a_099.txt,jorge
a_099.txt,for
a_099.txt,suficientes
a_099.txt,consignaram
a_099.txt,especial
a_099.txt,disse
a_099.txt,mesmo
a_099.txt,estrita
a_099.txt,deste
a_099.txt,presente
a_099.txt,terem
a_099.txt,exercer
a_099.txt,essencial
a_099.txt,carmen
a_099.txt,veja
a_099.txt,confiram
a_099.txt,impedidos
a_099.txt,extrato
a_099.txt,apresentados
a_099.txt,excelencia
a_099.txt,essa
a_099.txt,carater
a_099.txt,virtual
a_099.txt,pa
a_099.txt,ose
a_099.txt,veraldo
a_099.txt,i
a_099.txt,coletividade
a_099.txt,chefe
a_099.txt,exercicio
a_099.txt,assenta
a_099.txt,suspeicao
a_099.txt,danos
a_099.txt,discussoes
a_099.txt,coisa
a_099.txt,azoes
a_099.txt,discussao
a_099.txt,ap
a_099.txt,pet
a_099.txt,destaco
a_099.txt,jurisprudencia
a_099.txt,haver
a_099.txt,reparacao
a_099.txt,julgou
a_099.txt,unicas
a_099.txt,advogado
a_099.txt,impede
a_099.txt,legislador
a_099.txt,sujeito
a_099.txt,recursos
a_099.txt,j
a_099.txt,referencial
a_099.txt,lecionam
a_099.txt,dano
a_099.txt,autorizar
a_099.txt,atos
a_099.txt,gdo
a_099.txt,flavio
a_099.txt,utro
a_099.txt,sentido
a_099.txt,fosse
a_099.txt,daqueles
a_099.txt,grau
a_099.txt,roberto
a_099.txt,pagina
a_099.txt,notadamente
a_099.txt,dizer
a_099.txt,aimp
a_099.txt,ultimo
a_099.txt,residente
a_099.txt,mesma
a_099.txt,cristiano
a_099.txt,aptas
a_099.txt,abolicao
a_099.txt,zequiel
a_099.txt,acordam
a_099.txt,zanin
a_099.txt,min
a_099.txt,rejeitou
a_099.txt,relatados
a_099.txt,delitos
a_099.txt,are
a_099.txt,in
a_099.txt,reforma
a_099.txt,sintese
a_099.txt,dezembro
a_099.txt,consanguineo
a_099.txt,direto
a_099.txt,todo
a_099.txt,dao
a_099.txt,influir
a_099.txt,fato
a_099.txt,c
a_099.txt,superior
a_099.txt,expressa
a_099.txt,afirmado
a_099.txt,previstas
a_099.txt,cpc
a_099.txt,legitimo
a_099.txt,acusado
a_099.txt,destituidas
a_099.txt,pronunciando
a_099.txt,jurisdicional
a_099.txt,ilveira
a_099.txt,impossibilitariam
a_099.txt,genericas
a_099.txt,recorrente
a_099.txt,red
a_099.txt,pode
a_099.txt,conduz
a_099.txt,demanda
a_099.txt,relatoria
a_099.txt,taxativamente
a_099.txt,barroso
a_099.txt,perspectiva
a_099.txt,composicao
a_099.txt,criminoso
a_099.txt,ordem
a_099.txt,presenca
a_099.txt,alem
a_099.txt,ecurso
a_099.txt,sendo
a_099.txt,passivo
a_099.txt,encontra
a_099.txt,tenho
a_099.txt,requisitos
a_099.txt,testemunha
a_099.txt,analogo
a_099.txt,desprovimento
a_099.txt,jurisdicao
a_099.txt,defesa
a_099.txt,caracterizacao
a_099.txt,preliminar
a_099.txt,julgados
a_099.txt,outro
a_099.txt,recurso
a_099.txt,t
a_099.txt,insuficientes
a_099.txt,resultado
a_099.txt,disso
a_099.txt,caracterizadoras
a_099.txt,argumentos
a_099.txt,quanto
a_099.txt,causa
a_099.txt,ata
a_099.txt,alegacao
a_099.txt,pena
a_099.txt,r
a_099.txt,ed
a_099.txt,ausencia
a_099.txt,via
a_099.txt,repeticao
a_099.txt,mussi
a_099.txt,comunicacao
a_099.txt,plano
a_099.txt,mp
a_099.txt,dita
a_099.txt,narrados
a_099.txt,indicado
a_099.txt,encontram
a_099.txt,usencia
a_099.txt,justificaram
a_099.txt,podera
a_099.txt,penais
a_099.txt,obice
a_099.txt,salvador
a_099.txt,natureza
a_099.txt,sustente
a_099.txt,arroso
a_099.txt,vogal
a_099.txt,descritas
a_099.txt,luiz
a_099.txt,costuma
a_099.txt,nesta
a_099.txt,hipotese
a_099.txt,ristf
a_099.txt,direitos
a_099.txt,l
a_099.txt,relacionadas
a_099.txt,objetiva
a_099.txt,defensor
a_099.txt,obsta
a_099.txt,p
a_099.txt,cordeiro
a_099.txt,mendes
a_099.txt,acolhimento
a_099.txt,rel
a_099.txt,ederal
a_099.txt,prazo
a_099.txt,apelacao
a_099.txt,inclusive
a_099.txt,denegado
a_099.txt,toffoli
a_099.txt,lei
a_099.txt,orgao
a_099.txt,b
a_099.txt,independentemente
a_099.txt,toda
a_099.txt,razao
a_099.txt,houver
a_099.txt,seria
a_099.txt,julgamento
a_099.txt,falar
a_099.txt,preceitua
a_099.txt,pacelli
a_099.txt,marconsini
a_099.txt,moraes
a_099.txt,grifos
a_099.txt,neguei
a_099.txt,gravidade
a_099.txt,previsto
a_099.txt,arts
a_099.txt,situacoes
a_099.txt,ilegalidade
a_099.txt,s
a_099.txt,contudo
a_099.txt,alta
a_099.txt,interpretacao
a_099.txt,lavagem
a_099.txt,descabida
a_099.txt,oberto
a_099.txt,deixou
a_099.txt,observo
a_099.txt,improcedencia
a_099.txt,conforme
a_099.txt,autenticacao
a_099.txt,regional
a_099.txt,doutrina
a_099.txt,hipoteses
a_099.txt,gustavo
a_099.txt,impossibilidade
a_099.txt,g
a_099.txt,sessoes
a_099.txt,nessa
a_099.txt,admissibilidade
a_099.txt,alegadamente
a_099.txt,todos
a_099.txt,tiver
a_099.txt,argumento
a_099.txt,essas
a_099.txt,impugnar
a_099.txt,assentou
a_099.txt,inteiro
a_099.txt,limitando
a_099.txt,rt
a_099.txt,incapacidade
a_099.txt,impedem
a_099.txt,verdadeira
a_099.txt,inistro
a_099.txt,embora
a_099.txt,bem
a_099.txt,artigo
a_099.txt,daquele
a_099.txt,automatico
a_099.txt,renato
a_099.txt,processamento
a_099.txt,faria
a_099.txt,alexandre
a_099.txt,noticiado
a_099.txt,afim
a_099.txt,apuracao
a_099.txt,daquelas
a_099.txt,dar
a_099.txt,consignou
a_099.txt,fischer
a_099.txt,descrita
a_099.txt,parcialmente
a_099.txt,enal
a_099.txt,tal
a_099.txt,principio
a_099.txt,acolhida
a_099.txt,positivo
a_099.txt,submetida
a_099.txt,recorrida
a_099.txt,nega
a_099.txt,juiz
a_099.txt,termos
a_099.txt,juridicas
a_099.txt,processados
a_099.txt,globo
a_099.txt,provimento
a_099.txt,havendo
a_099.txt,originariamente
a_099.txt,discutidos
a_099.txt,http
a_099.txt,nenhum
a_099.txt,junior
a_099.txt,pressupostos
a_099.txt,estes
a_099.txt,consoante
a_099.txt,ordinario
a_099.txt,analogica
a_099.txt,fundamentos
a_099.txt,interno
a_099.txt,pacifica
a_099.txt,legislar
a_099.txt,sob
a_099.txt,infirmam
a_099.txt,suprema
a_099.txt,atividade
a_099.txt,elementos
a_099.txt,pressupoe
a_099.txt,final
a_099.txt,civil
a_099.txt,conheco
a_099.txt,previsao
a_099.txt,judiciario
a_099.txt,refiro
a_099.txt,vii
a_099.txt,titular
a_099.txt,preliminares
a_099.txt,portanto
a_099.txt,mencionadas
a_099.txt,partes
a_099.txt,dino
a_099.txt,visto
a_099.txt,parcialidade
a_099.txt,sebastiao
a_099.txt,__
a_099.txt,administrativo
a_099.txt,veicula
a_099.txt,votar
a_099.txt,contida
a_099.txt,fatos
a_099.txt,agte
a_099.txt,atlas
a_099.txt,enhor
a_099.txt,gilmar
a_099.txt,reitera
a_099.txt,feito
a_099.txt,maneira
a_099.txt,reconhecer
a_099.txt,thereza
a_099.txt,aa
a_099.txt,esta
a_099.txt,investigado
a_099.txt,sentenca
a_099.txt,regimental
a_099.txt,arconsini
a_099.txt,limitou
a_099.txt,ensejo
a_099.txt,imediata
a_099.txt,preso
a_099.txt,causado
a_099.txt,imprensa
a_099.txt,caracterizam
a_099.txt,republica
a_099.txt,vinculos
a_099.txt,atos_antidemocraticos
a_099.txt,ri
a_099.txt,elator
a_099.txt,silveira
a_099.txt,exposto
a_099.txt,secretaria
a_099.txt,expressamente
a_099.txt,processual
a_099.txt,estado
a_099.txt,auxiliar
a_099.txt,serao
a_099.txt,sentencas
a_099.txt,jose
a_099.txt,desta
a_099.txt,orgaos
a_099.txt,fine
a_099.txt,partir
a_099.txt,embasamento
a_099.txt,asp
a_099.txt,d
a_099.txt,condicao
a_099.txt,julgador
a_099.txt,parente
a_099.txt,nefi
a_099.txt,respectivo
a_099.txt,mera
a_099.txt,meio
a_099.txt,ocorrencia
a_099.txt,analogia
a_099.txt,mostram
a_099.txt,vinculadas
a_099.txt,juspodivm
a_099.txt,autenticardocumento
a_099.txt,instancia
a_099.txt,democratico
a_099.txt,rocessual
a_099.txt,nada
a_099.txt,qualquer
a_099.txt,senha
a_099.txt,incluir
a_099.txt,denuncia
a_099.txt,articuladas
a_099.txt,suficiente
a_099.txt,dela
a_099.txt,legais
a_099.txt,n
a_099.txt,cf
a_099.txt,pensamos
a_099.txt,ja
a_099.txt,julgadores
a_099.txt,constitucional
a_099.txt,oliveira
a_099.txt,disciplinar
a_099.txt,reiterar
a_099.txt,sustenta
a_099.txt,mostra
a_099.txt,interpostos
a_099.txt,apurar
a_099.txt,implicar
a_099.txt,brasileiro
a_099.txt,denegada
a_099.txt,desembargadores
a_099.txt,tipo
a_099.txt,ambas
a_099.txt,vislumbro
a_099.txt,subjetivo
a_099.txt,ww
a_099.txt,jornal
a_099.txt,autoridade
a_099.txt,eles
a_099.txt,tese
a_099.txt,possua
a_099.txt,luis
a_099.txt,observa
a_099.txt,conhecimento
a_099.txt,evidencia
a_099.txt,antecedentes
a_099.txt,taxativo
a_099.txt,afastar
a_099.txt,probatorios
a_099.txt,legal
a_099.txt,unanimidade
a_099.txt,zavascki
a_099.txt,veiculo
a_099.txt,confira
a_099.txt,verifica
a_099.txt,comprovem
a_099.txt,vantagem
a_099.txt,crimes
a_099.txt,consolidada
a_099.txt,filio
a_099.txt,decorrentes
a_099.txt,desempenhado
a_099.txt,impossibilitam
a_099.txt,autorizadores
a_099.txt,mendonca
a_099.txt,adv
a_099.txt,afinidade
a_099.txt,clara
a_099.txt,identificacao
a_099.txt,habeas
a_099.txt,possivel
a_099.txt,constituem
a_099.txt,douglas
a_099.txt,conheceu
a_099.txt,infirmar
a_099.txt,colacionados
a_099.txt,circunstancia
a_099.txt,parte
a_099.txt,fux
a_099.txt,acrescidos
a_099.txt,instituicoes
a_099.txt,extensiva
a_099.txt,nulidade
a_099.txt,proced
a_099.txt,isso
a_099.txt,passo
a_099.txt,item
a_099.txt,esse
a_099.txt,pura
a_099.txt,especifica
a_099.txt,estariam
a_099.txt,manual
a_099.txt,afasta
a_099.txt,morais
a_099.txt,crime
a_099.txt,gte
a_099.txt,fachin
a_099.txt,comprometeriam
a_099.txt,exegese
a_099.txt,impedimento
a_099.txt,presuncao
a_099.txt,moura
a_099.txt,penso
a_099.txt,caracteriza
a_099.txt,demonstrou
a_099.txt,arguicao
a_099.txt,comprovada
a_099.txt,corpus
a_099.txt,ministros
a_099.txt,sem
a_099.txt,afastam
a_099.txt,julgada
a_099.txt,objetivas
a_099.txt,civel
a_099.txt,configurar
a_099.txt,istrito
a_099.txt,proferidas
a_099.txt,prevista
a_099.txt,ante
a_099.txt,diretamente
a_099.txt,eugenio
a_099.txt,absoluta
a_099.txt,badaro
a_099.txt,dv
a_099.txt,paulo
a_099.txt,buscavam
a_099.txt,fins
a_099.txt,ipso
a_099.txt,independencia
a_099.txt,continuou
a_099.txt,geral
a_099.txt,justificadoras
a_099.txt,cabe
a_099.txt,sido
a_099.txt,portal
a_099.txt,vistos
a_099.txt,publico
a_099.txt,presentes
a_099.txt,alegacoes
a_099.txt,relacionados
a_099.txt,fundamento
a_099.txt,especie
a_099.txt,pp
a_099.txt,titulares
a_099.txt,criminal
a_099.txt,citados
a_099.txt,gravo
a_099.txt,contrario
a_099.txt,distintos
a_099.txt,estao
a_099.txt,ter
a_099.txt,relacao
a_099.txt,ministerio
a_099.txt,orienta
a_099.txt,processos
a_099.txt,perito
a_099.txt,turma
a_099.txt,uis
a_099.txt,tem
a_099.txt,lucia
a_099.txt,mpedimento
a_099.txt,exemplo
a_099.txt,servido
a_099.txt,regencia
a_099.txt,procedimento
a_099.txt,teria
a_099.txt,acao
a_099.txt,determinado
a_099.txt,acolhido
a_099.txt,dia
a_099.txt,alegada
a_099.txt,violenta
a_099.txt,interesse
a_099.txt,golpe
a_099.txt,pelo
a_099.txt,efeitos
a_099.txt,estabelece
a_099.txt,defenda
a_099.txt,questao
a_099.txt,nessas
a_099.txt,consanguinidade
a_099.txt,comprometimento
a_099.txt,delas
a_099.txt,normativos
a_099.txt,conhecer
a_099.txt,nesse
a_099.txt,regra
a_099.txt,pela
a_099.txt,demonstracao
a_099.txt,sousa
a_099.txt,vitima
a_099.txt,negou
a_099.txt,condicoes
a_099.txt,envolvido
a_099.txt,face
a_099.txt,questoes
a_099.txt,postos
a_099.txt,dinheiro
a_099.txt,delito
a_099.txt,forma
a_099.txt,caracterizado
a_099.txt,parentes
a_099.txt,agravo
a_099.txt,individualizada
a_099.txt,cpp
a_099.txt,incidente
a_099.txt,ademais
a_099.txt,ii
a_099.txt,ag
a_099.txt,interpretativa
a_099.txt,local
a_099.txt,iv
a_099.txt,geram
a_099.txt,juridica
a_099.txt,causas
a_099.txt,forem
a_099.txt,razoes
a_099.txt,citada
a_099.txt,distinto
a_099.txt,objetivos
a_099.txt,negativa
a_099.txt,cuida
a_099.txt,reta
a_099.txt,regiao
a_099.txt,pleito
a_099.txt,requerente
a_099.txt,seguinte
a_099.txt,animo
a_099.txt,seriam
a_099.txt,ispositivo
a_099.txt,impugnacao
a_099.txt,impugna
a_099.txt,rcl
a_099.txt,poder
a_099.txt,juridico
a_099.txt,uestoes
a_099.txt,repercutirem
a_099.txt,antecedente
a_099.txt,representacao
a_099.txt,direito
a_099.txt,votos
a_099.txt,deve
a_099.txt,facto
a_099.txt,diploma
a_099.txt,improcedente
a_099.txt,nem
a_099.txt,excepcional
a_099.txt,apontou
a_099.txt,interesses
a_099.txt,resp
a_099.txt,codigo
a_099.txt,teori
a_099.txt,conjuge
a_099.txt,prosseguimento
a_099.txt,ousa
a_099.txt,saber
a_099.txt,julgado
a_099.txt,identico
a_099.txt,material
a_099.txt,dispositivo
a_099.txt,cao
a_099.txt,medida
a_099.txt,enquadram
a_099.txt,legislacao
a_099.txt,ireito
a_099.txt,simples
a_099.txt,demonstradas
a_099.txt,funcoes
a_099.txt,edson
a_099.txt,caso
a_099.txt,seguimento
a_099.txt,relato
a_099.txt,agr
a_099.txt,hc
a_099.txt,subjetivos
a_099.txt,demonstrar
a_099.txt,estender
a_099.txt,distrito
a_099.txt,magistrado
a_099.txt,base
a_099.txt,havera
a_098.txt,prescrita
a_098.txt,compromissos
a_098.txt,pacto
a_098.txt,portadora
a_098.txt,trabalhava
a_098.txt,exsurge
a_098.txt,criacao
a_098.txt,andre
a_098.txt,rhc
a_098.txt,europeu
a_098.txt,rememoro
a_098.txt,padovani
a_098.txt,judicial
a_098.txt,acerca
a_098.txt,comentarios
a_098.txt,destaquei
a_098.txt,presidenciais
a_098.txt,m
a_098.txt,ver
a_098.txt,quaisquer
a_098.txt,razoavel
a_098.txt,planos
a_098.txt,sustentar
a_098.txt,manifestar
a_098.txt,apuram
a_098.txt,quer
a_098.txt,disseminacao
a_098.txt,constituicao
a_098.txt,povo
a_098.txt,q
a_098.txt,decidir
a_098.txt,cidh
a_098.txt,funcao
a_098.txt,ela
a_098.txt,vicios
a_098.txt,repensando
a_098.txt,importante
a_098.txt,maiores
a_098.txt,micallef
a_098.txt,excerto
a_098.txt,fora
a_098.txt,policial
a_098.txt,logo
a_098.txt,afirmam
a_098.txt,milicia
a_098.txt,senhor
a_098.txt,justificar
a_098.txt,coisas
a_098.txt,tenham
a_098.txt,hierarquicos
a_098.txt,justica
a_098.txt,apontados
a_098.txt,morice
a_098.txt,juiza
a_098.txt,fundamentada
a_098.txt,atuacao
a_098.txt,aury
a_098.txt,crise
a_098.txt,suspeito
a_098.txt,investigados
a_098.txt,finalidade
a_098.txt,tomado
a_098.txt,rol
a_098.txt,concluir
a_098.txt,resumem
a_098.txt,realca
a_098.txt,placido
a_098.txt,awg
a_098.txt,equitativo
a_098.txt,ff
a_098.txt,alemanha
a_098.txt,aduz
a_098.txt,epresentacao
a_098.txt,visavam
a_098.txt,tangiveis
a_098.txt,devido
a_098.txt,transcendem
a_098.txt,unico
a_098.txt,argumenta
a_098.txt,precedente
a_098.txt,torna
a_098.txt,esgrimidos
a_098.txt,amparadas
a_098.txt,exame
a_098.txt,rr
a_098.txt,inicio
a_098.txt,erik
a_098.txt,wolfgang
a_098.txt,ele
a_098.txt,processado
a_098.txt,verdadeiramente
a_098.txt,subjetivas
a_098.txt,there
a_098.txt,utos
a_098.txt,esencialmente
a_098.txt,grosskommentar
a_098.txt,especial
a_098.txt,pacheco
a_098.txt,andres
a_098.txt,bastantes
a_098.txt,deste
a_098.txt,majoritaria
a_098.txt,veja
a_098.txt,determinada
a_098.txt,extrato
a_098.txt,convention
a_098.txt,objectivamente
a_098.txt,apresentados
a_098.txt,bussola
a_098.txt,determinando
a_098.txt,correto
a_098.txt,grande
a_098.txt,cortes
a_098.txt,exercicio
a_098.txt,insuficientemente
a_098.txt,fabricio
a_098.txt,problema
a_098.txt,sejam
a_098.txt,instrucao
a_098.txt,semantica
a_098.txt,ap
a_098.txt,configurariam
a_098.txt,reparacao
a_098.txt,macula
a_098.txt,financeiras
a_098.txt,unicas
a_098.txt,democratica
a_098.txt,interessa
a_098.txt,dano
a_098.txt,comentado
a_098.txt,gdo
a_098.txt,essencia
a_098.txt,sentido
a_098.txt,daqueles
a_098.txt,suficiencia
a_098.txt,prioridade
a_098.txt,roberto
a_098.txt,notadamente
a_098.txt,apresento
a_098.txt,ferrantelli
a_098.txt,dizer
a_098.txt,impoe
a_098.txt,internacionais
a_098.txt,residente
a_098.txt,totum
a_098.txt,malan
a_098.txt,aptas
a_098.txt,teoria
a_098.txt,acordam
a_098.txt,min
a_098.txt,bangalore
a_098.txt,domiciliar
a_098.txt,num
a_098.txt,consanguineo
a_098.txt,todo
a_098.txt,embasada
a_098.txt,gales
a_098.txt,legitimidade
a_098.txt,superior
a_098.txt,protagonista
a_098.txt,expressa
a_098.txt,quebra
a_098.txt,membros
a_098.txt,altera
a_098.txt,internet
a_098.txt,intuitiva
a_098.txt,nominal
a_098.txt,gerando
a_098.txt,pronunciando
a_098.txt,desse
a_098.txt,red
a_098.txt,pode
a_098.txt,lhe
a_098.txt,horizonte
a_098.txt,controversia
a_098.txt,html
a_098.txt,relacionada
a_098.txt,visivel
a_098.txt,criminoso
a_098.txt,belgium
a_098.txt,presenca
a_098.txt,britanica
a_098.txt,activos
a_098.txt,chegam
a_098.txt,high
a_098.txt,encontra
a_098.txt,sendo
a_098.txt,magistrados
a_098.txt,criterios
a_098.txt,alheamento
a_098.txt,testemunha
a_098.txt,principios
a_098.txt,homenagem
a_098.txt,exige
a_098.txt,recurso
a_098.txt,resultado
a_098.txt,valor
a_098.txt,argumentos
a_098.txt,causa
a_098.txt,cerceamento
a_098.txt,ata
a_098.txt,alegacao
a_098.txt,pena
a_098.txt,pontificam
a_098.txt,autonomos
a_098.txt,ausencia
a_098.txt,possiveis
a_098.txt,cabral
a_098.txt,formal
a_098.txt,entendo
a_098.txt,verificar
a_098.txt,decisivo
a_098.txt,usencia
a_098.txt,dados
a_098.txt,feita
a_098.txt,cumprir
a_098.txt,pretendida
a_098.txt,salvador
a_098.txt,natureza
a_098.txt,determinaveis
a_098.txt,cautelas
a_098.txt,realizados
a_098.txt,mador
a_098.txt,luiz
a_098.txt,tullio
a_098.txt,costuma
a_098.txt,hipotese
a_098.txt,direitos
a_098.txt,ueno
a_098.txt,objetiva
a_098.txt,denominado
a_098.txt,frisar
a_098.txt,ederal
a_098.txt,toffoli
a_098.txt,toda
a_098.txt,paradigmatico
a_098.txt,seria
a_098.txt,julgamento
a_098.txt,jurisdiccion
a_098.txt,acusatorio
a_098.txt,non
a_098.txt,preceitua
a_098.txt,article
a_098.txt,pacelli
a_098.txt,original
a_098.txt,setenta
a_098.txt,basta
a_098.txt,bverfge
a_098.txt,miller
a_098.txt,nacional
a_098.txt,impossibilidade
a_098.txt,imparcial
a_098.txt,necessario
a_098.txt,human
a_098.txt,todos
a_098.txt,parecer
a_098.txt,haja
a_098.txt,tiver
a_098.txt,argumento
a_098.txt,bailii
a_098.txt,remessa
a_098.txt,incompatibilidades
a_098.txt,cautelares
a_098.txt,miranda
a_098.txt,verdadeira
a_098.txt,acompanhar
a_098.txt,amador
a_098.txt,acredite
a_098.txt,acolho
a_098.txt,artigo
a_098.txt,alinhada
a_098.txt,detencao
a_098.txt,realizadas
a_098.txt,despeito
a_098.txt,processamento
a_098.txt,camara
a_098.txt,alexandre
a_098.txt,criminais
a_098.txt,objetividade
a_098.txt,acima
a_098.txt,fundamental
a_098.txt,falsificacao
a_098.txt,tal
a_098.txt,realidade
a_098.txt,acolhida
a_098.txt,positivo
a_098.txt,recorrida
a_098.txt,juridicas
a_098.txt,ponto
a_098.txt,estes
a_098.txt,suma
a_098.txt,analogica
a_098.txt,maximas
a_098.txt,decidido
a_098.txt,atingiriam
a_098.txt,interno
a_098.txt,sob
a_098.txt,avaliacao
a_098.txt,suprema
a_098.txt,atividade
a_098.txt,elementos
a_098.txt,humanos
a_098.txt,instaurada
a_098.txt,vedacoes
a_098.txt,vii
a_098.txt,partes
a_098.txt,revela
a_098.txt,parcialidade
a_098.txt,veicula
a_098.txt,captura
a_098.txt,corretamente
a_098.txt,dimensoes
a_098.txt,alonso
a_098.txt,contida
a_098.txt,tirar
a_098.txt,implementacao
a_098.txt,consideram
a_098.txt,encarado
a_098.txt,reconhecer
a_098.txt,tinha
a_098.txt,esta
a_098.txt,praticados
a_098.txt,votacao
a_098.txt,sentenca
a_098.txt,and
a_098.txt,deduzidas
a_098.txt,imediatamente
a_098.txt,regimental
a_098.txt,jurisdicionalidade
a_098.txt,limitou
a_098.txt,imparcialidad
a_098.txt,livraria
a_098.txt,mirza
a_098.txt,conformidade
a_098.txt,objetividad
a_098.txt,preso
a_098.txt,sofreria
a_098.txt,causado
a_098.txt,diante
a_098.txt,precipua
a_098.txt,escopo
a_098.txt,naqueles
a_098.txt,tratamento
a_098.txt,bias
a_098.txt,admitem
a_098.txt,ri
a_098.txt,secretaria
a_098.txt,judge
a_098.txt,dyrlund
a_098.txt,alguma
a_098.txt,processual
a_098.txt,desta
a_098.txt,orgaos
a_098.txt,fine
a_098.txt,definido
a_098.txt,justo
a_098.txt,beccaria
a_098.txt,padrao
a_098.txt,d
a_098.txt,proximos
a_098.txt,maioria
a_098.txt,introito
a_098.txt,nefi
a_098.txt,sempre
a_098.txt,professor
a_098.txt,subscritora
a_098.txt,portugues
a_098.txt,documentacao
a_098.txt,autenticardocumento
a_098.txt,conflitos
a_098.txt,examinada
a_098.txt,aparencias
a_098.txt,proibicao
a_098.txt,excertos
a_098.txt,belo
a_098.txt,dela
a_098.txt,prudente
a_098.txt,acordo
a_098.txt,lopes
a_098.txt,legais
a_098.txt,forum
a_098.txt,cf
a_098.txt,americana
a_098.txt,violacao
a_098.txt,pensamos
a_098.txt,julgadores
a_098.txt,captada
a_098.txt,uso
a_098.txt,reiterar
a_098.txt,mostra
a_098.txt,implicar
a_098.txt,colaborando
a_098.txt,intuito
a_098.txt,brasileiro
a_098.txt,denegada
a_098.txt,conduta
a_098.txt,senao
a_098.txt,estas
a_098.txt,legitimamente
a_098.txt,ww
a_098.txt,autoridade
a_098.txt,eles
a_098.txt,duvida
a_098.txt,prerrogativa
a_098.txt,fabris
a_098.txt,esencial
a_098.txt,antecedentes
a_098.txt,corrupcion
a_098.txt,trial
a_098.txt,semelhante
a_098.txt,inspirar
a_098.txt,unanimidade
a_098.txt,veiculo
a_098.txt,consagrado
a_098.txt,capacidade
a_098.txt,homem
a_098.txt,impossibilitam
a_098.txt,autorizadores
a_098.txt,mendonca
a_098.txt,individual
a_098.txt,afinidade
a_098.txt,buscemi
a_098.txt,constituem
a_098.txt,imagem
a_098.txt,construcao
a_098.txt,infirmar
a_098.txt,colacionados
a_098.txt,parte
a_098.txt,recear
a_098.txt,conquanto
a_098.txt,concreta
a_098.txt,evidenciaria
a_098.txt,toma
a_098.txt,isso
a_098.txt,alega
a_098.txt,especifica
a_098.txt,estariam
a_098.txt,trazer
a_098.txt,suspensao
a_098.txt,crime
a_098.txt,gte
a_098.txt,comprometeriam
a_098.txt,acaso
a_098.txt,consequencias
a_098.txt,caracteriza
a_098.txt,itinerario
a_098.txt,comprovada
a_098.txt,plenitude
a_098.txt,investiga
a_098.txt,ministros
a_098.txt,indubitavel
a_098.txt,explicativa
a_098.txt,enriquecimento
a_098.txt,arbitrar
a_098.txt,magistratura
a_098.txt,julgada
a_098.txt,maculam
a_098.txt,only
a_098.txt,organizacao
a_098.txt,configuraria
a_098.txt,examinado
a_098.txt,criterio
a_098.txt,studienkommentar
a_098.txt,algumas
a_098.txt,possa
a_098.txt,suspeita
a_098.txt,afirmou
a_098.txt,paulo
a_098.txt,pgr
a_098.txt,fins
a_098.txt,geral
a_098.txt,justificadoras
a_098.txt,cabe
a_098.txt,praticada
a_098.txt,subdivide
a_098.txt,decretadas
a_098.txt,vistos
a_098.txt,publico
a_098.txt,fundamento
a_098.txt,servirao
a_098.txt,pleitos
a_098.txt,titulares
a_098.txt,pelos
a_098.txt,mole
a_098.txt,defende
a_098.txt,beneficio
a_098.txt,alemao
a_098.txt,nossa
a_098.txt,decretava
a_098.txt,milicias_digitais
a_098.txt,seguro
a_098.txt,decorre
a_098.txt,funcionarios
a_098.txt,morte
a_098.txt,serie
a_098.txt,amauri
a_098.txt,lucia
a_098.txt,tarefas
a_098.txt,regencia
a_098.txt,procedimento
a_098.txt,desenrolar
a_098.txt,poderiam
a_098.txt,determinado
a_098.txt,efeitos
a_098.txt,compromete
a_098.txt,defenda
a_098.txt,teoricos
a_098.txt,levaram
a_098.txt,feres
a_098.txt,esses
a_098.txt,graves
a_098.txt,ew
a_098.txt,nesse
a_098.txt,regra
a_098.txt,contanto
a_098.txt,horas
a_098.txt,reconhecido
a_098.txt,partidarias
a_098.txt,executivo
a_098.txt,envolvido
a_098.txt,dinheiro
a_098.txt,brasileira
a_098.txt,significacao
a_098.txt,olsonaro
a_098.txt,individualizada
a_098.txt,suso
a_098.txt,autor
a_098.txt,academico
a_098.txt,divirjo
a_098.txt,vencido
a_098.txt,local
a_098.txt,pozzebon
a_098.txt,constitucionais
a_098.txt,podem
a_098.txt,financeira
a_098.txt,causas
a_098.txt,parametros
a_098.txt,objetivos
a_098.txt,assim
a_098.txt,ultima
a_098.txt,seguida
a_098.txt,ausentar
a_098.txt,requerente
a_098.txt,ideia
a_098.txt,eng
a_098.txt,correr
a_098.txt,seriam
a_098.txt,impugnacao
a_098.txt,impugna
a_098.txt,rcl
a_098.txt,poder
a_098.txt,formulado
a_098.txt,articulacao
a_098.txt,pressupoem
a_098.txt,identificou
a_098.txt,permanecendo
a_098.txt,correctamente
a_098.txt,votos
a_098.txt,sedimentaram
a_098.txt,limita
a_098.txt,facto
a_098.txt,ausentarem
a_098.txt,unido
a_098.txt,sa
a_098.txt,apontou
a_098.txt,aceita
a_098.txt,justa
a_098.txt,interesses
a_098.txt,teori
a_098.txt,conjuge
a_098.txt,material
a_098.txt,is
a_098.txt,autora
a_098.txt,prioridad
a_098.txt,viabilizar
a_098.txt,significam
a_098.txt,ireito
a_098.txt,determinava
a_098.txt,funcoes
a_098.txt,vitimas
a_098.txt,edson
a_098.txt,inclui
a_098.txt,ltd
a_098.txt,supoe
a_098.txt,agr
a_098.txt,hc
a_098.txt,dessa
a_098.txt,posterior
a_098.txt,fim
a_098.txt,decisoes
a_098.txt,gerais
a_098.txt,policia
a_098.txt,brocardo
a_098.txt,subjetivamente
a_098.txt,apresentadas
a_098.txt,marco
a_098.txt,procesos
a_098.txt,silva
a_098.txt,julgar
a_098.txt,posicao
a_098.txt,confianca
a_098.txt,actor
a_098.txt,bonato
a_098.txt,ofensa
a_098.txt,caracterizar
a_098.txt,madrid
a_098.txt,outros
a_098.txt,acompanhou
a_098.txt,inicial
a_098.txt,investigadas
a_098.txt,direcao
a_098.txt,monitorarem
a_098.txt,requisito
a_098.txt,hodiernamente
a_098.txt,considera
a_098.txt,hostilidade
a_098.txt,recebeu
a_098.txt,linguagem
a_098.txt,atributo
a_098.txt,deveria
a_098.txt,tanto
a_098.txt,faculdade
a_098.txt,sistema
a_098.txt,clarke
a_098.txt,jr
a_098.txt,consubstanciada
a_098.txt,fundado
a_098.txt,colateral
a_098.txt,deu
a_098.txt,puder
a_098.txt,jus
a_098.txt,imparcialidade
a_098.txt,ribunal
a_098.txt,pedido
a_098.txt,rguicao
a_098.txt,f
a_098.txt,avila
a_098.txt,to
a_098.txt,dessas
a_098.txt,preceito
a_098.txt,perante
a_098.txt,parcial
a_098.txt,continuar
a_098.txt,ovidio
a_098.txt,guilherme
a_098.txt,associando
a_098.txt,exigido
a_098.txt,aderencia
a_098.txt,efetivamente
a_098.txt,ancora
a_098.txt,apud
a_098.txt,probatoria
a_098.txt,barbera
a_098.txt,julga
a_098.txt,interessado
a_098.txt,preliminarmente
a_098.txt,visando
a_098.txt,ordenamento
a_098.txt,bases
a_098.txt,desprovida
a_098.txt,verfghg
a_098.txt,garantir
a_098.txt,percepcao
a_098.txt,proposito
a_098.txt,diferenciador
a_098.txt,interposto
a_098.txt,incidencia
a_098.txt,apurado
a_098.txt,precedentes
a_098.txt,agdo
a_098.txt,materia
a_098.txt,dantas
a_098.txt,assegurada
a_098.txt,serem
a_098.txt,reconhece
a_098.txt,comenta
a_098.txt,del
a_098.txt,mesmo
a_098.txt,estrita
a_098.txt,moral
a_098.txt,terem
a_098.txt,parece
a_098.txt,essencialmente
a_098.txt,tse
a_098.txt,alinhado
a_098.txt,rica
a_098.txt,pude
a_098.txt,adequado
a_098.txt,justiz
a_098.txt,essa
a_098.txt,virtual
a_098.txt,ator
a_098.txt,romenia
a_098.txt,merito
a_098.txt,casos
a_098.txt,juristas
a_098.txt,i
a_098.txt,internacionalmente
a_098.txt,distinguir
a_098.txt,esfera
a_098.txt,demonstrando
a_098.txt,danos
a_098.txt,azoes
a_098.txt,pet
a_098.txt,alteracoes
a_098.txt,equipe
a_098.txt,mediante
a_098.txt,j
a_098.txt,afericao
a_098.txt,bverfg
a_098.txt,ilibada
a_098.txt,demonstrado
a_098.txt,dever
a_098.txt,vez
a_098.txt,flavio
a_098.txt,saraiva
a_098.txt,fosse
a_098.txt,respeito
a_098.txt,organizado
a_098.txt,asseguraria
a_098.txt,liberdade
a_098.txt,pagina
a_098.txt,seen
a_098.txt,vicio
a_098.txt,et
a_098.txt,protecao
a_098.txt,aspectos
a_098.txt,aimp
a_098.txt,bolsonaro
a_098.txt,decretacao
a_098.txt,sic
a_098.txt,assegure
a_098.txt,serventuarios
a_098.txt,decorrer
a_098.txt,exemplificativo
a_098.txt,desinteressado
a_098.txt,belgicapelo
a_098.txt,cotejando
a_098.txt,incompatibilidade
a_098.txt,certo
a_098.txt,ilmo
a_098.txt,reforma
a_098.txt,be
a_098.txt,posto
a_098.txt,sintese
a_098.txt,entende
a_098.txt,dao
a_098.txt,janeiro
a_098.txt,fato
a_098.txt,pandemia
a_098.txt,portanova
a_098.txt,afirmado
a_098.txt,eleitoral
a_098.txt,previstas
a_098.txt,conta
a_098.txt,acusado
a_098.txt,destituidas
a_098.txt,impossibilitariam
a_098.txt,caracteristica
a_098.txt,avalia
a_098.txt,demanda
a_098.txt,qualificativo
a_098.txt,garantia
a_098.txt,trato
a_098.txt,relatoria
a_098.txt,taxativamente
a_098.txt,implicita
a_098.txt,perspectiva
a_098.txt,populacao
a_098.txt,falta
a_098.txt,feldens
a_098.txt,contexto
a_098.txt,exibe
a_098.txt,objeto
a_098.txt,ecurso
a_098.txt,reconheca
a_098.txt,delcourt
a_098.txt,caracterizacao
a_098.txt,jurisdicao
a_098.txt,defesa
a_098.txt,preliminar
a_098.txt,fornecida
a_098.txt,comprovacao
a_098.txt,t
a_098.txt,insuficientes
a_098.txt,oportunidade
a_098.txt,reforco
a_098.txt,separacao
a_098.txt,r
a_098.txt,internacional
a_098.txt,diversos
a_098.txt,mister
a_098.txt,essias
a_098.txt,apresentado
a_098.txt,mussi
a_098.txt,paixao
a_098.txt,mp
a_098.txt,velar
a_098.txt,consequente
a_098.txt,narrados
a_098.txt,alto
a_098.txt,oo
a_098.txt,busca
a_098.txt,arroso
a_098.txt,vogal
a_098.txt,descritas
a_098.txt,united
a_098.txt,decarater
a_098.txt,ristf
a_098.txt,inteligencia
a_098.txt,l
a_098.txt,group
a_098.txt,explica
a_098.txt,vincula
a_098.txt,obsta
a_098.txt,considerada
a_098.txt,superado
a_098.txt,incidindo
a_098.txt,gunther
a_098.txt,reason
a_098.txt,espanha
a_098.txt,considerado
a_098.txt,acolhimento
a_098.txt,venezuela
a_098.txt,denominada
a_098.txt,remover
a_098.txt,primeiras
a_098.txt,aquele
a_098.txt,elencadas
a_098.txt,investigacoes
a_098.txt,comprove
a_098.txt,procedimental
a_098.txt,houver
a_098.txt,funcional
a_098.txt,realizado
a_098.txt,baseado
a_098.txt,rudnichenko
a_098.txt,lavents
a_098.txt,moraes
a_098.txt,fundamentais
a_098.txt,cumprem
a_098.txt,conserva
a_098.txt,lavagem
a_098.txt,deixou
a_098.txt,observo
a_098.txt,autenticacao
a_098.txt,doutrina
a_098.txt,valoracao
a_098.txt,hipoteses
a_098.txt,gustavo
a_098.txt,sessoes
a_098.txt,vies
a_098.txt,voos
a_098.txt,jun
a_098.txt,die
a_098.txt,admissibilidade
a_098.txt,ulloa
a_098.txt,juris
a_098.txt,passou
a_098.txt,essas
a_098.txt,malta
a_098.txt,must
a_098.txt,inteiro
a_098.txt,acesso
a_098.txt,conjunto
a_098.txt,vantagens
a_098.txt,incapacidade
a_098.txt,impedem
a_098.txt,taxativas
a_098.txt,atribui
a_098.txt,logico
a_098.txt,financiadores
a_098.txt,algo
a_098.txt,cubber
a_098.txt,colhe
a_098.txt,bem
a_098.txt,serio
a_098.txt,estrutura
a_098.txt,daquele
a_098.txt,tribunalconstitucional
a_098.txt,san
a_098.txt,automatico
a_098.txt,renato
a_098.txt,sistemas
a_098.txt,faria
a_098.txt,simultanea
a_098.txt,noticiado
a_098.txt,consiste
a_098.txt,afim
a_098.txt,breve
a_098.txt,bundesverfassungsgericht
a_098.txt,dar
a_098.txt,entregues
a_098.txt,alegre
a_098.txt,presentadas
a_098.txt,observador
a_098.txt,possui
a_098.txt,decidiu
a_098.txt,principio
a_098.txt,ewca
a_098.txt,aborda
a_098.txt,texto
a_098.txt,termos
a_098.txt,consigna
a_098.txt,originariamente
a_098.txt,compartimentos
a_098.txt,unissono
a_098.txt,intereses
a_098.txt,fundamentos
a_098.txt,suposta
a_098.txt,consignam
a_098.txt,episodios
a_098.txt,lado
a_098.txt,barreto
a_098.txt,legislar
a_098.txt,george
a_098.txt,infirmam
a_098.txt,sereno
a_098.txt,classifica
a_098.txt,buscas
a_098.txt,estar
a_098.txt,paralelo
a_098.txt,inciso
a_098.txt,garante
a_098.txt,judiciario
a_098.txt,situa
a_098.txt,continuidade
a_098.txt,deixado
a_098.txt,tomadas
a_098.txt,portanto
a_098.txt,distribuidas
a_098.txt,exercida
a_098.txt,mencionadas
a_098.txt,verificada
a_098.txt,abaixo
a_098.txt,sebastiao
a_098.txt,administrativo
a_098.txt,justificados
a_098.txt,capaz
a_098.txt,abster
a_098.txt,atlas
a_098.txt,enhor
a_098.txt,gilmar
a_098.txt,feito
a_098.txt,pediu
a_098.txt,deverao
a_098.txt,aa
a_098.txt,isencao
a_098.txt,surja
a_098.txt,the
a_098.txt,dogmatico
a_098.txt,grieves
a_098.txt,aleje
a_098.txt,contrarias
a_098.txt,imprensa
a_098.txt,caracterizam
a_098.txt,ora
a_098.txt,necesario
a_098.txt,decadas
a_098.txt,restringir
a_098.txt,indissociavel
a_098.txt,dezenas
a_098.txt,serao
a_098.txt,jose
a_098.txt,partir
a_098.txt,condicao
a_098.txt,fazia
a_098.txt,imperio
a_098.txt,englisch_stpo
a_098.txt,interpretes
a_098.txt,meio
a_098.txt,mera
a_098.txt,grave
a_098.txt,pedro
a_098.txt,registra
a_098.txt,https
a_098.txt,paragrafo
a_098.txt,democratico
a_098.txt,cartoes
a_098.txt,nada
a_098.txt,concreto
a_098.txt,incluir
a_098.txt,enquanto
a_098.txt,provenientes
a_098.txt,assinatura
a_098.txt,prestigio
a_098.txt,executarem
a_098.txt,diferentes
a_098.txt,jan
a_098.txt,temor
a_098.txt,gerado
a_098.txt,enseja
a_098.txt,disciplinar
a_098.txt,pontua
a_098.txt,sustenta
a_098.txt,interpostos
a_098.txt,grupo
a_098.txt,inflexoes
a_098.txt,desembargadores
a_098.txt,aulo
a_098.txt,ambas
a_098.txt,vislumbro
a_098.txt,procedimentos
a_098.txt,verificacao
a_098.txt,motivo
a_098.txt,lumen
a_098.txt,tese
a_098.txt,luis
a_098.txt,laviniu
a_098.txt,livres
a_098.txt,observa
a_098.txt,conhecimento
a_098.txt,principalmente
a_098.txt,org
a_098.txt,ilicito
a_098.txt,nucleos
a_098.txt,aludido
a_098.txt,crimes
a_098.txt,agora
a_098.txt,consolidada
a_098.txt,operacao
a_098.txt,seguindo
a_098.txt,adv
a_098.txt,indoles
a_098.txt,palabras
a_098.txt,mencionado
a_098.txt,habeas
a_098.txt,levantou
a_098.txt,falsas
a_098.txt,douglas
a_098.txt,queixa
a_098.txt,on
a_098.txt,prejulgamento
a_098.txt,proced
a_098.txt,consumacao
a_098.txt,passo
a_098.txt,item
a_098.txt,morrison
a_098.txt,luciano
a_098.txt,esse
a_098.txt,objetivamente
a_098.txt,assessores
a_098.txt,venias
a_098.txt,autuada
a_098.txt,fachin
a_098.txt,preventivas
a_098.txt,impedimento
a_098.txt,descreveu
a_098.txt,arguicao
a_098.txt,corpus
a_098.txt,elas
a_098.txt,asseverava
a_098.txt,apudbadaro
a_098.txt,judicioso
a_098.txt,iter
a_098.txt,objetivas
a_098.txt,nelson
a_098.txt,wales
a_098.txt,ante
a_098.txt,desconfianca
a_098.txt,pullar
a_098.txt,conceito
a_098.txt,manifestacao
a_098.txt,badaro
a_098.txt,standard
a_098.txt,neutralidad
a_098.txt,pugnou
a_098.txt,transmitir
a_098.txt,continuou
a_098.txt,sido
a_098.txt,entendida
a_098.txt,relacionados
a_098.txt,pp
a_098.txt,posicoes
a_098.txt,citados
a_098.txt,criminal
a_098.txt,facil
a_098.txt,england
a_098.txt,balanco
a_098.txt,explicativas
a_098.txt,gravo
a_098.txt,volta
a_098.txt,lide
a_098.txt,documento
a_098.txt,ter
a_098.txt,diferenciar
a_098.txt,relacao
a_098.txt,ministerio
a_098.txt,orienta
a_098.txt,marcelo
a_098.txt,discurso
a_098.txt,exista
a_098.txt,uis
a_098.txt,resumindo
a_098.txt,indissociavelmente
a_098.txt,procuracao
a_098.txt,acao
a_098.txt,constatar
a_098.txt,olhos
a_098.txt,golpe
a_098.txt,violenta
a_098.txt,alegada
a_098.txt,interesse
a_098.txt,pelo
a_098.txt,estabelece
a_098.txt,questao
a_098.txt,derecho
a_098.txt,este
a_098.txt,consanguinidade
a_098.txt,conhecer
a_098.txt,aqui
a_098.txt,inf
a_098.txt,abrigo
a_098.txt,investigacao
a_098.txt,insercao
a_098.txt,pessoal
a_098.txt,nego
a_098.txt,afastado
a_098.txt,dissociada
a_098.txt,vitima
a_098.txt,condicoes
a_098.txt,dotada
a_098.txt,questoes
a_098.txt,delito
a_098.txt,martins
a_098.txt,pretexto
a_098.txt,caracterizado
a_098.txt,ataques
a_098.txt,tamanha
a_098.txt,ferrajoli
a_098.txt,estabelecido
a_098.txt,gerar
a_098.txt,apresenta
a_098.txt,avancando
a_098.txt,ag
a_098.txt,deslinde
a_098.txt,deli
a_098.txt,iv
a_098.txt,retirar
a_098.txt,geram
a_098.txt,jacinto
a_098.txt,consuncao
a_098.txt,citada
a_098.txt,impartiality
a_098.txt,impugnados
a_098.txt,acusados
a_098.txt,pleito
a_098.txt,seguinte
a_098.txt,animo
a_098.txt,ispositivo
a_098.txt,agentes
a_098.txt,uestoes
a_098.txt,repercutirem
a_098.txt,fundamentacao
a_098.txt,representacao
a_098.txt,representou
a_098.txt,credibilidade
a_098.txt,direito
a_098.txt,acidente
a_098.txt,deve
a_098.txt,apontar
a_098.txt,discernir
a_098.txt,ibanes
a_098.txt,improcedente
a_098.txt,aplicar
a_098.txt,nem
a_098.txt,influenciar
a_098.txt,pt
a_098.txt,trinta
a_098.txt,ucrania
a_098.txt,politicos
a_098.txt,alves
a_098.txt,codigo
a_098.txt,faca
a_098.txt,prosseguimento
a_098.txt,kyprianou
a_098.txt,saber
a_098.txt,concerne
a_098.txt,juridicamente
a_098.txt,dispositivo
a_098.txt,distribuida
a_098.txt,peritos
a_098.txt,enquadram
a_098.txt,relato
a_098.txt,comento
a_098.txt,subjetivos
a_098.txt,chamada
a_098.txt,centralidade
a_098.txt,tomada
a_098.txt,piersack
a_098.txt,liebman
a_098.txt,aprovado
a_098.txt,magistrado
a_098.txt,fernando
a_098.txt,inclinacoes
a_098.txt,pagamento
a_098.txt,historica
a_098.txt,ficado
a_098.txt,requeridas
a_098.txt,inclusao
a_098.txt,inegavel
a_098.txt,szesz
a_098.txt,guide
a_098.txt,arguido
a_098.txt,servico
a_098.txt,apreciacao
a_098.txt,afastamento
a_098.txt,existir
a_098.txt,ano
a_098.txt,edersa
a_098.txt,administracao
a_098.txt,funcionado
a_098.txt,neste
a_098.txt,pratica
a_098.txt,prejudicar
a_098.txt,publicos
a_098.txt,tampouco
a_098.txt,recebimento
a_098.txt,superar
a_098.txt,homicidio
a_098.txt,internos
a_098.txt,fraude
a_098.txt,preventiva
a_098.txt,w
a_098.txt,juizos
a_098.txt,pessoas
a_098.txt,agravante
a_098.txt,sucessivas
a_098.txt,minimamente
a_098.txt,barbi
a_098.txt,foram
a_098.txt,palavras
a_098.txt,lancado
a_098.txt,conhecido
a_098.txt,supressao
a_098.txt,comissao
a_098.txt,destaque
a_098.txt,int
a_098.txt,necessidade
a_098.txt,interferencias
a_098.txt,recuperacion
a_098.txt,opositores
a_098.txt,doutrinador
a_098.txt,quadro
a_098.txt,declaracao
a_098.txt,origem
a_098.txt,contra
a_098.txt,superada
a_098.txt,venia
a_098.txt,vacinacao
a_098.txt,familiares
a_098.txt,peticao
a_098.txt,seguintes
a_098.txt,reis
a_098.txt,agravada
a_098.txt,criminosa
a_098.txt,propositalmente
a_098.txt,tendo
a_098.txt,outubro
a_098.txt,reg
a_098.txt,consectario
a_098.txt,agente
a_098.txt,preserva
a_098.txt,mantendo
a_098.txt,papeis
a_098.txt,dreyer
a_098.txt,monitoramento
a_098.txt,arguida
a_098.txt,possibilidade
a_098.txt,relevante
a_098.txt,afirma
a_098.txt,grifei
a_098.txt,analitico
a_098.txt,existencia
a_098.txt,arguente
a_098.txt,reconheceu
a_098.txt,pessoa
a_098.txt,upremo
a_098.txt,diverso
a_098.txt,exercido
a_098.txt,diversas
a_098.txt,manifestamente
a_098.txt,colocariam
a_098.txt,relacoes
a_098.txt,acertos
a_098.txt,proprio
a_098.txt,supra
a_098.txt,estrangeiras
a_098.txt,situacao
a_098.txt,jorge
a_098.txt,gradativa
a_098.txt,disse
a_098.txt,apto
a_098.txt,referidos
a_098.txt,cenario
a_098.txt,presente
a_098.txt,essencial
a_098.txt,carmen
a_098.txt,eletronico
a_098.txt,confiram
a_098.txt,zenkner
a_098.txt,autores
a_098.txt,vol
a_098.txt,prevencao
a_098.txt,chefe
a_098.txt,inimizade
a_098.txt,analise
a_098.txt,acoes
a_098.txt,discussoes
a_098.txt,coisa
a_098.txt,pertinente
a_098.txt,destaco
a_098.txt,careca
a_098.txt,imparciais
a_098.txt,jurisprudencia
a_098.txt,referido
a_098.txt,monitorado
a_098.txt,julgou
a_098.txt,advogado
a_098.txt,impede
a_098.txt,legislador
a_098.txt,recursos
a_098.txt,transcreve
a_098.txt,ghiurau
a_098.txt,un
a_098.txt,prisoes
a_098.txt,coordenada
a_098.txt,lecionam
a_098.txt,macedonia
a_098.txt,atos
a_098.txt,utro
a_098.txt,nucleo
a_098.txt,medidas
a_098.txt,grau
a_098.txt,feicao
a_098.txt,voltavam
a_098.txt,ultimo
a_098.txt,skrlj
a_098.txt,peca
a_098.txt,si
a_098.txt,dissipar
a_098.txt,zanin
a_098.txt,rejeitou
a_098.txt,handbooks
a_098.txt,delitos
a_098.txt,atingindo
a_098.txt,are
a_098.txt,tarefa
a_098.txt,considerar
a_098.txt,desvio
a_098.txt,wendisch
a_098.txt,dezembro
a_098.txt,direto
a_098.txt,influir
a_098.txt,ameacas
a_098.txt,necessariamente
a_098.txt,sociedade
a_098.txt,c
a_098.txt,valores
a_098.txt,gruyter
a_098.txt,detem
a_098.txt,apreensoes
a_098.txt,isentos
a_098.txt,virtuais
a_098.txt,imaterial
a_098.txt,competente
a_098.txt,mitrov
a_098.txt,alargado
a_098.txt,aereo
a_098.txt,cpc
a_098.txt,rights
a_098.txt,legitimo
a_098.txt,brought
a_098.txt,jurisdicional
a_098.txt,supostamente
a_098.txt,atrai
a_098.txt,las
a_098.txt,genericas
a_098.txt,impos
a_098.txt,cel
a_098.txt,atribuido
a_098.txt,lista
a_098.txt,barroso
a_098.txt,perspectivas
a_098.txt,apartar
a_098.txt,habermas
a_098.txt,estatal
a_098.txt,alem
a_098.txt,passivo
a_098.txt,legitimar
a_098.txt,emergir
a_098.txt,julgados
a_098.txt,gc
a_098.txt,higidez
a_098.txt,aptos
a_098.txt,caracterizadoras
a_098.txt,sequer
a_098.txt,generica
a_098.txt,ed
a_098.txt,mencao
a_098.txt,plano
a_098.txt,dec
a_098.txt,dita
a_098.txt,confirmou
a_098.txt,indicado
a_098.txt,encontram
a_098.txt,justificaram
a_098.txt,lucro
a_098.txt,retira
a_098.txt,und
a_098.txt,podera
a_098.txt,portugal
a_098.txt,livre
a_098.txt,sustente
a_098.txt,estanques
a_098.txt,rigor
a_098.txt,legitimas
a_098.txt,nesta
a_098.txt,relacionadas
a_098.txt,raul
a_098.txt,p
a_098.txt,cordeiro
a_098.txt,mendes
a_098.txt,confusao
a_098.txt,rel
a_098.txt,denegado
a_098.txt,concluindo
a_098.txt,garantias
a_098.txt,acordaos
a_098.txt,obstante
a_098.txt,possuiriam
a_098.txt,orgao
a_098.txt,independentemente
a_098.txt,razao
a_098.txt,bastaria
a_098.txt,lembram
a_098.txt,emocional
a_098.txt,aplicado
a_098.txt,aponta
a_098.txt,fundada
a_098.txt,observacao
a_098.txt,rule
a_098.txt,atras
a_098.txt,grifos
a_098.txt,previsto
a_098.txt,fornecidos
a_098.txt,situacoes
a_098.txt,apitz
a_098.txt,s
a_098.txt,alta
a_098.txt,improcedencia
a_098.txt,regional
a_098.txt,g
a_098.txt,lii
a_098.txt,observancia
a_098.txt,it
a_098.txt,alegadamente
a_098.txt,dai
a_098.txt,ninguem
a_098.txt,aspecto
a_098.txt,normativa
a_098.txt,manter
a_098.txt,gerichtsverfassungsgesetz
a_098.txt,validade
a_098.txt,bundesministerium
a_098.txt,somente
a_098.txt,funcionais
a_098.txt,fez
a_098.txt,externo
a_098.txt,procedentes
a_098.txt,arguicoes
a_098.txt,acolhendo
a_098.txt,coleta
a_098.txt,rt
a_098.txt,neutralidade
a_098.txt,amplamente
a_098.txt,expediente
a_098.txt,rigoroso
a_098.txt,noticias
a_098.txt,notas
a_098.txt,modelo
a_098.txt,difusores
a_098.txt,variaveis
a_098.txt,apuracao
a_098.txt,der
a_098.txt,parcialmente
a_098.txt,enal
a_098.txt,umbilical
a_098.txt,poul
a_098.txt,acolher
a_098.txt,juiz
a_098.txt,razones
a_098.txt,sera
a_098.txt,especifico
a_098.txt,processados
a_098.txt,havendo
a_098.txt,desfavor
a_098.txt,depreendida
a_098.txt,ramos
a_098.txt,discutidos
a_098.txt,http
a_098.txt,saad
a_098.txt,strafprozessordnung
a_098.txt,junior
a_098.txt,lves
a_098.txt,berlin
a_098.txt,pacifica
a_098.txt,coe
a_098.txt,assevera
a_098.txt,forense
a_098.txt,pressupoe
a_098.txt,final
a_098.txt,civil
a_098.txt,formado
a_098.txt,refiro
a_098.txt,titular
a_098.txt,enrico
a_098.txt,visto
a_098.txt,unha
a_098.txt,carnelutti
a_098.txt,__
a_098.txt,eleicoes
a_098.txt,perenes
a_098.txt,abrangente
a_098.txt,agte
a_098.txt,el
a_098.txt,queixoso
a_098.txt,maneira
a_098.txt,comportamento
a_098.txt,danilov
a_098.txt,disponivel
a_098.txt,outras
a_098.txt,coord
a_098.txt,republica
a_098.txt,vinculos
a_098.txt,enquadra
a_098.txt,elator
a_098.txt,comecar
a_098.txt,expressamente
a_098.txt,european
a_098.txt,estado
a_098.txt,auxiliar
a_098.txt,sentencas
a_098.txt,vi
a_098.txt,universal
a_098.txt,depreender
a_098.txt,fundos
a_098.txt,corporativos
a_098.txt,claras
a_098.txt,julgador
a_098.txt,remli
a_098.txt,parente
a_098.txt,propriamente
a_098.txt,especificamente
a_098.txt,ocorrencia
a_098.txt,acolheu
a_098.txt,etica
a_098.txt,manifestacoes
a_098.txt,analogia
a_098.txt,mostram
a_098.txt,vinculadas
a_098.txt,coutinho
a_098.txt,juspodivm
a_098.txt,rocessual
a_098.txt,dialogam
a_098.txt,disponibilizado
a_098.txt,qualquer
a_098.txt,xxvii
a_098.txt,senha
a_098.txt,denuncia
a_098.txt,articuladas
a_098.txt,suficiente
a_098.txt,importa
a_098.txt,determinacao
a_098.txt,ja
a_098.txt,producao
a_098.txt,tc
a_098.txt,considerando
a_098.txt,patrimonial
a_098.txt,apurar
a_098.txt,revelaram
a_098.txt,prosperar
a_098.txt,tipo
a_098.txt,subjetivo
a_098.txt,comparou
a_098.txt,la
a_098.txt,indubitavelmente
a_098.txt,instituicao
a_098.txt,evidencia
a_098.txt,fernandes
a_098.txt,cognoscibilidade
a_098.txt,cabo
a_098.txt,dentre
a_098.txt,eis
a_098.txt,legal
a_098.txt,instruido
a_098.txt,desses
a_098.txt,zavascki
a_098.txt,corrupcao
a_098.txt,futuro
a_098.txt,filio
a_098.txt,decorrentes
a_098.txt,desempenhado
a_098.txt,amplo
a_098.txt,diario
a_098.txt,clara
a_098.txt,algar
a_098.txt,possivel
a_098.txt,risco
a_098.txt,conheceu
a_098.txt,disfuncionalidades
a_098.txt,circunstancia
a_098.txt,where
a_098.txt,fux
a_098.txt,frente
a_098.txt,mandados
a_098.txt,instituicoes
a_098.txt,extensiva
a_098.txt,nulidade
a_098.txt,harby
a_098.txt,pura
a_098.txt,decretou
a_098.txt,obriga
a_098.txt,presuncao
a_098.txt,penso
a_098.txt,interligacao
a_098.txt,diz
a_098.txt,proceso
a_098.txt,trecho
a_098.txt,civel
a_098.txt,recordo
a_098.txt,prisao
a_098.txt,compreendida
a_098.txt,prevista
a_098.txt,dignidade
a_098.txt,cito
a_098.txt,celso
a_098.txt,moreira
a_098.txt,right
a_098.txt,absoluta
a_098.txt,not
a_098.txt,dv
a_098.txt,sanitarias
a_098.txt,buscavam
a_098.txt,ipso
a_098.txt,essenciais
a_098.txt,atual
a_098.txt,saude
a_098.txt,procesal
a_098.txt,apontado
a_098.txt,alegacoes
a_098.txt,presentes
a_098.txt,especie
a_098.txt,beck
a_098.txt,traz
a_098.txt,passado
a_098.txt,nuala
a_098.txt,contrario
a_098.txt,riess
a_098.txt,necessidades
a_098.txt,may
a_098.txt,deferiu
a_098.txt,slomka
a_098.txt,justicia
a_098.txt,court
a_098.txt,executorios
a_098.txt,done
a_098.txt,processos
a_098.txt,filho
a_098.txt,efetiva
a_098.txt,eminente
a_098.txt,perito
a_098.txt,extrai
a_098.txt,levando
a_098.txt,caracterizada
a_098.txt,ilicitos
a_098.txt,significa
a_098.txt,servido
a_098.txt,brasil
a_098.txt,passagens
a_098.txt,onu
a_098.txt,revelando
a_098.txt,acolhido
a_098.txt,delas
a_098.txt,jugoslava
a_098.txt,utilidade
a_098.txt,una
a_098.txt,face
a_098.txt,postos
a_098.txt,salvaguarda
a_098.txt,objetivando
a_098.txt,intentos
a_098.txt,pareca
a_098.txt,recusa
a_098.txt,cpp
a_098.txt,desinteresse
a_098.txt,los
a_098.txt,ademais
a_098.txt,todas
a_098.txt,luz
a_098.txt,conquista
a_098.txt,descrito
a_098.txt,forem
a_098.txt,servir
a_098.txt,distinto
a_098.txt,mostrar
a_098.txt,juntou
a_098.txt,regiao
a_098.txt,marcial
a_098.txt,tema
a_098.txt,utiliza
a_098.txt,juridico
a_098.txt,seguranca
a_098.txt,deslocamento
a_098.txt,gilson
a_098.txt,papel
a_098.txt,conteudo
a_098.txt,afrontas
a_098.txt,assunto
a_098.txt,tourinho
a_098.txt,edifica
a_098.txt,considerarem
a_098.txt,preciso
a_098.txt,gere
a_098.txt,medida
a_098.txt,ensejar
a_098.txt,legislacao
a_098.txt,kingdom
a_098.txt,devidamente
a_098.txt,envolvidas
a_098.txt,colaborador
a_098.txt,cogitado
a_098.txt,favor
a_098.txt,idealizadores
a_098.txt,seguimento
a_098.txt,challenge
a_098.txt,vinculo
a_098.txt,distrito
a_098.txt,particular
a_098.txt,base
a_098.txt,dispositivos
a_098.txt,regimento
a_098.txt,modo
a_098.txt,criminalidade
a_098.txt,circunstancias
a_098.txt,br
a_098.txt,capazes
a_098.txt,minuta
a_098.txt,capacidad
a_098.txt,sentimento
a_098.txt,liberdades
a_098.txt,justificadas
a_098.txt,instrumento
a_098.txt,ddff
a_098.txt,leitura
a_098.txt,participantes
a_098.txt,penal
a_098.txt,assessora
a_098.txt,also
a_098.txt,despesas
a_098.txt,natural
a_098.txt,apresentada
a_098.txt,vacina
a_098.txt,irineu
a_098.txt,teor
a_098.txt,ambito
a_098.txt,elaborado
a_098.txt,colegiado
a_098.txt,metricas
a_098.txt,senado
a_098.txt,ex
a_098.txt,palavra
a_098.txt,gesetze
a_098.txt,vista
a_098.txt,requer
a_098.txt,direta
a_098.txt,desfecho
a_098.txt,dias
a_098.txt,localizacao
a_098.txt,castillo
a_098.txt,franca
a_098.txt,actividad
a_098.txt,visa
a_098.txt,asi
a_098.txt,tradicionalmente
a_098.txt,cumprimento
a_098.txt,lo
a_098.txt,desacertos
a_098.txt,trata
a_098.txt,derivar
a_098.txt,excluir
a_098.txt,tempo
a_098.txt,interessados
a_098.txt,publicas
a_098.txt,schmidt
a_098.txt,exemplificativas
a_098.txt,fried
a_098.txt,verifico
a_098.txt,traco
a_098.txt,envolvidos
a_098.txt,v
a_098.txt,ganha
a_098.txt,chipre
a_098.txt,assegurar
a_098.txt,sentenciado
a_098.txt,animico
a_098.txt,excecao
a_098.txt,manifestou
a_098.txt,aso
a_098.txt,linha
a_098.txt,perseguir
a_098.txt,decreto
a_098.txt,supostas
a_098.txt,apresentam
a_098.txt,adotada
a_098.txt,tentativa
a_098.txt,coloca
a_098.txt,referida
a_098.txt,acompanhamento
a_098.txt,inequivoco
a_098.txt,suscitada
a_098.txt,vislumbra
a_098.txt,impedido
a_098.txt,porem
a_098.txt,outra
a_098.txt,preocupacao
a_098.txt,obter
a_098.txt,licao
a_098.txt,atuaram
a_098.txt,nao
a_098.txt,subjetiva
a_098.txt,liv
a_098.txt,corte
a_098.txt,for
a_098.txt,suficientes
a_098.txt,judicante
a_098.txt,consignaram
a_098.txt,doutoramento
a_098.txt,realizacao
a_098.txt,evaluacion
a_098.txt,levantar
a_098.txt,verdade
a_098.txt,exercer
a_098.txt,impedidos
a_098.txt,espeque
a_098.txt,excelencia
a_098.txt,carater
a_098.txt,croacia
a_098.txt,multiplicidade
a_098.txt,europe
a_098.txt,filipe
a_098.txt,episodio
a_098.txt,enfoca
a_098.txt,rodrigo
a_098.txt,duvidas
a_098.txt,aplicacoes
a_098.txt,coletividade
a_098.txt,efetivo
a_098.txt,racional
a_098.txt,administrar
a_098.txt,pudessem
a_098.txt,assenta
a_098.txt,suspeicao
a_098.txt,relatorios
a_098.txt,receios
a_098.txt,sergio
a_098.txt,eemm
a_098.txt,unanimemente
a_098.txt,discussao
a_098.txt,tratando
a_098.txt,fossem
a_098.txt,inglaterra
a_098.txt,haver
a_098.txt,faticas
a_098.txt,ligacao
a_098.txt,porto
a_098.txt,rio
a_098.txt,faticos
a_098.txt,sujeito
a_098.txt,resolucao
a_098.txt,cumpre
a_098.txt,adentram
a_098.txt,referencial
a_098.txt,seja
a_098.txt,circunstanciam
a_098.txt,igualitario
a_098.txt,italy
a_098.txt,intervencao
a_098.txt,autorizar
a_098.txt,disseminar
a_098.txt,sujeitos
a_098.txt,tipos
a_098.txt,messias
a_098.txt,sp
a_098.txt,mesma
a_098.txt,bens
a_098.txt,executar
a_098.txt,cristiano
a_098.txt,pleiteou
a_098.txt,faae
a_098.txt,abolicao
a_098.txt,andrei
a_098.txt,paralela
a_098.txt,alguem
a_098.txt,compreendo
a_098.txt,ligada
a_098.txt,relatados
a_098.txt,teriam
a_098.txt,hudoc
a_098.txt,in
a_098.txt,estudos
a_098.txt,licoes
a_098.txt,importancia
a_098.txt,consubstanciam
a_098.txt,diplomas
a_098.txt,expedicao
a_098.txt,fear
a_098.txt,esteja
a_098.txt,regras
a_098.txt,amago
a_098.txt,covid
a_098.txt,__24
a_098.txt,mencionados
a_098.txt,outrem
a_098.txt,moldavia
a_098.txt,ocultacao
a_098.txt,demais
a_098.txt,bueno
a_098.txt,y
a_098.txt,recorrente
a_098.txt,conduz
a_098.txt,apontei
a_098.txt,monocratica
a_098.txt,composicao
a_098.txt,ordem
a_098.txt,juez
a_098.txt,minha
a_098.txt,merece
a_098.txt,tenho
a_098.txt,democracia
a_098.txt,requisitos
a_098.txt,redundante
a_098.txt,debe
a_098.txt,proibicoes
a_098.txt,mae
a_098.txt,outro
a_098.txt,totalidade
a_098.txt,tratados
a_098.txt,mero
a_098.txt,quanto
a_098.txt,lembrado
a_098.txt,informativos
a_098.txt,recursais
a_098.txt,justice
a_098.txt,malheiros
a_098.txt,ratio
a_098.txt,afinal
a_098.txt,limb
a_098.txt,passagem
a_098.txt,via
a_098.txt,mesmos
a_098.txt,comunicacao
a_098.txt,suscitar
a_098.txt,apartarse
a_098.txt,refere
a_098.txt,pretende
a_098.txt,reproduzido
a_098.txt,penais
a_098.txt,obice
a_098.txt,ingles
a_098.txt,justificado
a_098.txt,dependendo
a_098.txt,suscitado
a_098.txt,apreensao
a_098.txt,alegadas
a_098.txt,caminho
a_098.txt,prolatada
a_098.txt,teve
a_098.txt,afirmar
a_098.txt,dinamica
a_098.txt,descreve
a_098.txt,defensor
a_098.txt,narrativa
a_098.txt,previstos
a_098.txt,tedh
a_098.txt,comparado
a_098.txt,protegido
a_098.txt,sul
a_098.txt,tribunais
a_098.txt,pre
a_098.txt,exigivel
a_098.txt,russia
a_098.txt,adquirido
a_098.txt,entendimento
a_098.txt,investidura
a_098.txt,produtores
a_098.txt,europeia
a_098.txt,legalmente
a_098.txt,interamericana
a_098.txt,processar
a_098.txt,inclusive
a_098.txt,apelacao
a_098.txt,joecks
a_098.txt,inicialmente
a_098.txt,lei
a_098.txt,desenlace
a_098.txt,juizo
a_098.txt,b
a_098.txt,falar
a_098.txt,aparencia
a_098.txt,perpsectiva
a_098.txt,contempla
a_098.txt,requiere
a_098.txt,anos
a_098.txt,neguei
a_098.txt,conclusao
a_098.txt,arts
a_098.txt,monitorou
a_098.txt,ilegalidade
a_098.txt,premissas
a_098.txt,contudo
a_098.txt,interpretacao
a_098.txt,descabida
a_098.txt,oberto
a_098.txt,conforme
a_098.txt,doutorado
a_098.txt,vacinas
a_098.txt,forcas
a_098.txt,apenas
a_098.txt,expressao
a_098.txt,discorrer
a_098.txt,pertinentes
a_098.txt,real
a_098.txt,ajenidad
a_098.txt,munchen
a_098.txt,nessa
a_098.txt,submetidos
a_098.txt,cases
a_098.txt,anota
a_098.txt,fundados
a_098.txt,aparente
a_098.txt,impugnar
a_098.txt,assentou
a_098.txt,spain
a_098.txt,otros
a_098.txt,limitando
a_098.txt,cabal
a_098.txt,cyprus
a_098.txt,echr
a_098.txt,litigantes
a_098.txt,entretanto
a_098.txt,surge
a_098.txt,ligacoes
a_098.txt,estaria
a_098.txt,inistro
a_098.txt,traducao
a_098.txt,embora
a_098.txt,doubt
a_098.txt,tais
a_098.txt,eixo
a_098.txt,periodo
a_098.txt,daquelas
a_098.txt,consignou
a_098.txt,fischer
a_098.txt,decido
a_098.txt,afirmacao
a_098.txt,simultaneamente
a_098.txt,submetida
a_098.txt,nega
a_098.txt,santangelo
a_098.txt,diogo
a_098.txt,sine
a_098.txt,receio
a_098.txt,pessoais
a_098.txt,provimento
a_098.txt,curso
a_098.txt,polonia
a_098.txt,incluso
a_098.txt,manifesta
a_098.txt,nenhum
a_098.txt,valoracion
a_098.txt,pressupostos
a_098.txt,consoante
a_098.txt,entendimentos
a_098.txt,ordinario
a_098.txt,genericamente
a_098.txt,defiende
a_098.txt,council
a_098.txt,teleologicamente
a_098.txt,alude
a_098.txt,figura
a_098.txt,desde
a_098.txt,conheco
a_098.txt,previsao
a_098.txt,alias
a_098.txt,preliminares
a_098.txt,isto
a_098.txt,dino
a_098.txt,pelas
a_098.txt,findlay
a_098.txt,maximos
a_098.txt,satisfazer
a_098.txt,votar
a_098.txt,subsidiariamente
a_098.txt,fatos
a_098.txt,recusado
a_098.txt,air
a_098.txt,peco
a_098.txt,detalhando
a_098.txt,colho
a_098.txt,thereza
a_098.txt,eros
a_098.txt,claro
a_098.txt,falsos
a_098.txt,investigado
a_098.txt,rui
a_098.txt,recusada
a_098.txt,cada
a_098.txt,ensejo
a_098.txt,entanto
a_098.txt,imediata
a_098.txt,imprimiram
a_098.txt,aplicacao
a_098.txt,ocorre
a_098.txt,eventualmente
a_098.txt,friede
a_098.txt,implementation
a_098.txt,pressuposto
a_098.txt,atos_antidemocraticos
a_098.txt,civis
a_098.txt,alguns
a_098.txt,examinando
a_098.txt,exposto
a_098.txt,anteriormente
a_098.txt,central
a_098.txt,fair
a_098.txt,embasamento
a_098.txt,asp
a_098.txt,postula
a_098.txt,veio
a_098.txt,peter
a_098.txt,denmark
a_098.txt,retribui
a_098.txt,automatica
a_098.txt,elemento
a_098.txt,depreende
a_098.txt,colocar
a_098.txt,duvidar
a_098.txt,qua
a_098.txt,verificaveis
a_098.txt,respectivo
a_098.txt,eventual
a_098.txt,instancia
a_098.txt,im
a_098.txt,citado
a_098.txt,inevitavel
a_098.txt,jair
a_098.txt,ve
a_098.txt,n
a_098.txt,atingido
a_098.txt,constitucional
a_098.txt,oliveira
a_098.txt,armadas
a_098.txt,aduziu
a_098.txt,deficiente
a_098.txt,herrera
a_098.txt,objetivo
a_098.txt,possua
a_098.txt,digital
a_098.txt,taxativo
a_098.txt,afastar
a_098.txt,probatorios
a_098.txt,demonstra
a_098.txt,of
a_098.txt,propria
a_098.txt,confira
a_098.txt,lhes
a_098.txt,verifica
a_098.txt,comprovem
a_098.txt,vantagem
a_098.txt,justificam
a_098.txt,guia
a_098.txt,agricola
a_098.txt,normativo
a_098.txt,civ
a_098.txt,pais
a_098.txt,justifica
a_098.txt,catharina
a_098.txt,genuino
a_098.txt,critica
a_098.txt,tive
a_098.txt,identificacao
a_098.txt,informacoes
a_098.txt,evidente
a_098.txt,convencao
a_098.txt,acrescidos
a_098.txt,demonstrada
a_098.txt,manual
a_098.txt,morais
a_098.txt,obtencao
a_098.txt,exegese
a_098.txt,moura
a_098.txt,politico
a_098.txt,brasileiros
a_098.txt,consumasse
a_098.txt,sem
a_098.txt,reino
a_098.txt,indica
a_098.txt,custodia
a_098.txt,afastam
a_098.txt,lembra
a_098.txt,configurar
a_098.txt,istrito
a_098.txt,proferidas
a_098.txt,alicerce
a_098.txt,reconhecimento
a_098.txt,produccion
a_098.txt,dr
a_098.txt,institucional
a_098.txt,posteriormente
a_098.txt,diretamente
a_098.txt,eugenio
a_098.txt,recursal
a_098.txt,moderno
a_098.txt,stpo
a_098.txt,teste
a_098.txt,tornar
a_098.txt,independencia
a_098.txt,law
a_098.txt,poderia
a_098.txt,consequentemente
a_098.txt,walter
a_098.txt,vertiente
a_098.txt,portal
a_098.txt,reconhecida
a_098.txt,jogo
a_098.txt,citam
a_098.txt,copia
a_098.txt,distintos
a_098.txt,estao
a_098.txt,acentuado
a_098.txt,especialmente
a_098.txt,belgica
a_098.txt,exatamente
a_098.txt,agiu
a_098.txt,turma
a_098.txt,tem
a_098.txt,voltada
a_098.txt,mpedimento
a_098.txt,exemplo
a_098.txt,identifica
a_098.txt,teria
a_098.txt,implica
a_098.txt,zaffaroni
a_098.txt,destacando
a_098.txt,responsavel
a_098.txt,individualmente
a_098.txt,su
a_098.txt,trazidos
a_098.txt,supostos
a_098.txt,suscitarem
a_098.txt,prof
a_098.txt,poderes
a_098.txt,normativos
a_098.txt,consignei
a_098.txt,hauschildt
a_098.txt,rodeado
a_098.txt,afaste
a_098.txt,messisas
a_098.txt,pela
a_098.txt,demonstracao
a_098.txt,balizas
a_098.txt,ainda
a_098.txt,negou
a_098.txt,nucci
a_098.txt,ato
a_098.txt,forma
a_098.txt,parentes
a_098.txt,eminentemente
a_098.txt,agenda
a_098.txt,agravo
a_098.txt,legitimos
a_098.txt,aragoneses
a_098.txt,antigo
a_098.txt,lugar
a_098.txt,devem
a_098.txt,nacionais
a_098.txt,juizes
a_098.txt,adquirir
a_098.txt,ii
a_098.txt,conjuntura
a_098.txt,daria
a_098.txt,colhidos
a_098.txt,proferida
a_098.txt,juridica
a_098.txt,decretacoes
a_098.txt,razoes
a_098.txt,en
a_098.txt,valida
a_098.txt,maior
a_098.txt,negativa
a_098.txt,hierarquicas
a_098.txt,cuida
a_098.txt,reta
a_098.txt,ocorrendo
a_098.txt,legitima
a_098.txt,inq
a_098.txt,desdobramentos
a_098.txt,eixos
a_098.txt,adiantado
a_098.txt,levar
a_098.txt,contato
a_098.txt,antecedente
a_098.txt,moldes
a_098.txt,dito
a_098.txt,manterem
a_098.txt,autoridades
a_098.txt,firmado
a_098.txt,preconceitos
a_098.txt,resp
a_098.txt,fundamentar
a_098.txt,meramente
a_098.txt,julgado
a_098.txt,novas
a_098.txt,levados
a_098.txt,evidentemente
a_098.txt,inquerito
a_098.txt,apreciada
a_098.txt,concretos
a_098.txt,simples
a_098.txt,tido
a_098.txt,demonstradas
a_098.txt,caso
a_098.txt,existe
a_098.txt,impugnada
a_098.txt,suprimentos
a_098.txt,demonstrar
a_098.txt,desempenho
a_098.txt,estender
a_098.txt,conviccao
a_098.txt,primordial
a_098.txt,anotar
a_098.txt,condutas
a_098.txt,havera
