,codigo,nao,sob,br,teor,portal,ww,jus,http,autenticacao,autenticardocumento,asp,senha,pagina,inteiro,penal,pela,i,direito,estado,min,contra,pelo,ap,moraes,alexandre,crimes,pessoas,dia,democratico,denuncia,vogal,ii,crime,violencia,p,n,criminosa,atos,palacio_do_planalto,todos,associacao,ja,lei,foram,publico,republica,mesmo,acao,rd,poderes,grupo,pratica,patrimonio,forma,m,unico,denunciado,ameaca,bem,paragrafo,ainda,caso,assim,geral,grave,manifestantes,l,congresso_nacional,corte,relacao,nq,iv,exercicio,condutas,reu,abolicao,pena,policia,golpe,competencia,foro,ministerio,inq,outros,sentido,meio,prerrogativa,alem,violenta,presente,conforme,fatos,poder,tem,qualquer,r,governo,dano,quanto,parte,emprego,prejuizo,uniao,fim,momento,eett,denunciados,fato,juizo,esta,conduta,defesa,existencia,pelos,silva,militar,circunstancias,rel,sendo,sido,invasao,paulo,praca_dos_tres_poderes,autoria,razao,termos,nesse,portanto,causa,delito,sem,objetivo,seguranca,inclusive,concurso,julgamento,constitucionais,lucia,acusado,c,delitos,demais,seja,participacao,dias,investigados,deve,acoes,anos
codigo,95374.0,27769.0,66572.0,60857.0,60984.0,61759.0,58744.0,59728.0,57642.0,62778.0,63821.0,64870.0,65725.0,59479.0,61621.0,43263.0,19264.0,29108.0,17128.0,18677.0,31431.0,15500.0,13512.0,29768.0,28975.0,29374.0,15353.0,11919.0,12544.0,12961.0,13496.0,26181.0,15994.0,13209.0,12128.0,16074.0,9912.0,11107.0,8485.0,6721.0,12595.0,10567.0,6959.0,14286.0,7168.0,8720.0,7407.0,6912.0,8427.0,18382.0,7028.0,5049.0,8116.0,10524.0,7794.0,12330.0,14082.0,5643.0,10708.0,6216.0,13617.0,5720.0,8005.0,6442.0,5781.0,9917.0,5095.0,10966.0,4913.0,6869.0,7327.0,13737.0,10609.0,5548.0,6128.0,8409.0,7429.0,9751.0,3898.0,7778.0,5844.0,4631.0,6099.0,5308.0,4159.0,4695.0,5942.0,4408.0,4493.0,6816.0,5071.0,5400.0,5580.0,3536.0,3482.0,4716.0,6593.0,4759.0,7499.0,4870.0,4515.0,6768.0,6095.0,6503.0,5197.0,3997.0,10123.0,4307.0,4519.0,3586.0,3908.0,4507.0,4596.0,3977.0,4604.0,4290.0,2619.0,4902.0,4382.0,3482.0,3808.0,2873.0,4190.0,4228.0,4372.0,4188.0,6223.0,3421.0,3610.0,6779.0,4853.0,3214.0,3493.0,2910.0,3145.0,5373.0,3791.0,3366.0,3083.0,3773.0,5360.0,3678.0,3344.0,2821.0,3060.0,5040.0,2959.0,3931.0,3031.0,5762.0
nao,27769.0,81016.0,21495.0,19840.0,19711.0,19469.0,19685.0,19541.0,19737.0,19245.0,19192.0,19148.0,19112.0,19462.0,19225.0,24128.0,16581.0,10745.0,12862.0,11496.0,12746.0,9820.0,13552.0,11333.0,8558.0,8596.0,9941.0,10117.0,8151.0,7873.0,10480.0,9553.0,7811.0,11047.0,6065.0,6486.0,5239.0,7496.0,6729.0,5882.0,7441.0,5999.0,9100.0,5779.0,6050.0,10004.0,8073.0,8821.0,8289.0,6652.0,7530.0,7075.0,6665.0,3572.0,9541.0,2149.0,3364.0,5608.0,3166.0,6892.0,2870.0,8740.0,8571.0,6956.0,6117.0,3462.0,5986.0,2120.0,3804.0,7029.0,7234.0,5232.0,3282.0,6567.0,5906.0,6508.0,2768.0,5577.0,3448.0,2570.0,6934.0,7747.0,7910.0,4666.0,4917.0,7244.0,3449.0,7431.0,3776.0,1644.0,6062.0,4431.0,6130.0,6908.0,6483.0,7393.0,2597.0,4115.0,2240.0,5678.0,6684.0,2191.0,2031.0,1822.0,4479.0,5335.0,3036.0,5027.0,5688.0,5956.0,4859.0,5831.0,4480.0,4761.0,2658.0,1668.0,3480.0,4943.0,5099.0,2617.0,4826.0,2236.0,2895.0,2510.0,3115.0,5630.0,3955.0,5134.0,4347.0,4162.0,5107.0,5001.0,3435.0,2171.0,3316.0,2677.0,3803.0,3122.0,2764.0,5644.0,2140.0,4524.0,3051.0,5729.0,3146.0,3347.0,3919.0,3997.0,5147.0,2647.0
sob,66572.0,21495.0,72583.0,60806.0,58610.0,61962.0,58214.0,59449.0,56953.0,63208.0,64464.0,65723.0,64266.0,57234.0,59641.0,17328.0,10928.0,19451.0,9080.0,9919.0,29276.0,8577.0,9488.0,27929.0,26947.0,27373.0,9296.0,7901.0,8393.0,6112.0,7256.0,25400.0,6930.0,7426.0,5934.0,14238.0,6823.0,6319.0,6635.0,5754.0,6269.0,5676.0,5956.0,6313.0,6177.0,5652.0,6086.0,5208.0,5077.0,17534.0,4928.0,4607.0,5248.0,4541.0,5537.0,4438.0,4642.0,4248.0,4012.0,4575.0,4373.0,4765.0,4633.0,4751.0,4743.0,3838.0,5443.0,3516.0,3531.0,4523.0,4429.0,13040.0,3568.0,3460.0,3692.0,4805.0,2783.0,6124.0,4255.0,2832.0,4159.0,4135.0,3813.0,3897.0,3979.0,3511.0,3615.0,3999.0,3041.0,2452.0,3386.0,3749.0,3452.0,3327.0,2417.0,3163.0,5801.0,2829.0,3124.0,2991.0,3738.0,2890.0,2272.0,2415.0,3276.0,3087.0,9677.0,3304.0,3213.0,2844.0,2836.0,2592.0,2931.0,3066.0,2708.0,2611.0,2629.0,3340.0,2658.0,2435.0,2795.0,2692.0,3107.0,2469.0,2502.0,2073.0,3300.0,2344.0,2706.0,2682.0,2488.0,2368.0,2257.0,3200.0,2128.0,2886.0,3018.0,2400.0,2481.0,2422.0,2676.0,2725.0,2793.0,1894.0,2882.0,2854.0,2550.0,2319.0,2747.0,2541.0
br,60857.0,19840.0,60806.0,68367.0,52085.0,65694.0,64621.0,65705.0,63161.0,64400.0,63109.0,61820.0,57779.0,50639.0,53161.0,16307.0,9780.0,17454.0,8994.0,9906.0,26427.0,8369.0,9180.0,24853.0,24280.0,24703.0,8570.0,6984.0,8306.0,6327.0,7002.0,22630.0,6543.0,6066.0,5881.0,12830.0,6802.0,5557.0,6586.0,5397.0,5916.0,5256.0,5596.0,5856.0,6227.0,5627.0,5408.0,4673.0,5012.0,15286.0,4939.0,4907.0,4490.0,4638.0,5056.0,4128.0,4643.0,4180.0,4013.0,4092.0,4315.0,4563.0,4223.0,4611.0,4093.0,3827.0,4703.0,3353.0,3498.0,4239.0,4103.0,11304.0,3614.0,3470.0,3314.0,4321.0,2790.0,4199.0,3515.0,2738.0,4106.0,3814.0,3794.0,3474.0,3519.0,3230.0,3496.0,3691.0,3117.0,2466.0,3029.0,3278.0,3240.0,3025.0,2445.0,3069.0,5190.0,2952.0,2801.0,3066.0,3265.0,2835.0,2532.0,2450.0,3039.0,2784.0,8550.0,3508.0,2924.0,2742.0,2850.0,2462.0,2718.0,2410.0,3046.0,2694.0,2455.0,2702.0,2703.0,2555.0,2681.0,2513.0,2876.0,2342.0,2429.0,2099.0,3292.0,2168.0,2730.0,2618.0,2316.0,2391.0,2457.0,2510.0,2131.0,2088.0,2910.0,2176.0,2494.0,2172.0,2356.0,2220.0,2460.0,1851.0,2647.0,3227.0,2345.0,2190.0,2496.0,2493.0
teor,60984.0,19711.0,58610.0,52085.0,67821.0,53231.0,49432.0,50670.0,48148.0,54468.0,55735.0,57002.0,60990.0,65175.0,65164.0,15741.0,9875.0,21265.0,8452.0,9511.0,28766.0,8013.0,8750.0,31208.0,28056.0,27480.0,8363.0,6837.0,8119.0,5967.0,7119.0,26536.0,6318.0,6095.0,5561.0,15908.0,6851.0,5534.0,6337.0,5539.0,5607.0,5361.0,5521.0,5642.0,5918.0,5757.0,5360.0,4951.0,5019.0,20240.0,4807.0,4469.0,4590.0,4294.0,4767.0,4487.0,4577.0,4372.0,3840.0,4259.0,4322.0,4586.0,4366.0,4526.0,4315.0,3628.0,4759.0,3425.0,3546.0,4446.0,4065.0,15212.0,3260.0,3331.0,3464.0,4313.0,2776.0,4160.0,3532.0,2650.0,4292.0,4172.0,3902.0,3513.0,3585.0,3149.0,3219.0,4106.0,2972.0,2509.0,3070.0,3297.0,3543.0,3128.0,2760.0,3241.0,5911.0,2595.0,2668.0,2870.0,3191.0,2793.0,2289.0,2195.0,2990.0,3036.0,11297.0,3132.0,3025.0,2573.0,2736.0,2323.0,2673.0,2445.0,2551.0,2235.0,2401.0,2861.0,2733.0,2421.0,2788.0,2477.0,3072.0,2633.0,2439.0,2029.0,3056.0,2225.0,2540.0,2533.0,2257.0,2360.0,2240.0,2521.0,2105.0,1918.0,2772.0,2189.0,2359.0,2298.0,2418.0,2167.0,2067.0,1921.0,2474.0,2335.0,2467.0,2467.0,2452.0,2510.0
portal,61759.0,19469.0,61962.0,65694.0,53231.0,67412.0,63100.0,64390.0,61799.0,65685.0,64388.0,63091.0,59028.0,51837.0,54376.0,16040.0,9566.0,17732.0,8749.0,9654.0,26878.0,8291.0,8931.0,25420.0,24759.0,25189.0,8262.0,6923.0,8126.0,6112.0,6914.0,23178.0,6475.0,5991.0,5748.0,12941.0,6402.0,5344.0,5983.0,5373.0,5640.0,5062.0,5555.0,5796.0,6141.0,5559.0,5339.0,4606.0,4752.0,15734.0,4889.0,4220.0,4343.0,4591.0,4950.0,4137.0,4594.0,4085.0,3950.0,4203.0,4274.0,4534.0,4121.0,4567.0,4090.0,3766.0,4809.0,3290.0,3459.0,4195.0,4115.0,11642.0,3564.0,3440.0,3263.0,4296.0,2702.0,4185.0,3475.0,2704.0,4083.0,3802.0,3759.0,3441.0,3399.0,3130.0,3592.0,3684.0,3122.0,2411.0,2975.0,3189.0,3171.0,3009.0,2379.0,3011.0,5254.0,2875.0,2782.0,2982.0,3489.0,2791.0,2342.0,2410.0,2870.0,2764.0,8677.0,3058.0,2896.0,2711.0,2663.0,2314.0,2710.0,2378.0,2872.0,2455.0,2308.0,2685.0,2676.0,2334.0,2534.0,2661.0,2861.0,2334.0,2413.0,2064.0,3189.0,2141.0,2470.0,2593.0,2251.0,2240.0,2198.0,2469.0,1985.0,2077.0,2874.0,2164.0,2491.0,2164.0,2343.0,2190.0,2284.0,1805.0,2216.0,2690.0,2334.0,2169.0,2510.0,2423.0
ww,58744.0,19685.0,58214.0,64621.0,49432.0,63100.0,67292.0,65685.0,65690.0,61795.0,60499.0,59206.0,55152.0,48010.0,50540.0,16557.0,9662.0,16887.0,9105.0,9913.0,25401.0,8361.0,9205.0,23716.0,23254.0,23678.0,8599.0,7069.0,8281.0,6320.0,7104.0,21544.0,6666.0,6098.0,5804.0,12222.0,6451.0,5641.0,6002.0,5433.0,5855.0,5295.0,5658.0,5995.0,5938.0,5619.0,5427.0,4709.0,4919.0,14422.0,5050.0,4325.0,4506.0,4722.0,5132.0,4119.0,4722.0,4141.0,4092.0,4136.0,4380.0,4622.0,4223.0,4663.0,4133.0,3905.0,4632.0,3381.0,3571.0,4265.0,4162.0,10635.0,3739.0,3522.0,3335.0,4384.0,2785.0,4235.0,3499.0,2819.0,4161.0,3845.0,3815.0,3540.0,3462.0,3248.0,3528.0,3715.0,3169.0,2467.0,3144.0,3226.0,3245.0,3069.0,2451.0,3131.0,5082.0,3025.0,2857.0,3146.0,3305.0,2875.0,2474.0,2544.0,3001.0,2754.0,7975.0,3128.0,2929.0,2810.0,2711.0,2370.0,2762.0,2417.0,3114.0,2505.0,2375.0,2689.0,2763.0,2376.0,2578.0,2547.0,2873.0,2333.0,2463.0,2139.0,3274.0,2202.0,2531.0,2685.0,2340.0,2263.0,2352.0,2512.0,2013.0,2138.0,3028.0,2203.0,2508.0,2180.0,2394.0,2249.0,2400.0,1865.0,2248.0,2779.0,2373.0,2172.0,2522.0,2555.0
jus,59728.0,19541.0,59449.0,65705.0,50670.0,64390.0,65685.0,67034.0,64384.0,63085.0,61787.0,60489.0,56425.0,49253.0,51793.0,16354.0,9571.0,17148.0,8919.0,9818.0,25903.0,8276.0,9041.0,24266.0,23739.0,24166.0,8350.0,6940.0,8212.0,6245.0,7058.0,22066.0,6597.0,6042.0,5743.0,12418.0,6420.0,5404.0,5965.0,5382.0,5752.0,5085.0,5603.0,5909.0,5891.0,5590.0,5394.0,4640.0,4788.0,14846.0,4994.0,4207.0,4369.0,4662.0,5048.0,4122.0,4664.0,4120.0,4039.0,4106.0,4329.0,4598.0,4183.0,4628.0,4106.0,3853.0,4620.0,3347.0,3513.0,4238.0,4127.0,10961.0,3675.0,3488.0,3308.0,4348.0,2750.0,4266.0,3484.0,2777.0,4132.0,3828.0,3772.0,3507.0,3426.0,3183.0,3493.0,3702.0,3081.0,2444.0,3040.0,3209.0,3217.0,3044.0,2384.0,3068.0,5128.0,2972.0,2829.0,3046.0,3285.0,2845.0,2427.0,2495.0,2892.0,2748.0,8208.0,3074.0,2919.0,2775.0,2693.0,2349.0,2732.0,2398.0,2872.0,2480.0,2349.0,2713.0,2742.0,2358.0,2560.0,2529.0,2867.0,2331.0,2446.0,2112.0,3243.0,2168.0,2485.0,2651.0,2269.0,2252.0,2236.0,2496.0,2003.0,2068.0,2949.0,2189.0,2500.0,2220.0,2373.0,2200.0,2360.0,1843.0,2236.0,2759.0,2358.0,2170.0,2496.0,2451.0
http,57642.0,19737.0,56953.0,63161.0,48148.0,61799.0,65690.0,64384.0,66995.0,60489.0,59194.0,57900.0,53842.0,46716.0,49242.0,16628.0,9712.0,16632.0,9145.0,10017.0,24910.0,8455.0,9197.0,23137.0,22771.0,23192.0,8462.0,7086.0,8351.0,6401.0,7182.0,20980.0,6741.0,6124.0,5872.0,11912.0,6487.0,5494.0,6033.0,5455.0,5882.0,5124.0,5716.0,6058.0,5986.0,5652.0,5460.0,4690.0,4856.0,13998.0,5111.0,4263.0,4413.0,4791.0,5176.0,4118.0,4750.0,4163.0,4147.0,4172.0,4401.0,4660.0,4269.0,4702.0,4166.0,3962.0,4645.0,3421.0,3591.0,4293.0,4199.0,10309.0,3808.0,3560.0,3370.0,4417.0,2821.0,4258.0,3518.0,2863.0,4191.0,3863.0,3802.0,3574.0,3472.0,3253.0,3565.0,3731.0,3149.0,2493.0,3118.0,3257.0,3280.0,3099.0,2403.0,3143.0,5009.0,3084.0,2887.0,3142.0,3330.0,2907.0,2523.0,2594.0,2940.0,2760.0,7742.0,3132.0,2944.0,2848.0,2732.0,2394.0,2794.0,2441.0,2978.0,2534.0,2403.0,2694.0,2795.0,2395.0,2597.0,2566.0,2873.0,2335.0,2484.0,2170.0,3305.0,2205.0,2519.0,2719.0,2297.0,2276.0,2287.0,2531.0,2024.0,2120.0,3034.0,2218.0,2517.0,2189.0,2417.0,2234.0,2443.0,1893.0,2265.0,2810.0,2391.0,2176.0,2545.0,2455.0
autenticacao,62778.0,19245.0,63208.0,64400.0,54468.0,65685.0,61795.0,63085.0,60489.0,66984.0,65683.0,64384.0,60308.0,53081.0,55628.0,15905.0,9438.0,17968.0,8645.0,9587.0,27373.0,8079.0,8786.0,25975.0,25205.0,25635.0,8226.0,6781.0,8041.0,6054.0,6863.0,23698.0,6415.0,5971.0,5601.0,13205.0,6364.0,5324.0,5923.0,5325.0,5594.0,5057.0,5467.0,5726.0,5777.0,5530.0,5316.0,4593.0,4741.0,16118.0,4845.0,4160.0,4338.0,4506.0,4891.0,4152.0,4566.0,4074.0,3914.0,4041.0,4251.0,4465.0,4094.0,4545.0,4091.0,3729.0,4601.0,3270.0,3426.0,4180.0,4043.0,11939.0,3506.0,3394.0,3244.0,4278.0,2683.0,4172.0,3455.0,2674.0,4063.0,3792.0,3742.0,3411.0,3391.0,3110.0,3396.0,3678.0,2974.0,2400.0,2946.0,3186.0,3152.0,2994.0,2382.0,2995.0,5319.0,2828.0,2755.0,2919.0,3229.0,2770.0,2304.0,2375.0,2854.0,2745.0,8913.0,3008.0,2888.0,2681.0,2650.0,2299.0,2659.0,2373.0,2729.0,2412.0,2292.0,2688.0,2653.0,2328.0,2524.0,2484.0,2862.0,2338.0,2399.0,2044.0,3165.0,2135.0,2466.0,2569.0,2237.0,2233.0,2182.0,2463.0,1979.0,1998.0,2840.0,2153.0,2488.0,2161.0,2333.0,2168.0,2248.0,1794.0,2210.0,2661.0,2329.0,2170.0,2447.0,2425.0
autenticardocumento,63821.0,19192.0,64464.0,63109.0,55735.0,64388.0,60499.0,61787.0,59194.0,65683.0,66984.0,65683.0,61605.0,54359.0,56907.0,15795.0,9423.0,18251.0,8568.0,9528.0,27873.0,8024.0,8726.0,26547.0,25697.0,26129.0,8195.0,6741.0,7997.0,6007.0,6826.0,24242.0,6364.0,5957.0,5566.0,13471.0,6358.0,5309.0,5921.0,5317.0,5553.0,5059.0,5435.0,5675.0,5754.0,5518.0,5299.0,4582.0,4735.0,16542.0,4807.0,4153.0,4336.0,4459.0,4847.0,4169.0,4540.0,4072.0,3883.0,4033.0,4234.0,4437.0,4073.0,4527.0,4098.0,3696.0,4603.0,3255.0,3406.0,4167.0,4019.0,12265.0,3457.0,3368.0,3232.0,4263.0,2667.0,4159.0,3451.0,2645.0,4045.0,3784.0,3738.0,3383.0,3388.0,3097.0,3367.0,3678.0,2950.0,2391.0,2920.0,3186.0,3134.0,2983.0,2388.0,2981.0,5386.0,2783.0,2736.0,2885.0,3215.0,2754.0,2271.0,2342.0,2848.0,2747.0,9150.0,2990.0,2883.0,2655.0,2640.0,2286.0,2641.0,2370.0,2687.0,2393.0,2278.0,2694.0,2634.0,2323.0,2519.0,2471.0,2865.0,2345.0,2387.0,2027.0,3145.0,2134.0,2464.0,2547.0,2232.0,2232.0,2171.0,2459.0,1974.0,1979.0,2810.0,2143.0,2485.0,2162.0,2328.0,2161.0,2215.0,1786.0,2205.0,2633.0,2327.0,2176.0,2438.0,2428.0
asp,64870.0,19148.0,65723.0,61820.0,57002.0,63091.0,59206.0,60489.0,57900.0,64384.0,65683.0,66984.0,62903.0,55637.0,58188.0,15697.0,9415.0,18538.0,8502.0,9473.0,28376.0,7976.0,8677.0,27120.0,26192.0,26624.0,8167.0,6709.0,7959.0,5964.0,6796.0,24787.0,6318.0,5947.0,5536.0,13737.0,6358.0,5301.0,5922.0,5313.0,5519.0,5063.0,5411.0,5631.0,5734.0,5510.0,5288.0,4576.0,4732.0,16966.0,4770.0,4150.0,4338.0,4419.0,4809.0,4188.0,4520.0,4076.0,3856.0,4029.0,4222.0,4414.0,4057.0,4513.0,4110.0,3666.0,4607.0,3247.0,3393.0,4156.0,4000.0,12591.0,3408.0,3346.0,3226.0,4249.0,2659.0,4150.0,3452.0,2618.0,4028.0,3783.0,3738.0,3358.0,3388.0,3090.0,3339.0,3683.0,2931.0,2384.0,2898.0,3188.0,3122.0,2973.0,2394.0,2971.0,5454.0,2742.0,2719.0,2857.0,3205.0,2744.0,2241.0,2310.0,2845.0,2752.0,9388.0,2977.0,2881.0,2633.0,2632.0,2277.0,2627.0,2370.0,2648.0,2376.0,2269.0,2704.0,2615.0,2320.0,2516.0,2458.0,2870.0,2353.0,2377.0,2016.0,3127.0,2138.0,2462.0,2527.0,2229.0,2231.0,2162.0,2457.0,1972.0,1961.0,2783.0,2135.0,2482.0,2164.0,2329.0,2155.0,2186.0,1781.0,2204.0,2608.0,2328.0,2182.0,2429.0,2432.0
senha,65725.0,19112.0,64266.0,57779.0,60990.0,59028.0,55152.0,56425.0,53842.0,60308.0,61605.0,62903.0,66984.0,59657.0,62220.0,15461.0,9453.0,19503.0,8348.0,9347.0,29928.0,7880.0,8574.0,28927.0,27713.0,28148.0,8139.0,6655.0,7871.0,5865.0,6747.0,26555.0,6200.0,5961.0,5479.0,14554.0,6386.0,5317.0,5958.0,5333.0,5455.0,5117.0,5353.0,5537.0,5686.0,5534.0,5284.0,4579.0,4754.0,18316.0,4670.0,4183.0,4371.0,4309.0,4717.0,4266.0,4494.0,4122.0,3799.0,4049.0,4217.0,4368.0,4052.0,4498.0,4176.0,3608.0,4640.0,3265.0,3375.0,4156.0,3971.0,13647.0,3289.0,3304.0,3225.0,4220.0,2669.0,4129.0,3468.0,2565.0,4000.0,3808.0,3766.0,3317.0,3415.0,3101.0,3271.0,3725.0,2889.0,2400.0,2872.0,3222.0,3112.0,2961.0,2439.0,2962.0,5672.0,2618.0,2681.0,2802.0,3189.0,2730.0,2160.0,2226.0,2857.0,2790.0,10102.0,2943.0,2910.0,2581.0,2631.0,2261.0,2606.0,2389.0,2550.0,2338.0,2262.0,2747.0,2560.0,2327.0,2526.0,2428.0,2890.0,2395.0,2359.0,2003.0,3076.0,2162.0,2479.0,2489.0,2222.0,2248.0,2153.0,2459.0,1975.0,1919.0,2720.0,2116.0,2490.0,2187.0,2353.0,2140.0,2124.0,1773.0,2216.0,2551.0,2351.0,2217.0,2413.0,2451.0
pagina,59479.0,19462.0,57234.0,50639.0,65175.0,51837.0,48010.0,49253.0,46716.0,53081.0,54359.0,55637.0,59657.0,66854.0,63869.0,15490.0,9815.0,21505.0,8522.0,9382.0,28028.0,7949.0,8657.0,31784.0,27536.0,26971.0,8390.0,6813.0,7990.0,5903.0,6845.0,25974.0,6223.0,6246.0,5561.0,16195.0,6832.0,5639.0,6145.0,5439.0,5544.0,5314.0,5389.0,5492.0,5819.0,5695.0,5391.0,4739.0,4899.0,20656.0,4681.0,4351.0,4526.0,4232.0,4725.0,4519.0,4541.0,4373.0,3859.0,4185.0,4290.0,4414.0,4152.0,4548.0,4581.0,3638.0,4723.0,3433.0,3440.0,4181.0,4077.0,15525.0,3226.0,3342.0,3327.0,4268.0,2807.0,4245.0,3627.0,2579.0,4026.0,3910.0,3884.0,3306.0,3465.0,3216.0,3215.0,3848.0,2934.0,2539.0,2933.0,3317.0,3204.0,2987.0,2758.0,2976.0,6000.0,2523.0,2699.0,2783.0,3373.0,2810.0,2101.0,2179.0,2947.0,2908.0,11535.0,2987.0,3053.0,2541.0,2693.0,2319.0,2624.0,2455.0,2452.0,2248.0,2313.0,2896.0,2511.0,2406.0,2583.0,2432.0,3290.0,2525.0,2419.0,2006.0,3015.0,2237.0,2552.0,2479.0,2250.0,2321.0,2180.0,2506.0,2080.0,1945.0,2632.0,2201.0,2384.0,2270.0,2446.0,2156.0,2244.0,1805.0,2313.0,2334.0,2416.0,2304.0,2435.0,2535.0
inteiro,61621.0,19225.0,59641.0,53161.0,65164.0,54376.0,50540.0,51793.0,49242.0,55628.0,56907.0,58188.0,62220.0,63869.0,66548.0,15334.0,9655.0,20705.0,8317.0,9321.0,29027.0,7900.0,8532.0,30612.0,28531.0,27962.0,8250.0,6730.0,7969.0,5870.0,6777.0,27068.0,6137.0,6014.0,5525.0,15621.0,6471.0,5391.0,6074.0,5381.0,5468.0,5259.0,5359.0,5500.0,5732.0,5618.0,5325.0,4716.0,4801.0,19808.0,4644.0,4273.0,4447.0,4246.0,4657.0,4393.0,4516.0,4303.0,3825.0,4125.0,4252.0,4391.0,4111.0,4509.0,4263.0,3623.0,4680.0,3353.0,3400.0,4159.0,4001.0,14875.0,3256.0,3325.0,3273.0,4241.0,2741.0,4114.0,3539.0,2559.0,4002.0,3866.0,3835.0,3302.0,3437.0,3121.0,3227.0,3805.0,2895.0,2472.0,2910.0,3297.0,3174.0,2963.0,2581.0,2960.0,5823.0,2546.0,2646.0,2764.0,3151.0,2772.0,2112.0,2185.0,2906.0,2855.0,11055.0,2974.0,2973.0,2541.0,2659.0,2271.0,2612.0,2411.0,2493.0,2227.0,2280.0,2832.0,2519.0,2372.0,2550.0,2421.0,2952.0,2462.0,2352.0,1999.0,3015.0,2198.0,2532.0,2475.0,2224.0,2284.0,2154.0,2488.0,2029.0,1911.0,2659.0,2162.0,2335.0,2227.0,2392.0,2192.0,2079.0,1772.0,2256.0,2339.0,2381.0,2258.0,2420.0,2494.0
penal,43263.0,24128.0,17328.0,16307.0,15741.0,16040.0,16557.0,16354.0,16628.0,15905.0,15795.0,15697.0,15461.0,15490.0,15334.0,62933.0,16869.0,18274.0,16766.0,13656.0,10172.0,10967.0,11374.0,8406.0,8008.0,8087.0,13430.0,7212.0,6534.0,10138.0,14238.0,6681.0,14743.0,12797.0,8863.0,7808.0,6349.0,9469.0,4350.0,2035.0,10122.0,7928.0,3985.0,14303.0,3052.0,8952.0,4859.0,5211.0,14035.0,4895.0,4312.0,1267.0,6270.0,7864.0,7176.0,10782.0,12809.0,3160.0,8921.0,5144.0,12476.0,3681.0,7161.0,5336.0,5586.0,8432.0,716.0,10469.0,1955.0,5894.0,6973.0,3829.0,9845.0,4783.0,6226.0,7404.0,6255.0,9234.0,741.0,6381.0,5286.0,4543.0,7712.0,4291.0,1518.0,4378.0,4294.0,4146.0,2846.0,5581.0,6233.0,4130.0,4116.0,2263.0,2811.0,4187.0,3008.0,2970.0,6540.0,3886.0,4691.0,4907.0,5044.0,5123.0,3732.0,2495.0,2281.0,2518.0,4584.0,4839.0,2399.0,4754.0,3878.0,4179.0,3001.0,2847.0,585.0,3971.0,4428.0,2278.0,2873.0,858.0,4053.0,2331.0,5020.0,4590.0,6079.0,3208.0,2451.0,7788.0,5562.0,2634.0,2199.0,1047.0,2086.0,4925.0,3603.0,2222.0,915.0,4288.0,5140.0,3103.0,3371.0,3317.0,2272.0,3752.0,2743.0,4282.0,1879.0,4897.0
pela,19264.0,16581.0,10928.0,9780.0,9875.0,9566.0,9662.0,9571.0,9712.0,9438.0,9423.0,9415.0,9453.0,9815.0,9655.0,16869.0,45455.0,10699.0,10591.0,10150.0,6089.0,10543.0,8394.0,5989.0,5958.0,5989.0,7802.0,6079.0,5182.0,8331.0,7528.0,3850.0,8701.0,6208.0,7938.0,2817.0,5903.0,7872.0,4360.0,4887.0,5683.0,7622.0,4085.0,7360.0,4637.0,4321.0,6716.0,4138.0,5200.0,3348.0,5234.0,2896.0,7891.0,7383.0,3468.0,6380.0,7487.0,4235.0,6706.0,4480.0,7374.0,2444.0,3284.0,2533.0,6215.0,6335.0,3160.0,5766.0,4536.0,3254.0,3359.0,2541.0,6817.0,3996.0,5047.0,4945.0,5548.0,2894.0,6501.0,5459.0,2057.0,1807.0,3025.0,2255.0,1709.0,2540.0,2183.0,1836.0,2561.0,5148.0,3275.0,3486.0,3226.0,2868.0,2527.0,2711.0,1892.0,2683.0,6541.0,2028.0,2686.0,4376.0,5134.0,5280.0,2550.0,2529.0,1517.0,1438.0,2008.0,2693.0,1922.0,2396.0,3753.0,1187.0,2520.0,2946.0,2387.0,1763.0,1787.0,1331.0,2914.0,2905.0,1103.0,2001.0,2546.0,4442.0,2468.0,2054.0,2154.0,2628.0,2361.0,1560.0,1426.0,1712.0,2301.0,3805.0,1470.0,2192.0,713.0,3152.0,2104.0,3111.0,2101.0,2137.0,2110.0,1149.0,1410.0,2194.0,1710.0,1310.0
i,29108.0,10745.0,19451.0,17454.0,21265.0,17732.0,16887.0,17148.0,16632.0,17968.0,18251.0,18538.0,19503.0,21505.0,20705.0,18274.0,10699.0,42960.0,8855.0,9591.0,7460.0,10623.0,5059.0,3035.0,7774.0,7690.0,8404.0,5888.0,3318.0,6460.0,6694.0,12766.0,17185.0,6094.0,6609.0,4625.0,6831.0,6356.0,2809.0,2381.0,7544.0,5252.0,2134.0,12959.0,2790.0,3940.0,3860.0,3377.0,3602.0,16653.0,2311.0,1636.0,4533.0,8532.0,3922.0,9521.0,11974.0,2342.0,6246.0,3177.0,11713.0,2252.0,3638.0,3340.0,4196.0,5748.0,935.0,8225.0,3026.0,4655.0,4444.0,15923.0,11577.0,2521.0,3106.0,2288.0,4753.0,4838.0,1495.0,5112.0,5024.0,3778.0,2489.0,3253.0,1799.0,1822.0,1628.0,3670.0,1759.0,4791.0,2775.0,1953.0,2298.0,1401.0,1843.0,2132.0,3662.0,1206.0,7502.0,2272.0,1763.0,3868.0,5811.0,6235.0,1767.0,1830.0,1060.0,2550.0,2442.0,2409.0,1265.0,1338.0,1276.0,1373.0,1648.0,1863.0,542.0,1468.0,1976.0,1617.0,1898.0,855.0,1111.0,1634.0,1700.0,1929.0,3585.0,885.0,1435.0,2145.0,1683.0,1478.0,1359.0,895.0,1677.0,3808.0,2134.0,1371.0,447.0,1459.0,4484.0,2029.0,1564.0,976.0,1129.0,2059.0,1789.0,2008.0,870.0,2733.0
direito,17128.0,12862.0,9080.0,8994.0,8452.0,8749.0,9105.0,8919.0,9145.0,8645.0,8568.0,8502.0,8348.0,8522.0,8317.0,16766.0,10591.0,8855.0,42818.0,30805.0,6036.0,11084.0,4934.0,4867.0,5051.0,4989.0,10649.0,4900.0,4775.0,27261.0,5741.0,3092.0,9017.0,8010.0,11045.0,4784.0,3582.0,9205.0,3976.0,3318.0,6582.0,8205.0,2486.0,6689.0,2261.0,4425.0,4811.0,3633.0,3483.0,2867.0,10234.0,2631.0,7573.0,5581.0,4867.0,7942.0,6557.0,3569.0,10466.0,4400.0,6493.0,1839.0,2335.0,3129.0,4141.0,9340.0,791.0,9924.0,3510.0,3789.0,2020.0,2302.0,5954.0,9528.0,4910.0,2840.0,14560.0,3258.0,1245.0,9876.0,1539.0,1746.0,2772.0,2561.0,2277.0,2793.0,4520.0,1727.0,2219.0,11967.0,1727.0,3024.0,2589.0,3318.0,2673.0,3524.0,1041.0,5903.0,5815.0,2242.0,3942.0,6573.0,2742.0,3754.0,1566.0,665.0,1385.0,1600.0,2848.0,1356.0,2837.0,2896.0,4262.0,1548.0,2056.0,2120.0,1784.0,1946.0,2221.0,1176.0,729.0,1301.0,3116.0,3001.0,2890.0,2293.0,1133.0,1693.0,2167.0,1470.0,2317.0,2340.0,3748.0,1385.0,1769.0,2051.0,1465.0,5966.0,564.0,3775.0,1088.0,2842.0,1829.0,1331.0,1926.0,1482.0,1488.0,1871.0,1361.0,2424.0
estado,18677.0,11496.0,9919.0,9906.0,9511.0,9654.0,9913.0,9818.0,10017.0,9587.0,9528.0,9473.0,9347.0,9382.0,9321.0,13656.0,10150.0,9591.0,30805.0,42546.0,5846.0,12814.0,5470.0,5523.0,5720.0,5675.0,10495.0,5877.0,5690.0,27988.0,4720.0,3587.0,9741.0,7916.0,13602.0,4597.0,3440.0,9291.0,5418.0,4096.0,5785.0,7953.0,2570.0,7054.0,2314.0,4372.0,5756.0,2732.0,3033.0,3240.0,10716.0,2799.0,8001.0,7569.0,4578.0,9777.0,7496.0,3918.0,12916.0,5124.0,7464.0,1622.0,3238.0,3214.0,3206.0,11791.0,1251.0,10318.0,4621.0,3063.0,1900.0,2488.0,6787.0,6702.0,4532.0,2821.0,15171.0,3836.0,1290.0,14383.0,1564.0,1587.0,2096.0,3032.0,2464.0,1759.0,5553.0,1605.0,2276.0,12485.0,1807.0,2593.0,1710.0,4193.0,2634.0,2733.0,714.0,7857.0,6064.0,2626.0,2097.0,7616.0,3732.0,5593.0,2075.0,799.0,1355.0,1397.0,1646.0,1204.0,1840.0,2536.0,1799.0,1648.0,2003.0,1953.0,2371.0,983.0,1570.0,1521.0,506.0,1820.0,1844.0,3541.0,1338.0,1837.0,745.0,1377.0,2181.0,1384.0,2585.0,1857.0,4090.0,1674.0,2054.0,1915.0,638.0,5847.0,410.0,1471.0,1367.0,3024.0,1268.0,1581.0,1189.0,1217.0,1342.0,1426.0,1172.0,3331.0
min,31431.0,12746.0,29276.0,26427.0,28766.0,26878.0,25401.0,25903.0,24910.0,27373.0,27873.0,28376.0,29928.0,28028.0,29027.0,10172.0,6089.0,7460.0,6036.0,5846.0,40314.0,4755.0,5715.0,14203.0,29111.0,29636.0,4450.0,3423.0,5107.0,4027.0,5541.0,1292.0,3318.0,5269.0,3137.0,11657.0,3846.0,3264.0,3821.0,2550.0,3580.0,3768.0,3506.0,2512.0,2937.0,4164.0,2880.0,3355.0,3475.0,5938.0,2901.0,2976.0,2595.0,2317.0,2548.0,1878.0,2513.0,2730.0,2056.0,2099.0,2417.0,2170.0,3036.0,2473.0,2582.0,1838.0,1602.0,1604.0,1771.0,3956.0,1331.0,4152.0,1444.0,2691.0,2299.0,2396.0,2012.0,2796.0,1399.0,1968.0,2150.0,2422.0,3310.0,4789.0,1470.0,2825.0,1870.0,2301.0,1775.0,2125.0,2817.0,2596.0,1771.0,2391.0,1326.0,1914.0,1680.0,1312.0,1921.0,1441.0,1377.0,1549.0,1488.0,1091.0,1396.0,1548.0,8815.0,1460.0,2155.0,1556.0,3028.0,2181.0,2948.0,1680.0,1448.0,1079.0,1067.0,2646.0,10686.0,1609.0,1581.0,1409.0,1527.0,1194.0,2145.0,1491.0,1304.0,2366.0,2019.0,2037.0,916.0,1468.0,834.0,1322.0,1018.0,802.0,1501.0,1462.0,2787.0,1548.0,879.0,808.0,1719.0,1109.0,1730.0,3431.0,1406.0,2117.0,1865.0,1520.0
contra,15500.0,9820.0,8577.0,8369.0,8013.0,8291.0,8361.0,8276.0,8455.0,8079.0,8024.0,7976.0,7880.0,7949.0,7900.0,10967.0,10543.0,10623.0,11084.0,12814.0,4755.0,36671.0,5747.0,4188.0,3986.0,4077.0,10616.0,7858.0,5525.0,9124.0,5628.0,3326.0,8357.0,4705.0,10422.0,3028.0,4049.0,5123.0,4623.0,4694.0,5397.0,4514.0,2735.0,6534.0,3815.0,3846.0,4065.0,4058.0,2990.0,3292.0,6713.0,4467.0,3694.0,9892.0,3541.0,4732.0,7171.0,3549.0,8697.0,3296.0,7116.0,2002.0,3474.0,2819.0,2016.0,8455.0,2529.0,4360.0,4976.0,2065.0,3769.0,2401.0,5995.0,3178.0,2483.0,1023.0,4428.0,1374.0,1577.0,4094.0,1665.0,2305.0,1830.0,2124.0,2351.0,1825.0,3728.0,2173.0,2048.0,4614.0,2498.0,1567.0,2001.0,2638.0,1832.0,2190.0,1232.0,3344.0,6795.0,1546.0,1238.0,6095.0,6646.0,9084.0,1797.0,1894.0,1513.0,2336.0,1996.0,1795.0,513.0,1739.0,2116.0,736.0,1430.0,2412.0,1929.0,1399.0,1133.0,1077.0,1568.0,2119.0,911.0,2601.0,1676.0,1731.0,1238.0,1039.0,1829.0,1308.0,1297.0,1285.0,2404.0,2217.0,979.0,3164.0,1642.0,2905.0,493.0,1244.0,2112.0,1465.0,1782.0,925.0,894.0,807.0,1197.0,1740.0,1877.0,850.0
pelo,13512.0,13552.0,9488.0,9180.0,8750.0,8931.0,9205.0,9041.0,9197.0,8786.0,8726.0,8677.0,8574.0,8657.0,8532.0,11374.0,8394.0,5059.0,4934.0,5470.0,5715.0,5747.0,36302.0,5143.0,5777.0,5726.0,4914.0,5994.0,6089.0,3386.0,6954.0,3048.0,3839.0,4015.0,2935.0,3186.0,4382.0,4978.0,5400.0,4009.0,4844.0,3766.0,3600.0,3045.0,3027.0,6939.0,3392.0,3599.0,4527.0,1994.0,2727.0,5442.0,3389.0,3148.0,3704.0,2235.0,2416.0,5194.0,1924.0,3091.0,2237.0,4057.0,3523.0,2272.0,2831.0,1787.0,2499.0,2175.0,3154.0,2446.0,2807.0,1632.0,2608.0,2472.0,2908.0,3276.0,1240.0,1960.0,2367.0,1634.0,1554.0,1189.0,5967.0,2342.0,2747.0,2164.0,2535.0,1100.0,2621.0,1625.0,2486.0,2489.0,1723.0,2841.0,1245.0,1261.0,1531.0,2291.0,2049.0,2242.0,1489.0,1144.0,1722.0,889.0,1608.0,2013.0,1643.0,1931.0,2698.0,2085.0,2099.0,2242.0,1833.0,1485.0,2044.0,1339.0,2121.0,2187.0,1904.0,1373.0,2003.0,1096.0,1280.0,1746.0,1577.0,1774.0,2028.0,1802.0,2257.0,1892.0,2254.0,2149.0,2022.0,1329.0,985.0,1749.0,1620.0,1005.0,1292.0,2292.0,1462.0,2107.0,1907.0,2257.0,1176.0,1069.0,963.0,1593.0,2792.0,1132.0
ap,29768.0,11333.0,27929.0,24853.0,31208.0,25420.0,23716.0,24266.0,23137.0,25975.0,26547.0,27120.0,28927.0,31784.0,30612.0,8406.0,5989.0,3035.0,4867.0,5523.0,14203.0,4188.0,5143.0,35698.0,12116.0,11911.0,5085.0,3786.0,4446.0,3585.0,3243.0,12732.0,2721.0,3926.0,3941.0,1499.0,2128.0,3293.0,3160.0,4291.0,2650.0,2471.0,4486.0,2729.0,3443.0,2852.0,3112.0,2460.0,3193.0,5145.0,2666.0,1687.0,2636.0,2593.0,3031.0,1558.0,2870.0,1629.0,2492.0,2610.0,2618.0,2528.0,2349.0,2305.0,2072.0,2431.0,4029.0,1965.0,1730.0,3011.0,1957.0,243.0,1554.0,2286.0,1912.0,4257.0,1597.0,3414.0,2129.0,1536.0,2362.0,2097.0,1469.0,2341.0,2334.0,2018.0,1863.0,2087.0,1695.0,1507.0,1347.0,1721.0,2073.0,1824.0,1393.0,1435.0,981.0,1781.0,1838.0,2339.0,2033.0,1988.0,1276.0,1207.0,1990.0,1829.0,16.0,380.0,1885.0,1516.0,1868.0,1410.0,2119.0,1298.0,1875.0,1032.0,1869.0,2199.0,2584.0,1300.0,2074.0,1850.0,868.0,1292.0,1575.0,1147.0,1472.0,1396.0,1647.0,1570.0,1572.0,1221.0,1043.0,2059.0,1253.0,1072.0,1920.0,1087.0,56.0,1779.0,828.0,1273.0,1172.0,1114.0,1192.0,1815.0,1022.0,950.0,1638.0,1657.0
moraes,28975.0,8558.0,26947.0,24280.0,28056.0,24759.0,23254.0,23739.0,22771.0,25205.0,25697.0,26192.0,27713.0,27536.0,28531.0,8008.0,5958.0,7774.0,5051.0,5720.0,29111.0,3986.0,5777.0,12116.0,35130.0,34188.0,4338.0,3141.0,5362.0,3934.0,4572.0,959.0,3113.0,3439.0,3087.0,11077.0,4099.0,3097.0,4182.0,2485.0,3460.0,3722.0,2863.0,2864.0,3011.0,3449.0,2629.0,2475.0,2706.0,5960.0,2590.0,3376.0,2764.0,2194.0,1890.0,2318.0,2733.0,2618.0,2066.0,2247.0,2589.0,2241.0,1952.0,2004.0,2407.0,1796.0,1621.0,2170.0,1756.0,2442.0,1088.0,4199.0,1722.0,1503.0,2003.0,2022.0,2233.0,2183.0,1837.0,2377.0,1304.0,874.0,2631.0,2384.0,1249.0,1469.0,1781.0,822.0,1719.0,2314.0,1729.0,2692.0,1300.0,1777.0,1109.0,1215.0,2417.0,1285.0,1760.0,1068.0,1154.0,1611.0,1090.0,1035.0,1389.0,963.0,9255.0,1159.0,1192.0,704.0,2180.0,1004.0,1769.0,1425.0,1413.0,1518.0,1009.0,1487.0,3276.0,2035.0,1245.0,1378.0,1608.0,1174.0,1648.0,1046.0,1630.0,1308.0,1559.0,1219.0,588.0,998.0,948.0,1187.0,1172.0,726.0,855.0,1112.0,2827.0,956.0,1690.0,1045.0,1102.0,971.0,1275.0,1800.0,1011.0,1463.0,1170.0,1513.0
alexandre,29374.0,8596.0,27373.0,24703.0,27480.0,25189.0,23678.0,24166.0,23192.0,25635.0,26129.0,26624.0,28148.0,26971.0,27962.0,8087.0,5989.0,7690.0,4989.0,5675.0,29636.0,4077.0,5726.0,11911.0,34188.0,35075.0,4328.0,3137.0,5349.0,3870.0,4579.0,934.0,3145.0,3448.0,3073.0,10861.0,3959.0,3075.0,4055.0,2473.0,3506.0,3682.0,2874.0,2898.0,3005.0,3415.0,2639.0,2469.0,2722.0,5793.0,2588.0,3244.0,2626.0,2184.0,1916.0,2355.0,2757.0,2601.0,2052.0,2263.0,2611.0,2236.0,1980.0,2033.0,2429.0,1776.0,1615.0,2190.0,1751.0,2441.0,1112.0,4071.0,1751.0,1500.0,1984.0,2013.0,2230.0,2200.0,1720.0,2382.0,1306.0,865.0,2606.0,2395.0,1300.0,1497.0,1778.0,814.0,1768.0,2302.0,1719.0,2620.0,1302.0,1777.0,1152.0,1213.0,2439.0,1292.0,1763.0,1072.0,1161.0,1589.0,1086.0,1029.0,1373.0,964.0,9042.0,1150.0,1223.0,707.0,2200.0,1003.0,1764.0,1423.0,1428.0,1490.0,970.0,1470.0,3298.0,2059.0,1156.0,1370.0,1543.0,1163.0,1648.0,1075.0,1664.0,1331.0,1572.0,1217.0,590.0,1009.0,835.0,1186.0,1161.0,727.0,878.0,1096.0,2802.0,961.0,1753.0,1038.0,1113.0,970.0,1263.0,1827.0,1004.0,1464.0,1171.0,1515.0
crimes,15353.0,9941.0,9296.0,8570.0,8363.0,8262.0,8599.0,8350.0,8462.0,8226.0,8195.0,8167.0,8139.0,8390.0,8250.0,13430.0,7802.0,8404.0,10649.0,10495.0,4450.0,10616.0,4914.0,5085.0,4338.0,4328.0,33916.0,6764.0,5206.0,8958.0,7229.0,3411.0,6845.0,6611.0,4324.0,3373.0,4324.0,8294.0,4686.0,3083.0,5397.0,8035.0,2059.0,6757.0,1879.0,4262.0,2823.0,3836.0,4696.0,2946.0,2885.0,2052.0,8266.0,4524.0,4501.0,5880.0,7721.0,3039.0,4291.0,3226.0,7751.0,2419.0,2698.0,3026.0,2693.0,3143.0,825.0,6051.0,3177.0,3058.0,5534.0,2185.0,4240.0,2986.0,3893.0,2046.0,5183.0,2806.0,445.0,4410.0,2711.0,1842.0,2313.0,1947.0,1068.0,2222.0,1879.0,1560.0,2012.0,5085.0,2357.0,2361.0,2346.0,988.0,1920.0,1794.0,460.0,2226.0,4702.0,2468.0,2332.0,2240.0,1950.0,3291.0,4013.0,1462.0,1113.0,2140.0,1961.0,1809.0,1549.0,2821.0,1476.0,3281.0,2618.0,1164.0,587.0,1133.0,932.0,1350.0,921.0,1221.0,1792.0,2406.0,4470.0,2216.0,1378.0,1247.0,2173.0,2815.0,2011.0,1384.0,3100.0,1275.0,1780.0,2804.0,1336.0,1618.0,458.0,1600.0,2275.0,2407.0,1384.0,1432.0,2950.0,536.0,962.0,1944.0,1627.0,1807.0
pessoas,11919.0,10117.0,7901.0,6984.0,6837.0,6923.0,7069.0,6940.0,7086.0,6781.0,6741.0,6709.0,6655.0,6813.0,6730.0,7212.0,6079.0,5888.0,4900.0,5877.0,3423.0,7858.0,5994.0,3786.0,3141.0,3137.0,6764.0,30911.0,7138.0,4275.0,3347.0,2682.0,3063.0,3984.0,4600.0,1918.0,3660.0,5471.0,4510.0,3976.0,5327.0,5531.0,2920.0,3478.0,3833.0,2387.0,2169.0,4194.0,1083.0,2394.0,2549.0,3904.0,3794.0,3902.0,3551.0,2077.0,3148.0,3046.0,3944.0,1555.0,3083.0,2871.0,3176.0,1980.0,2026.0,3960.0,2548.0,2192.0,2562.0,853.0,2619.0,1694.0,2053.0,1664.0,1108.0,1276.0,2539.0,1923.0,3451.0,2676.0,1414.0,1499.0,1423.0,733.0,2313.0,778.0,3314.0,1215.0,2348.0,3414.0,1285.0,1714.0,1453.0,1225.0,2262.0,1983.0,536.0,1321.0,2371.0,1267.0,1098.0,2720.0,2266.0,2834.0,3070.0,1831.0,1530.0,2289.0,2199.0,880.0,1526.0,1217.0,793.0,1748.0,1416.0,1724.0,2449.0,1893.0,460.0,1831.0,2111.0,908.0,1449.0,2986.0,900.0,447.0,768.0,1386.0,1846.0,373.0,1307.0,1250.0,2302.0,801.0,1378.0,7477.0,524.0,1153.0,1412.0,851.0,1165.0,1849.0,925.0,979.0,2290.0,534.0,1539.0,1105.0,1437.0,998.0
dia,12544.0,8151.0,8393.0,8306.0,8119.0,8126.0,8281.0,8212.0,8351.0,8041.0,7997.0,7959.0,7871.0,7990.0,7969.0,6534.0,5182.0,3318.0,4775.0,5690.0,5107.0,5525.0,6089.0,4446.0,5362.0,5349.0,5206.0,7138.0,30645.0,4136.0,3547.0,1745.0,1599.0,2376.0,4011.0,2697.0,4744.0,3807.0,8244.0,3108.0,3165.0,4517.0,3530.0,2391.0,3830.0,2586.0,2362.0,4957.0,2206.0,1881.0,4125.0,5723.0,3472.0,3524.0,2228.0,1728.0,2529.0,5417.0,2377.0,1678.0,2462.0,3608.0,2316.0,2018.0,1576.0,2404.0,2019.0,1890.0,3397.0,1127.0,920.0,1177.0,1487.0,1626.0,1223.0,2746.0,2344.0,2195.0,3215.0,2337.0,749.0,404.0,1344.0,888.0,1074.0,830.0,3845.0,410.0,2450.0,2487.0,1423.0,2673.0,3143.0,3141.0,1349.0,1204.0,1099.0,1813.0,1320.0,964.0,689.0,1872.0,1224.0,1410.0,1777.0,1228.0,2393.0,1427.0,676.0,853.0,1255.0,507.0,1176.0,1408.0,1463.0,1662.0,2481.0,977.0,142.0,1421.0,831.0,2447.0,1741.0,4071.0,1195.0,1467.0,962.0,1067.0,935.0,1245.0,507.0,1099.0,1523.0,1505.0,1338.0,964.0,1012.0,1503.0,2592.0,541.0,1423.0,1352.0,1451.0,1090.0,2063.0,2935.0,609.0,1008.0,1238.0,1501.0
democratico,12961.0,7873.0,6112.0,6327.0,5967.0,6112.0,6320.0,6245.0,6401.0,6054.0,6007.0,5964.0,5865.0,5903.0,5870.0,10138.0,8331.0,6460.0,27261.0,27988.0,4027.0,9124.0,3386.0,3585.0,3934.0,3870.0,8958.0,4275.0,4136.0,29973.0,3644.0,2005.0,7762.0,5246.0,10617.0,2597.0,2798.0,8323.0,3093.0,3191.0,4965.0,7259.0,1432.0,4421.0,782.0,3059.0,4125.0,2267.0,2342.0,1970.0,9339.0,2299.0,6400.0,5245.0,3184.0,7611.0,5850.0,3069.0,9922.0,3516.0,5819.0,1266.0,1810.0,1960.0,2157.0,8947.0,960.0,9689.0,3427.0,2117.0,1177.0,1553.0,5430.0,6350.0,4347.0,2175.0,14633.0,2187.0,1043.0,9783.0,737.0,1145.0,1556.0,1895.0,1791.0,1890.0,3431.0,1163.0,1555.0,12160.0,1313.0,1949.0,835.0,2765.0,1056.0,1994.0,497.0,5428.0,4923.0,1879.0,1164.0,6235.0,2767.0,3565.0,1310.0,540.0,844.0,998.0,749.0,773.0,1360.0,1527.0,1092.0,867.0,1792.0,1872.0,1845.0,652.0,1089.0,330.0,308.0,1143.0,766.0,2931.0,1070.0,1833.0,586.0,1013.0,1618.0,844.0,1529.0,1528.0,3594.0,617.0,1170.0,1264.0,381.0,5577.0,217.0,1182.0,658.0,2175.0,1171.0,1064.0,1587.0,1093.0,1080.0,1125.0,708.0,1911.0
denuncia,13496.0,10480.0,7256.0,7002.0,7119.0,6914.0,7104.0,7058.0,7182.0,6863.0,6826.0,6796.0,6747.0,6845.0,6777.0,14238.0,7528.0,6694.0,5741.0,4720.0,5541.0,5628.0,6954.0,3243.0,4572.0,4579.0,7229.0,3347.0,3547.0,3644.0,28703.0,2462.0,5604.0,3986.0,1813.0,3014.0,3062.0,4357.0,3162.0,1394.0,4959.0,3238.0,2519.0,4226.0,1641.0,5876.0,3495.0,1939.0,6924.0,2553.0,1580.0,962.0,3269.0,2904.0,2537.0,3703.0,5013.0,2173.0,1758.0,1671.0,4948.0,2283.0,2382.0,1872.0,3284.0,1466.0,177.0,3593.0,1498.0,4731.0,3791.0,2029.0,3432.0,3023.0,5917.0,1073.0,2214.0,850.0,533.0,1892.0,3242.0,3125.0,5166.0,2723.0,360.0,1707.0,2243.0,3037.0,1616.0,2195.0,4210.0,1989.0,2175.0,1058.0,522.0,1136.0,1433.0,374.0,2147.0,1143.0,1024.0,980.0,2232.0,2354.0,1474.0,1980.0,1498.0,1769.0,2588.0,1870.0,1666.0,2570.0,3645.0,4134.0,1290.0,2121.0,378.0,1951.0,2944.0,1688.0,1002.0,952.0,563.0,333.0,3952.0,1701.0,2333.0,1545.0,1998.0,4269.0,1322.0,1807.0,461.0,181.0,1020.0,1966.0,1828.0,729.0,614.0,3255.0,2309.0,1289.0,491.0,2024.0,1365.0,530.0,2544.0,2299.0,1139.0,558.0
vogal,26181.0,9553.0,25400.0,22630.0,26536.0,23178.0,21544.0,22066.0,20980.0,23698.0,24242.0,24787.0,26555.0,25974.0,27068.0,6681.0,3850.0,12766.0,3092.0,3587.0,1292.0,3326.0,3048.0,12732.0,959.0,934.0,3411.0,2682.0,1745.0,2005.0,2462.0,28415.0,2774.0,2442.0,1850.0,2622.0,2071.0,2330.0,1800.0,2061.0,1965.0,1746.0,2392.0,2546.0,2130.0,1710.0,2824.0,1961.0,1481.0,12380.0,1523.0,706.0,1546.0,1339.0,2379.0,2499.0,2043.0,1272.0,1433.0,1994.0,1891.0,2238.0,2185.0,2636.0,2436.0,1395.0,2236.0,1850.0,1411.0,2523.0,2555.0,9774.0,1295.0,1257.0,1289.0,1735.0,914.0,1781.0,1485.0,1046.0,2795.0,2891.0,1010.0,2227.0,1941.0,1649.0,1115.0,2845.0,1168.0,685.0,1394.0,1092.0,1683.0,971.0,1287.0,1545.0,3486.0,988.0,788.0,1760.0,1765.0,958.0,767.0,865.0,1243.0,1452.0,45.0,1725.0,1547.0,1504.0,769.0,1122.0,732.0,989.0,874.0,788.0,848.0,920.0,993.0,799.0,1272.0,911.0,886.0,927.0,730.0,1197.0,1406.0,1016.0,866.0,1190.0,1290.0,1145.0,891.0,1024.0,821.0,913.0,2120.0,699.0,49.0,846.0,1200.0,1313.0,891.0,791.0,557.0,786.0,1352.0,820.0,1095.0,937.0
ii,15994.0,7811.0,6930.0,6543.0,6318.0,6475.0,6666.0,6597.0,6741.0,6415.0,6364.0,6318.0,6200.0,6223.0,6137.0,14743.0,8701.0,17185.0,9017.0,9741.0,3318.0,8357.0,3839.0,2721.0,3113.0,3145.0,6845.0,3063.0,1599.0,7762.0,5604.0,2774.0,27509.0,6159.0,5471.0,3238.0,5100.0,4570.0,1360.0,1539.0,6500.0,4223.0,933.0,9180.0,1125.0,3111.0,1780.0,2477.0,3602.0,1889.0,1243.0,809.0,3172.0,6607.0,1679.0,8215.0,10640.0,1002.0,6194.0,1612.0,10472.0,1465.0,2907.0,1344.0,1815.0,5144.0,204.0,7338.0,1288.0,2613.0,3574.0,1544.0,12899.0,1577.0,2643.0,2317.0,4682.0,4212.0,613.0,5287.0,1873.0,1557.0,2224.0,2081.0,1192.0,1060.0,1292.0,1159.0,1378.0,4760.0,1900.0,815.0,1672.0,632.0,1322.0,2911.0,1644.0,765.0,6886.0,1361.0,1641.0,3433.0,4875.0,5129.0,1692.0,1240.0,1094.0,1320.0,2150.0,1058.0,681.0,1180.0,787.0,1881.0,1190.0,1488.0,142.0,1759.0,1219.0,1474.0,1633.0,160.0,752.0,913.0,2048.0,2150.0,2360.0,451.0,886.0,3467.0,1562.0,921.0,1095.0,278.0,1340.0,2760.0,644.0,1056.0,328.0,1790.0,2598.0,1493.0,509.0,658.0,790.0,1270.0,998.0,1458.0,192.0,2097.0
crime,13209.0,11047.0,7426.0,6066.0,6095.0,5991.0,6098.0,6042.0,6124.0,5971.0,5957.0,5947.0,5961.0,6246.0,6014.0,12797.0,6208.0,6094.0,8010.0,7916.0,5269.0,4705.0,4015.0,3926.0,3439.0,3448.0,6611.0,3984.0,2376.0,5246.0,3986.0,2442.0,6159.0,26957.0,5072.0,3136.0,2672.0,6791.0,3345.0,1598.0,2550.0,5898.0,1013.0,4158.0,963.0,4321.0,1385.0,4353.0,1976.0,2171.0,2544.0,1352.0,5130.0,3638.0,1968.0,3899.0,5169.0,944.0,5486.0,1813.0,5189.0,2038.0,3192.0,2227.0,1468.0,4850.0,1410.0,4590.0,1111.0,2225.0,2707.0,1600.0,2052.0,2888.0,2067.0,2493.0,3843.0,5409.0,593.0,3511.0,1083.0,196.0,2747.0,1470.0,1048.0,1676.0,2761.0,192.0,1584.0,3116.0,1596.0,1153.0,1853.0,976.0,1649.0,2273.0,318.0,1978.0,4183.0,1581.0,2567.0,2923.0,1715.0,2036.0,2282.0,801.0,1015.0,1072.0,3593.0,1143.0,1999.0,3255.0,1551.0,2679.0,931.0,1364.0,518.0,3371.0,2940.0,1963.0,1375.0,802.0,1741.0,1931.0,3653.0,1307.0,623.0,1270.0,1672.0,1681.0,2382.0,1349.0,1708.0,430.0,1759.0,2461.0,872.0,1657.0,618.0,2414.0,667.0,1023.0,1536.0,932.0,1539.0,1122.0,37.0,1458.0,407.0,1965.0
violencia,12128.0,6065.0,5934.0,5881.0,5561.0,5748.0,5804.0,5743.0,5872.0,5601.0,5566.0,5536.0,5479.0,5561.0,5525.0,8863.0,7938.0,6609.0,11045.0,13602.0,3137.0,10422.0,2935.0,3941.0,3087.0,3073.0,4324.0,4600.0,4011.0,10617.0,1813.0,1850.0,5471.0,5072.0,26618.0,1761.0,2590.0,4447.0,3160.0,5426.0,3690.0,3337.0,1783.0,4967.0,2696.0,2875.0,2947.0,3307.0,1466.0,1681.0,7367.0,3523.0,3016.0,8667.0,2122.0,5182.0,5777.0,2703.0,16789.0,3675.0,5636.0,1266.0,2693.0,1806.0,929.0,16475.0,2683.0,4748.0,4268.0,571.0,723.0,1094.0,4775.0,5468.0,2178.0,2115.0,6204.0,3515.0,1826.0,6252.0,159.0,60.0,1108.0,276.0,1804.0,674.0,5261.0,66.0,3386.0,5411.0,944.0,1184.0,987.0,1507.0,1463.0,808.0,345.0,6627.0,6080.0,1944.0,1602.0,11479.0,6765.0,7467.0,1759.0,1322.0,743.0,948.0,1543.0,750.0,658.0,1972.0,671.0,192.0,1491.0,789.0,1694.0,995.0,217.0,157.0,972.0,2537.0,1211.0,3726.0,1078.0,527.0,393.0,566.0,713.0,433.0,1643.0,1087.0,2194.0,1864.0,688.0,1958.0,286.0,3937.0,220.0,490.0,812.0,1035.0,1003.0,1293.0,781.0,696.0,4.0,294.0,856.0,2732.0
p,16074.0,6486.0,14238.0,12830.0,15908.0,12941.0,12222.0,12418.0,11912.0,13205.0,13471.0,13737.0,14554.0,16195.0,15621.0,7808.0,2817.0,4625.0,4784.0,4597.0,11657.0,3028.0,3186.0,1499.0,11077.0,10861.0,3373.0,1918.0,2697.0,2597.0,3014.0,2622.0,3238.0,3136.0,1761.0,26609.0,5287.0,2039.0,2754.0,560.0,1873.0,2774.0,1598.0,2193.0,1140.0,2072.0,1461.0,1613.0,1573.0,795.0,1254.0,2276.0,1350.0,1024.0,1505.0,5771.0,1586.0,1822.0,1663.0,1211.0,1481.0,1196.0,1153.0,1817.0,3314.0,1414.0,703.0,2951.0,817.0,1128.0,719.0,499.0,1202.0,693.0,1086.0,456.0,1420.0,775.0,944.0,1439.0,1178.0,437.0,1896.0,1200.0,436.0,1219.0,1855.0,389.0,1239.0,1227.0,1829.0,1212.0,563.0,1873.0,1189.0,1404.0,5599.0,778.0,949.0,412.0,1363.0,581.0,530.0,735.0,872.0,904.0,11771.0,1557.0,999.0,631.0,1148.0,1222.0,777.0,802.0,649.0,887.0,464.0,699.0,2103.0,587.0,465.0,254.0,3959.0,573.0,950.0,443.0,687.0,1186.0,960.0,1280.0,1310.0,644.0,601.0,193.0,789.0,333.0,578.0,423.0,2377.0,573.0,2429.0,759.0,626.0,915.0,957.0,1173.0,459.0,1439.0,936.0,1102.0
n,9912.0,5239.0,6823.0,6802.0,6851.0,6402.0,6451.0,6420.0,6487.0,6364.0,6358.0,6358.0,6386.0,6832.0,6471.0,6349.0,5903.0,6831.0,3582.0,3440.0,3846.0,4049.0,4382.0,2128.0,4099.0,3959.0,4324.0,3660.0,4744.0,2798.0,3062.0,2071.0,5100.0,2672.0,2590.0,5287.0,25784.0,2775.0,4786.0,874.0,3104.0,4050.0,1492.0,7666.0,2603.0,1988.0,986.0,1756.0,1856.0,1539.0,923.0,3373.0,2532.0,3669.0,1657.0,4824.0,4152.0,3728.0,2692.0,1913.0,4031.0,2611.0,1669.0,1972.0,2173.0,2063.0,626.0,3656.0,1288.0,1155.0,2068.0,904.0,3962.0,654.0,1051.0,1113.0,1851.0,1651.0,2341.0,1570.0,1460.0,1705.0,1105.0,1790.0,807.0,732.0,1378.0,1554.0,2504.0,1733.0,1562.0,2824.0,1305.0,1111.0,1177.0,1265.0,2791.0,574.0,2743.0,636.0,961.0,1112.0,2156.0,2133.0,1314.0,815.0,2932.0,2105.0,473.0,508.0,1085.0,1172.0,594.0,366.0,1154.0,989.0,694.0,426.0,776.0,970.0,967.0,903.0,2221.0,746.0,701.0,990.0,1322.0,1180.0,1180.0,628.0,720.0,971.0,867.0,526.0,1080.0,1047.0,712.0,175.0,3566.0,557.0,1986.0,384.0,866.0,855.0,2087.0,1420.0,1040.0,997.0,1123.0,887.0
criminosa,11107.0,7496.0,6319.0,5557.0,5534.0,5344.0,5641.0,5404.0,5494.0,5324.0,5309.0,5301.0,5317.0,5639.0,5391.0,9469.0,7872.0,6356.0,9205.0,9291.0,3264.0,5123.0,4978.0,3293.0,3097.0,3075.0,8294.0,5471.0,3807.0,8323.0,4357.0,2330.0,4570.0,6791.0,4447.0,2039.0,2775.0,25459.0,3706.0,2961.0,4636.0,17985.0,1496.0,3444.0,497.0,2906.0,1468.0,1867.0,2461.0,2019.0,3086.0,3654.0,7680.0,4188.0,2293.0,5932.0,7584.0,4018.0,4681.0,1165.0,7572.0,1751.0,1386.0,1289.0,1779.0,3765.0,549.0,6198.0,2821.0,1530.0,2089.0,1521.0,3092.0,1831.0,3877.0,2738.0,6800.0,2808.0,544.0,6048.0,629.0,928.0,1760.0,1493.0,1852.0,747.0,1401.0,841.0,1917.0,6722.0,1172.0,1523.0,977.0,1783.0,1791.0,377.0,602.0,1734.0,4265.0,1608.0,1830.0,2672.0,2530.0,2325.0,2389.0,763.0,946.0,1618.0,948.0,470.0,1894.0,1263.0,1112.0,1507.0,2078.0,1296.0,774.0,984.0,969.0,656.0,749.0,1047.0,941.0,1535.0,1415.0,1570.0,589.0,613.0,1546.0,961.0,3141.0,612.0,1965.0,232.0,1318.0,3143.0,238.0,1615.0,299.0,1307.0,517.0,2303.0,2429.0,651.0,1761.0,1266.0,210.0,925.0,1014.0,1189.0
atos,8485.0,6729.0,6635.0,6586.0,6337.0,5983.0,6002.0,5965.0,6033.0,5923.0,5921.0,5922.0,5958.0,6145.0,6074.0,4350.0,4360.0,2809.0,3976.0,5418.0,3821.0,4623.0,5400.0,3160.0,4182.0,4055.0,4686.0,4510.0,8244.0,3093.0,3162.0,1800.0,1360.0,3345.0,3160.0,2754.0,4786.0,3706.0,25376.0,4543.0,4116.0,4085.0,2484.0,1546.0,2701.0,3302.0,2721.0,1934.0,2788.0,2088.0,2508.0,4635.0,5375.0,3713.0,2590.0,1839.0,1226.0,2817.0,2201.0,1814.0,1043.0,2118.0,2496.0,2087.0,2189.0,1160.0,1698.0,1849.0,3932.0,2456.0,1639.0,1371.0,596.0,1176.0,2013.0,1112.0,1960.0,153.0,2253.0,2324.0,1574.0,1195.0,1077.0,2630.0,1992.0,899.0,2933.0,1235.0,2342.0,1980.0,1934.0,2541.0,802.0,1023.0,1941.0,1097.0,679.0,1423.0,1707.0,1460.0,1053.0,789.0,1150.0,1199.0,676.0,1198.0,1778.0,2533.0,969.0,576.0,1021.0,835.0,747.0,1530.0,913.0,1009.0,1428.0,967.0,589.0,1684.0,909.0,3660.0,694.0,2179.0,931.0,842.0,644.0,999.0,1511.0,1209.0,740.0,858.0,1718.0,1353.0,3206.0,837.0,965.0,557.0,1168.0,410.0,412.0,794.0,1321.0,751.0,1969.0,1580.0,1198.0,562.0,2148.0,172.0
palacio_do_planalto,6721.0,5882.0,5754.0,5397.0,5539.0,5373.0,5433.0,5382.0,5455.0,5325.0,5317.0,5313.0,5333.0,5439.0,5381.0,2035.0,4887.0,2381.0,3318.0,4096.0,2550.0,4694.0,4009.0,4291.0,2485.0,2473.0,3083.0,3976.0,3108.0,3191.0,1394.0,2061.0,1539.0,1598.0,5426.0,560.0,874.0,2961.0,4543.0,24109.0,3347.0,1827.0,3916.0,750.0,5120.0,3344.0,2643.0,2170.0,1417.0,1556.0,2962.0,4252.0,2087.0,4305.0,1529.0,1066.0,881.0,3268.0,3478.0,1308.0,886.0,1807.0,928.0,791.0,1246.0,2448.0,6116.0,1188.0,9158.0,955.0,1295.0,1137.0,1036.0,1404.0,1489.0,2414.0,2064.0,171.0,3909.0,1147.0,172.0,625.0,650.0,1006.0,3938.0,1085.0,1613.0,644.0,1875.0,2219.0,1567.0,1055.0,1022.0,1552.0,1363.0,198.0,769.0,3221.0,1707.0,2057.0,1259.0,2544.0,2314.0,2032.0,1616.0,2769.0,460.0,1408.0,462.0,1465.0,1550.0,374.0,853.0,817.0,1745.0,1882.0,2909.0,828.0,224.0,1521.0,1638.0,4667.0,155.0,4279.0,786.0,1510.0,352.0,556.0,425.0,118.0,992.0,495.0,1578.0,2885.0,1437.0,163.0,422.0,943.0,42.0,659.0,241.0,1016.0,609.0,263.0,619.0,357.0,618.0,140.0,933.0,303.0
todos,12595.0,7441.0,6269.0,5916.0,5607.0,5640.0,5855.0,5752.0,5882.0,5594.0,5553.0,5519.0,5455.0,5544.0,5468.0,10122.0,5683.0,7544.0,6582.0,5785.0,3580.0,5397.0,4844.0,2650.0,3460.0,3506.0,5397.0,5327.0,3165.0,4965.0,4959.0,1965.0,6500.0,2550.0,3690.0,1873.0,3104.0,4636.0,4116.0,3347.0,23478.0,3920.0,2021.0,6151.0,2057.0,2704.0,1104.0,1522.0,2847.0,1849.0,2053.0,1649.0,2435.0,3552.0,3007.0,4713.0,5929.0,2581.0,3257.0,2034.0,5560.0,2047.0,946.0,1689.0,983.0,2967.0,1491.0,4375.0,1844.0,1786.0,1945.0,1579.0,5104.0,1614.0,2492.0,975.0,2506.0,1326.0,1521.0,2882.0,1423.0,442.0,1995.0,1205.0,1683.0,1233.0,1253.0,352.0,1240.0,2966.0,1175.0,1227.0,2141.0,951.0,814.0,1452.0,594.0,585.0,3464.0,1468.0,1339.0,2597.0,2918.0,2603.0,1716.0,1298.0,1083.0,2043.0,1091.0,435.0,1732.0,1053.0,1510.0,965.0,1486.0,1627.0,897.0,774.0,1291.0,1187.0,973.0,804.0,769.0,949.0,731.0,971.0,1569.0,1042.0,1259.0,1421.0,492.0,931.0,1035.0,406.0,1170.0,3786.0,984.0,795.0,554.0,810.0,2557.0,1143.0,1046.0,762.0,1140.0,1213.0,599.0,1072.0,1005.0,578.0
associacao,10567.0,5999.0,5676.0,5256.0,5361.0,5062.0,5295.0,5085.0,5124.0,5057.0,5059.0,5063.0,5117.0,5314.0,5259.0,7928.0,7622.0,5252.0,8205.0,7953.0,3768.0,4514.0,3766.0,2471.0,3722.0,3682.0,8035.0,5531.0,4517.0,7259.0,3238.0,1746.0,4223.0,5898.0,3337.0,2774.0,4050.0,17985.0,4085.0,1827.0,3920.0,23381.0,1675.0,3394.0,509.0,2096.0,1269.0,1386.0,1753.0,1723.0,3244.0,3821.0,7419.0,3533.0,2610.0,6006.0,7880.0,4174.0,4099.0,751.0,7861.0,1444.0,634.0,1629.0,1167.0,3148.0,739.0,6250.0,2234.0,1481.0,1400.0,1368.0,2736.0,1826.0,3270.0,1929.0,6502.0,2621.0,529.0,5778.0,265.0,414.0,1409.0,1344.0,846.0,619.0,1625.0,415.0,2228.0,6118.0,911.0,1493.0,662.0,1663.0,1072.0,433.0,835.0,1164.0,4112.0,1061.0,1054.0,2157.0,1930.0,2212.0,2655.0,791.0,1790.0,2106.0,444.0,178.0,1561.0,907.0,1036.0,838.0,2110.0,1265.0,767.0,792.0,879.0,572.0,454.0,1120.0,1430.0,1168.0,1319.0,700.0,568.0,460.0,1659.0,943.0,2304.0,684.0,1892.0,53.0,1625.0,2546.0,143.0,1759.0,2061.0,1032.0,531.0,2282.0,1753.0,436.0,1275.0,1201.0,236.0,886.0,634.0,1382.0
ja,6959.0,9100.0,5956.0,5596.0,5521.0,5555.0,5658.0,5603.0,5716.0,5467.0,5435.0,5411.0,5353.0,5389.0,5359.0,3985.0,4085.0,2134.0,2486.0,2570.0,3506.0,2735.0,3600.0,4486.0,2863.0,2874.0,2059.0,2920.0,3530.0,1432.0,2519.0,2392.0,933.0,1013.0,1783.0,1598.0,1492.0,1496.0,2484.0,3916.0,2021.0,1675.0,23287.0,979.0,4469.0,1557.0,3003.0,1802.0,1388.0,986.0,1782.0,2534.0,1753.0,998.0,1993.0,663.0,685.0,1381.0,856.0,2011.0,602.0,2178.0,1298.0,2795.0,2060.0,669.0,3660.0,613.0,865.0,2760.0,653.0,837.0,643.0,245.0,1022.0,2301.0,369.0,593.0,2376.0,1138.0,1525.0,2596.0,1041.0,1003.0,2236.0,1459.0,671.0,2527.0,1621.0,522.0,2370.0,2084.0,1259.0,1374.0,2256.0,760.0,955.0,908.0,678.0,2620.0,1376.0,585.0,565.0,103.0,1364.0,1845.0,777.0,1229.0,612.0,1066.0,1747.0,778.0,1049.0,576.0,1697.0,1207.0,1882.0,775.0,794.0,2402.0,1782.0,1522.0,1059.0,607.0,300.0,701.0,879.0,1395.0,1266.0,435.0,985.0,887.0,600.0,2056.0,1914.0,291.0,1323.0,330.0,1319.0,455.0,282.0,742.0,1259.0,1152.0,716.0,803.0,1280.0,739.0,1299.0,873.0
lei,14286.0,5779.0,6313.0,5856.0,5642.0,5796.0,5995.0,5909.0,6058.0,5726.0,5675.0,5631.0,5537.0,5492.0,5500.0,14303.0,7360.0,12959.0,6689.0,7054.0,2512.0,6534.0,3045.0,2729.0,2864.0,2898.0,6757.0,3478.0,2391.0,4421.0,4226.0,2546.0,9180.0,4158.0,4967.0,2193.0,7666.0,3444.0,1546.0,750.0,6151.0,3394.0,979.0,23253.0,1840.0,3242.0,1434.0,628.0,2225.0,1779.0,1712.0,372.0,2818.0,7094.0,3181.0,5795.0,8249.0,1223.0,5328.0,3091.0,7953.0,845.0,1777.0,2062.0,1158.0,4439.0,88.0,5648.0,1026.0,1709.0,2463.0,1476.0,7954.0,1219.0,1410.0,2049.0,3337.0,4029.0,281.0,3604.0,2158.0,1096.0,2128.0,816.0,379.0,825.0,1284.0,1106.0,1691.0,3316.0,1266.0,1133.0,823.0,472.0,802.0,1092.0,987.0,1089.0,4777.0,1243.0,743.0,2866.0,4400.0,4559.0,1245.0,512.0,945.0,1149.0,954.0,1369.0,601.0,1198.0,1389.0,622.0,1392.0,814.0,174.0,1006.0,707.0,1240.0,346.0,197.0,663.0,503.0,1191.0,1143.0,2808.0,1188.0,699.0,805.0,1682.0,953.0,512.0,1012.0,1461.0,2927.0,1597.0,322.0,403.0,1243.0,2832.0,833.0,795.0,1024.0,696.0,1364.0,103.0,781.0,435.0,2337.0
foram,7168.0,6050.0,6177.0,6227.0,5918.0,6141.0,5938.0,5891.0,5986.0,5777.0,5754.0,5734.0,5686.0,5819.0,5732.0,3052.0,4637.0,2790.0,2261.0,2314.0,2937.0,3815.0,3027.0,3443.0,3011.0,3005.0,1879.0,3833.0,3830.0,782.0,1641.0,2130.0,1125.0,963.0,2696.0,1140.0,2603.0,497.0,2701.0,5120.0,2057.0,509.0,4469.0,1840.0,23029.0,1824.0,2927.0,1589.0,1816.0,1889.0,1845.0,2208.0,885.0,2445.0,1431.0,515.0,733.0,1929.0,1588.0,2168.0,689.0,1525.0,821.0,2024.0,2104.0,1010.0,5175.0,457.0,2421.0,1262.0,1138.0,1511.0,413.0,642.0,1068.0,1273.0,390.0,77.0,3688.0,408.0,722.0,981.0,899.0,1174.0,3292.0,1062.0,1194.0,855.0,1420.0,374.0,1611.0,1389.0,2085.0,1270.0,2005.0,1126.0,800.0,657.0,1003.0,1853.0,1047.0,903.0,2190.0,1048.0,1093.0,2544.0,959.0,1743.0,365.0,1135.0,965.0,274.0,2007.0,421.0,2118.0,1359.0,1296.0,722.0,212.0,3069.0,1614.0,1836.0,823.0,1342.0,563.0,480.0,1012.0,773.0,994.0,423.0,438.0,1078.0,597.0,2803.0,1562.0,923.0,406.0,654.0,929.0,804.0,365.0,591.0,725.0,391.0,742.0,663.0,1537.0,542.0,625.0,387.0
publico,8720.0,10004.0,5652.0,5627.0,5757.0,5559.0,5619.0,5590.0,5652.0,5530.0,5518.0,5510.0,5534.0,5695.0,5618.0,8952.0,4321.0,3940.0,4425.0,4372.0,4164.0,3846.0,6939.0,2852.0,3449.0,3415.0,4262.0,2387.0,2586.0,3059.0,5876.0,1710.0,3111.0,4321.0,2875.0,2072.0,1988.0,2906.0,3302.0,3344.0,2704.0,2096.0,1557.0,3242.0,1824.0,22569.0,3017.0,1689.0,3275.0,2128.0,2014.0,2062.0,3170.0,6483.0,1894.0,1146.0,2809.0,1677.0,1460.0,2030.0,2723.0,2245.0,2491.0,1892.0,2158.0,1259.0,929.0,1419.0,2019.0,1233.0,1926.0,1868.0,2120.0,1448.0,1523.0,1479.0,1705.0,1014.0,1170.0,1290.0,525.0,951.0,14404.0,1569.0,1169.0,881.0,1228.0,920.0,1238.0,1651.0,2123.0,1816.0,1081.0,1666.0,575.0,559.0,460.0,1671.0,2536.0,1215.0,928.0,867.0,1030.0,2036.0,1064.0,2136.0,985.0,1248.0,1639.0,1686.0,872.0,759.0,972.0,1714.0,1035.0,1189.0,1117.0,1839.0,1007.0,671.0,449.0,1819.0,467.0,1513.0,1495.0,1191.0,765.0,1267.0,1692.0,894.0,1118.0,726.0,1147.0,576.0,1738.0,725.0,954.0,1140.0,440.0,1790.0,458.0,998.0,903.0,1434.0,665.0,125.0,770.0,1829.0,1995.0,865.0
republica,7407.0,8073.0,6086.0,5408.0,5360.0,5339.0,5427.0,5394.0,5460.0,5316.0,5299.0,5288.0,5284.0,5391.0,5325.0,4859.0,6716.0,3860.0,4811.0,5756.0,2880.0,4065.0,3392.0,3112.0,2629.0,2639.0,2823.0,2169.0,2362.0,4125.0,3495.0,2824.0,1780.0,1385.0,2947.0,1461.0,986.0,1468.0,2721.0,2643.0,1104.0,1269.0,3003.0,1434.0,2927.0,3017.0,22197.0,2327.0,2183.0,1986.0,4173.0,2034.0,2657.0,1163.0,2605.0,1739.0,1256.0,2140.0,1552.0,1806.0,1239.0,1763.0,2595.0,1779.0,12273.0,1512.0,2489.0,1921.0,3265.0,2152.0,1470.0,1470.0,1209.0,3229.0,1714.0,1573.0,2437.0,480.0,1441.0,1916.0,1331.0,2406.0,2158.0,2496.0,1777.0,1516.0,1152.0,2251.0,502.0,1788.0,1441.0,1461.0,1407.0,1727.0,952.0,1472.0,1325.0,2174.0,477.0,1444.0,489.0,1086.0,827.0,1533.0,1635.0,1240.0,484.0,654.0,829.0,986.0,315.0,515.0,1123.0,867.0,1059.0,1784.0,1951.0,1039.0,838.0,1511.0,857.0,1806.0,163.0,1806.0,358.0,1838.0,750.0,1449.0,1401.0,617.0,1034.0,359.0,2196.0,2207.0,775.0,318.0,1152.0,1794.0,152.0,1080.0,1043.0,1991.0,510.0,1112.0,148.0,382.0,1903.0,257.0,1372.0,524.0
mesmo,6912.0,8821.0,5208.0,4673.0,4951.0,4606.0,4709.0,4640.0,4690.0,4593.0,4582.0,4576.0,4579.0,4739.0,4716.0,5211.0,4138.0,3377.0,3633.0,2732.0,3355.0,4058.0,3599.0,2460.0,2475.0,2469.0,3836.0,4194.0,4957.0,2267.0,1939.0,1961.0,2477.0,4353.0,3307.0,1613.0,1756.0,1867.0,1934.0,2170.0,1522.0,1386.0,1802.0,628.0,1589.0,1689.0,2327.0,21732.0,1623.0,1869.0,2117.0,2864.0,1370.0,1609.0,1517.0,746.0,838.0,2484.0,2119.0,1185.0,726.0,2494.0,3319.0,1393.0,889.0,2132.0,1334.0,925.0,2343.0,1458.0,3044.0,1418.0,330.0,1997.0,1348.0,1018.0,1478.0,650.0,726.0,1314.0,2214.0,1451.0,572.0,1335.0,1166.0,4015.0,1303.0,1263.0,1645.0,1480.0,1521.0,842.0,1374.0,1712.0,2218.0,2938.0,478.0,1411.0,1131.0,1229.0,1605.0,1360.0,1434.0,928.0,1851.0,1465.0,944.0,1216.0,1825.0,854.0,791.0,1880.0,1154.0,697.0,604.0,433.0,993.0,771.0,1138.0,424.0,2513.0,964.0,1163.0,2615.0,1317.0,454.0,1137.0,1953.0,625.0,581.0,511.0,1750.0,1494.0,981.0,475.0,1696.0,1779.0,980.0,969.0,399.0,654.0,1016.0,793.0,1287.0,1496.0,648.0,631.0,1352.0,1301.0,298.0
acao,8427.0,8289.0,5077.0,5012.0,5019.0,4752.0,4919.0,4788.0,4856.0,4741.0,4735.0,4732.0,4754.0,4899.0,4801.0,14035.0,5200.0,3602.0,3483.0,3033.0,3475.0,2990.0,4527.0,3193.0,2706.0,2722.0,4696.0,1083.0,2206.0,2342.0,6924.0,1481.0,3602.0,1976.0,1466.0,1573.0,1856.0,2461.0,2788.0,1417.0,2847.0,1753.0,1388.0,2225.0,1816.0,3275.0,2183.0,1623.0,21577.0,1551.0,2023.0,1540.0,2027.0,2114.0,2253.0,1683.0,1665.0,2491.0,1245.0,1350.0,1664.0,1494.0,1723.0,1717.0,1722.0,1264.0,432.0,1825.0,1983.0,1989.0,1160.0,1209.0,1211.0,2055.0,2650.0,1910.0,1727.0,444.0,737.0,741.0,3167.0,2955.0,3062.0,2261.0,567.0,2014.0,415.0,2823.0,1676.0,1170.0,2884.0,1686.0,1532.0,920.0,743.0,740.0,603.0,1205.0,1307.0,1642.0,809.0,976.0,1504.0,1457.0,1625.0,850.0,700.0,623.0,1605.0,1421.0,497.0,1452.0,1430.0,2906.0,1819.0,688.0,343.0,1181.0,1252.0,1461.0,1260.0,444.0,291.0,77.0,2596.0,1175.0,1120.0,1605.0,1555.0,4959.0,814.0,809.0,930.0,290.0,240.0,719.0,2311.0,1043.0,100.0,1254.0,1351.0,646.0,916.0,1490.0,857.0,1387.0,1710.0,1905.0,1181.0,610.0
rd,18382.0,6652.0,17534.0,15286.0,20240.0,15734.0,14422.0,14846.0,13998.0,16118.0,16542.0,16966.0,18316.0,20656.0,19808.0,4895.0,3348.0,16653.0,2867.0,3240.0,5938.0,3292.0,1994.0,5145.0,5960.0,5793.0,2946.0,2394.0,1881.0,1970.0,2553.0,12380.0,1889.0,2171.0,1681.0,795.0,1539.0,2019.0,2088.0,1556.0,1849.0,1723.0,986.0,1779.0,1889.0,2128.0,1986.0,1869.0,1551.0,21500.0,1863.0,1282.0,1787.0,1311.0,1872.0,951.0,1399.0,1549.0,1414.0,1646.0,1255.0,1475.0,1447.0,1988.0,1352.0,1255.0,1238.0,953.0,2029.0,1931.0,1921.0,16170.0,823.0,1254.0,1135.0,30.0,1046.0,687.0,1212.0,960.0,2367.0,2354.0,1493.0,2003.0,1304.0,1072.0,1191.0,2389.0,877.0,829.0,1224.0,1089.0,1317.0,948.0,1099.0,1351.0,377.0,860.0,835.0,749.0,939.0,790.0,682.0,865.0,878.0,1149.0,0.0,1471.0,832.0,1177.0,639.0,738.0,592.0,1029.0,479.0,804.0,549.0,685.0,932.0,651.0,731.0,759.0,500.0,1105.0,734.0,589.0,872.0,766.0,673.0,873.0,661.0,968.0,896.0,552.0,736.0,673.0,1143.0,1164.0,19.0,475.0,474.0,888.0,834.0,488.0,678.0,617.0,1308.0,820.0,886.0,532.0
poderes,7028.0,7530.0,4928.0,4939.0,4807.0,4889.0,5050.0,4994.0,5111.0,4845.0,4807.0,4770.0,4670.0,4681.0,4644.0,4312.0,5234.0,2311.0,10234.0,10716.0,2901.0,6713.0,2727.0,2666.0,2590.0,2588.0,2885.0,2549.0,4125.0,9339.0,1580.0,1523.0,1243.0,2544.0,7367.0,1254.0,923.0,3086.0,2508.0,2962.0,2053.0,3244.0,1782.0,1712.0,1845.0,2014.0,4173.0,2117.0,2023.0,1863.0,21329.0,3656.0,2759.0,2608.0,2408.0,1021.0,1448.0,4524.0,5925.0,3392.0,1415.0,694.0,1336.0,2230.0,626.0,5684.0,1130.0,2231.0,3891.0,227.0,623.0,1463.0,1193.0,8429.0,817.0,1355.0,3688.0,1248.0,1088.0,1499.0,417.0,25.0,814.0,125.0,837.0,1056.0,2449.0,64.0,1679.0,2807.0,812.0,1408.0,1024.0,3810.0,1137.0,1549.0,149.0,5354.0,628.0,1689.0,1479.0,4207.0,1034.0,2057.0,1135.0,1163.0,619.0,838.0,655.0,948.0,387.0,1310.0,387.0,106.0,1726.0,929.0,2536.0,508.0,475.0,553.0,292.0,1663.0,326.0,2619.0,486.0,783.0,86.0,931.0,1383.0,278.0,383.0,1064.0,2734.0,758.0,1070.0,435.0,442.0,8788.0,190.0,371.0,272.0,1684.0,1558.0,611.0,1124.0,265.0,46.0,383.0,515.0,1080.0
grupo,5049.0,7075.0,4607.0,4907.0,4469.0,4220.0,4325.0,4207.0,4263.0,4160.0,4153.0,4150.0,4183.0,4351.0,4273.0,1267.0,2896.0,1636.0,2631.0,2799.0,2976.0,4467.0,5442.0,1687.0,3376.0,3244.0,2052.0,3904.0,5723.0,2299.0,962.0,706.0,809.0,1352.0,3523.0,2276.0,3373.0,3654.0,4635.0,4252.0,1649.0,3821.0,2534.0,372.0,2208.0,2062.0,2034.0,2864.0,1540.0,1282.0,3656.0,20846.0,2648.0,2350.0,1317.0,249.0,852.0,4171.0,1480.0,574.0,850.0,2547.0,1053.0,1720.0,417.0,1419.0,1293.0,324.0,4696.0,30.0,830.0,855.0,494.0,2175.0,616.0,797.0,1025.0,194.0,1611.0,493.0,39.0,51.0,622.0,252.0,1561.0,1200.0,2077.0,53.0,2596.0,752.0,739.0,1391.0,1322.0,1913.0,1398.0,468.0,754.0,2736.0,642.0,600.0,467.0,1110.0,1137.0,838.0,1257.0,1110.0,2141.0,2294.0,317.0,532.0,1152.0,331.0,351.0,278.0,1159.0,700.0,2188.0,545.0,42.0,503.0,351.0,1835.0,1256.0,1958.0,114.0,130.0,239.0,1152.0,1234.0,180.0,365.0,716.0,3601.0,256.0,945.0,432.0,29.0,1962.0,2673.0,4.0,230.0,997.0,1072.0,260.0,1271.0,1071.0,239.0,76.0,1902.0,396.0
pratica,8116.0,6665.0,5248.0,4490.0,4590.0,4343.0,4506.0,4369.0,4413.0,4338.0,4336.0,4338.0,4371.0,4526.0,4447.0,6270.0,7891.0,4533.0,7573.0,8001.0,2595.0,3694.0,3389.0,2636.0,2764.0,2626.0,8266.0,3794.0,3472.0,6400.0,3269.0,1546.0,3172.0,5130.0,3016.0,1350.0,2532.0,7680.0,5375.0,2087.0,2435.0,7419.0,1753.0,2818.0,885.0,3170.0,2657.0,1370.0,2027.0,1787.0,2759.0,2648.0,20714.0,3190.0,3192.0,4541.0,4989.0,1783.0,2882.0,1067.0,5002.0,1554.0,977.0,1422.0,2082.0,2391.0,1072.0,4842.0,2278.0,1973.0,1681.0,1313.0,2414.0,2207.0,3645.0,2217.0,5049.0,1633.0,910.0,4724.0,415.0,818.0,1447.0,2276.0,1112.0,896.0,1271.0,817.0,963.0,3888.0,1269.0,1437.0,1210.0,1097.0,1322.0,810.0,566.0,1655.0,2226.0,1013.0,1072.0,1226.0,1012.0,1211.0,1703.0,975.0,608.0,1230.0,587.0,758.0,1144.0,712.0,1169.0,2001.0,1427.0,1374.0,839.0,1489.0,354.0,509.0,355.0,1227.0,740.0,1221.0,2059.0,1039.0,278.0,692.0,1524.0,1023.0,2304.0,709.0,2293.0,369.0,1598.0,1802.0,397.0,1184.0,313.0,1172.0,923.0,2627.0,1011.0,677.0,1129.0,201.0,560.0,918.0,942.0,794.0
patrimonio,10524.0,3572.0,4541.0,4638.0,4294.0,4591.0,4722.0,4662.0,4791.0,4506.0,4459.0,4419.0,4309.0,4232.0,4246.0,7864.0,7383.0,8532.0,5581.0,7569.0,2317.0,9892.0,3148.0,2593.0,2194.0,2184.0,4524.0,3902.0,3524.0,5245.0,2904.0,1339.0,6607.0,3638.0,8667.0,1024.0,3669.0,4188.0,3713.0,4305.0,3552.0,3533.0,998.0,7094.0,2445.0,6483.0,1163.0,1609.0,2114.0,1311.0,2608.0,2350.0,3190.0,20692.0,2203.0,3281.0,6671.0,1970.0,7649.0,2481.0,6562.0,784.0,1500.0,1407.0,909.0,7789.0,820.0,2724.0,3568.0,737.0,1590.0,874.0,6878.0,1375.0,1935.0,1168.0,3479.0,1902.0,1150.0,4082.0,375.0,252.0,572.0,1080.0,1377.0,400.0,1746.0,271.0,2257.0,3393.0,1168.0,2044.0,641.0,324.0,971.0,122.0,885.0,2246.0,8450.0,1202.0,404.0,5887.0,7871.0,9311.0,1002.0,730.0,781.0,1110.0,1079.0,523.0,588.0,398.0,563.0,522.0,1302.0,682.0,347.0,474.0,189.0,992.0,375.0,1918.0,303.0,2077.0,1328.0,798.0,462.0,238.0,707.0,485.0,1012.0,203.0,765.0,404.0,1045.0,2728.0,628.0,1135.0,201.0,721.0,750.0,827.0,855.0,571.0,595.0,902.0,186.0,454.0,671.0,1115.0
forma,7794.0,9541.0,5537.0,5056.0,4767.0,4950.0,5132.0,5048.0,5176.0,4891.0,4847.0,4809.0,4717.0,4725.0,4657.0,7176.0,3468.0,3922.0,4867.0,4578.0,2548.0,3541.0,3704.0,3031.0,1890.0,1916.0,4501.0,3551.0,2228.0,3184.0,2537.0,2379.0,1679.0,1968.0,2122.0,1505.0,1657.0,2293.0,2590.0,1529.0,3007.0,2610.0,1993.0,3181.0,1431.0,1894.0,2605.0,1517.0,2253.0,1872.0,2408.0,1317.0,3192.0,2203.0,20692.0,1430.0,1472.0,2196.0,1366.0,1588.0,1352.0,1688.0,1860.0,1702.0,1780.0,1371.0,1182.0,1574.0,1713.0,1680.0,1625.0,1532.0,1240.0,3231.0,1529.0,1401.0,1716.0,923.0,528.0,1886.0,2151.0,1680.0,856.0,2879.0,1145.0,1378.0,1999.0,1627.0,695.0,1075.0,1975.0,1690.0,1320.0,1107.0,1229.0,1322.0,749.0,1844.0,773.0,1335.0,1555.0,820.0,869.0,916.0,1033.0,490.0,564.0,1908.0,1161.0,1046.0,963.0,1209.0,1356.0,886.0,2178.0,699.0,394.0,782.0,995.0,860.0,1352.0,769.0,548.0,952.0,481.0,572.0,1175.0,1534.0,1380.0,908.0,1220.0,1126.0,1867.0,517.0,460.0,1824.0,1311.0,1436.0,302.0,1667.0,636.0,1637.0,1030.0,1575.0,370.0,778.0,1149.0,1344.0,367.0,302.0
m,12330.0,2149.0,4438.0,4128.0,4487.0,4137.0,4119.0,4122.0,4118.0,4152.0,4169.0,4188.0,4266.0,4519.0,4393.0,10782.0,6380.0,9521.0,7942.0,9777.0,1878.0,4732.0,2235.0,1558.0,2318.0,2355.0,5880.0,2077.0,1728.0,7611.0,3703.0,2499.0,8215.0,3899.0,5182.0,5771.0,4824.0,5932.0,1839.0,1066.0,4713.0,6006.0,663.0,5795.0,515.0,1146.0,1739.0,746.0,1683.0,951.0,1021.0,249.0,4541.0,3281.0,1430.0,20082.0,8882.0,776.0,6043.0,881.0,8782.0,358.0,1476.0,1173.0,3166.0,4936.0,254.0,11897.0,1244.0,1199.0,2357.0,731.0,5898.0,1100.0,2045.0,2082.0,6110.0,2487.0,94.0,8610.0,547.0,157.0,965.0,1213.0,462.0,498.0,2396.0,150.0,1145.0,5846.0,837.0,407.0,595.0,69.0,735.0,214.0,5083.0,3021.0,4398.0,1142.0,584.0,2606.0,2408.0,2799.0,1789.0,416.0,552.0,536.0,234.0,347.0,804.0,1012.0,633.0,391.0,1208.0,1128.0,179.0,481.0,833.0,185.0,115.0,295.0,809.0,1270.0,742.0,1083.0,927.0,374.0,562.0,1210.0,1797.0,321.0,867.0,64.0,478.0,1332.0,455.0,775.0,424.0,756.0,3873.0,1286.0,230.0,316.0,378.0,708.0,18.0,426.0,389.0,1802.0
unico,14082.0,3364.0,4642.0,4643.0,4577.0,4594.0,4722.0,4664.0,4750.0,4566.0,4540.0,4520.0,4494.0,4541.0,4516.0,12809.0,7487.0,11974.0,6557.0,7496.0,2513.0,7171.0,2416.0,2870.0,2733.0,2757.0,7721.0,3148.0,2529.0,5850.0,5013.0,2043.0,10640.0,5169.0,5777.0,1586.0,4152.0,7584.0,1226.0,881.0,5929.0,7880.0,685.0,8249.0,733.0,2809.0,1256.0,838.0,1665.0,1399.0,1448.0,852.0,4989.0,6671.0,1472.0,8882.0,19668.0,980.0,5746.0,1285.0,18432.0,470.0,1482.0,1003.0,1166.0,5356.0,313.0,8167.0,884.0,1848.0,3158.0,976.0,9235.0,1385.0,2537.0,2670.0,5170.0,4818.0,113.0,5315.0,486.0,28.0,1337.0,1024.0,217.0,571.0,905.0,29.0,1280.0,5255.0,1070.0,899.0,1220.0,102.0,239.0,404.0,620.0,564.0,7039.0,1141.0,449.0,3934.0,4152.0,4848.0,2244.0,691.0,770.0,907.0,1174.0,461.0,1086.0,711.0,913.0,587.0,1495.0,1699.0,159.0,1111.0,594.0,246.0,322.0,247.0,486.0,864.0,1110.0,1415.0,1336.0,233.0,535.0,1961.0,1421.0,703.0,229.0,158.0,584.0,2252.0,411.0,1068.0,486.0,992.0,2439.0,1567.0,334.0,495.0,952.0,1547.0,0.0,819.0,337.0,2890.0
denunciado,5643.0,5608.0,4248.0,4180.0,4372.0,4085.0,4141.0,4120.0,4163.0,4074.0,4072.0,4076.0,4122.0,4373.0,4303.0,3160.0,4235.0,2342.0,3569.0,3918.0,2730.0,3549.0,5194.0,1629.0,2618.0,2601.0,3039.0,3046.0,5417.0,3069.0,2173.0,1272.0,1002.0,944.0,2703.0,1822.0,3728.0,4018.0,2817.0,3268.0,2581.0,4174.0,1381.0,1223.0,1929.0,1677.0,2140.0,2484.0,2491.0,1549.0,4524.0,4171.0,1783.0,1970.0,2196.0,776.0,980.0,19564.0,1608.0,1295.0,989.0,1908.0,1254.0,1699.0,966.0,1579.0,386.0,688.0,3738.0,545.0,1223.0,1438.0,854.0,2349.0,2136.0,348.0,1457.0,508.0,1804.0,914.0,375.0,637.0,1057.0,668.0,1263.0,1284.0,1645.0,479.0,1449.0,1576.0,918.0,1994.0,1530.0,2758.0,598.0,484.0,663.0,2089.0,601.0,1477.0,819.0,1701.0,1222.0,1232.0,814.0,1238.0,1533.0,1130.0,526.0,521.0,816.0,1495.0,898.0,734.0,1485.0,1000.0,916.0,630.0,672.0,544.0,1089.0,493.0,719.0,2184.0,952.0,674.0,808.0,888.0,1045.0,308.0,295.0,760.0,1670.0,338.0,736.0,808.0,168.0,2356.0,1309.0,434.0,477.0,1541.0,2259.0,992.0,656.0,418.0,484.0,486.0,572.0,174.0
ameaca,10708.0,3166.0,4012.0,4013.0,3840.0,3950.0,4092.0,4039.0,4147.0,3914.0,3883.0,3856.0,3799.0,3859.0,3825.0,8921.0,6706.0,6246.0,10466.0,12916.0,2056.0,8697.0,1924.0,2492.0,2066.0,2052.0,4291.0,3944.0,2377.0,9922.0,1758.0,1433.0,6194.0,5486.0,16789.0,1663.0,2692.0,4681.0,2201.0,3478.0,3257.0,4099.0,856.0,5328.0,1588.0,1460.0,1552.0,2119.0,1245.0,1414.0,5925.0,1480.0,2882.0,7649.0,1366.0,6043.0,5746.0,1608.0,19545.0,2033.0,5701.0,791.0,2349.0,1579.0,382.0,16557.0,1261.0,5656.0,3213.0,884.0,414.0,936.0,4143.0,4628.0,1846.0,1060.0,6362.0,2552.0,525.0,6772.0,502.0,200.0,1015.0,435.0,1282.0,267.0,4456.0,198.0,1788.0,5588.0,545.0,530.0,237.0,1238.0,1393.0,734.0,247.0,4799.0,6088.0,808.0,510.0,10553.0,6210.0,7435.0,1361.0,635.0,624.0,585.0,1312.0,180.0,531.0,1380.0,401.0,104.0,843.0,570.0,373.0,457.0,310.0,52.0,704.0,728.0,1145.0,2697.0,678.0,404.0,274.0,344.0,398.0,465.0,1698.0,491.0,1479.0,1182.0,1098.0,1783.0,290.0,3534.0,293.0,322.0,795.0,912.0,847.0,1094.0,407.0,301.0,0.0,259.0,197.0,1980.0
bem,6216.0,6892.0,4575.0,4092.0,4259.0,4203.0,4136.0,4106.0,4172.0,4041.0,4033.0,4029.0,4049.0,4185.0,4125.0,5144.0,4480.0,3177.0,4400.0,5124.0,2099.0,3296.0,3091.0,2610.0,2247.0,2263.0,3226.0,1555.0,1678.0,3516.0,1671.0,1994.0,1612.0,1813.0,3675.0,1211.0,1913.0,1165.0,1814.0,1308.0,2034.0,751.0,2011.0,3091.0,2168.0,2030.0,1806.0,1185.0,1350.0,1646.0,3392.0,574.0,1067.0,2481.0,1588.0,881.0,1285.0,1295.0,2033.0,18857.0,1078.0,2002.0,1359.0,3308.0,1640.0,1866.0,775.0,1139.0,924.0,1880.0,2124.0,1322.0,1396.0,2300.0,1415.0,1088.0,704.0,1394.0,1395.0,1145.0,2102.0,1541.0,866.0,1344.0,885.0,1094.0,626.0,1341.0,1201.0,604.0,838.0,1637.0,831.0,1666.0,1700.0,1391.0,249.0,1758.0,710.0,1236.0,1865.0,1442.0,1050.0,1003.0,691.0,524.0,381.0,915.0,856.0,1232.0,873.0,1437.0,766.0,670.0,383.0,956.0,632.0,461.0,367.0,1112.0,1256.0,783.0,778.0,934.0,434.0,1101.0,898.0,831.0,1022.0,530.0,1043.0,926.0,649.0,1512.0,1189.0,433.0,1192.0,1273.0,539.0,1009.0,586.0,1265.0,840.0,1640.0,499.0,227.0,1025.0,1124.0,963.0,1153.0
paragrafo,13617.0,2870.0,4373.0,4315.0,4322.0,4274.0,4380.0,4329.0,4401.0,4251.0,4234.0,4222.0,4217.0,4290.0,4252.0,12476.0,7374.0,11713.0,6493.0,7464.0,2417.0,7116.0,2237.0,2618.0,2589.0,2611.0,7751.0,3083.0,2462.0,5819.0,4948.0,1891.0,10472.0,5189.0,5636.0,1481.0,4031.0,7572.0,1043.0,886.0,5560.0,7861.0,602.0,7953.0,689.0,2723.0,1239.0,726.0,1664.0,1255.0,1415.0,850.0,5002.0,6562.0,1352.0,8782.0,18432.0,989.0,5701.0,1078.0,18833.0,350.0,1315.0,1034.0,1117.0,5283.0,178.0,8073.0,896.0,1813.0,3098.0,861.0,9094.0,1342.0,2567.0,2653.0,5168.0,4774.0,116.0,5326.0,476.0,27.0,1302.0,1031.0,192.0,501.0,880.0,28.0,1275.0,5252.0,1025.0,780.0,1120.0,104.0,163.0,246.0,671.0,488.0,7040.0,1176.0,327.0,3825.0,3982.0,4818.0,2153.0,692.0,770.0,756.0,1124.0,462.0,1057.0,743.0,933.0,453.0,1498.0,1718.0,90.0,1170.0,594.0,267.0,329.0,204.0,435.0,803.0,1135.0,1422.0,1284.0,170.0,586.0,1932.0,1429.0,591.0,266.0,117.0,594.0,2200.0,371.0,1061.0,485.0,1011.0,2375.0,1525.0,329.0,419.0,941.0,1554.0,0.0,835.0,314.0,2896.0
ainda,5720.0,8740.0,4765.0,4563.0,4586.0,4534.0,4622.0,4598.0,4660.0,4465.0,4437.0,4414.0,4368.0,4414.0,4391.0,3681.0,2444.0,2252.0,1839.0,1622.0,2170.0,2002.0,4057.0,2528.0,2241.0,2236.0,2419.0,2871.0,3608.0,1266.0,2283.0,2238.0,1465.0,2038.0,1266.0,1196.0,2611.0,1751.0,2118.0,1807.0,2047.0,1444.0,2178.0,845.0,1525.0,2245.0,1763.0,2494.0,1494.0,1475.0,694.0,2547.0,1554.0,784.0,1688.0,358.0,470.0,1908.0,791.0,2002.0,350.0,18759.0,2360.0,1105.0,1387.0,650.0,1636.0,497.0,766.0,2005.0,2313.0,1344.0,361.0,1112.0,1502.0,1368.0,368.0,871.0,1069.0,594.0,1374.0,2421.0,1662.0,1496.0,1907.0,1143.0,624.0,2172.0,1154.0,272.0,1196.0,1140.0,1609.0,906.0,1286.0,1473.0,245.0,856.0,269.0,1135.0,1307.0,340.0,360.0,502.0,568.0,1012.0,753.0,1250.0,1598.0,620.0,739.0,1076.0,594.0,1403.0,707.0,837.0,600.0,1788.0,339.0,1345.0,1329.0,1200.0,765.0,807.0,792.0,1180.0,798.0,797.0,1059.0,678.0,936.0,987.0,1054.0,831.0,786.0,835.0,1298.0,398.0,764.0,374.0,176.0,1409.0,641.0,1259.0,677.0,649.0,1773.0,888.0,1038.0,222.0
caso,8005.0,8571.0,4633.0,4223.0,4366.0,4121.0,4223.0,4183.0,4269.0,4094.0,4073.0,4057.0,4052.0,4152.0,4111.0,7161.0,3284.0,3638.0,2335.0,3238.0,3036.0,3474.0,3523.0,2349.0,1952.0,1980.0,2698.0,3176.0,2316.0,1810.0,2382.0,2185.0,2907.0,3192.0,2693.0,1153.0,1669.0,1386.0,2496.0,928.0,946.0,634.0,1298.0,1777.0,821.0,2491.0,2595.0,3319.0,1723.0,1447.0,1336.0,1053.0,977.0,1500.0,1860.0,1476.0,1482.0,1254.0,2349.0,1359.0,1315.0,2360.0,18409.0,2209.0,1891.0,2522.0,392.0,1550.0,1396.0,2798.0,2943.0,1016.0,1251.0,1231.0,1984.0,1400.0,1070.0,1250.0,655.0,1092.0,3376.0,3050.0,1998.0,1749.0,1044.0,1503.0,1488.0,2733.0,886.0,952.0,3682.0,1215.0,1308.0,484.0,1185.0,1363.0,689.0,1344.0,980.0,1411.0,1280.0,1469.0,2302.0,1396.0,1198.0,357.0,663.0,1124.0,770.0,658.0,760.0,1367.0,352.0,1263.0,545.0,378.0,290.0,2803.0,1395.0,564.0,2311.0,143.0,422.0,1461.0,383.0,768.0,1307.0,1314.0,857.0,492.0,964.0,498.0,902.0,189.0,409.0,1256.0,1166.0,899.0,416.0,591.0,946.0,1109.0,1134.0,1468.0,631.0,390.0,1905.0,2138.0,1252.0,298.0
assim,6442.0,6956.0,4751.0,4611.0,4526.0,4567.0,4663.0,4628.0,4702.0,4545.0,4527.0,4513.0,4498.0,4548.0,4509.0,5336.0,2533.0,3340.0,3129.0,3214.0,2473.0,2819.0,2272.0,2305.0,2004.0,2033.0,3026.0,1980.0,2018.0,1960.0,1872.0,2636.0,1344.0,2227.0,1806.0,1817.0,1972.0,1289.0,2087.0,791.0,1689.0,1629.0,2795.0,2062.0,2024.0,1892.0,1779.0,1393.0,1717.0,1988.0,2230.0,1720.0,1422.0,1407.0,1702.0,1173.0,1003.0,1699.0,1579.0,3308.0,1034.0,1105.0,2209.0,18346.0,993.0,1667.0,601.0,1250.0,1167.0,1995.0,1423.0,1450.0,577.0,2038.0,823.0,802.0,644.0,1139.0,1061.0,776.0,2509.0,1833.0,1506.0,1378.0,799.0,1253.0,1141.0,1694.0,828.0,529.0,1210.0,2113.0,1126.0,1064.0,1850.0,870.0,698.0,1327.0,316.0,934.0,1065.0,1030.0,182.0,656.0,1138.0,1452.0,861.0,1504.0,1559.0,1713.0,1194.0,782.0,913.0,1073.0,506.0,483.0,478.0,823.0,919.0,1043.0,984.0,601.0,679.0,879.0,500.0,612.0,585.0,648.0,960.0,1158.0,742.0,883.0,631.0,205.0,680.0,605.0,1780.0,815.0,1531.0,728.0,446.0,1012.0,911.0,855.0,1126.0,720.0,1433.0,1093.0,1215.0,1018.0
geral,5781.0,6117.0,4743.0,4093.0,4315.0,4090.0,4133.0,4106.0,4166.0,4091.0,4098.0,4110.0,4176.0,4581.0,4263.0,5586.0,6215.0,4196.0,4141.0,3206.0,2582.0,2016.0,2831.0,2072.0,2407.0,2429.0,2693.0,2026.0,1576.0,2157.0,3284.0,2436.0,1815.0,1468.0,929.0,3314.0,2173.0,1779.0,2189.0,1246.0,983.0,1167.0,2060.0,1158.0,2104.0,2158.0,12273.0,889.0,1722.0,1352.0,626.0,417.0,2082.0,909.0,1780.0,3166.0,1166.0,966.0,382.0,1640.0,1117.0,1387.0,1891.0,993.0,18255.0,392.0,1188.0,2178.0,1193.0,1958.0,1508.0,1139.0,1059.0,1087.0,1470.0,1262.0,1223.0,775.0,886.0,1193.0,1019.0,2264.0,1803.0,2414.0,953.0,740.0,662.0,2125.0,420.0,882.0,1303.0,1203.0,930.0,1036.0,988.0,1110.0,2455.0,749.0,720.0,742.0,1971.0,375.0,541.0,1087.0,817.0,785.0,445.0,797.0,900.0,1130.0,320.0,154.0,1062.0,791.0,789.0,1561.0,921.0,915.0,818.0,1167.0,937.0,509.0,1366.0,533.0,842.0,1539.0,682.0,851.0,660.0,726.0,930.0,331.0,541.0,953.0,699.0,318.0,788.0,362.0,176.0,1083.0,1621.0,1466.0,1154.0,900.0,277.0,444.0,1990.0,304.0,872.0,391.0
grave,9917.0,3462.0,3838.0,3827.0,3628.0,3766.0,3905.0,3853.0,3962.0,3729.0,3696.0,3666.0,3608.0,3638.0,3623.0,8432.0,6335.0,5748.0,9340.0,11791.0,1838.0,8455.0,1787.0,2431.0,1796.0,1776.0,3143.0,3960.0,2404.0,8947.0,1466.0,1395.0,5144.0,4850.0,16475.0,1414.0,2063.0,3765.0,1160.0,2448.0,2967.0,3148.0,669.0,4439.0,1010.0,1259.0,1512.0,2132.0,1264.0,1255.0,5684.0,1419.0,2391.0,7789.0,1371.0,4936.0,5356.0,1579.0,16557.0,1866.0,5283.0,650.0,2522.0,1667.0,392.0,17981.0,692.0,4605.0,2912.0,482.0,413.0,785.0,4371.0,4616.0,1551.0,1181.0,5352.0,3001.0,519.0,5675.0,129.0,66.0,777.0,166.0,758.0,204.0,4308.0,72.0,1892.0,4649.0,489.0,508.0,274.0,1229.0,1067.0,704.0,242.0,4576.0,5803.0,711.0,604.0,10488.0,6237.0,7544.0,1557.0,423.0,588.0,582.0,1474.0,91.0,387.0,1542.0,321.0,166.0,500.0,386.0,444.0,462.0,211.0,82.0,341.0,504.0,1077.0,2442.0,647.0,481.0,201.0,491.0,353.0,456.0,1655.0,495.0,1338.0,589.0,483.0,1729.0,230.0,3475.0,200.0,304.0,747.0,743.0,987.0,934.0,409.0,332.0,0.0,325.0,124.0,2125.0
manifestantes,5095.0,5986.0,5443.0,4703.0,4759.0,4809.0,4632.0,4620.0,4645.0,4601.0,4603.0,4607.0,4640.0,4723.0,4680.0,716.0,3160.0,935.0,791.0,1251.0,1602.0,2529.0,2499.0,4029.0,1621.0,1615.0,825.0,2548.0,2019.0,960.0,177.0,2236.0,204.0,1410.0,2683.0,703.0,626.0,549.0,1698.0,6116.0,1491.0,739.0,3660.0,88.0,5175.0,929.0,2489.0,1334.0,432.0,1238.0,1130.0,1293.0,1072.0,820.0,1182.0,254.0,313.0,386.0,1261.0,775.0,178.0,1636.0,392.0,601.0,1188.0,692.0,17937.0,301.0,2295.0,0.0,569.0,814.0,102.0,260.0,211.0,739.0,381.0,102.0,4062.0,410.0,14.0,0.0,486.0,110.0,4733.0,1290.0,1181.0,0.0,1075.0,318.0,649.0,404.0,571.0,1123.0,883.0,540.0,109.0,633.0,501.0,1474.0,1790.0,471.0,493.0,237.0,1738.0,2873.0,539.0,581.0,311.0,687.0,540.0,195.0,816.0,128.0,2255.0,936.0,3606.0,511.0,4.0,916.0,1004.0,2649.0,320.0,929.0,286.0,1012.0,139.0,738.0,448.0,106.0,184.0,511.0,516.0,4042.0,1003.0,135.0,46.0,488.0,230.0,222.0,156.0,257.0,956.0,180.0,352.0,127.0,102.0,58.0,251.0,136.0
l,10966.0,2120.0,3516.0,3353.0,3425.0,3290.0,3381.0,3347.0,3421.0,3270.0,3255.0,3247.0,3265.0,3433.0,3353.0,10469.0,5766.0,8225.0,9924.0,10318.0,1604.0,4360.0,2175.0,1965.0,2170.0,2190.0,6051.0,2192.0,1890.0,9689.0,3593.0,1850.0,7338.0,4590.0,4748.0,2951.0,3656.0,6198.0,1849.0,1188.0,4375.0,6250.0,613.0,5648.0,457.0,1419.0,1921.0,925.0,1825.0,953.0,2231.0,324.0,4842.0,2724.0,1574.0,11897.0,8167.0,688.0,5656.0,1139.0,8073.0,497.0,1550.0,1250.0,2178.0,4605.0,301.0,17910.0,1101.0,1347.0,2339.0,723.0,5237.0,2243.0,2256.0,2213.0,8658.0,2776.0,113.0,6401.0,838.0,397.0,933.0,1226.0,568.0,688.0,1260.0,367.0,1036.0,7980.0,755.0,602.0,676.0,121.0,668.0,407.0,2150.0,1521.0,3738.0,1315.0,744.0,3097.0,1676.0,2149.0,1229.0,406.0,633.0,609.0,517.0,336.0,944.0,776.0,763.0,215.0,1246.0,1409.0,95.0,666.0,597.0,525.0,123.0,316.0,641.0,1321.0,688.0,882.0,1360.0,132.0,377.0,810.0,1608.0,338.0,629.0,326.0,985.0,1185.0,571.0,1421.0,578.0,882.0,3126.0,1382.0,399.0,182.0,571.0,736.0,20.0,644.0,218.0,2136.0
congresso_nacional,4913.0,3804.0,3531.0,3498.0,3546.0,3459.0,3571.0,3513.0,3591.0,3426.0,3406.0,3393.0,3375.0,3440.0,3400.0,1955.0,4536.0,3026.0,3510.0,4621.0,1771.0,4976.0,3154.0,1730.0,1756.0,1751.0,3177.0,2562.0,3397.0,3427.0,1498.0,1411.0,1288.0,1111.0,4268.0,817.0,1288.0,2821.0,3932.0,9158.0,1844.0,2234.0,865.0,1026.0,2421.0,2019.0,3265.0,2343.0,1983.0,2029.0,3891.0,4696.0,2278.0,3568.0,1713.0,1244.0,884.0,3738.0,3213.0,924.0,896.0,766.0,1396.0,1167.0,1193.0,2912.0,2295.0,1101.0,17249.0,882.0,884.0,1512.0,660.0,2057.0,1218.0,463.0,2238.0,168.0,2169.0,1356.0,321.0,671.0,786.0,1067.0,1517.0,992.0,1764.0,684.0,1211.0,2119.0,1395.0,749.0,1084.0,2341.0,1065.0,360.0,530.0,3060.0,1323.0,1057.0,848.0,2497.0,2094.0,2865.0,1167.0,1460.0,485.0,1362.0,177.0,448.0,921.0,53.0,93.0,690.0,961.0,741.0,1667.0,579.0,276.0,812.0,386.0,3646.0,242.0,4555.0,386.0,1163.0,102.0,656.0,824.0,233.0,893.0,240.0,2491.0,971.0,332.0,50.0,597.0,1748.0,162.0,153.0,569.0,1250.0,963.0,180.0,444.0,243.0,577.0,174.0,1027.0,90.0
corte,6869.0,7029.0,4523.0,4239.0,4446.0,4195.0,4265.0,4238.0,4293.0,4180.0,4167.0,4156.0,4156.0,4181.0,4159.0,5894.0,3254.0,4655.0,3789.0,3063.0,3956.0,2065.0,2446.0,3011.0,2442.0,2441.0,3058.0,853.0,1127.0,2117.0,4731.0,2523.0,2613.0,2225.0,571.0,1128.0,1155.0,1530.0,2456.0,955.0,1786.0,1481.0,2760.0,1709.0,1262.0,1233.0,2152.0,1458.0,1989.0,1931.0,227.0,30.0,1973.0,737.0,1680.0,1199.0,1848.0,545.0,884.0,1880.0,1813.0,2005.0,2798.0,1995.0,1958.0,482.0,0.0,1347.0,882.0,17143.0,1810.0,1480.0,864.0,2596.0,3162.0,740.0,1274.0,514.0,209.0,1082.0,5571.0,5910.0,1036.0,3568.0,1192.0,2099.0,766.0,5695.0,410.0,1236.0,2772.0,1263.0,1740.0,601.0,1517.0,1210.0,601.0,236.0,1115.0,1578.0,974.0,293.0,864.0,910.0,293.0,748.0,501.0,963.0,1091.0,1830.0,3728.0,783.0,1996.0,1681.0,507.0,1100.0,229.0,1305.0,1986.0,1308.0,1828.0,896.0,204.0,3.0,930.0,1284.0,1117.0,760.0,939.0,1131.0,243.0,1154.0,128.0,275.0,1705.0,452.0,2840.0,231.0,142.0,1451.0,625.0,731.0,831.0,941.0,67.0,860.0,2869.0,1320.0,871.0,556.0
relacao,7327.0,7234.0,4429.0,4103.0,4065.0,4115.0,4162.0,4127.0,4199.0,4043.0,4019.0,4000.0,3971.0,4077.0,4001.0,6973.0,3359.0,4444.0,2020.0,1900.0,1331.0,3769.0,2807.0,1957.0,1088.0,1112.0,5534.0,2619.0,920.0,1177.0,3791.0,2555.0,3574.0,2707.0,723.0,719.0,2068.0,2089.0,1639.0,1295.0,1945.0,1400.0,653.0,2463.0,1138.0,1926.0,1470.0,3044.0,1160.0,1921.0,623.0,830.0,1681.0,1590.0,1625.0,2357.0,3158.0,1223.0,414.0,2124.0,3098.0,2313.0,2943.0,1423.0,1508.0,413.0,569.0,2339.0,884.0,1810.0,17033.0,1454.0,2133.0,908.0,1995.0,981.0,404.0,1186.0,546.0,656.0,1937.0,2354.0,942.0,2491.0,1340.0,1257.0,296.0,1815.0,655.0,440.0,1294.0,1213.0,1154.0,244.0,915.0,2385.0,464.0,390.0,1334.0,1246.0,1962.0,360.0,735.0,1076.0,1188.0,526.0,336.0,2317.0,1737.0,1053.0,623.0,1269.0,481.0,1143.0,940.0,942.0,203.0,1425.0,639.0,482.0,2225.0,585.0,603.0,441.0,1471.0,1646.0,1201.0,599.0,583.0,1126.0,1513.0,1226.0,612.0,556.0,922.0,1339.0,1042.0,106.0,268.0,969.0,1468.0,1482.0,1584.0,414.0,358.0,472.0,1955.0,1227.0,848.0,484.0
nq,13737.0,5232.0,13040.0,11304.0,15212.0,11642.0,10635.0,10961.0,10309.0,11939.0,12265.0,12591.0,13647.0,15525.0,14875.0,3829.0,2541.0,15923.0,2302.0,2488.0,4152.0,2401.0,1632.0,243.0,4199.0,4071.0,2185.0,1694.0,1177.0,1553.0,2029.0,9774.0,1544.0,1600.0,1094.0,499.0,904.0,1521.0,1371.0,1137.0,1579.0,1368.0,837.0,1476.0,1511.0,1868.0,1470.0,1418.0,1209.0,16170.0,1463.0,855.0,1313.0,874.0,1532.0,731.0,976.0,1438.0,936.0,1322.0,861.0,1344.0,1016.0,1450.0,1139.0,785.0,814.0,723.0,1512.0,1480.0,1454.0,16500.0,565.0,1036.0,887.0,28.0,843.0,447.0,850.0,760.0,1665.0,1742.0,1382.0,1578.0,986.0,897.0,729.0,1804.0,491.0,721.0,947.0,859.0,1109.0,764.0,731.0,1082.0,187.0,720.0,557.0,569.0,604.0,536.0,447.0,523.0,467.0,857.0,0.0,1344.0,667.0,968.0,425.0,622.0,507.0,865.0,368.0,738.0,476.0,547.0,656.0,527.0,594.0,469.0,378.0,871.0,545.0,425.0,773.0,610.0,529.0,660.0,541.0,746.0,640.0,414.0,567.0,579.0,952.0,1019.0,19.0,422.0,249.0,790.0,708.0,368.0,534.0,303.0,1032.0,579.0,503.0,358.0
iv,10609.0,3282.0,3568.0,3614.0,3260.0,3564.0,3739.0,3675.0,3808.0,3506.0,3457.0,3408.0,3289.0,3226.0,3256.0,9845.0,6817.0,11577.0,5954.0,6787.0,1444.0,5995.0,2608.0,1554.0,1722.0,1751.0,4240.0,2053.0,1487.0,5430.0,3432.0,1295.0,12899.0,2052.0,4775.0,1202.0,3962.0,3092.0,596.0,1036.0,5104.0,2736.0,643.0,7954.0,413.0,2120.0,1209.0,330.0,1211.0,823.0,1193.0,494.0,2414.0,6878.0,1240.0,5898.0,9235.0,854.0,4143.0,1396.0,9094.0,361.0,1251.0,577.0,1059.0,4371.0,102.0,5237.0,660.0,864.0,2133.0,565.0,16489.0,1323.0,1258.0,1412.0,3262.0,2559.0,297.0,3757.0,465.0,147.0,1027.0,390.0,202.0,657.0,684.0,134.0,950.0,3380.0,1086.0,998.0,827.0,407.0,409.0,1044.0,1169.0,516.0,5987.0,867.0,687.0,2893.0,4327.0,4818.0,918.0,466.0,630.0,580.0,903.0,514.0,518.0,261.0,452.0,344.0,1232.0,814.0,139.0,541.0,291.0,253.0,126.0,110.0,332.0,352.0,725.0,1434.0,1357.0,318.0,388.0,1362.0,793.0,231.0,244.0,10.0,543.0,1788.0,353.0,912.0,291.0,928.0,1801.0,930.0,88.0,566.0,448.0,1103.0,199.0,531.0,180.0,1548.0
exercicio,5548.0,6567.0,3460.0,3470.0,3331.0,3440.0,3522.0,3488.0,3560.0,3394.0,3368.0,3346.0,3304.0,3342.0,3325.0,4783.0,3996.0,2521.0,9528.0,6702.0,2691.0,3178.0,2472.0,2286.0,1503.0,1500.0,2986.0,1664.0,1626.0,6350.0,3023.0,1257.0,1577.0,2888.0,5468.0,693.0,654.0,1831.0,1176.0,1404.0,1614.0,1826.0,245.0,1219.0,642.0,1448.0,3229.0,1997.0,2055.0,1254.0,8429.0,2175.0,2207.0,1375.0,3231.0,1100.0,1385.0,2349.0,4628.0,2300.0,1342.0,1112.0,1231.0,2038.0,1087.0,4616.0,260.0,2243.0,2057.0,2596.0,908.0,1036.0,1323.0,16396.0,1259.0,830.0,2821.0,1069.0,239.0,983.0,697.0,762.0,513.0,1213.0,555.0,1239.0,1848.0,836.0,1117.0,2143.0,325.0,471.0,2592.0,1878.0,328.0,1075.0,181.0,4101.0,699.0,419.0,659.0,3270.0,314.0,1233.0,904.0,643.0,348.0,774.0,610.0,1662.0,1567.0,1581.0,3607.0,627.0,1502.0,392.0,1080.0,1015.0,1436.0,397.0,822.0,505.0,234.0,1647.0,1286.0,1308.0,410.0,907.0,1048.0,660.0,170.0,812.0,1792.0,290.0,267.0,300.0,1205.0,6286.0,216.0,2213.0,445.0,1251.0,365.0,760.0,959.0,544.0,377.0,873.0,603.0,997.0
condutas,6128.0,5906.0,3692.0,3314.0,3464.0,3263.0,3335.0,3308.0,3370.0,3244.0,3232.0,3226.0,3225.0,3327.0,3273.0,6226.0,5047.0,3106.0,4910.0,4532.0,2299.0,2483.0,2908.0,1912.0,2003.0,1984.0,3893.0,1108.0,1223.0,4347.0,5917.0,1289.0,2643.0,2067.0,2178.0,1086.0,1051.0,3877.0,2013.0,1489.0,2492.0,3270.0,1022.0,1410.0,1068.0,1523.0,1714.0,1348.0,2650.0,1135.0,817.0,616.0,3645.0,1935.0,1529.0,2045.0,2537.0,2136.0,1846.0,1415.0,2567.0,1502.0,1984.0,823.0,1470.0,1551.0,211.0,2256.0,1218.0,3162.0,1995.0,887.0,1258.0,1259.0,16373.0,814.0,2338.0,643.0,461.0,1966.0,1784.0,3578.0,894.0,2325.0,854.0,1196.0,466.0,3503.0,1022.0,2338.0,1922.0,474.0,1495.0,219.0,163.0,1189.0,345.0,424.0,1487.0,1111.0,448.0,917.0,1659.0,1177.0,881.0,528.0,638.0,1359.0,639.0,775.0,784.0,1406.0,1633.0,2513.0,476.0,1509.0,152.0,1061.0,662.0,1258.0,989.0,1077.0,351.0,155.0,2278.0,1004.0,475.0,356.0,741.0,585.0,838.0,1218.0,405.0,280.0,1037.0,1097.0,475.0,466.0,177.0,1580.0,525.0,1248.0,948.0,764.0,848.0,127.0,2568.0,946.0,739.0,469.0
reu,8409.0,6508.0,4805.0,4321.0,4313.0,4296.0,4384.0,4348.0,4417.0,4278.0,4263.0,4249.0,4220.0,4268.0,4241.0,7404.0,4945.0,2288.0,2840.0,2821.0,2396.0,1023.0,3276.0,4257.0,2022.0,2013.0,2046.0,1276.0,2746.0,2175.0,1073.0,1735.0,2317.0,2493.0,2115.0,456.0,1113.0,2738.0,1112.0,2414.0,975.0,1929.0,2301.0,2049.0,1273.0,1479.0,1573.0,1018.0,1910.0,30.0,1355.0,797.0,2217.0,1168.0,1401.0,2082.0,2670.0,348.0,1060.0,1088.0,2653.0,1368.0,1400.0,802.0,1262.0,1181.0,739.0,2213.0,463.0,740.0,981.0,28.0,1412.0,830.0,814.0,15859.0,1568.0,4538.0,1336.0,1212.0,170.0,113.0,700.0,691.0,385.0,811.0,1058.0,114.0,774.0,1428.0,980.0,778.0,883.0,389.0,507.0,848.0,672.0,1149.0,938.0,1140.0,821.0,856.0,237.0,236.0,1015.0,1129.0,14.0,153.0,1000.0,1986.0,587.0,1585.0,1640.0,329.0,1069.0,1588.0,971.0,1829.0,685.0,705.0,992.0,1190.0,313.0,978.0,866.0,1190.0,1459.0,598.0,546.0,1027.0,1441.0,509.0,148.0,402.0,605.0,490.0,447.0,444.0,270.0,1493.0,548.0,555.0,513.0,373.0,617.0,1607.0,84.0,631.0,442.0,2368.0
abolicao,7429.0,2768.0,2783.0,2790.0,2776.0,2702.0,2785.0,2750.0,2821.0,2683.0,2667.0,2659.0,2669.0,2807.0,2741.0,6255.0,5548.0,4753.0,14560.0,15171.0,2012.0,4428.0,1240.0,1597.0,2233.0,2230.0,5183.0,2539.0,2344.0,14633.0,2214.0,914.0,4682.0,3843.0,6204.0,1420.0,1851.0,6800.0,1960.0,2064.0,2506.0,6502.0,369.0,3337.0,390.0,1705.0,2437.0,1478.0,1727.0,1046.0,3688.0,1025.0,5049.0,3479.0,1716.0,6110.0,5170.0,1457.0,6362.0,704.0,5168.0,368.0,1070.0,644.0,1223.0,5352.0,381.0,8658.0,2238.0,1274.0,404.0,843.0,3262.0,2821.0,2338.0,1568.0,15598.0,1658.0,786.0,8386.0,232.0,227.0,839.0,1047.0,558.0,867.0,1599.0,220.0,631.0,11569.0,517.0,1244.0,425.0,800.0,796.0,410.0,350.0,3032.0,4257.0,745.0,555.0,3513.0,2141.0,2500.0,786.0,329.0,440.0,553.0,303.0,98.0,899.0,385.0,635.0,424.0,1120.0,898.0,921.0,313.0,638.0,335.0,66.0,944.0,531.0,1526.0,744.0,788.0,534.0,801.0,831.0,661.0,1310.0,415.0,1742.0,132.0,884.0,971.0,228.0,1928.0,180.0,592.0,486.0,1327.0,558.0,537.0,592.0,612.0,94.0,562.0,465.0,1435.0
pena,9751.0,5577.0,6124.0,4199.0,4160.0,4185.0,4235.0,4266.0,4258.0,4172.0,4159.0,4150.0,4129.0,4245.0,4114.0,9234.0,2894.0,4838.0,3258.0,3836.0,2796.0,1374.0,1960.0,3414.0,2183.0,2200.0,2806.0,1923.0,2195.0,2187.0,850.0,1781.0,4212.0,5409.0,3515.0,775.0,1651.0,2808.0,153.0,171.0,1326.0,2621.0,593.0,4029.0,77.0,1014.0,480.0,650.0,444.0,687.0,1248.0,194.0,1633.0,1902.0,923.0,2487.0,4818.0,508.0,2552.0,1394.0,4774.0,871.0,1250.0,1139.0,775.0,3001.0,102.0,2776.0,168.0,514.0,1186.0,447.0,2559.0,1069.0,643.0,4538.0,1658.0,15257.0,113.0,1574.0,0.0,0.0,831.0,11.0,104.0,715.0,961.0,0.0,2256.0,1644.0,457.0,398.0,851.0,194.0,377.0,745.0,480.0,1002.0,2031.0,906.0,841.0,2032.0,1328.0,1144.0,1576.0,982.0,279.0,217.0,1947.0,269.0,411.0,1300.0,296.0,808.0,487.0,626.0,40.0,3008.0,843.0,846.0,202.0,48.0,569.0,164.0,327.0,1533.0,1166.0,322.0,481.0,1056.0,1945.0,647.0,52.0,349.0,219.0,1422.0,335.0,932.0,270.0,630.0,557.0,899.0,1489.0,358.0,1675.0,2455.0,91.0,1113.0,161.0,6700.0
policia,3898.0,3448.0,4255.0,3515.0,3532.0,3475.0,3499.0,3484.0,3518.0,3455.0,3451.0,3452.0,3468.0,3627.0,3539.0,741.0,6501.0,1495.0,1245.0,1290.0,1399.0,1577.0,2367.0,2129.0,1837.0,1720.0,445.0,3451.0,3215.0,1043.0,533.0,1485.0,613.0,593.0,1826.0,944.0,2341.0,544.0,2253.0,3909.0,1521.0,529.0,2376.0,281.0,3688.0,1170.0,1441.0,726.0,737.0,1212.0,1088.0,1611.0,910.0,1150.0,528.0,94.0,113.0,1804.0,525.0,1395.0,116.0,1069.0,655.0,1061.0,886.0,519.0,4062.0,113.0,2169.0,209.0,546.0,850.0,297.0,239.0,461.0,1336.0,786.0,113.0,15197.0,447.0,0.0,92.0,388.0,1022.0,1607.0,533.0,968.0,92.0,895.0,242.0,643.0,1420.0,636.0,1196.0,733.0,141.0,167.0,965.0,830.0,1151.0,672.0,433.0,254.0,201.0,1220.0,1437.0,568.0,515.0,264.0,381.0,1062.0,45.0,241.0,43.0,873.0,1247.0,4585.0,279.0,68.0,442.0,824.0,2137.0,85.0,1126.0,248.0,257.0,414.0,646.0,229.0,99.0,292.0,271.0,597.0,1285.0,891.0,0.0,79.0,236.0,75.0,300.0,97.0,186.0,989.0,502.0,284.0,90.0,113.0,168.0,391.0,104.0
golpe,7778.0,2570.0,2832.0,2738.0,2650.0,2704.0,2819.0,2777.0,2863.0,2674.0,2645.0,2618.0,2565.0,2579.0,2559.0,6381.0,5459.0,5112.0,9876.0,14383.0,1968.0,4094.0,1634.0,1536.0,2377.0,2382.0,4410.0,2676.0,2337.0,9783.0,1892.0,1046.0,5287.0,3511.0,6252.0,1439.0,1570.0,6048.0,2324.0,1147.0,2882.0,5778.0,1138.0,3604.0,408.0,1290.0,1916.0,1314.0,741.0,960.0,1499.0,493.0,4724.0,4082.0,1886.0,8610.0,5315.0,914.0,6772.0,1145.0,5326.0,594.0,1092.0,776.0,1193.0,5675.0,410.0,6401.0,1356.0,1082.0,656.0,760.0,3757.0,983.0,1966.0,1212.0,8386.0,1574.0,447.0,15059.0,191.0,255.0,776.0,1602.0,583.0,535.0,2804.0,252.0,813.0,7638.0,595.0,934.0,449.0,838.0,1611.0,174.0,303.0,3015.0,4851.0,715.0,299.0,2825.0,2700.0,2996.0,1110.0,111.0,230.0,403.0,246.0,84.0,1013.0,931.0,460.0,574.0,709.0,575.0,937.0,297.0,640.0,287.0,342.0,824.0,1238.0,1159.0,608.0,803.0,338.0,575.0,651.0,611.0,1531.0,301.0,818.0,80.0,767.0,1297.0,222.0,876.0,276.0,466.0,574.0,1122.0,469.0,664.0,378.0,558.0,138.0,178.0,206.0,1292.0
competencia,5844.0,6934.0,4159.0,4106.0,4292.0,4083.0,4161.0,4132.0,4191.0,4063.0,4045.0,4028.0,4000.0,4026.0,4002.0,5286.0,2057.0,5024.0,1539.0,1564.0,2150.0,1665.0,1554.0,2362.0,1304.0,1306.0,2711.0,1414.0,749.0,737.0,3242.0,2795.0,1873.0,1083.0,159.0,1178.0,1460.0,629.0,1574.0,172.0,1423.0,265.0,1525.0,2158.0,722.0,525.0,1331.0,2214.0,3167.0,2367.0,417.0,39.0,415.0,375.0,2151.0,547.0,486.0,375.0,502.0,2102.0,476.0,1374.0,3376.0,2509.0,1019.0,129.0,14.0,838.0,321.0,5571.0,1937.0,1665.0,465.0,697.0,1784.0,170.0,232.0,0.0,0.0,191.0,14984.0,6318.0,500.0,2579.0,449.0,1791.0,54.0,6329.0,348.0,224.0,2194.0,602.0,651.0,184.0,1605.0,1680.0,67.0,33.0,460.0,1499.0,263.0,147.0,1193.0,646.0,102.0,385.0,421.0,863.0,1076.0,2331.0,965.0,189.0,274.0,1774.0,107.0,185.0,28.0,377.0,886.0,1088.0,1930.0,174.0,31.0,39.0,907.0,662.0,1840.0,749.0,381.0,1368.0,125.0,1573.0,12.0,91.0,689.0,770.0,2986.0,227.0,324.0,119.0,922.0,178.0,784.0,2095.0,367.0,837.0,2915.0,1163.0,1809.0,161.0
foro,4631.0,7747.0,4135.0,3814.0,4172.0,3802.0,3845.0,3828.0,3863.0,3792.0,3784.0,3783.0,3808.0,3910.0,3866.0,4543.0,1807.0,3778.0,1746.0,1587.0,2422.0,2305.0,1189.0,2097.0,874.0,865.0,1842.0,1499.0,404.0,1145.0,3125.0,2891.0,1557.0,196.0,60.0,437.0,1705.0,928.0,1195.0,625.0,442.0,414.0,2596.0,1096.0,981.0,951.0,2406.0,1451.0,2955.0,2354.0,25.0,51.0,818.0,252.0,1680.0,157.0,28.0,637.0,200.0,1541.0,27.0,2421.0,3050.0,1833.0,2264.0,66.0,0.0,397.0,671.0,5910.0,2354.0,1742.0,147.0,762.0,3578.0,113.0,227.0,0.0,92.0,255.0,6318.0,14895.0,858.0,4019.0,1047.0,1929.0,8.0,13495.0,584.0,220.0,2455.0,113.0,1152.0,0.0,1563.0,753.0,226.0,0.0,58.0,1261.0,192.0,48.0,1664.0,614.0,231.0,409.0,391.0,1872.0,1093.0,1400.0,650.0,70.0,50.0,1836.0,152.0,855.0,0.0,863.0,1226.0,1396.0,1408.0,481.0,79.0,2.0,909.0,825.0,1050.0,690.0,711.0,569.0,283.0,1290.0,0.0,0.0,1603.0,543.0,2611.0,320.0,273.0,497.0,628.0,468.0,1364.0,1458.0,446.0,544.0,7060.0,883.0,2087.0,50.0
ministerio,6099.0,7910.0,3813.0,3794.0,3902.0,3759.0,3815.0,3772.0,3802.0,3742.0,3738.0,3738.0,3766.0,3884.0,3835.0,7712.0,3025.0,2489.0,2772.0,2096.0,3310.0,1830.0,5967.0,1469.0,2631.0,2606.0,2313.0,1423.0,1344.0,1556.0,5166.0,1010.0,2224.0,2747.0,1108.0,1896.0,1105.0,1760.0,1077.0,650.0,1995.0,1409.0,1041.0,2128.0,899.0,14404.0,2158.0,572.0,3062.0,1493.0,814.0,622.0,1447.0,572.0,856.0,965.0,1337.0,1057.0,1015.0,866.0,1302.0,1662.0,1998.0,1506.0,1803.0,777.0,486.0,933.0,786.0,1036.0,942.0,1382.0,1027.0,513.0,894.0,700.0,839.0,831.0,388.0,776.0,500.0,858.0,14893.0,732.0,410.0,580.0,642.0,819.0,500.0,953.0,1543.0,1356.0,562.0,1453.0,299.0,520.0,454.0,462.0,292.0,569.0,550.0,387.0,367.0,1277.0,915.0,1208.0,807.0,673.0,1419.0,1295.0,768.0,517.0,630.0,1284.0,591.0,874.0,228.0,1664.0,912.0,328.0,300.0,308.0,317.0,425.0,1008.0,911.0,629.0,1234.0,1303.0,834.0,1085.0,585.0,256.0,176.0,847.0,577.0,620.0,364.0,362.0,1253.0,256.0,790.0,812.0,1199.0,339.0,81.0,668.0,1528.0,1664.0,798.0
inq,5308.0,4666.0,3897.0,3474.0,3513.0,3441.0,3540.0,3507.0,3574.0,3411.0,3383.0,3358.0,3317.0,3306.0,3302.0,4291.0,2255.0,3253.0,2561.0,3032.0,4789.0,2124.0,2342.0,2341.0,2384.0,2395.0,1947.0,733.0,888.0,1895.0,2723.0,2227.0,2081.0,1470.0,276.0,1200.0,1790.0,1493.0,2630.0,1006.0,1205.0,1344.0,1003.0,816.0,1174.0,1569.0,2496.0,1335.0,2261.0,2003.0,125.0,252.0,2276.0,1080.0,2879.0,1213.0,1024.0,668.0,435.0,1344.0,1031.0,1496.0,1749.0,1378.0,2414.0,166.0,110.0,1226.0,1067.0,3568.0,2491.0,1578.0,390.0,1213.0,2325.0,691.0,1047.0,11.0,1022.0,1602.0,2579.0,4019.0,732.0,14878.0,1518.0,1471.0,643.0,3811.0,481.0,783.0,2584.0,956.0,2300.0,274.0,802.0,1186.0,87.0,384.0,637.0,1078.0,189.0,146.0,624.0,295.0,544.0,522.0,274.0,943.0,763.0,1032.0,1139.0,269.0,825.0,1350.0,403.0,364.0,16.0,1024.0,3972.0,623.0,1606.0,958.0,203.0,303.0,1136.0,918.0,1012.0,997.0,590.0,1211.0,403.0,527.0,254.0,220.0,771.0,433.0,2084.0,197.0,563.0,770.0,250.0,622.0,1078.0,62.0,202.0,1832.0,2216.0,476.0,1255.0,92.0
outros,4159.0,4917.0,3979.0,3519.0,3585.0,3399.0,3462.0,3426.0,3472.0,3391.0,3388.0,3388.0,3415.0,3465.0,3437.0,1518.0,1709.0,1799.0,2277.0,2464.0,1470.0,2351.0,2747.0,2334.0,1249.0,1300.0,1068.0,2313.0,1074.0,1791.0,360.0,1941.0,1192.0,1048.0,1804.0,436.0,807.0,1852.0,1992.0,3938.0,1683.0,846.0,2236.0,379.0,3292.0,1169.0,1777.0,1166.0,567.0,1304.0,837.0,1561.0,1112.0,1377.0,1145.0,462.0,217.0,1263.0,1282.0,885.0,192.0,1907.0,1044.0,799.0,953.0,758.0,4733.0,568.0,1517.0,1192.0,1340.0,986.0,202.0,555.0,854.0,385.0,558.0,104.0,1607.0,583.0,449.0,1047.0,410.0,1518.0,14766.0,839.0,439.0,1064.0,1396.0,551.0,633.0,494.0,357.0,298.0,1432.0,758.0,231.0,550.0,457.0,1123.0,888.0,946.0,826.0,433.0,694.0,1702.0,358.0,1418.0,312.0,309.0,541.0,576.0,362.0,618.0,806.0,491.0,1513.0,564.0,444.0,583.0,1221.0,1297.0,129.0,815.0,569.0,557.0,411.0,464.0,886.0,183.0,943.0,682.0,937.0,1919.0,968.0,326.0,352.0,418.0,130.0,133.0,28.0,846.0,378.0,114.0,271.0,222.0,1432.0,456.0,631.0,183.0
sentido,4695.0,7244.0,3511.0,3230.0,3149.0,3130.0,3248.0,3183.0,3253.0,3110.0,3097.0,3090.0,3101.0,3216.0,3121.0,4378.0,2540.0,1822.0,2793.0,1759.0,2825.0,1825.0,2164.0,2018.0,1469.0,1497.0,2222.0,778.0,830.0,1890.0,1707.0,1649.0,1060.0,1676.0,674.0,1219.0,732.0,747.0,899.0,1085.0,1233.0,619.0,1459.0,825.0,1062.0,881.0,1516.0,4015.0,2014.0,1072.0,1056.0,1200.0,896.0,400.0,1378.0,498.0,571.0,1284.0,267.0,1094.0,501.0,1143.0,1503.0,1253.0,740.0,204.0,1290.0,688.0,992.0,2099.0,1257.0,897.0,657.0,1239.0,1196.0,811.0,867.0,715.0,533.0,535.0,1791.0,1929.0,580.0,1471.0,839.0,14635.0,136.0,1884.0,844.0,358.0,856.0,1007.0,1187.0,686.0,1451.0,1102.0,607.0,892.0,474.0,1811.0,992.0,96.0,692.0,100.0,487.0,299.0,340.0,825.0,866.0,845.0,934.0,1054.0,717.0,420.0,826.0,412.0,654.0,468.0,1521.0,656.0,747.0,444.0,1063.0,101.0,813.0,943.0,656.0,5815.0,1355.0,739.0,912.0,1021.0,933.0,941.0,579.0,589.0,1670.0,779.0,199.0,557.0,245.0,695.0,1269.0,1402.0,1480.0,929.0,636.0,563.0,1097.0,374.0
meio,5942.0,3449.0,3615.0,3496.0,3219.0,3592.0,3528.0,3493.0,3565.0,3396.0,3367.0,3339.0,3271.0,3215.0,3227.0,4294.0,2183.0,1628.0,4520.0,5553.0,1870.0,3728.0,2535.0,1863.0,1781.0,1778.0,1879.0,3314.0,3845.0,3431.0,2243.0,1115.0,1292.0,2761.0,5261.0,1855.0,1378.0,1401.0,2933.0,1613.0,1253.0,1625.0,671.0,1284.0,1194.0,1228.0,1152.0,1303.0,415.0,1191.0,2449.0,2077.0,1271.0,1746.0,1999.0,2396.0,905.0,1645.0,4456.0,626.0,880.0,624.0,1488.0,1141.0,662.0,4308.0,1181.0,1260.0,1764.0,766.0,296.0,729.0,684.0,1848.0,466.0,1058.0,1599.0,961.0,968.0,2804.0,54.0,8.0,642.0,643.0,439.0,136.0,14526.0,17.0,1221.0,1415.0,545.0,808.0,434.0,921.0,769.0,577.0,471.0,3959.0,1017.0,312.0,835.0,1862.0,699.0,963.0,911.0,508.0,654.0,582.0,613.0,508.0,657.0,1412.0,659.0,210.0,580.0,1145.0,746.0,467.0,554.0,12.0,416.0,850.0,1365.0,1573.0,259.0,568.0,441.0,389.0,223.0,196.0,626.0,468.0,1771.0,237.0,524.0,917.0,318.0,1508.0,666.0,413.0,609.0,554.0,252.0,740.0,249.0,224.0,296.0,484.0,694.0,970.0
prerrogativa,4408.0,7431.0,3999.0,3691.0,4106.0,3684.0,3715.0,3702.0,3731.0,3678.0,3678.0,3683.0,3725.0,3848.0,3805.0,4146.0,1836.0,3670.0,1727.0,1605.0,2301.0,2173.0,1100.0,2087.0,822.0,814.0,1560.0,1215.0,410.0,1163.0,3037.0,2845.0,1159.0,192.0,66.0,389.0,1554.0,841.0,1235.0,644.0,352.0,415.0,2527.0,1106.0,855.0,920.0,2251.0,1263.0,2823.0,2389.0,64.0,53.0,817.0,271.0,1627.0,150.0,29.0,479.0,198.0,1341.0,28.0,2172.0,2733.0,1694.0,2125.0,72.0,0.0,367.0,684.0,5695.0,1815.0,1804.0,134.0,836.0,3503.0,114.0,220.0,0.0,92.0,252.0,6329.0,13495.0,819.0,3811.0,1064.0,1884.0,17.0,14242.0,563.0,217.0,2427.0,158.0,1004.0,42.0,1559.0,368.0,207.0,0.0,93.0,1342.0,154.0,52.0,1619.0,618.0,72.0,409.0,345.0,1639.0,928.0,1182.0,463.0,70.0,48.0,1842.0,29.0,790.0,0.0,763.0,1189.0,1351.0,843.0,497.0,82.0,0.0,909.0,818.0,988.0,683.0,544.0,502.0,283.0,1168.0,0.0,1.0,1537.0,271.0,2682.0,275.0,282.0,404.0,593.0,386.0,1357.0,1275.0,378.0,585.0,6341.0,954.0,2069.0,34.0
alem,4493.0,3776.0,3041.0,3117.0,2972.0,3122.0,3169.0,3081.0,3149.0,2974.0,2950.0,2931.0,2889.0,2934.0,2895.0,2846.0,2561.0,1759.0,2219.0,2276.0,1775.0,2048.0,2621.0,1695.0,1719.0,1768.0,2012.0,2348.0,2450.0,1555.0,1616.0,1168.0,1378.0,1584.0,3386.0,1239.0,2504.0,1917.0,2342.0,1875.0,1240.0,2228.0,1621.0,1691.0,1420.0,1238.0,502.0,1645.0,1676.0,877.0,1679.0,2596.0,963.0,2257.0,695.0,1145.0,1280.0,1449.0,1788.0,1201.0,1275.0,1154.0,886.0,828.0,420.0,1892.0,1075.0,1036.0,1211.0,410.0,655.0,491.0,950.0,1117.0,1022.0,774.0,631.0,2256.0,895.0,813.0,348.0,584.0,500.0,481.0,1396.0,844.0,1221.0,563.0,14165.0,548.0,880.0,1046.0,493.0,953.0,830.0,683.0,390.0,1452.0,828.0,718.0,328.0,1499.0,1924.0,1105.0,773.0,743.0,890.0,1132.0,698.0,718.0,410.0,653.0,377.0,490.0,988.0,447.0,734.0,419.0,341.0,602.0,416.0,799.0,828.0,360.0,375.0,362.0,589.0,510.0,737.0,612.0,532.0,761.0,772.0,719.0,256.0,716.0,308.0,813.0,914.0,486.0,185.0,624.0,481.0,388.0,887.0,964.0,456.0,552.0,1544.0,2180.0
violenta,6816.0,1644.0,2452.0,2466.0,2509.0,2411.0,2467.0,2444.0,2493.0,2400.0,2391.0,2384.0,2400.0,2539.0,2472.0,5581.0,5148.0,4791.0,11967.0,12485.0,2125.0,4614.0,1625.0,1507.0,2314.0,2302.0,5085.0,3414.0,2487.0,12160.0,2195.0,685.0,4760.0,3116.0,5411.0,1227.0,1733.0,6722.0,1980.0,2219.0,2966.0,6118.0,522.0,3316.0,374.0,1651.0,1788.0,1480.0,1170.0,829.0,2807.0,752.0,3888.0,3393.0,1075.0,5846.0,5255.0,1576.0,5588.0,604.0,5252.0,272.0,952.0,529.0,882.0,4649.0,318.0,7980.0,2119.0,1236.0,440.0,721.0,3380.0,2143.0,2338.0,1428.0,11569.0,1644.0,242.0,7638.0,224.0,220.0,953.0,783.0,551.0,358.0,1415.0,217.0,548.0,13892.0,580.0,842.0,365.0,915.0,478.0,117.0,259.0,1489.0,4161.0,861.0,399.0,3210.0,2148.0,2395.0,901.0,270.0,388.0,481.0,210.0,245.0,862.0,378.0,630.0,535.0,908.0,816.0,368.0,404.0,633.0,287.0,114.0,1275.0,423.0,1817.0,670.0,658.0,540.0,298.0,319.0,623.0,437.0,68.0,900.0,254.0,837.0,1038.0,220.0,1483.0,175.0,671.0,551.0,1231.0,514.0,153.0,673.0,611.0,21.0,401.0,552.0,1383.0
presente,5071.0,6062.0,3386.0,3029.0,3070.0,2975.0,3144.0,3040.0,3118.0,2946.0,2920.0,2898.0,2872.0,2933.0,2910.0,6233.0,3275.0,2775.0,1727.0,1807.0,2817.0,2498.0,2486.0,1347.0,1729.0,1719.0,2357.0,1285.0,1423.0,1313.0,4210.0,1394.0,1900.0,1596.0,944.0,1829.0,1562.0,1172.0,1934.0,1567.0,1175.0,911.0,2370.0,1266.0,1611.0,2123.0,1441.0,1521.0,2884.0,1224.0,812.0,739.0,1269.0,1168.0,1975.0,837.0,1070.0,918.0,545.0,838.0,1025.0,1196.0,3682.0,1210.0,1303.0,489.0,649.0,755.0,1395.0,2772.0,1294.0,947.0,1086.0,325.0,1922.0,980.0,517.0,457.0,643.0,595.0,2194.0,2455.0,1543.0,2584.0,633.0,856.0,545.0,2427.0,880.0,580.0,13858.0,1653.0,1282.0,757.0,539.0,1098.0,410.0,573.0,635.0,1346.0,385.0,267.0,645.0,787.0,850.0,2102.0,513.0,1133.0,761.0,1219.0,398.0,686.0,369.0,1559.0,495.0,661.0,279.0,722.0,1467.0,950.0,889.0,885.0,300.0,574.0,733.0,445.0,897.0,1052.0,1656.0,1581.0,920.0,969.0,214.0,311.0,971.0,560.0,1197.0,611.0,205.0,521.0,454.0,389.0,359.0,727.0,485.0,578.0,2104.0,2062.0,435.0,292.0
conforme,5400.0,4431.0,3749.0,3278.0,3297.0,3189.0,3226.0,3209.0,3257.0,3186.0,3186.0,3188.0,3222.0,3317.0,3297.0,4130.0,3486.0,1953.0,3024.0,2593.0,2596.0,1567.0,2489.0,1721.0,2692.0,2620.0,2361.0,1714.0,2673.0,1949.0,1989.0,1092.0,815.0,1153.0,1184.0,1212.0,2824.0,1523.0,2541.0,1055.0,1227.0,1493.0,2084.0,1133.0,1389.0,1816.0,1461.0,842.0,1686.0,1089.0,1408.0,1391.0,1437.0,2044.0,1690.0,407.0,899.0,1994.0,530.0,1637.0,780.0,1140.0,1215.0,2113.0,1203.0,508.0,404.0,602.0,749.0,1263.0,1213.0,859.0,998.0,471.0,474.0,778.0,1244.0,398.0,1420.0,934.0,602.0,113.0,1356.0,956.0,494.0,1007.0,808.0,158.0,1046.0,842.0,1653.0,13726.0,622.0,597.0,730.0,479.0,464.0,352.0,646.0,869.0,887.0,492.0,491.0,471.0,798.0,655.0,890.0,702.0,545.0,919.0,1023.0,947.0,748.0,916.0,931.0,338.0,495.0,704.0,722.0,441.0,496.0,859.0,440.0,529.0,592.0,934.0,375.0,677.0,1037.0,794.0,974.0,643.0,474.0,136.0,481.0,283.0,980.0,122.0,654.0,834.0,152.0,1037.0,599.0,686.0,876.0,315.0,396.0,1437.0,541.0,206.0
fatos,5580.0,6130.0,3452.0,3240.0,3543.0,3171.0,3245.0,3217.0,3280.0,3152.0,3134.0,3122.0,3112.0,3204.0,3174.0,4116.0,3226.0,2298.0,2589.0,1710.0,1771.0,2001.0,1723.0,2073.0,1300.0,1302.0,2346.0,1453.0,3143.0,835.0,2175.0,1683.0,1672.0,1853.0,987.0,563.0,1305.0,977.0,802.0,1022.0,2141.0,662.0,1259.0,823.0,2085.0,1081.0,1407.0,1374.0,1532.0,1317.0,1024.0,1322.0,1210.0,641.0,1320.0,595.0,1220.0,1530.0,237.0,831.0,1120.0,1609.0,1308.0,1126.0,930.0,274.0,571.0,676.0,1084.0,1740.0,1154.0,1109.0,827.0,2592.0,1495.0,883.0,425.0,851.0,636.0,449.0,651.0,1152.0,562.0,2300.0,357.0,1187.0,434.0,1004.0,493.0,365.0,1282.0,622.0,13715.0,1104.0,458.0,1187.0,451.0,858.0,177.0,990.0,886.0,177.0,511.0,279.0,623.0,1379.0,293.0,1345.0,474.0,375.0,1327.0,736.0,2018.0,1191.0,807.0,632.0,1243.0,1727.0,827.0,849.0,1241.0,395.0,438.0,722.0,1599.0,1808.0,862.0,808.0,709.0,1135.0,320.0,935.0,695.0,394.0,732.0,632.0,611.0,759.0,85.0,1533.0,553.0,572.0,352.0,472.0,652.0,513.0,940.0,485.0,193.0,364.0
poder,3536.0,6908.0,3327.0,3025.0,3128.0,3009.0,3069.0,3044.0,3099.0,2994.0,2983.0,2973.0,2961.0,2987.0,2963.0,2263.0,2868.0,1401.0,3318.0,4193.0,2391.0,2638.0,2841.0,1824.0,1777.0,1777.0,988.0,1225.0,3141.0,2765.0,1058.0,971.0,632.0,976.0,1507.0,1873.0,1111.0,1783.0,1023.0,1552.0,951.0,1663.0,1374.0,472.0,1270.0,1666.0,1727.0,1712.0,920.0,948.0,3810.0,1913.0,1097.0,324.0,1107.0,69.0,102.0,2758.0,1238.0,1666.0,104.0,906.0,484.0,1064.0,1036.0,1229.0,1123.0,121.0,2341.0,601.0,244.0,764.0,407.0,1878.0,219.0,389.0,800.0,194.0,1196.0,838.0,184.0,0.0,1453.0,274.0,298.0,686.0,921.0,42.0,953.0,915.0,757.0,597.0,1104.0,13688.0,997.0,867.0,152.0,2260.0,100.0,409.0,932.0,755.0,90.0,233.0,728.0,1309.0,501.0,638.0,259.0,456.0,644.0,759.0,524.0,440.0,589.0,96.0,1553.0,248.0,735.0,233.0,369.0,696.0,607.0,1122.0,118.0,215.0,158.0,933.0,844.0,222.0,538.0,881.0,733.0,278.0,744.0,54.0,95.0,1917.0,336.0,182.0,245.0,1054.0,1032.0,916.0,606.0,168.0,148.0,677.0,488.0,139.0
tem,3482.0,6483.0,2417.0,2445.0,2760.0,2379.0,2451.0,2384.0,2403.0,2382.0,2388.0,2394.0,2439.0,2758.0,2581.0,2811.0,2527.0,1843.0,2673.0,2634.0,1326.0,1832.0,1245.0,1393.0,1109.0,1152.0,1920.0,2262.0,1349.0,1056.0,522.0,1287.0,1322.0,1649.0,1463.0,1189.0,1177.0,1791.0,1941.0,1363.0,814.0,1072.0,2256.0,802.0,2005.0,575.0,952.0,2218.0,743.0,1099.0,1137.0,1398.0,1322.0,971.0,1229.0,735.0,239.0,598.0,1393.0,1700.0,163.0,1286.0,1185.0,1850.0,988.0,1067.0,883.0,668.0,1065.0,1517.0,915.0,731.0,409.0,328.0,163.0,507.0,796.0,377.0,733.0,1611.0,1605.0,1563.0,299.0,802.0,1432.0,1451.0,769.0,1559.0,830.0,478.0,539.0,730.0,458.0,997.0,13686.0,703.0,190.0,898.0,340.0,1322.0,1175.0,385.0,1144.0,466.0,251.0,878.0,627.0,755.0,446.0,753.0,1536.0,495.0,402.0,603.0,277.0,121.0,511.0,131.0,268.0,366.0,1175.0,586.0,872.0,784.0,211.0,590.0,368.0,1026.0,465.0,275.0,1323.0,1085.0,1346.0,716.0,534.0,522.0,626.0,73.0,1231.0,440.0,318.0,498.0,1256.0,575.0,498.0,379.0,293.0,1041.0,822.0,546.0
qualquer,4716.0,7393.0,3163.0,3069.0,3241.0,3011.0,3131.0,3068.0,3143.0,2995.0,2981.0,2971.0,2962.0,2976.0,2960.0,4187.0,2711.0,2132.0,3524.0,2733.0,1914.0,2190.0,1261.0,1435.0,1215.0,1213.0,1794.0,1983.0,1204.0,1994.0,1136.0,1545.0,2911.0,2273.0,808.0,1404.0,1265.0,377.0,1097.0,198.0,1452.0,433.0,760.0,1092.0,1126.0,559.0,1472.0,2938.0,740.0,1351.0,1549.0,468.0,810.0,122.0,1322.0,214.0,404.0,484.0,734.0,1391.0,246.0,1473.0,1363.0,870.0,1110.0,704.0,540.0,407.0,360.0,1210.0,2385.0,1082.0,1044.0,1075.0,1189.0,848.0,410.0,745.0,141.0,174.0,1680.0,753.0,520.0,1186.0,758.0,1102.0,577.0,368.0,683.0,117.0,1098.0,479.0,1187.0,867.0,703.0,13671.0,516.0,203.0,79.0,602.0,1247.0,330.0,460.0,779.0,734.0,739.0,429.0,622.0,1131.0,1020.0,433.0,1076.0,908.0,676.0,577.0,241.0,319.0,890.0,905.0,592.0,1464.0,54.0,943.0,355.0,813.0,772.0,467.0,443.0,675.0,1095.0,754.0,2315.0,465.0,696.0,651.0,1335.0,1005.0,800.0,325.0,622.0,421.0,795.0,171.0,640.0,961.0,416.0,464.0,1084.0,313.0,617.0
r,6593.0,2597.0,5801.0,5190.0,5911.0,5254.0,5082.0,5128.0,5009.0,5319.0,5386.0,5454.0,5672.0,6000.0,5823.0,3008.0,1892.0,3662.0,1041.0,714.0,1680.0,1232.0,1531.0,981.0,2417.0,2439.0,460.0,536.0,1099.0,497.0,1433.0,3486.0,1644.0,318.0,345.0,5599.0,2791.0,602.0,679.0,769.0,594.0,835.0,955.0,987.0,800.0,460.0,1325.0,478.0,603.0,377.0,149.0,754.0,566.0,885.0,749.0,5083.0,620.0,663.0,247.0,249.0,671.0,245.0,689.0,698.0,2455.0,242.0,109.0,2150.0,530.0,601.0,464.0,187.0,1169.0,181.0,345.0,672.0,350.0,480.0,167.0,303.0,67.0,226.0,454.0,87.0,231.0,607.0,471.0,207.0,390.0,259.0,410.0,464.0,451.0,152.0,190.0,516.0,13585.0,38.0,502.0,489.0,750.0,101.0,940.0,414.0,316.0,284.0,563.0,135.0,274.0,112.0,352.0,274.0,223.0,264.0,753.0,568.0,17.0,89.0,369.0,567.0,128.0,32.0,669.0,252.0,247.0,298.0,919.0,605.0,232.0,389.0,110.0,196.0,550.0,56.0,222.0,240.0,852.0,55.0,732.0,154.0,3385.0,99.0,336.0,405.0,195.0,319.0,133.0,377.0,418.0,217.0
governo,4759.0,4115.0,2829.0,2952.0,2595.0,2875.0,3025.0,2972.0,3084.0,2828.0,2783.0,2742.0,2618.0,2523.0,2546.0,2970.0,2683.0,1206.0,5903.0,7857.0,1312.0,3344.0,2291.0,1781.0,1285.0,1292.0,2226.0,1321.0,1813.0,5428.0,374.0,988.0,765.0,1978.0,6627.0,778.0,574.0,1734.0,1423.0,3221.0,585.0,1164.0,908.0,1089.0,657.0,1671.0,2174.0,1411.0,1205.0,860.0,5354.0,2736.0,1655.0,2246.0,1844.0,3021.0,564.0,2089.0,4799.0,1758.0,488.0,856.0,1344.0,1327.0,749.0,4576.0,633.0,1521.0,3060.0,236.0,390.0,720.0,516.0,4101.0,424.0,1149.0,3032.0,1002.0,965.0,3015.0,33.0,0.0,462.0,384.0,550.0,892.0,3959.0,0.0,1452.0,1489.0,573.0,352.0,858.0,2260.0,898.0,203.0,38.0,13425.0,676.0,856.0,473.0,2686.0,758.0,1291.0,1190.0,787.0,235.0,382.0,274.0,307.0,266.0,859.0,242.0,147.0,1090.0,463.0,2518.0,201.0,162.0,184.0,300.0,844.0,819.0,2104.0,421.0,45.0,85.0,934.0,1024.0,137.0,1331.0,239.0,2961.0,237.0,320.0,143.0,48.0,3784.0,89.0,199.0,247.0,791.0,394.0,801.0,282.0,98.0,84.0,65.0,1208.0,833.0
dano,7499.0,2240.0,3124.0,2801.0,2668.0,2782.0,2857.0,2829.0,2887.0,2755.0,2736.0,2719.0,2681.0,2699.0,2646.0,6540.0,6541.0,7502.0,5815.0,6064.0,1921.0,6795.0,2049.0,1838.0,1760.0,1763.0,4702.0,2371.0,1320.0,4923.0,2147.0,788.0,6886.0,4183.0,6080.0,949.0,2743.0,4265.0,1707.0,1707.0,3464.0,4112.0,678.0,4777.0,1003.0,2536.0,477.0,1131.0,1307.0,835.0,628.0,642.0,2226.0,8450.0,773.0,4398.0,7039.0,601.0,6088.0,710.0,7040.0,269.0,980.0,316.0,720.0,5803.0,501.0,3738.0,1323.0,1115.0,1334.0,557.0,5987.0,699.0,1487.0,938.0,4257.0,2031.0,830.0,4851.0,460.0,58.0,292.0,637.0,457.0,474.0,1017.0,93.0,828.0,4161.0,635.0,646.0,177.0,100.0,340.0,79.0,502.0,676.0,13412.0,636.0,409.0,4067.0,4580.0,5492.0,517.0,508.0,419.0,322.0,964.0,425.0,456.0,721.0,448.0,154.0,616.0,394.0,181.0,378.0,534.0,252.0,13.0,906.0,703.0,530.0,1390.0,759.0,358.0,407.0,275.0,338.0,1198.0,49.0,72.0,208.0,1068.0,1565.0,323.0,291.0,106.0,558.0,401.0,738.0,638.0,256.0,560.0,749.0,20.0,414.0,69.0,819.0
quanto,4870.0,5678.0,2991.0,3066.0,2870.0,2982.0,3146.0,3046.0,3142.0,2919.0,2885.0,2857.0,2802.0,2783.0,2764.0,3886.0,2028.0,2272.0,2242.0,2626.0,1441.0,1546.0,2242.0,2339.0,1068.0,1072.0,2468.0,1267.0,964.0,1879.0,1143.0,1760.0,1361.0,1581.0,1944.0,412.0,636.0,1608.0,1460.0,2057.0,1468.0,1061.0,2620.0,1243.0,1853.0,1215.0,1444.0,1229.0,1642.0,749.0,1689.0,600.0,1013.0,1202.0,1335.0,1142.0,1141.0,1477.0,808.0,1236.0,1176.0,1135.0,1411.0,934.0,742.0,711.0,1474.0,1315.0,1057.0,1578.0,1246.0,569.0,867.0,419.0,1111.0,1140.0,745.0,906.0,1151.0,715.0,1499.0,1261.0,569.0,1078.0,1123.0,1811.0,312.0,1342.0,718.0,861.0,1346.0,869.0,990.0,409.0,1322.0,602.0,489.0,856.0,636.0,13392.0,1175.0,619.0,1119.0,470.0,687.0,641.0,43.0,303.0,739.0,767.0,732.0,908.0,669.0,495.0,660.0,493.0,563.0,597.0,226.0,384.0,373.0,852.0,199.0,559.0,585.0,886.0,1415.0,635.0,481.0,889.0,1459.0,394.0,647.0,776.0,531.0,474.0,898.0,436.0,141.0,331.0,980.0,882.0,1177.0,411.0,769.0,577.0,366.0,530.0,401.0,532.0
parte,4515.0,6684.0,3738.0,3265.0,3191.0,3489.0,3305.0,3285.0,3330.0,3229.0,3215.0,3205.0,3189.0,3373.0,3151.0,4691.0,2686.0,1763.0,3942.0,2097.0,1377.0,1238.0,1489.0,2033.0,1154.0,1161.0,2332.0,1098.0,689.0,1164.0,1024.0,1765.0,1641.0,2567.0,1602.0,1363.0,961.0,1830.0,1053.0,1259.0,1339.0,1054.0,1376.0,743.0,1047.0,928.0,489.0,1605.0,809.0,939.0,1479.0,467.0,1072.0,404.0,1555.0,584.0,449.0,819.0,510.0,1865.0,327.0,1307.0,1280.0,1065.0,1971.0,604.0,1790.0,744.0,848.0,974.0,1962.0,604.0,687.0,659.0,448.0,821.0,555.0,841.0,672.0,299.0,263.0,192.0,550.0,189.0,888.0,992.0,835.0,154.0,328.0,399.0,385.0,887.0,886.0,932.0,1175.0,1247.0,750.0,473.0,409.0,1175.0,13033.0,390.0,66.0,290.0,781.0,646.0,217.0,606.0,1200.0,713.0,433.0,1258.0,308.0,804.0,621.0,298.0,465.0,605.0,306.0,407.0,629.0,1449.0,1507.0,213.0,438.0,521.0,564.0,569.0,598.0,229.0,1123.0,902.0,599.0,697.0,805.0,540.0,376.0,176.0,272.0,391.0,126.0,929.0,969.0,437.0,353.0,151.0,205.0,473.0,132.0,176.0
emprego,6768.0,2191.0,2890.0,2835.0,2793.0,2791.0,2875.0,2845.0,2907.0,2770.0,2754.0,2744.0,2730.0,2810.0,2772.0,4907.0,4376.0,3868.0,6573.0,7616.0,1549.0,6095.0,1144.0,1988.0,1611.0,1589.0,2240.0,2720.0,1872.0,6235.0,980.0,958.0,3433.0,2923.0,11479.0,581.0,1112.0,2672.0,789.0,2544.0,2597.0,2157.0,585.0,2866.0,903.0,867.0,1086.0,1360.0,976.0,790.0,4207.0,1110.0,1226.0,5887.0,820.0,2606.0,3934.0,1701.0,10553.0,1442.0,3825.0,340.0,1469.0,1030.0,375.0,10488.0,471.0,3097.0,2497.0,293.0,360.0,536.0,2893.0,3270.0,917.0,856.0,3513.0,2032.0,433.0,2825.0,147.0,48.0,387.0,146.0,946.0,96.0,1862.0,52.0,1499.0,3210.0,267.0,492.0,177.0,755.0,385.0,330.0,101.0,2686.0,4067.0,619.0,390.0,12651.0,4838.0,5735.0,1188.0,261.0,351.0,291.0,1026.0,219.0,268.0,792.0,363.0,103.0,259.0,322.0,238.0,331.0,53.0,44.0,220.0,452.0,171.0,2004.0,541.0,249.0,85.0,280.0,224.0,202.0,1048.0,201.0,608.0,770.0,656.0,1287.0,182.0,2663.0,80.0,319.0,318.0,448.0,774.0,252.0,398.0,214.0,0.0,47.0,93.0,1377.0
prejuizo,6095.0,2031.0,2272.0,2532.0,2289.0,2342.0,2474.0,2427.0,2523.0,2304.0,2271.0,2241.0,2160.0,2101.0,2112.0,5044.0,5134.0,5811.0,2742.0,3732.0,1488.0,6646.0,1722.0,1276.0,1090.0,1086.0,1950.0,2266.0,1224.0,2767.0,2232.0,767.0,4875.0,1715.0,6765.0,530.0,2156.0,2530.0,1150.0,2314.0,2918.0,1930.0,565.0,4400.0,2190.0,1030.0,827.0,1434.0,1504.0,682.0,1034.0,1137.0,1012.0,7871.0,869.0,2408.0,4152.0,1222.0,6210.0,1050.0,3982.0,360.0,2302.0,182.0,541.0,6237.0,493.0,1676.0,2094.0,864.0,735.0,447.0,4327.0,314.0,1659.0,237.0,2141.0,1328.0,254.0,2700.0,1193.0,1664.0,367.0,624.0,826.0,692.0,699.0,1619.0,1924.0,2148.0,645.0,491.0,511.0,90.0,1144.0,460.0,940.0,758.0,4580.0,1119.0,66.0,4838.0,12331.0,6848.0,328.0,646.0,459.0,637.0,379.0,123.0,264.0,65.0,240.0,508.0,253.0,141.0,112.0,138.0,532.0,456.0,563.0,557.0,74.0,816.0,696.0,228.0,229.0,270.0,188.0,477.0,833.0,1206.0,561.0,199.0,575.0,2015.0,530.0,185.0,56.0,154.0,503.0,150.0,722.0,656.0,224.0,558.0,827.0,436.0,653.0,1042.0
uniao,6503.0,1822.0,2415.0,2450.0,2195.0,2410.0,2544.0,2495.0,2594.0,2375.0,2342.0,2310.0,2226.0,2179.0,2185.0,5123.0,5280.0,6235.0,3754.0,5593.0,1091.0,9084.0,889.0,1207.0,1035.0,1029.0,3291.0,2834.0,1410.0,3565.0,2354.0,865.0,5129.0,2036.0,7467.0,735.0,2133.0,2325.0,1199.0,2032.0,2603.0,2212.0,103.0,4559.0,1048.0,2036.0,1533.0,928.0,1457.0,865.0,2057.0,838.0,1211.0,9311.0,916.0,2799.0,4848.0,1232.0,7435.0,1003.0,4818.0,502.0,1396.0,656.0,1087.0,7544.0,237.0,2149.0,2865.0,910.0,1076.0,523.0,4818.0,1233.0,1177.0,236.0,2500.0,1144.0,201.0,2996.0,646.0,614.0,1277.0,295.0,433.0,100.0,963.0,618.0,1105.0,2395.0,787.0,471.0,279.0,233.0,466.0,779.0,414.0,1291.0,5492.0,470.0,290.0,5735.0,6848.0,12223.0,747.0,310.0,480.0,496.0,1126.0,407.0,257.0,669.0,176.0,110.0,210.0,254.0,31.0,313.0,59.0,422.0,222.0,277.0,178.0,1054.0,891.0,362.0,402.0,99.0,192.0,316.0,719.0,148.0,250.0,575.0,774.0,1945.0,427.0,698.0,129.0,407.0,722.0,310.0,540.0,182.0,377.0,290.0,343.0,311.0,497.0,603.0
fim,5197.0,4479.0,3276.0,3039.0,2990.0,2870.0,3001.0,2892.0,2940.0,2854.0,2848.0,2845.0,2857.0,2947.0,2906.0,3732.0,2550.0,1767.0,1566.0,2075.0,1396.0,1797.0,1608.0,1990.0,1389.0,1373.0,4013.0,3070.0,1777.0,1310.0,1474.0,1243.0,1692.0,2282.0,1759.0,872.0,1314.0,2389.0,676.0,1616.0,1716.0,2655.0,1364.0,1245.0,1093.0,1064.0,1635.0,1851.0,1625.0,878.0,1135.0,1257.0,1703.0,1002.0,1033.0,1789.0,2244.0,814.0,1361.0,691.0,2153.0,568.0,1198.0,1138.0,817.0,1557.0,1738.0,1229.0,1167.0,293.0,1188.0,467.0,918.0,904.0,881.0,1015.0,786.0,1576.0,1220.0,1110.0,102.0,231.0,915.0,544.0,694.0,487.0,911.0,72.0,773.0,901.0,850.0,798.0,623.0,728.0,251.0,734.0,316.0,1190.0,517.0,687.0,781.0,1188.0,328.0,747.0,12084.0,925.0,439.0,729.0,369.0,325.0,694.0,803.0,573.0,442.0,1065.0,772.0,927.0,473.0,322.0,484.0,545.0,390.0,192.0,1518.0,396.0,876.0,331.0,513.0,700.0,391.0,685.0,135.0,840.0,669.0,348.0,996.0,144.0,793.0,119.0,557.0,751.0,763.0,613.0,525.0,1148.0,467.0,202.0,542.0,390.0,858.0
momento,3997.0,5335.0,3087.0,2784.0,3036.0,2764.0,2754.0,2748.0,2760.0,2745.0,2747.0,2752.0,2790.0,2908.0,2855.0,2495.0,2529.0,1830.0,665.0,799.0,1548.0,1894.0,2013.0,1829.0,963.0,964.0,1462.0,1831.0,1228.0,540.0,1980.0,1452.0,1240.0,801.0,1322.0,904.0,815.0,763.0,1198.0,2769.0,1298.0,791.0,1845.0,512.0,2544.0,2136.0,1240.0,1465.0,850.0,1149.0,1163.0,1110.0,975.0,730.0,490.0,416.0,691.0,1238.0,635.0,524.0,692.0,1012.0,357.0,1452.0,785.0,423.0,2873.0,406.0,1460.0,748.0,526.0,857.0,466.0,643.0,528.0,1129.0,329.0,982.0,1437.0,111.0,385.0,409.0,1208.0,522.0,1702.0,299.0,508.0,409.0,743.0,270.0,2102.0,655.0,1379.0,1309.0,878.0,739.0,284.0,787.0,508.0,641.0,646.0,261.0,646.0,310.0,925.0,12073.0,392.0,855.0,599.0,1117.0,493.0,765.0,720.0,298.0,793.0,317.0,1212.0,493.0,635.0,983.0,791.0,872.0,67.0,666.0,690.0,902.0,85.0,1507.0,1614.0,1049.0,823.0,1096.0,632.0,1429.0,260.0,181.0,103.0,670.0,305.0,401.0,55.0,245.0,299.0,380.0,217.0,188.0,363.0,1143.0,749.0,470.0
eett,10123.0,3036.0,9677.0,8550.0,11297.0,8677.0,7975.0,8208.0,7742.0,8913.0,9150.0,9388.0,10102.0,11535.0,11055.0,2281.0,1517.0,1060.0,1385.0,1355.0,8815.0,1513.0,1643.0,16.0,9255.0,9042.0,1113.0,1530.0,2393.0,844.0,1498.0,45.0,1094.0,1015.0,743.0,11771.0,2932.0,946.0,1778.0,460.0,1083.0,1790.0,777.0,945.0,959.0,985.0,484.0,944.0,700.0,0.0,619.0,2141.0,608.0,781.0,564.0,552.0,770.0,1533.0,624.0,381.0,770.0,753.0,663.0,861.0,445.0,588.0,539.0,633.0,485.0,501.0,336.0,0.0,630.0,348.0,638.0,14.0,440.0,279.0,568.0,230.0,421.0,391.0,807.0,274.0,358.0,340.0,654.0,345.0,890.0,388.0,513.0,890.0,293.0,501.0,627.0,429.0,563.0,235.0,419.0,43.0,217.0,351.0,459.0,480.0,439.0,392.0,12050.0,1259.0,385.0,119.0,982.0,285.0,497.0,348.0,449.0,463.0,247.0,331.0,367.0,567.0,326.0,240.0,1476.0,479.0,415.0,179.0,274.0,249.0,356.0,357.0,177.0,246.0,343.0,127.0,501.0,210.0,94.0,169.0,2278.0,200.0,382.0,209.0,451.0,267.0,667.0,562.0,404.0,548.0,457.0,426.0
denunciados,4307.0,5027.0,3304.0,3508.0,3132.0,3058.0,3128.0,3074.0,3132.0,3008.0,2990.0,2977.0,2943.0,2987.0,2974.0,2518.0,1438.0,2550.0,1600.0,1397.0,1460.0,2336.0,1931.0,380.0,1159.0,1150.0,2140.0,2289.0,1427.0,998.0,1769.0,1725.0,1320.0,1072.0,948.0,1557.0,2105.0,1618.0,2533.0,1408.0,2043.0,2106.0,1229.0,1149.0,1743.0,1248.0,654.0,1216.0,623.0,1471.0,838.0,2294.0,1230.0,1110.0,1908.0,536.0,907.0,1130.0,585.0,915.0,756.0,1250.0,1124.0,1504.0,797.0,582.0,581.0,609.0,1362.0,963.0,2317.0,1344.0,580.0,774.0,1359.0,153.0,553.0,217.0,515.0,403.0,863.0,1872.0,673.0,943.0,1418.0,825.0,582.0,1639.0,1132.0,481.0,1133.0,702.0,1345.0,638.0,755.0,622.0,135.0,382.0,322.0,303.0,606.0,291.0,637.0,496.0,729.0,855.0,1259.0,12032.0,707.0,495.0,261.0,659.0,561.0,399.0,1108.0,523.0,377.0,616.0,405.0,728.0,1030.0,230.0,939.0,888.0,378.0,423.0,271.0,448.0,905.0,483.0,544.0,1313.0,550.0,196.0,383.0,591.0,651.0,357.0,1395.0,95.0,176.0,1056.0,750.0,229.0,853.0,348.0,1456.0,476.0,844.0,112.0
fato,4519.0,5688.0,3213.0,2924.0,3025.0,2896.0,2929.0,2919.0,2944.0,2888.0,2883.0,2881.0,2910.0,3053.0,2973.0,4584.0,2008.0,2442.0,2848.0,1646.0,2155.0,1996.0,2698.0,1885.0,1192.0,1223.0,1961.0,2199.0,676.0,749.0,2588.0,1547.0,2150.0,3593.0,1543.0,999.0,473.0,948.0,969.0,462.0,1091.0,444.0,612.0,954.0,365.0,1639.0,829.0,1825.0,1605.0,832.0,655.0,317.0,587.0,1079.0,1161.0,234.0,1174.0,526.0,1312.0,856.0,1124.0,1598.0,770.0,1559.0,900.0,1474.0,311.0,517.0,177.0,1091.0,1737.0,667.0,903.0,610.0,639.0,1000.0,303.0,1947.0,264.0,246.0,1076.0,1093.0,1419.0,763.0,312.0,866.0,613.0,928.0,698.0,210.0,761.0,545.0,474.0,259.0,446.0,1131.0,274.0,274.0,964.0,739.0,1200.0,1026.0,379.0,1126.0,369.0,599.0,385.0,707.0,11888.0,491.0,527.0,1461.0,569.0,286.0,322.0,485.0,408.0,2772.0,1063.0,584.0,765.0,253.0,803.0,144.0,1085.0,515.0,709.0,385.0,735.0,529.0,666.0,780.0,557.0,121.0,300.0,1145.0,236.0,224.0,367.0,1247.0,459.0,784.0,272.0,607.0,1059.0,433.0,684.0,1550.0,517.0,567.0
juizo,3586.0,5956.0,2844.0,2742.0,2573.0,2711.0,2810.0,2775.0,2848.0,2681.0,2655.0,2633.0,2581.0,2541.0,2541.0,4839.0,2693.0,2409.0,1356.0,1204.0,1556.0,1795.0,2085.0,1516.0,704.0,707.0,1809.0,880.0,853.0,773.0,1870.0,1504.0,1058.0,1143.0,750.0,631.0,508.0,470.0,576.0,1465.0,435.0,178.0,1066.0,1369.0,1135.0,1686.0,986.0,854.0,1421.0,1177.0,948.0,532.0,758.0,523.0,1046.0,347.0,461.0,521.0,180.0,1232.0,462.0,620.0,658.0,1713.0,1130.0,91.0,687.0,336.0,448.0,1830.0,1053.0,968.0,514.0,1662.0,775.0,1986.0,98.0,269.0,381.0,84.0,2331.0,1400.0,1295.0,1032.0,309.0,845.0,508.0,1182.0,718.0,245.0,1219.0,919.0,375.0,456.0,753.0,1020.0,112.0,307.0,425.0,767.0,713.0,219.0,123.0,407.0,325.0,1117.0,119.0,495.0,491.0,11732.0,798.0,455.0,530.0,1240.0,213.0,415.0,363.0,481.0,723.0,159.0,574.0,885.0,231.0,537.0,687.0,999.0,786.0,221.0,189.0,1260.0,408.0,621.0,98.0,879.0,338.0,190.0,1041.0,113.0,148.0,422.0,665.0,36.0,258.0,606.0,891.0,481.0,712.0,403.0,585.0,120.0
esta,3908.0,4859.0,2836.0,2850.0,2736.0,2663.0,2711.0,2693.0,2732.0,2650.0,2640.0,2632.0,2631.0,2693.0,2659.0,2399.0,1922.0,1265.0,2837.0,1840.0,3028.0,513.0,2099.0,1868.0,2180.0,2200.0,1549.0,1526.0,1255.0,1360.0,1666.0,769.0,681.0,1999.0,658.0,1148.0,1085.0,1894.0,1021.0,1550.0,1732.0,1561.0,1747.0,601.0,965.0,872.0,315.0,791.0,497.0,639.0,387.0,1152.0,1144.0,588.0,963.0,804.0,1086.0,816.0,531.0,873.0,1057.0,739.0,760.0,1194.0,320.0,387.0,540.0,944.0,921.0,3728.0,623.0,425.0,518.0,1567.0,784.0,587.0,899.0,411.0,1062.0,1013.0,965.0,650.0,768.0,1139.0,541.0,934.0,657.0,463.0,410.0,862.0,398.0,1023.0,1327.0,644.0,1536.0,433.0,352.0,266.0,456.0,732.0,433.0,268.0,264.0,257.0,694.0,493.0,982.0,261.0,527.0,798.0,11673.0,438.0,1975.0,438.0,722.0,768.0,429.0,1236.0,1104.0,786.0,1011.0,329.0,379.0,675.0,854.0,1042.0,202.0,393.0,543.0,488.0,374.0,667.0,278.0,152.0,326.0,207.0,546.0,151.0,1259.0,1192.0,252.0,737.0,853.0,164.0,660.0,783.0,381.0,208.0,347.0,592.0
conduta,4507.0,5831.0,2592.0,2462.0,2323.0,2314.0,2370.0,2349.0,2394.0,2299.0,2286.0,2277.0,2261.0,2319.0,2271.0,4754.0,2396.0,1338.0,2896.0,2536.0,2181.0,1739.0,2242.0,1410.0,1004.0,1003.0,2821.0,1217.0,507.0,1527.0,2570.0,1122.0,1180.0,3255.0,1972.0,1222.0,1172.0,1263.0,835.0,374.0,1053.0,907.0,778.0,1198.0,274.0,759.0,515.0,1880.0,1452.0,738.0,1310.0,331.0,712.0,398.0,1209.0,1012.0,711.0,1495.0,1380.0,1437.0,743.0,1076.0,1367.0,782.0,154.0,1542.0,195.0,776.0,53.0,783.0,1269.0,622.0,261.0,1581.0,1406.0,1585.0,385.0,1300.0,45.0,931.0,189.0,70.0,517.0,269.0,576.0,1054.0,1412.0,70.0,653.0,378.0,686.0,947.0,736.0,759.0,495.0,1076.0,274.0,859.0,721.0,908.0,1258.0,792.0,65.0,669.0,803.0,765.0,285.0,659.0,1461.0,455.0,438.0,11438.0,1202.0,374.0,480.0,231.0,221.0,1146.0,1404.0,365.0,271.0,243.0,476.0,195.0,971.0,663.0,484.0,1272.0,846.0,633.0,1132.0,977.0,846.0,269.0,284.0,627.0,536.0,444.0,64.0,1716.0,264.0,603.0,470.0,948.0,1188.0,246.0,94.0,941.0,262.0,253.0
defesa,4596.0,4480.0,2931.0,2718.0,2673.0,2710.0,2762.0,2732.0,2794.0,2659.0,2641.0,2627.0,2606.0,2624.0,2612.0,3878.0,3753.0,1276.0,4262.0,1799.0,2948.0,2116.0,1833.0,2119.0,1769.0,1764.0,1476.0,793.0,1176.0,1092.0,3645.0,732.0,787.0,1551.0,671.0,777.0,594.0,1112.0,747.0,853.0,1510.0,1036.0,1049.0,1389.0,2007.0,972.0,1123.0,1154.0,1430.0,592.0,387.0,351.0,1169.0,563.0,1356.0,633.0,913.0,898.0,401.0,766.0,933.0,594.0,352.0,913.0,1062.0,321.0,816.0,763.0,93.0,1996.0,481.0,507.0,452.0,3607.0,1633.0,1640.0,635.0,296.0,241.0,460.0,274.0,50.0,630.0,825.0,362.0,717.0,659.0,48.0,377.0,630.0,369.0,748.0,2018.0,524.0,402.0,908.0,223.0,242.0,448.0,669.0,308.0,363.0,240.0,176.0,573.0,720.0,497.0,561.0,569.0,530.0,1975.0,1202.0,11423.0,504.0,761.0,553.0,150.0,1232.0,1665.0,351.0,1319.0,611.0,297.0,147.0,1547.0,589.0,850.0,773.0,744.0,929.0,142.0,498.0,148.0,1089.0,300.0,414.0,752.0,510.0,139.0,2245.0,306.0,336.0,305.0,203.0,520.0,579.0,220.0,419.0,247.0,20.0
existencia,3977.0,4761.0,3066.0,2410.0,2445.0,2378.0,2417.0,2398.0,2441.0,2373.0,2370.0,2370.0,2389.0,2455.0,2411.0,4179.0,1187.0,1373.0,1548.0,1648.0,1680.0,736.0,1485.0,1298.0,1425.0,1423.0,3281.0,1748.0,1408.0,867.0,4134.0,989.0,1881.0,2679.0,192.0,802.0,366.0,1507.0,1530.0,817.0,965.0,838.0,576.0,622.0,421.0,1714.0,867.0,697.0,2906.0,1029.0,106.0,278.0,2001.0,522.0,886.0,391.0,587.0,734.0,104.0,670.0,453.0,1403.0,1263.0,1073.0,791.0,166.0,128.0,215.0,690.0,1681.0,1143.0,865.0,344.0,627.0,2513.0,329.0,424.0,808.0,43.0,574.0,1774.0,1836.0,1284.0,1350.0,618.0,420.0,210.0,1842.0,490.0,535.0,1559.0,916.0,1191.0,440.0,603.0,676.0,264.0,147.0,154.0,495.0,804.0,103.0,508.0,110.0,442.0,298.0,348.0,399.0,286.0,1240.0,438.0,374.0,504.0,11348.0,102.0,757.0,8.0,1696.0,742.0,2232.0,319.0,597.0,251.0,71.0,3622.0,316.0,344.0,310.0,749.0,2812.0,538.0,350.0,227.0,242.0,667.0,1215.0,175.0,44.0,184.0,546.0,410.0,1591.0,286.0,1614.0,1144.0,563.0,1698.0,340.0,901.0,225.0
pelos,4604.0,2658.0,2708.0,3046.0,2551.0,2872.0,3114.0,2872.0,2978.0,2729.0,2687.0,2648.0,2550.0,2452.0,2493.0,3001.0,2520.0,1648.0,2056.0,2003.0,1448.0,1430.0,2044.0,1875.0,1413.0,1428.0,2618.0,1416.0,1463.0,1792.0,1290.0,874.0,1190.0,931.0,1491.0,649.0,1154.0,2078.0,913.0,1745.0,1486.0,2110.0,1697.0,1392.0,2118.0,1035.0,1059.0,604.0,1819.0,479.0,1726.0,1159.0,1427.0,1302.0,2178.0,1208.0,1495.0,1485.0,843.0,383.0,1498.0,707.0,545.0,506.0,789.0,500.0,2255.0,1246.0,961.0,507.0,940.0,368.0,1232.0,1502.0,476.0,1069.0,1120.0,487.0,873.0,709.0,107.0,152.0,591.0,403.0,806.0,826.0,580.0,29.0,988.0,908.0,495.0,931.0,807.0,589.0,277.0,577.0,753.0,1090.0,616.0,660.0,621.0,259.0,253.0,210.0,1065.0,793.0,449.0,1108.0,322.0,213.0,722.0,480.0,761.0,102.0,11314.0,648.0,837.0,161.0,391.0,334.0,547.0,448.0,282.0,274.0,471.0,680.0,866.0,1010.0,1223.0,613.0,265.0,310.0,908.0,1179.0,218.0,483.0,348.0,1156.0,339.0,345.0,894.0,900.0,480.0,322.0,274.0,483.0,208.0,457.0,285.0,326.0
silva,4290.0,1668.0,2611.0,2694.0,2235.0,2455.0,2505.0,2480.0,2534.0,2412.0,2393.0,2376.0,2338.0,2248.0,2227.0,2847.0,2946.0,1863.0,2120.0,1953.0,1079.0,2412.0,1339.0,1032.0,1518.0,1490.0,1164.0,1724.0,1662.0,1872.0,2121.0,788.0,1488.0,1364.0,789.0,887.0,989.0,1296.0,1009.0,1882.0,1627.0,1265.0,1207.0,814.0,1359.0,1189.0,1784.0,433.0,688.0,804.0,929.0,700.0,1374.0,682.0,699.0,1128.0,1699.0,1000.0,570.0,956.0,1718.0,837.0,378.0,483.0,1561.0,386.0,936.0,1409.0,741.0,1100.0,942.0,738.0,814.0,392.0,1509.0,1588.0,898.0,626.0,1247.0,575.0,185.0,855.0,874.0,364.0,491.0,412.0,1145.0,790.0,447.0,816.0,661.0,338.0,632.0,96.0,121.0,241.0,568.0,463.0,394.0,493.0,298.0,322.0,141.0,254.0,772.0,317.0,463.0,523.0,485.0,415.0,768.0,231.0,553.0,757.0,648.0,11298.0,1434.0,604.0,0.0,965.0,347.0,565.0,200.0,654.0,473.0,649.0,607.0,336.0,1061.0,149.0,115.0,98.0,370.0,111.0,522.0,688.0,343.0,579.0,391.0,536.0,973.0,795.0,359.0,562.0,466.0,725.0,1166.0,171.0,430.0,670.0
militar,2619.0,3480.0,2629.0,2455.0,2401.0,2308.0,2375.0,2349.0,2403.0,2292.0,2278.0,2269.0,2262.0,2313.0,2280.0,585.0,2387.0,542.0,1784.0,2371.0,1067.0,1929.0,2121.0,1869.0,1009.0,970.0,587.0,2449.0,2481.0,1845.0,378.0,848.0,142.0,518.0,1694.0,464.0,694.0,774.0,1428.0,2909.0,897.0,767.0,1882.0,174.0,1296.0,1117.0,1951.0,993.0,343.0,549.0,2536.0,2188.0,839.0,347.0,394.0,179.0,159.0,916.0,373.0,632.0,90.0,600.0,290.0,478.0,921.0,444.0,3606.0,95.0,1667.0,229.0,203.0,476.0,139.0,1080.0,152.0,971.0,921.0,40.0,4585.0,937.0,28.0,0.0,228.0,16.0,1513.0,654.0,746.0,0.0,734.0,368.0,279.0,495.0,1243.0,1553.0,511.0,319.0,17.0,2518.0,181.0,563.0,465.0,238.0,112.0,31.0,927.0,1212.0,247.0,377.0,408.0,363.0,429.0,221.0,150.0,8.0,837.0,1434.0,11295.0,95.0,74.0,228.0,233.0,1060.0,113.0,815.0,149.0,200.0,47.0,701.0,224.0,90.0,103.0,336.0,1542.0,1101.0,1011.0,27.0,61.0,1506.0,218.0,214.0,144.0,242.0,666.0,173.0,102.0,235.0,93.0,48.0,124.0,33.0
circunstancias,4902.0,4943.0,3340.0,2702.0,2861.0,2685.0,2689.0,2713.0,2694.0,2688.0,2694.0,2704.0,2747.0,2896.0,2832.0,3971.0,1763.0,1468.0,1946.0,983.0,2646.0,1399.0,2187.0,2199.0,1487.0,1470.0,1133.0,1893.0,977.0,652.0,1951.0,920.0,1759.0,3371.0,995.0,699.0,426.0,984.0,967.0,828.0,774.0,792.0,775.0,1006.0,722.0,1839.0,1039.0,771.0,1181.0,685.0,508.0,545.0,1489.0,474.0,782.0,481.0,1111.0,630.0,457.0,461.0,1170.0,1788.0,2803.0,823.0,915.0,462.0,511.0,666.0,579.0,1305.0,1425.0,547.0,541.0,1015.0,1061.0,1829.0,313.0,3008.0,279.0,297.0,377.0,863.0,1664.0,1024.0,564.0,468.0,467.0,763.0,419.0,404.0,722.0,704.0,1727.0,248.0,131.0,890.0,89.0,201.0,378.0,597.0,605.0,331.0,138.0,313.0,473.0,493.0,331.0,616.0,2772.0,481.0,1236.0,1146.0,1232.0,1696.0,161.0,604.0,95.0,11277.0,868.0,602.0,704.0,699.0,201.0,164.0,1267.0,553.0,529.0,25.0,930.0,379.0,1327.0,243.0,257.0,215.0,373.0,1317.0,137.0,429.0,352.0,1942.0,193.0,758.0,774.0,375.0,477.0,774.0,793.0,1822.0,391.0,811.0
rel,4382.0,5099.0,2658.0,2703.0,2733.0,2676.0,2763.0,2742.0,2795.0,2653.0,2634.0,2615.0,2560.0,2511.0,2519.0,4428.0,1787.0,1976.0,2221.0,1570.0,10686.0,1133.0,1904.0,2584.0,3276.0,3298.0,932.0,460.0,142.0,1089.0,2944.0,993.0,1219.0,2940.0,217.0,2103.0,776.0,969.0,589.0,224.0,1291.0,879.0,794.0,707.0,212.0,1007.0,838.0,1138.0,1252.0,932.0,475.0,42.0,354.0,189.0,995.0,833.0,594.0,672.0,310.0,367.0,594.0,339.0,1395.0,919.0,818.0,211.0,4.0,597.0,276.0,1986.0,639.0,656.0,291.0,1436.0,662.0,685.0,638.0,843.0,68.0,640.0,886.0,1226.0,912.0,3972.0,444.0,1521.0,554.0,1189.0,341.0,633.0,1467.0,722.0,827.0,735.0,268.0,905.0,369.0,162.0,534.0,226.0,306.0,53.0,532.0,59.0,322.0,635.0,367.0,405.0,1063.0,723.0,1104.0,1404.0,1665.0,742.0,391.0,0.0,74.0,868.0,11115.0,331.0,619.0,249.0,53.0,47.0,1088.0,641.0,229.0,1559.0,711.0,1145.0,350.0,649.0,54.0,120.0,166.0,127.0,995.0,121.0,844.0,762.0,191.0,49.0,514.0,369.0,506.0,2276.0,714.0,995.0,567.0,167.0
sendo,3482.0,2617.0,2435.0,2555.0,2421.0,2334.0,2376.0,2358.0,2395.0,2328.0,2323.0,2320.0,2327.0,2406.0,2372.0,2278.0,1331.0,1617.0,1176.0,1521.0,1609.0,1077.0,1373.0,1300.0,2035.0,2059.0,1350.0,1831.0,1421.0,330.0,1688.0,799.0,1474.0,1963.0,157.0,587.0,970.0,656.0,1684.0,1521.0,1187.0,572.0,2402.0,1240.0,3069.0,671.0,1511.0,424.0,1461.0,651.0,553.0,503.0,509.0,992.0,860.0,185.0,246.0,544.0,52.0,1112.0,267.0,1345.0,564.0,1043.0,1167.0,82.0,916.0,525.0,812.0,1308.0,482.0,527.0,253.0,397.0,1258.0,705.0,335.0,846.0,442.0,287.0,1088.0,1396.0,328.0,623.0,583.0,656.0,12.0,1351.0,602.0,287.0,950.0,441.0,849.0,233.0,366.0,592.0,567.0,184.0,252.0,384.0,407.0,44.0,456.0,422.0,484.0,983.0,567.0,728.0,584.0,159.0,786.0,365.0,351.0,2232.0,334.0,965.0,228.0,602.0,331.0,10789.0,554.0,829.0,226.0,244.0,1150.0,410.0,579.0,478.0,1338.0,998.0,544.0,342.0,325.0,838.0,914.0,560.0,337.0,93.0,555.0,584.0,410.0,521.0,172.0,666.0,457.0,877.0,1478.0,316.0,244.0,850.0
sido,3808.0,4826.0,2795.0,2681.0,2788.0,2534.0,2578.0,2560.0,2597.0,2524.0,2519.0,2516.0,2526.0,2583.0,2550.0,2873.0,2914.0,1898.0,729.0,506.0,1581.0,1568.0,2003.0,2074.0,1245.0,1156.0,921.0,2111.0,831.0,308.0,1002.0,1272.0,1633.0,1375.0,972.0,465.0,967.0,749.0,909.0,1638.0,973.0,454.0,1782.0,346.0,1614.0,449.0,857.0,2513.0,1260.0,731.0,292.0,351.0,355.0,375.0,1352.0,115.0,322.0,1089.0,704.0,1256.0,329.0,1329.0,2311.0,984.0,937.0,341.0,1004.0,123.0,386.0,1828.0,2225.0,594.0,126.0,822.0,989.0,992.0,66.0,202.0,824.0,342.0,1930.0,1408.0,300.0,1606.0,1221.0,747.0,416.0,843.0,416.0,114.0,889.0,496.0,1241.0,369.0,1175.0,1464.0,128.0,300.0,13.0,373.0,629.0,220.0,563.0,222.0,545.0,791.0,326.0,1030.0,765.0,574.0,1011.0,271.0,1319.0,319.0,547.0,347.0,233.0,704.0,619.0,554.0,10700.0,97.0,345.0,406.0,290.0,681.0,1039.0,405.0,564.0,377.0,548.0,779.0,365.0,933.0,551.0,1438.0,1245.0,101.0,13.0,738.0,135.0,489.0,510.0,311.0,383.0,502.0,787.0,772.0,391.0,141.0
invasao,2873.0,2236.0,2692.0,2513.0,2477.0,2661.0,2547.0,2529.0,2566.0,2484.0,2471.0,2458.0,2428.0,2432.0,2421.0,858.0,2905.0,855.0,1301.0,1820.0,1409.0,2119.0,1096.0,1850.0,1378.0,1370.0,1221.0,908.0,2447.0,1143.0,952.0,911.0,160.0,802.0,2537.0,254.0,903.0,1047.0,3660.0,4667.0,804.0,1120.0,1522.0,197.0,1836.0,1819.0,1806.0,964.0,444.0,759.0,1663.0,1835.0,1227.0,1918.0,769.0,295.0,247.0,493.0,728.0,783.0,204.0,1200.0,143.0,601.0,509.0,504.0,2649.0,316.0,3646.0,896.0,585.0,469.0,110.0,505.0,1077.0,1190.0,944.0,48.0,2137.0,824.0,174.0,481.0,308.0,958.0,1297.0,444.0,850.0,497.0,799.0,1275.0,885.0,859.0,395.0,696.0,586.0,54.0,32.0,844.0,906.0,852.0,1449.0,452.0,557.0,277.0,390.0,872.0,240.0,230.0,253.0,885.0,329.0,243.0,611.0,597.0,448.0,565.0,1060.0,699.0,249.0,829.0,97.0,10695.0,163.0,755.0,315.0,749.0,217.0,415.0,603.0,23.0,249.0,116.0,339.0,1311.0,896.0,257.0,278.0,225.0,134.0,235.0,121.0,252.0,198.0,167.0,269.0,153.0,339.0,147.0,449.0,57.0
paulo,4190.0,2895.0,3107.0,2876.0,3072.0,2861.0,2873.0,2867.0,2873.0,2862.0,2865.0,2870.0,2890.0,3290.0,2952.0,4053.0,1103.0,1111.0,3116.0,1844.0,1527.0,911.0,1280.0,868.0,1608.0,1543.0,1792.0,1449.0,1741.0,766.0,563.0,886.0,752.0,1741.0,1211.0,3959.0,2221.0,941.0,694.0,155.0,769.0,1430.0,1059.0,663.0,823.0,467.0,163.0,1163.0,291.0,500.0,326.0,1256.0,740.0,303.0,548.0,809.0,486.0,719.0,1145.0,778.0,435.0,765.0,422.0,679.0,1366.0,1077.0,320.0,641.0,242.0,204.0,603.0,378.0,332.0,234.0,351.0,313.0,531.0,569.0,85.0,1238.0,31.0,79.0,317.0,203.0,129.0,1063.0,1365.0,82.0,828.0,423.0,300.0,440.0,438.0,607.0,872.0,943.0,669.0,819.0,703.0,199.0,1507.0,171.0,74.0,178.0,192.0,67.0,1476.0,939.0,803.0,231.0,379.0,476.0,297.0,251.0,282.0,200.0,113.0,201.0,53.0,226.0,345.0,163.0,10693.0,313.0,798.0,213.0,67.0,265.0,447.0,245.0,660.0,100.0,525.0,41.0,53.0,598.0,131.0,151.0,3373.0,254.0,55.0,360.0,529.0,396.0,819.0,132.0,204.0,264.0,442.0,248.0
praca_dos_tres_poderes,4228.0,2510.0,2469.0,2342.0,2633.0,2334.0,2333.0,2331.0,2335.0,2338.0,2345.0,2353.0,2395.0,2525.0,2462.0,2331.0,2001.0,1634.0,3001.0,3541.0,1194.0,2601.0,1746.0,1292.0,1174.0,1163.0,2406.0,2986.0,4071.0,2931.0,333.0,927.0,913.0,1931.0,3726.0,573.0,746.0,1535.0,2179.0,4279.0,949.0,1168.0,607.0,503.0,1342.0,1513.0,1806.0,2615.0,77.0,1105.0,2619.0,1958.0,1221.0,2077.0,952.0,1270.0,864.0,2184.0,2697.0,934.0,803.0,807.0,1461.0,879.0,533.0,2442.0,929.0,1321.0,4555.0,3.0,441.0,871.0,352.0,1647.0,155.0,978.0,1526.0,164.0,1126.0,1159.0,39.0,2.0,425.0,303.0,815.0,101.0,1573.0,0.0,360.0,1817.0,574.0,529.0,722.0,1122.0,784.0,355.0,252.0,2104.0,530.0,559.0,213.0,2004.0,816.0,1054.0,1518.0,666.0,479.0,888.0,144.0,537.0,675.0,195.0,147.0,71.0,274.0,654.0,815.0,164.0,47.0,244.0,406.0,755.0,313.0,10669.0,203.0,506.0,98.0,104.0,35.0,34.0,375.0,361.0,1894.0,261.0,324.0,48.0,222.0,1262.0,211.0,215.0,246.0,358.0,322.0,296.0,109.0,121.0,62.0,26.0,185.0,117.0
autoria,4372.0,3115.0,2502.0,2429.0,2439.0,2413.0,2463.0,2446.0,2484.0,2399.0,2387.0,2377.0,2359.0,2419.0,2352.0,5020.0,2546.0,1700.0,2890.0,1338.0,2145.0,1676.0,1577.0,1575.0,1648.0,1648.0,4470.0,900.0,1195.0,1070.0,3952.0,730.0,2048.0,3653.0,1078.0,950.0,701.0,1415.0,931.0,786.0,731.0,1319.0,300.0,1191.0,563.0,1495.0,358.0,1317.0,2596.0,734.0,486.0,114.0,2059.0,1328.0,481.0,742.0,1110.0,952.0,678.0,434.0,1135.0,792.0,383.0,500.0,842.0,647.0,286.0,688.0,386.0,930.0,1471.0,545.0,725.0,1286.0,2278.0,866.0,744.0,327.0,248.0,608.0,907.0,909.0,1008.0,1136.0,569.0,813.0,259.0,909.0,375.0,670.0,733.0,592.0,1599.0,118.0,211.0,813.0,247.0,421.0,1390.0,585.0,438.0,541.0,696.0,891.0,396.0,690.0,415.0,378.0,1085.0,687.0,854.0,971.0,1547.0,3622.0,471.0,473.0,149.0,1267.0,1088.0,1150.0,290.0,315.0,798.0,203.0,10664.0,429.0,542.0,387.0,296.0,2061.0,487.0,355.0,47.0,206.0,759.0,648.0,399.0,161.0,33.0,1204.0,278.0,793.0,678.0,294.0,1006.0,257.0,593.0,58.0,125.0,149.0
razao,4188.0,5630.0,2073.0,2099.0,2029.0,2064.0,2139.0,2112.0,2170.0,2044.0,2027.0,2016.0,2003.0,2006.0,1999.0,4590.0,4442.0,1929.0,2293.0,1837.0,1491.0,1731.0,1774.0,1147.0,1046.0,1075.0,2216.0,447.0,1467.0,1833.0,1701.0,1197.0,2150.0,1307.0,527.0,443.0,990.0,1570.0,842.0,1510.0,971.0,700.0,701.0,1143.0,480.0,1191.0,1838.0,454.0,1175.0,589.0,783.0,130.0,1039.0,798.0,572.0,1083.0,1415.0,674.0,404.0,1101.0,1422.0,1180.0,768.0,612.0,1539.0,481.0,1012.0,882.0,1163.0,1284.0,1646.0,425.0,1434.0,1308.0,1004.0,1190.0,788.0,1533.0,257.0,803.0,662.0,825.0,911.0,918.0,557.0,943.0,568.0,818.0,362.0,658.0,445.0,934.0,1808.0,215.0,590.0,772.0,298.0,45.0,759.0,886.0,521.0,249.0,228.0,362.0,876.0,902.0,179.0,423.0,515.0,999.0,1042.0,663.0,589.0,316.0,680.0,649.0,200.0,553.0,641.0,410.0,681.0,749.0,213.0,506.0,429.0,10660.0,341.0,284.0,550.0,973.0,1453.0,133.0,406.0,176.0,246.0,228.0,617.0,398.0,57.0,1000.0,656.0,359.0,927.0,507.0,103.0,1040.0,351.0,1106.0,424.0,639.0
termos,6223.0,3955.0,3300.0,3292.0,3056.0,3189.0,3274.0,3243.0,3305.0,3165.0,3145.0,3127.0,3076.0,3015.0,3015.0,6079.0,2468.0,3585.0,1133.0,745.0,1304.0,1238.0,2028.0,1472.0,1630.0,1664.0,1378.0,768.0,962.0,586.0,2333.0,1406.0,2360.0,623.0,393.0,687.0,1322.0,589.0,644.0,352.0,1569.0,568.0,879.0,2808.0,1012.0,765.0,750.0,1137.0,1120.0,872.0,86.0,239.0,278.0,462.0,1175.0,927.0,1336.0,808.0,274.0,898.0,1284.0,798.0,1307.0,585.0,682.0,201.0,139.0,1360.0,102.0,1117.0,1201.0,773.0,1357.0,410.0,475.0,1459.0,534.0,1166.0,414.0,338.0,1840.0,1050.0,629.0,1012.0,411.0,656.0,441.0,988.0,589.0,540.0,897.0,375.0,862.0,158.0,368.0,467.0,919.0,85.0,358.0,1415.0,564.0,85.0,229.0,402.0,331.0,85.0,274.0,271.0,709.0,786.0,202.0,484.0,850.0,344.0,866.0,607.0,47.0,529.0,229.0,579.0,1039.0,217.0,67.0,98.0,542.0,341.0,10511.0,438.0,325.0,688.0,465.0,608.0,197.0,196.0,938.0,798.0,659.0,37.0,344.0,336.0,2134.0,558.0,285.0,651.0,119.0,793.0,233.0,899.0,311.0,746.0
nesse,3421.0,5134.0,2344.0,2168.0,2225.0,2141.0,2202.0,2168.0,2205.0,2135.0,2134.0,2138.0,2162.0,2237.0,2198.0,3208.0,2054.0,885.0,1693.0,1377.0,2366.0,1039.0,1802.0,1396.0,1308.0,1331.0,1247.0,1386.0,1067.0,1013.0,1545.0,1016.0,451.0,1270.0,566.0,1186.0,1180.0,613.0,999.0,556.0,1042.0,460.0,1395.0,1188.0,773.0,1267.0,1449.0,1953.0,1605.0,766.0,931.0,1152.0,692.0,238.0,1534.0,374.0,233.0,888.0,344.0,831.0,170.0,797.0,1314.0,648.0,851.0,491.0,738.0,132.0,656.0,760.0,599.0,610.0,318.0,907.0,356.0,598.0,801.0,322.0,646.0,575.0,749.0,690.0,1234.0,997.0,464.0,5815.0,389.0,683.0,510.0,298.0,1052.0,677.0,808.0,933.0,1026.0,443.0,605.0,934.0,407.0,635.0,569.0,280.0,270.0,99.0,513.0,1507.0,249.0,448.0,385.0,221.0,393.0,1272.0,773.0,310.0,1010.0,336.0,701.0,25.0,1559.0,478.0,405.0,415.0,265.0,104.0,387.0,284.0,438.0,10449.0,1246.0,530.0,879.0,776.0,963.0,712.0,433.0,164.0,912.0,565.0,209.0,206.0,274.0,564.0,801.0,827.0,422.0,443.0,553.0,1054.0,543.0,50.0
portanto,3610.0,4347.0,2706.0,2730.0,2540.0,2470.0,2531.0,2485.0,2519.0,2466.0,2464.0,2462.0,2479.0,2552.0,2532.0,2451.0,2154.0,1435.0,2167.0,2181.0,2019.0,1829.0,2257.0,1647.0,1559.0,1572.0,2173.0,1846.0,935.0,1618.0,1998.0,866.0,886.0,1672.0,713.0,960.0,1180.0,1546.0,1511.0,425.0,1259.0,1659.0,1266.0,699.0,994.0,1692.0,1401.0,625.0,1555.0,673.0,1383.0,1234.0,1524.0,707.0,1380.0,562.0,535.0,1045.0,398.0,1022.0,586.0,1059.0,857.0,960.0,660.0,353.0,448.0,377.0,824.0,939.0,583.0,529.0,388.0,1048.0,741.0,546.0,831.0,481.0,229.0,651.0,381.0,711.0,1303.0,590.0,886.0,1355.0,223.0,544.0,737.0,319.0,1656.0,1037.0,709.0,844.0,465.0,675.0,232.0,1024.0,275.0,481.0,598.0,224.0,188.0,192.0,700.0,1614.0,356.0,905.0,735.0,189.0,543.0,846.0,744.0,749.0,1223.0,1061.0,224.0,930.0,711.0,1338.0,564.0,603.0,447.0,35.0,296.0,550.0,325.0,1246.0,10384.0,617.0,759.0,1097.0,1052.0,283.0,549.0,1098.0,207.0,794.0,136.0,605.0,249.0,1219.0,263.0,1049.0,475.0,339.0,1113.0,1637.0,849.0,113.0
causa,6779.0,4162.0,2682.0,2618.0,2533.0,2593.0,2685.0,2651.0,2719.0,2569.0,2547.0,2527.0,2489.0,2479.0,2475.0,7788.0,2628.0,2145.0,1470.0,1384.0,2037.0,1308.0,1892.0,1570.0,1219.0,1217.0,2815.0,373.0,1245.0,844.0,4269.0,1190.0,3467.0,1681.0,433.0,1280.0,628.0,961.0,1209.0,118.0,1421.0,943.0,435.0,805.0,423.0,894.0,617.0,581.0,4959.0,873.0,278.0,180.0,1023.0,485.0,908.0,1210.0,1961.0,308.0,465.0,530.0,1932.0,678.0,492.0,1158.0,726.0,456.0,106.0,810.0,233.0,1131.0,1126.0,660.0,1362.0,660.0,585.0,1027.0,661.0,1056.0,99.0,611.0,1368.0,569.0,834.0,1211.0,183.0,739.0,196.0,502.0,612.0,623.0,1581.0,794.0,1135.0,222.0,275.0,1095.0,389.0,137.0,338.0,889.0,229.0,202.0,477.0,316.0,391.0,1049.0,357.0,483.0,529.0,1260.0,488.0,633.0,929.0,2812.0,613.0,149.0,90.0,379.0,1145.0,998.0,377.0,23.0,245.0,34.0,2061.0,973.0,688.0,530.0,617.0,10367.0,987.0,452.0,267.0,87.0,52.0,324.0,275.0,173.0,55.0,470.0,779.0,401.0,101.0,398.0,708.0,1382.0,393.0,627.0,155.0,705.0
delito,4853.0,5107.0,2488.0,2316.0,2257.0,2251.0,2340.0,2269.0,2297.0,2237.0,2232.0,2229.0,2222.0,2250.0,2224.0,5562.0,2361.0,1683.0,2317.0,2585.0,916.0,1297.0,2254.0,1572.0,588.0,590.0,2011.0,1307.0,507.0,1529.0,1322.0,1290.0,1562.0,2382.0,1643.0,1310.0,720.0,3141.0,740.0,992.0,492.0,2304.0,985.0,1682.0,438.0,1118.0,1034.0,511.0,814.0,661.0,383.0,365.0,2304.0,1012.0,1220.0,1797.0,1421.0,295.0,1698.0,1043.0,1429.0,936.0,964.0,742.0,930.0,1655.0,184.0,1608.0,893.0,243.0,1513.0,541.0,793.0,170.0,838.0,1441.0,1310.0,1945.0,292.0,1531.0,125.0,283.0,1085.0,403.0,943.0,912.0,626.0,283.0,532.0,437.0,920.0,974.0,320.0,538.0,1323.0,754.0,110.0,1331.0,1198.0,1459.0,1123.0,1048.0,833.0,719.0,685.0,823.0,177.0,544.0,666.0,408.0,374.0,1132.0,142.0,538.0,265.0,115.0,103.0,1327.0,350.0,544.0,548.0,249.0,660.0,375.0,487.0,1453.0,465.0,879.0,759.0,987.0,10363.0,761.0,1164.0,170.0,161.0,1028.0,24.0,90.0,9.0,588.0,49.0,779.0,500.0,612.0,611.0,490.0,105.0,1309.0,411.0,1032.0
sem,3214.0,5001.0,2368.0,2391.0,2360.0,2240.0,2263.0,2252.0,2276.0,2233.0,2232.0,2231.0,2248.0,2321.0,2284.0,2634.0,1560.0,1478.0,2340.0,1857.0,1468.0,1285.0,2149.0,1221.0,998.0,1009.0,1384.0,1250.0,1099.0,1528.0,1807.0,1145.0,921.0,1349.0,1087.0,644.0,971.0,612.0,858.0,495.0,931.0,684.0,887.0,953.0,1078.0,726.0,359.0,1750.0,809.0,968.0,1064.0,716.0,709.0,203.0,1126.0,321.0,703.0,760.0,491.0,926.0,591.0,987.0,498.0,883.0,331.0,495.0,511.0,338.0,240.0,1154.0,1226.0,746.0,231.0,812.0,1218.0,509.0,415.0,647.0,271.0,301.0,1573.0,1290.0,585.0,527.0,682.0,1021.0,468.0,1168.0,761.0,68.0,969.0,643.0,935.0,881.0,1085.0,2315.0,196.0,239.0,49.0,394.0,902.0,201.0,1206.0,148.0,135.0,1096.0,246.0,1313.0,780.0,621.0,667.0,977.0,498.0,350.0,310.0,98.0,336.0,243.0,649.0,342.0,779.0,116.0,100.0,361.0,355.0,133.0,608.0,776.0,1097.0,452.0,761.0,10266.0,356.0,416.0,600.0,157.0,760.0,643.0,279.0,504.0,98.0,495.0,332.0,311.0,318.0,445.0,356.0,1203.0,462.0,574.0
objetivo,3493.0,3435.0,2257.0,2457.0,2240.0,2198.0,2352.0,2236.0,2287.0,2182.0,2171.0,2162.0,2153.0,2180.0,2154.0,2199.0,1426.0,1359.0,3748.0,4090.0,834.0,2404.0,2022.0,1043.0,948.0,835.0,3100.0,2302.0,1523.0,3594.0,461.0,891.0,1095.0,1708.0,2194.0,601.0,867.0,1965.0,1718.0,1578.0,1035.0,1892.0,600.0,512.0,597.0,1147.0,2196.0,1494.0,930.0,896.0,2734.0,3601.0,2293.0,765.0,1867.0,867.0,229.0,1670.0,1479.0,649.0,266.0,1054.0,902.0,631.0,541.0,1338.0,516.0,629.0,2491.0,128.0,612.0,640.0,244.0,1792.0,405.0,148.0,1742.0,52.0,597.0,818.0,12.0,0.0,256.0,254.0,937.0,933.0,1771.0,0.0,772.0,900.0,214.0,474.0,695.0,733.0,1346.0,465.0,550.0,2961.0,72.0,647.0,599.0,608.0,561.0,250.0,840.0,632.0,343.0,550.0,557.0,98.0,278.0,846.0,148.0,227.0,908.0,370.0,1542.0,257.0,54.0,325.0,365.0,339.0,525.0,1894.0,47.0,406.0,197.0,963.0,1052.0,267.0,1164.0,356.0,10261.0,42.0,0.0,799.0,145.0,1707.0,164.0,212.0,116.0,637.0,215.0,376.0,174.0,188.0,90.0,606.0,606.0,151.0
seguranca,2910.0,2171.0,3200.0,2510.0,2521.0,2469.0,2512.0,2496.0,2531.0,2463.0,2459.0,2457.0,2459.0,2506.0,2488.0,1047.0,1712.0,895.0,1385.0,1674.0,1322.0,2217.0,1329.0,2059.0,1187.0,1186.0,1275.0,801.0,1505.0,617.0,181.0,1024.0,278.0,430.0,1864.0,193.0,526.0,232.0,1353.0,2885.0,406.0,53.0,2056.0,1012.0,2803.0,576.0,2207.0,981.0,290.0,552.0,758.0,256.0,369.0,404.0,517.0,64.0,158.0,338.0,1182.0,1512.0,117.0,831.0,189.0,205.0,953.0,589.0,4042.0,326.0,971.0,275.0,556.0,414.0,10.0,290.0,280.0,402.0,132.0,349.0,1285.0,80.0,91.0,0.0,176.0,220.0,1919.0,941.0,237.0,1.0,719.0,254.0,311.0,136.0,394.0,278.0,716.0,696.0,56.0,237.0,208.0,776.0,697.0,770.0,199.0,575.0,669.0,1429.0,127.0,196.0,121.0,879.0,152.0,269.0,1089.0,242.0,1179.0,111.0,1101.0,215.0,120.0,838.0,933.0,1311.0,41.0,261.0,206.0,176.0,196.0,712.0,283.0,87.0,170.0,416.0,42.0,10211.0,727.0,0.0,57.0,217.0,0.0,366.0,179.0,114.0,588.0,257.0,160.0,284.0,47.0,21.0,240.0,259.0
inclusive,3145.0,3316.0,2128.0,2131.0,2105.0,1985.0,2013.0,2003.0,2024.0,1979.0,1974.0,1972.0,1975.0,2080.0,2029.0,2086.0,2301.0,1677.0,1769.0,2054.0,1018.0,979.0,985.0,1253.0,1172.0,1161.0,1780.0,1378.0,1338.0,1170.0,1020.0,821.0,1340.0,1759.0,688.0,789.0,1080.0,1318.0,3206.0,1437.0,1170.0,1625.0,1914.0,1461.0,1562.0,1738.0,775.0,475.0,240.0,736.0,1070.0,945.0,1598.0,1045.0,460.0,478.0,584.0,736.0,1098.0,1189.0,594.0,786.0,409.0,680.0,699.0,483.0,1003.0,985.0,332.0,1705.0,922.0,567.0,543.0,267.0,1037.0,605.0,884.0,219.0,891.0,767.0,689.0,1603.0,847.0,771.0,968.0,579.0,524.0,1537.0,256.0,837.0,971.0,481.0,732.0,744.0,534.0,651.0,222.0,320.0,1068.0,531.0,805.0,656.0,575.0,774.0,348.0,260.0,501.0,383.0,300.0,338.0,326.0,284.0,300.0,667.0,218.0,522.0,1011.0,373.0,166.0,914.0,551.0,896.0,53.0,324.0,759.0,246.0,938.0,433.0,549.0,52.0,161.0,600.0,0.0,727.0,10181.0,234.0,528.0,263.0,89.0,128.0,65.0,250.0,849.0,633.0,172.0,371.0,934.0,582.0,279.0,292.0
concurso,5373.0,2677.0,2886.0,2088.0,1918.0,2077.0,2138.0,2068.0,2120.0,1998.0,1979.0,1961.0,1919.0,1945.0,1911.0,4925.0,3805.0,3808.0,2051.0,1915.0,802.0,3164.0,1749.0,1072.0,726.0,727.0,2804.0,7477.0,964.0,1264.0,1966.0,913.0,2760.0,2461.0,1958.0,333.0,1047.0,3143.0,837.0,163.0,3786.0,2546.0,291.0,2927.0,923.0,725.0,318.0,1696.0,719.0,673.0,435.0,432.0,1802.0,2728.0,1824.0,1332.0,2252.0,808.0,1783.0,433.0,2200.0,835.0,1256.0,605.0,318.0,1729.0,135.0,1185.0,50.0,452.0,1339.0,579.0,1788.0,300.0,1097.0,490.0,971.0,1422.0,0.0,1297.0,770.0,543.0,577.0,433.0,326.0,589.0,917.0,271.0,716.0,1038.0,560.0,283.0,632.0,54.0,522.0,1335.0,240.0,143.0,1565.0,474.0,540.0,1287.0,2015.0,1945.0,996.0,181.0,210.0,591.0,1145.0,190.0,207.0,627.0,414.0,1215.0,483.0,688.0,27.0,1317.0,127.0,560.0,1438.0,257.0,598.0,48.0,648.0,228.0,798.0,164.0,1098.0,324.0,1028.0,157.0,799.0,0.0,234.0,10145.0,327.0,233.0,73.0,327.0,534.0,724.0,137.0,232.0,1040.0,284.0,583.0,852.0,341.0,481.0
julgamento,3791.0,3803.0,3018.0,2910.0,2772.0,2874.0,3028.0,2949.0,3034.0,2840.0,2810.0,2783.0,2720.0,2632.0,2659.0,3603.0,1470.0,2134.0,1465.0,638.0,1501.0,1642.0,1620.0,1920.0,855.0,878.0,1336.0,524.0,1012.0,381.0,1828.0,2120.0,644.0,872.0,286.0,578.0,712.0,238.0,965.0,422.0,984.0,143.0,1323.0,1597.0,406.0,954.0,1152.0,1779.0,2311.0,1143.0,442.0,29.0,397.0,628.0,1311.0,455.0,411.0,168.0,290.0,1192.0,371.0,1298.0,1166.0,1780.0,788.0,230.0,46.0,571.0,597.0,2840.0,1042.0,952.0,353.0,1205.0,475.0,447.0,228.0,335.0,79.0,222.0,2986.0,2611.0,620.0,2084.0,352.0,1670.0,318.0,2682.0,308.0,220.0,1197.0,980.0,611.0,95.0,626.0,1005.0,852.0,48.0,323.0,898.0,376.0,182.0,530.0,427.0,144.0,103.0,94.0,651.0,236.0,1041.0,546.0,536.0,752.0,175.0,348.0,343.0,61.0,137.0,995.0,337.0,1245.0,278.0,131.0,222.0,399.0,617.0,659.0,912.0,207.0,275.0,24.0,760.0,145.0,57.0,528.0,327.0,10129.0,145.0,331.0,223.0,666.0,183.0,902.0,398.0,406.0,466.0,820.0,752.0,1023.0,201.0
constitucionais,3366.0,3122.0,2400.0,2176.0,2189.0,2164.0,2203.0,2189.0,2218.0,2153.0,2143.0,2135.0,2116.0,2201.0,2162.0,2222.0,2192.0,1371.0,5966.0,5847.0,1462.0,2905.0,1005.0,1087.0,1112.0,1096.0,1618.0,1153.0,1503.0,5577.0,729.0,699.0,1056.0,1657.0,3937.0,423.0,175.0,1615.0,557.0,943.0,795.0,1759.0,330.0,322.0,654.0,1140.0,1794.0,980.0,1043.0,1164.0,8788.0,1962.0,1184.0,1135.0,1436.0,775.0,1068.0,2356.0,3534.0,1273.0,1061.0,398.0,899.0,815.0,362.0,3475.0,488.0,1421.0,1748.0,231.0,106.0,1019.0,912.0,6286.0,466.0,444.0,1928.0,932.0,236.0,876.0,227.0,320.0,364.0,197.0,418.0,779.0,1508.0,275.0,813.0,1483.0,611.0,122.0,759.0,1917.0,73.0,800.0,55.0,3784.0,291.0,436.0,176.0,2663.0,185.0,698.0,793.0,670.0,169.0,357.0,224.0,113.0,151.0,444.0,510.0,44.0,1156.0,579.0,1506.0,429.0,121.0,93.0,101.0,225.0,151.0,1262.0,161.0,398.0,37.0,565.0,794.0,173.0,90.0,643.0,1707.0,217.0,263.0,233.0,145.0,10052.0,24.0,229.0,12.0,901.0,679.0,139.0,570.0,280.0,0.0,378.0,104.0,810.0
lucia,3083.0,2764.0,2481.0,2494.0,2359.0,2491.0,2508.0,2500.0,2517.0,2488.0,2485.0,2482.0,2490.0,2384.0,2335.0,915.0,713.0,447.0,564.0,410.0,2787.0,493.0,1292.0,56.0,2827.0,2802.0,458.0,1412.0,2592.0,217.0,614.0,49.0,328.0,618.0,220.0,2377.0,3566.0,299.0,1168.0,42.0,554.0,2061.0,1319.0,403.0,929.0,440.0,152.0,969.0,100.0,19.0,190.0,2673.0,313.0,201.0,302.0,424.0,486.0,1309.0,293.0,539.0,485.0,764.0,416.0,1531.0,176.0,200.0,230.0,578.0,162.0,142.0,268.0,19.0,291.0,216.0,177.0,270.0,180.0,270.0,75.0,276.0,324.0,273.0,362.0,563.0,130.0,199.0,666.0,282.0,914.0,175.0,205.0,654.0,85.0,336.0,1231.0,325.0,732.0,89.0,106.0,141.0,272.0,80.0,56.0,129.0,119.0,305.0,2278.0,1395.0,367.0,148.0,1259.0,64.0,139.0,184.0,339.0,391.0,218.0,352.0,844.0,555.0,13.0,134.0,3373.0,211.0,33.0,57.0,344.0,209.0,136.0,55.0,9.0,279.0,164.0,0.0,89.0,73.0,331.0,24.0,10018.0,214.0,263.0,0.0,155.0,241.0,732.0,819.0,616.0,188.0,470.0,393.0
acusado,3773.0,5644.0,2422.0,2172.0,2298.0,2164.0,2180.0,2220.0,2189.0,2161.0,2162.0,2164.0,2187.0,2270.0,2227.0,4288.0,3152.0,1459.0,3775.0,1471.0,1548.0,1244.0,2292.0,1779.0,956.0,961.0,1600.0,851.0,541.0,1182.0,3255.0,846.0,1790.0,2414.0,490.0,573.0,557.0,1307.0,410.0,659.0,810.0,1032.0,455.0,1243.0,804.0,1790.0,1080.0,399.0,1254.0,475.0,371.0,4.0,1172.0,721.0,1667.0,756.0,992.0,434.0,322.0,1009.0,1011.0,374.0,591.0,728.0,1083.0,304.0,222.0,882.0,153.0,1451.0,969.0,422.0,928.0,2213.0,1580.0,1493.0,592.0,630.0,300.0,466.0,119.0,497.0,1253.0,770.0,133.0,557.0,413.0,404.0,486.0,671.0,521.0,834.0,1533.0,182.0,440.0,622.0,154.0,199.0,558.0,331.0,391.0,319.0,154.0,407.0,557.0,401.0,200.0,95.0,1247.0,422.0,1192.0,1716.0,2245.0,546.0,345.0,536.0,214.0,1942.0,762.0,584.0,738.0,235.0,254.0,215.0,1204.0,1000.0,336.0,206.0,605.0,470.0,588.0,504.0,212.0,366.0,128.0,327.0,223.0,229.0,214.0,9968.0,349.0,593.0,95.0,411.0,359.0,243.0,375.0,487.0,64.0,230.0
c,5360.0,2140.0,2676.0,2356.0,2418.0,2343.0,2394.0,2373.0,2417.0,2333.0,2328.0,2329.0,2353.0,2446.0,2392.0,5140.0,2104.0,4484.0,1088.0,1367.0,879.0,2112.0,1462.0,828.0,1690.0,1753.0,2275.0,1165.0,1423.0,658.0,2309.0,1200.0,2598.0,667.0,812.0,2429.0,1986.0,517.0,412.0,241.0,2557.0,531.0,282.0,2832.0,365.0,458.0,1043.0,654.0,1351.0,474.0,272.0,230.0,923.0,750.0,636.0,3873.0,2439.0,477.0,795.0,586.0,2375.0,176.0,946.0,446.0,1621.0,747.0,156.0,3126.0,569.0,625.0,1468.0,249.0,1801.0,445.0,525.0,548.0,486.0,557.0,97.0,574.0,922.0,628.0,256.0,250.0,28.0,245.0,609.0,593.0,185.0,551.0,454.0,152.0,553.0,245.0,318.0,421.0,3385.0,247.0,401.0,980.0,126.0,318.0,503.0,722.0,751.0,55.0,382.0,176.0,459.0,665.0,252.0,264.0,306.0,410.0,894.0,973.0,144.0,193.0,191.0,410.0,135.0,121.0,55.0,246.0,278.0,656.0,2134.0,274.0,249.0,779.0,49.0,98.0,116.0,179.0,65.0,534.0,666.0,12.0,263.0,349.0,9950.0,203.0,130.0,187.0,129.0,373.0,62.0,400.0,125.0,224.0
delitos,3678.0,4524.0,2725.0,2220.0,2167.0,2190.0,2249.0,2200.0,2234.0,2168.0,2161.0,2155.0,2140.0,2156.0,2192.0,3103.0,3111.0,2029.0,2842.0,3024.0,808.0,1465.0,2107.0,1273.0,1045.0,1038.0,2407.0,1849.0,1352.0,2175.0,1289.0,1313.0,1493.0,1023.0,1035.0,759.0,384.0,2303.0,794.0,1016.0,1143.0,2282.0,742.0,833.0,591.0,998.0,1991.0,1016.0,646.0,888.0,1684.0,997.0,2627.0,827.0,1637.0,1286.0,1567.0,1541.0,912.0,1265.0,1525.0,1409.0,1109.0,1012.0,1466.0,743.0,257.0,1382.0,1250.0,731.0,1482.0,790.0,930.0,1251.0,1248.0,555.0,1327.0,899.0,186.0,1122.0,178.0,468.0,790.0,622.0,846.0,695.0,554.0,386.0,624.0,1231.0,389.0,1037.0,572.0,1054.0,498.0,795.0,99.0,791.0,738.0,882.0,929.0,448.0,150.0,310.0,763.0,245.0,209.0,1056.0,784.0,36.0,737.0,603.0,336.0,1591.0,900.0,795.0,242.0,758.0,49.0,521.0,489.0,252.0,360.0,358.0,793.0,359.0,558.0,564.0,1219.0,401.0,779.0,495.0,637.0,114.0,250.0,724.0,183.0,901.0,0.0,593.0,203.0,9944.0,237.0,1065.0,455.0,81.0,921.0,241.0,1071.0,455.0
demais,3344.0,3051.0,2793.0,2460.0,2067.0,2284.0,2400.0,2360.0,2443.0,2248.0,2215.0,2186.0,2124.0,2244.0,2079.0,3371.0,2101.0,1564.0,1829.0,1268.0,1719.0,1782.0,1907.0,1172.0,1102.0,1113.0,1384.0,925.0,1451.0,1171.0,491.0,891.0,509.0,1536.0,1003.0,626.0,866.0,2429.0,1321.0,609.0,1046.0,1753.0,1259.0,795.0,725.0,903.0,510.0,793.0,916.0,834.0,1558.0,1072.0,1011.0,855.0,1030.0,230.0,334.0,2259.0,847.0,840.0,329.0,641.0,1134.0,911.0,1154.0,987.0,956.0,399.0,963.0,831.0,1584.0,708.0,88.0,365.0,948.0,513.0,558.0,1489.0,989.0,469.0,784.0,1364.0,812.0,1078.0,378.0,1269.0,252.0,1357.0,481.0,514.0,359.0,599.0,352.0,1032.0,1256.0,171.0,336.0,394.0,638.0,1177.0,969.0,774.0,722.0,540.0,613.0,299.0,451.0,750.0,272.0,258.0,853.0,470.0,305.0,286.0,480.0,359.0,666.0,774.0,514.0,172.0,510.0,198.0,529.0,322.0,678.0,927.0,285.0,801.0,263.0,101.0,500.0,332.0,215.0,588.0,849.0,137.0,902.0,679.0,155.0,95.0,130.0,237.0,9911.0,364.0,454.0,592.0,612.0,432.0,821.0,260.0
seja,2821.0,5729.0,1894.0,1851.0,1921.0,1805.0,1865.0,1843.0,1893.0,1794.0,1786.0,1781.0,1773.0,1805.0,1772.0,3317.0,2137.0,976.0,1331.0,1581.0,1109.0,925.0,2257.0,1114.0,971.0,970.0,1432.0,979.0,1090.0,1064.0,2024.0,791.0,658.0,932.0,1293.0,915.0,855.0,651.0,751.0,263.0,762.0,436.0,1152.0,1024.0,391.0,1434.0,1112.0,1287.0,1490.0,488.0,611.0,260.0,677.0,571.0,1575.0,316.0,495.0,992.0,1094.0,1640.0,419.0,1259.0,1468.0,855.0,900.0,934.0,180.0,182.0,180.0,941.0,414.0,368.0,566.0,760.0,764.0,373.0,537.0,358.0,502.0,664.0,2095.0,1458.0,1199.0,62.0,114.0,1402.0,740.0,1275.0,388.0,153.0,727.0,686.0,472.0,916.0,575.0,640.0,405.0,801.0,256.0,411.0,437.0,252.0,656.0,182.0,525.0,380.0,267.0,229.0,607.0,606.0,164.0,948.0,203.0,1614.0,322.0,562.0,173.0,375.0,369.0,666.0,311.0,167.0,396.0,296.0,294.0,507.0,651.0,827.0,1049.0,398.0,612.0,311.0,376.0,257.0,633.0,232.0,398.0,139.0,241.0,411.0,187.0,1065.0,364.0,9907.0,564.0,83.0,1374.0,697.0,974.0,105.0
participacao,3060.0,3146.0,2882.0,2647.0,2474.0,2216.0,2248.0,2236.0,2265.0,2210.0,2205.0,2204.0,2216.0,2313.0,2256.0,2272.0,2110.0,1129.0,1926.0,1189.0,1730.0,894.0,1176.0,1192.0,1275.0,1263.0,2950.0,2290.0,2063.0,1587.0,1365.0,557.0,790.0,1539.0,781.0,957.0,2087.0,1761.0,1969.0,619.0,1140.0,1275.0,716.0,696.0,742.0,665.0,148.0,1496.0,857.0,678.0,1124.0,1271.0,1129.0,595.0,370.0,378.0,952.0,656.0,407.0,499.0,941.0,677.0,631.0,1126.0,277.0,409.0,352.0,571.0,444.0,67.0,358.0,534.0,448.0,959.0,848.0,617.0,592.0,1675.0,284.0,378.0,367.0,446.0,339.0,202.0,271.0,1480.0,249.0,378.0,887.0,673.0,485.0,876.0,652.0,606.0,498.0,961.0,195.0,282.0,560.0,769.0,353.0,398.0,224.0,377.0,1148.0,217.0,667.0,853.0,1059.0,891.0,660.0,1188.0,520.0,1144.0,274.0,466.0,102.0,477.0,506.0,457.0,383.0,269.0,819.0,109.0,1006.0,103.0,119.0,422.0,475.0,708.0,611.0,318.0,174.0,160.0,172.0,1040.0,406.0,570.0,732.0,359.0,129.0,455.0,454.0,564.0,9872.0,1050.0,255.0,377.0,334.0,784.0
dias,5040.0,3347.0,2854.0,3227.0,2335.0,2690.0,2779.0,2759.0,2810.0,2661.0,2633.0,2608.0,2551.0,2334.0,2339.0,3752.0,1149.0,2059.0,1482.0,1217.0,3431.0,807.0,1069.0,1815.0,1800.0,1827.0,536.0,534.0,2935.0,1093.0,530.0,786.0,1270.0,1122.0,696.0,1173.0,1420.0,1266.0,1580.0,357.0,1213.0,1201.0,803.0,1364.0,663.0,125.0,382.0,648.0,1387.0,617.0,265.0,1071.0,201.0,902.0,778.0,708.0,1547.0,418.0,301.0,227.0,1554.0,649.0,390.0,720.0,444.0,332.0,127.0,736.0,243.0,860.0,472.0,303.0,1103.0,544.0,127.0,1607.0,612.0,2455.0,90.0,558.0,837.0,544.0,81.0,1832.0,222.0,929.0,224.0,585.0,964.0,611.0,578.0,315.0,513.0,168.0,379.0,416.0,319.0,98.0,749.0,577.0,151.0,214.0,558.0,290.0,467.0,188.0,562.0,348.0,433.0,481.0,783.0,246.0,579.0,563.0,483.0,725.0,235.0,774.0,2276.0,877.0,502.0,153.0,132.0,121.0,257.0,1040.0,793.0,443.0,339.0,1382.0,490.0,445.0,188.0,284.0,371.0,284.0,466.0,280.0,819.0,243.0,373.0,81.0,592.0,83.0,1050.0,9850.0,109.0,366.0,432.0,1631.0
investigados,2959.0,3919.0,2550.0,2345.0,2467.0,2334.0,2373.0,2358.0,2391.0,2329.0,2327.0,2328.0,2351.0,2416.0,2381.0,2743.0,1410.0,1789.0,1488.0,1342.0,1406.0,1197.0,963.0,1022.0,1011.0,1004.0,962.0,1539.0,609.0,1080.0,2544.0,1352.0,998.0,37.0,4.0,459.0,1040.0,210.0,1198.0,618.0,599.0,236.0,1280.0,103.0,1537.0,770.0,1903.0,631.0,1710.0,1308.0,46.0,239.0,560.0,186.0,1149.0,18.0,0.0,484.0,0.0,1025.0,0.0,1773.0,1905.0,1433.0,1990.0,0.0,102.0,20.0,577.0,2869.0,1955.0,1032.0,199.0,377.0,2568.0,84.0,94.0,91.0,113.0,138.0,2915.0,7060.0,668.0,2216.0,1432.0,636.0,296.0,6341.0,456.0,21.0,2104.0,396.0,940.0,148.0,293.0,464.0,133.0,84.0,20.0,366.0,205.0,0.0,827.0,343.0,202.0,363.0,404.0,1456.0,684.0,712.0,381.0,94.0,220.0,1698.0,208.0,1166.0,93.0,793.0,714.0,1478.0,787.0,339.0,204.0,62.0,593.0,351.0,233.0,553.0,1113.0,393.0,105.0,356.0,90.0,47.0,934.0,583.0,820.0,0.0,616.0,375.0,62.0,921.0,612.0,1374.0,255.0,109.0,9819.0,539.0,768.0,173.0
deve,3931.0,3997.0,2319.0,2190.0,2467.0,2169.0,2172.0,2170.0,2176.0,2170.0,2176.0,2182.0,2217.0,2304.0,2258.0,4282.0,2194.0,2008.0,1871.0,1426.0,2117.0,1740.0,1593.0,950.0,1463.0,1464.0,1944.0,1105.0,1008.0,1125.0,2299.0,820.0,1458.0,1458.0,294.0,1439.0,997.0,925.0,562.0,140.0,1072.0,886.0,739.0,781.0,542.0,1829.0,257.0,1352.0,1905.0,820.0,383.0,76.0,918.0,454.0,1344.0,426.0,819.0,486.0,259.0,1124.0,835.0,888.0,2138.0,1093.0,304.0,325.0,58.0,644.0,174.0,1320.0,1227.0,579.0,531.0,873.0,946.0,631.0,562.0,1113.0,168.0,178.0,1163.0,883.0,1528.0,476.0,456.0,563.0,484.0,954.0,552.0,401.0,2062.0,1437.0,485.0,677.0,1041.0,1084.0,377.0,65.0,414.0,530.0,473.0,47.0,436.0,311.0,542.0,1143.0,548.0,476.0,1550.0,403.0,208.0,941.0,419.0,340.0,457.0,171.0,48.0,1822.0,995.0,316.0,772.0,147.0,264.0,26.0,58.0,1106.0,899.0,1054.0,1637.0,627.0,1309.0,1203.0,606.0,21.0,582.0,852.0,752.0,378.0,188.0,487.0,400.0,241.0,432.0,697.0,377.0,366.0,539.0,9805.0,112.0,96.0
acoes,3031.0,5147.0,2747.0,2496.0,2452.0,2510.0,2522.0,2496.0,2545.0,2447.0,2438.0,2429.0,2413.0,2435.0,2420.0,1879.0,1710.0,870.0,1361.0,1172.0,1865.0,1877.0,2792.0,1638.0,1170.0,1171.0,1627.0,1437.0,1238.0,708.0,1139.0,1095.0,192.0,407.0,856.0,936.0,1123.0,1014.0,2148.0,933.0,1005.0,634.0,1299.0,435.0,625.0,1995.0,1372.0,1301.0,1181.0,886.0,515.0,1902.0,942.0,671.0,367.0,389.0,337.0,572.0,197.0,963.0,314.0,1038.0,1252.0,1215.0,872.0,124.0,251.0,218.0,1027.0,871.0,848.0,503.0,180.0,603.0,739.0,442.0,465.0,161.0,391.0,206.0,1809.0,2087.0,1664.0,1255.0,631.0,1097.0,694.0,2069.0,1544.0,552.0,435.0,541.0,193.0,488.0,822.0,313.0,418.0,1208.0,69.0,401.0,132.0,93.0,653.0,497.0,390.0,749.0,457.0,844.0,517.0,585.0,347.0,262.0,247.0,901.0,285.0,430.0,124.0,391.0,567.0,244.0,391.0,449.0,442.0,185.0,125.0,424.0,311.0,543.0,849.0,155.0,411.0,462.0,606.0,240.0,279.0,341.0,1023.0,104.0,470.0,64.0,125.0,1071.0,821.0,974.0,334.0,432.0,768.0,112.0,9803.0,348.0
anos,5762.0,2647.0,2541.0,2493.0,2510.0,2423.0,2555.0,2451.0,2455.0,2425.0,2428.0,2432.0,2451.0,2535.0,2494.0,4897.0,1310.0,2733.0,2424.0,3331.0,1520.0,850.0,1132.0,1657.0,1513.0,1515.0,1807.0,998.0,1501.0,1911.0,558.0,937.0,2097.0,1965.0,2732.0,1102.0,887.0,1189.0,172.0,303.0,578.0,1382.0,873.0,2337.0,387.0,865.0,524.0,298.0,610.0,532.0,1080.0,396.0,794.0,1115.0,302.0,1802.0,2890.0,174.0,1980.0,1153.0,2896.0,222.0,298.0,1018.0,391.0,2125.0,136.0,2136.0,90.0,556.0,484.0,358.0,1548.0,997.0,469.0,2368.0,1435.0,6700.0,104.0,1292.0,161.0,50.0,798.0,92.0,183.0,374.0,970.0,34.0,2180.0,1383.0,292.0,206.0,364.0,139.0,546.0,617.0,217.0,833.0,819.0,532.0,176.0,1377.0,1042.0,603.0,858.0,470.0,426.0,112.0,567.0,120.0,592.0,253.0,20.0,225.0,326.0,670.0,33.0,811.0,167.0,850.0,141.0,57.0,248.0,117.0,149.0,639.0,746.0,50.0,113.0,705.0,1032.0,574.0,151.0,259.0,292.0,481.0,201.0,810.0,393.0,230.0,224.0,455.0,260.0,105.0,784.0,1631.0,173.0,96.0,348.0,9785.0
